real_rho1,real_rho2,real_rho3,real_h1,real_h2,pred_rho1,pred_rho2,pred_rho3,pred_h1,pred_h2,erms_pct
830.9721564925709,912.9001499161843,23.896739782020276,5.703497919204452,21.882048705249645,712.3872763912326,1057.7475517023715,25.18481313090202,9.42648148904523,12.89011367412773,15.541467579273704
147.6575380498498,271.3205143797158,102.88868264445777,12.446229030999142,43.260575883288695,141.3641456736146,283.9416560083949,107.29651071816518,12.19729218635229,40.24893515856272,3.05062989140586
987.8196589064245,254.70908161088164,153.28148823227215,8.850175381211054,18.146714896929804,918.4724873731826,216.03816194271656,163.42924371570527,8.604709085530788,19.555337996781383,7.889780363045418
758.8861660787454,12.70567384542887,127.37379698122561,17.134111846467615,19.15161007355404,737.367714445915,20.07775231834999,150.9396677781256,18.400413507618843,29.928874688629655,9.2899067864185
40.58466419863801,143.84034387829817,714.3989284824409,12.87635490441903,36.13561682079239,39.237982340839494,124.24232630565862,674.4088222140593,12.358815177095263,37.93986954437478,4.982868510207701
214.11245128009006,519.0119746465151,168.0534773888168,15.249062488629033,37.83364741657644,204.05558274520516,540.6279191381464,164.4759879438779,18.050591432612503,29.985488044864503,6.921507113643022
54.57693580636478,54.661958145186595,317.06296846996673,10.695049718073951,11.646916467673949,54.23740958013709,75.74121941965913,325.573849896517,17.561700734883868,6.222837677847204,1.1582147883472704
246.37171108475857,15.2558562850963,191.66504907247025,18.279764315538582,28.64969241919919,245.46259297972773,16.670775603021276,226.64480839556984,18.59036129252853,34.66713642789738,1.7689677527283616
11.866151778083365,98.42552785078747,12.73241869719817,15.712770795927511,24.859428009141546,11.381814778403651,143.4360330613412,15.779903417524835,15.214699665549107,15.6086289477099,3.2164156035857343
360.45826493293816,315.2620100126585,26.66327299961422,8.26317356415061,32.27019168302337,367.61792560392826,292.6969295573076,27.811347449213475,8.077602532345225,29.948958168646246,7.065564407065701
244.65698720971184,975.018139361233,122.79421491716543,5.995092326486187,24.71103827932182,216.1588696879315,898.9053990160896,140.04460642133253,5.214490155258636,23.630326474614474,7.621562833304138
110.86267527407607,335.106500764651,971.21500780379,4.929281025770173,22.563157855785008,100.6448498079212,308.0956849598959,958.2124810641856,4.696015369852226,23.067083929005953,7.2591716918241085
21.09224408352559,775.5809640558798,498.74994408172415,15.558024952105233,9.053412390745482,19.71037767100699,284.80474076017913,499.97773660101666,12.881494071443923,14.903699562508603,5.219889654466759
219.46545742543657,27.56795088691259,73.01330642935635,1.7544488302317265,18.60676597167892,196.29462234254692,26.516556654035686,78.31682415524497,1.852061665692731,18.18375179510533,4.781286777073325
20.482391662094855,12.212455991881916,10.50060635839404,19.483011675710106,19.342754755678875,20.265924498822724,21.430106229568366,11.307109509826356,14.979560297236736,13.75779809103666,7.606729333021033
14.742585330212934,570.5824834112049,779.2626454201603,15.084752538742702,17.429952664230427,13.786956129689539,254.44504352433214,709.102216636033,12.954120678097292,14.536789253917554,4.736374826274053
57.5071606650061,755.8198663090249,25.790402473074575,14.595819900559993,10.721097862809637,53.10886575463877,440.94529269112263,28.291283002892225,13.797827646144391,15.47099172676882,8.016874408690462
14.194050894109349,776.1452704779728,26.64760481596481,17.776515554224854,22.48882608771866,13.786044744044831,508.8984965017312,28.250319658454487,16.630119694933587,33.64690399659269,2.237665074777667
33.64949771324051,90.73210733386148,46.867495704583355,5.463635411460149,2.4917772984070137,34.03998105768513,57.16575429862787,49.11076789042816,4.598417038899766,7.986947947569064,2.686438287805662
13.975779110168219,69.99315588957741,18.898003889465365,15.773366422663724,45.78315800077893,13.473133389367172,109.52821527814523,22.89357185598095,16.077156035649512,22.158637663963002,2.5858965464777923
91.1357896209437,140.46285585259275,471.95514472064264,15.611650326387707,34.45522523199278,93.57165113214417,128.2473294793346,448.15072389917674,14.879401742701008,37.04123811898346,3.540811519447572
11.135910809736147,24.008785926280684,34.39957323289232,9.75691915351867,20.242691992576948,11.304384154009876,18.404199591596594,36.0414888941627,8.614039547248723,22.805081716373543,4.465570459532254
45.38868442998871,507.59517260762556,359.6507949043836,1.6208699645084033,25.588872568125485,41.13609863327131,472.54182677022396,435.6599306750925,1.4982748417445635,29.900311993967016,6.45995025548162
189.2384996208451,75.63915352871909,60.93626062094607,6.8360703968968455,12.989616109270681,194.90562820547734,106.18702826024705,62.649217966327065,6.177103059208198,12.210577104897938,8.839976887917006
160.20112789230544,22.45873786572556,104.9130051904683,15.010380768058292,31.163822325180572,164.12485125886323,18.21228725349919,111.14117269672904,14.771883568397582,28.993675669316474,4.95743985718393
85.63463069627146,563.6830048682109,408.3429460576447,12.627768674530977,28.57989681505739,94.29002329263977,554.3779132901417,399.062621460442,12.233888464632072,18.048193581871544,8.542658434704013
96.58579288527866,79.47757032169251,10.88243859322586,2.814687010805337,49.61062764337939,94.71824727996511,75.12567074082638,14.35427459002666,3.278813167910124,44.608794259461845,4.8496940864382765
31.87834957026859,108.44565138733358,326.7162137909746,2.4603704339596923,40.672838447441656,29.1334649135563,109.6526942841371,350.33904333648815,2.677823474598714,41.446189978476845,6.939625115501633
21.306206740098062,128.7411066631566,191.4066121104523,3.5224513762979575,28.07645185423838,19.68879431138891,126.83954686247876,180.37846721744356,3.471046849504698,31.751090043477664,5.88625089364624
101.21121167146724,177.5644553965696,21.36879891311033,4.130166451846951,8.839761177702774,90.20976682384514,207.24409194092544,27.038517928701754,3.6165530813032456,8.16685513539786,14.742896300494495
176.8290845035422,360.7284653158514,51.518046175861045,18.46838651502051,42.32925360873579,160.90755076314196,311.573028920812,58.58297989840938,20.876636201552763,38.873214081326495,10.703792583139068
55.23395879787663,676.6038050043026,598.2984241866845,11.516611365142573,16.94088901124069,57.398592708901,373.6590488260583,604.1724025784152,9.654408816299657,16.056220425387338,6.16489571656931
34.84483606183282,114.31363647920215,86.16602621443465,3.8875348457550922,27.599622328869756,32.75021627969125,97.28485506355243,93.3249950051239,3.82098765840913,24.72598626719063,7.309064992976689
10.187201517742466,603.525410305167,17.903767404811425,19.797971913858664,14.668237035859244,10.033221891968095,278.9446446510986,23.06155920253036,18.10635619258108,27.84091672165514,2.418100912613921
98.7466674289503,581.5323741396497,80.54123333470204,19.75396281719292,2.991254691825322,103.11588865854506,197.06176393485612,86.98264556803582,16.404769878764107,8.964084988628327,4.078706593310093
55.32637559565129,46.32747786930695,79.34330639893633,19.97394220865742,35.591820138806206,47.35114432890924,45.2327089025215,84.75191967101728,16.3624578157584,41.52626514656924,12.024364114216162
352.23858641482065,214.23757684079166,42.025311199978134,15.266553287694046,22.746693570731622,356.23361655391955,206.7262239535263,45.33292580754768,13.299978971268896,23.340797387916602,3.6052393825666496
118.1343074899729,79.02684808767737,394.69059615067084,8.526385179983588,47.59298659303717,114.03055594039117,82.56098687689769,372.62048867138463,7.660827376399001,54.12172830457027,3.362383813725584
901.0233977867151,554.7490553784276,187.19242626629097,19.529141478931123,23.097198648804216,832.7791378353902,464.00019568287416,172.21507741816964,14.007860458418486,26.617166606040197,13.734125750339155
339.7234524376871,953.2519133022204,16.86946436194715,8.54061457890489,13.937125076437603,312.8460496168675,862.388776108798,16.559345557591474,7.146534260893376,12.453500441393958,16.76571398868708
12.084192499104475,776.494227886508,71.66971133733172,16.93438686777913,12.650035354689944,12.158530652641923,386.3503762790149,50.659881806442854,15.932268823634377,27.853899805563962,2.5743626306003673
23.702843513543662,10.27794498029844,871.7366915856602,1.5127158938914538,18.403955681911295,25.046888367142184,9.937395744657389,728.0494313834392,1.2998462692486261,21.46324065577511,10.955107767998731
165.11431938915152,82.25302207689441,41.15039899070468,7.52746646104126,7.439521703931615,169.67304837005236,83.81493396088906,45.15723610458366,6.809466409014573,8.862350728466328,5.659384869703995
14.258777090749197,169.50386254013188,169.55004877346192,7.788784206698275,34.245416998278,13.870756013354853,143.17713602164858,159.9743184124548,7.289101149157652,12.127446927292988,2.0326835652560287
10.793736839351476,252.69870462657224,154.49176568602903,12.870340602322155,14.447786992100783,10.779312409651581,202.24413984140776,135.96705214555524,11.655785814291095,16.71871823705067,3.5799734727769206
12.498724093983347,27.998323567269164,15.348584824186842,15.701184734964658,33.5549531088704,12.747220048412885,39.10509728467023,16.397796121229177,18.250338153758157,20.091746608735647,2.651523572771547
139.5983998414338,35.76015332098998,867.9279177485681,4.494825839609721,47.589462847336726,116.12068367334935,36.02745534285059,874.2455355675521,4.663010681874697,49.21793318557014,10.336153142770806
332.83188039716504,193.63945693590074,660.4053461661213,16.40492550413389,13.870708015985286,341.14533468438964,144.32259629641834,630.0244277764732,15.26935052381985,11.98583691506446,4.450430925710315
188.88235193320455,36.8683929093577,373.0253172392684,1.7250269850655888,19.15041257496686,197.14811249075464,45.758811143085595,379.5148089915209,1.947048931032732,19.23940081245791,20.30093237022894
612.008592943775,20.947500151918533,474.7503661033982,1.898676160071217,38.274484182217435,595.3865926084744,22.64207476979555,658.8372829477177,1.879362926408399,42.11045078111715,4.00391300795597
29.056628612150064,37.85936106588758,765.7412010419226,11.523347253161223,38.213619261313916,25.34570917049086,32.71165537117246,776.5032615259905,11.957885769419237,37.40307348754269,12.756938808591311
728.0734780604206,432.35347800904856,591.6168723481405,2.134276585517618,42.034012624179155,678.0848321581325,440.2752819454425,536.2598561177316,2.173727527139896,39.59635013381929,3.80966907898027
86.04884494824329,438.69146942596075,788.9245668525177,1.249868838923213,49.26061862360656,84.00274838072407,357.29546043468343,694.3183336694099,1.3615712671056177,38.48919155762198,12.580118293707196
23.1359143306965,19.21059990366939,270.2521528155058,5.940809643362445,13.86519477170493,20.958166815989017,14.404444087464656,269.99272375141544,6.432550558173417,8.079388160045541,8.589337366321281
35.1257451935226,53.37879989331054,39.43611736325472,13.885468490095292,46.03193306277908,33.169564565268026,55.66599345902294,43.1971231831407,15.038381961487628,30.09428415182139,4.63463314372001
20.172878456200273,143.8032744360726,148.52859272322766,12.153928093736171,10.558689858786241,18.681794720781202,93.73819719777069,138.50316758482188,9.73126907663593,10.971146270044349,4.74073657574585
312.7545606546972,18.33327443619875,52.68387337398512,16.998164005774026,28.298440098954128,307.6680166749355,19.87640123077182,58.58386884405709,17.093905829726,32.04818118348691,2.548669399128501
206.06393459131147,24.591649762210533,12.553896758639215,8.682657765996098,29.81007590547919,211.115572754706,24.904897432983347,15.69882858946899,7.610311615855495,31.39383145055981,11.21116608151015
100.22911050129241,356.87238874480784,282.3355835031606,3.437955071971587,15.47233223676177,101.39187611022994,392.95990109195697,286.49442544199724,3.3772321282353612,11.375535714113843,2.9326783592701204
96.71080123133815,14.439132707450362,22.791048068108203,12.843564670102142,10.486286036637821,94.8309928815702,19.718525234823797,23.817486637753568,11.809885903038825,15.014575082441489,3.6877013656721864
11.326918348566037,40.23479309730302,96.30562254161184,9.223366840785427,29.306019917590127,11.218876318003767,33.854989683096676,98.34355730972669,8.851924002822345,36.0196915503376,5.661160071137065
566.9701373301377,179.3924019337791,34.21774806048983,2.774975697248906,48.6179059428321,580.1754671820945,174.18068917034998,40.95567605938726,2.565889489109834,46.25142339640136,4.28739646864647
114.10293418161469,154.55831512753656,79.98669475561154,16.922651295398683,32.9123916192334,107.28524651296684,150.74821724450427,80.15215083599942,17.339716990832354,31.427703394823553,5.195405144012873
305.4785645357589,97.23767808978785,168.070785836172,4.190228172133411,9.3406023283996,285.58467155422386,72.25579157059164,173.64894014225808,3.8175343189172484,7.885838699245153,10.753764755685227
29.734150723099898,76.99225311983528,59.407526619475384,7.957752606801343,12.940833051720404,30.836049136852207,88.43340756112616,62.82665766086966,8.014106937738495,10.522635028297609,5.073483667975539
56.08580668044244,36.34159265039662,756.8531127051575,18.183193920626167,37.06181603872045,54.49352269079988,33.46141748522821,719.0997666867567,18.362111558012703,38.056475553408376,5.036764886249435
531.0281255907995,61.39948182692896,787.7899186372233,15.477319583784938,43.39589933368538,519.5649037282781,55.61942291538546,727.4511136320623,16.594691538657298,34.24365236263896,5.4579116643171615
54.18201033860495,308.67583961824545,24.14960813987322,12.38986042603051,37.21397409310014,50.38271808822036,319.1064330006028,27.736726956503187,11.922583169887625,30.467166191726378,6.6666702365777635
200.87328936942157,15.711645643266678,60.18912133657315,18.689452049639986,29.349747050774674,200.70478280849474,17.489858983064153,71.68046450806555,18.557922691071273,35.25558273463729,2.1527469064742664
34.49761117184194,165.60641966820822,48.56412138228736,13.471670579537555,30.398073985395975,32.96993335814425,169.01589802262313,50.72387991076513,12.304821048217224,26.977035331939597,2.967142111242287
20.976732572331333,188.35818364249886,66.98162493748268,11.884643577028376,6.065435102691776,20.2622829479539,130.1512172553885,67.56899733584832,10.052205833080023,10.486222919202902,4.155467213081319
523.8745482117075,11.351944819739895,13.612277039813558,3.2154001980278,33.45979414602344,480.4760669908765,18.96437071407109,16.920743528077413,2.9102346460931767,13.338826446170868,31.392268349532255
617.4757577873412,55.556419533045805,24.588485938586516,3.4590731252463374,45.158480723975224,623.6986176072377,67.78444059252088,29.892486397427383,3.039110436514199,40.73002786070534,12.809787493896941
242.1363168683054,364.5580844462214,313.63352569853646,7.334992193433701,32.700501235435965,213.4846966768379,405.3046929385754,300.13204798742044,6.94726568326817,16.775670753716525,7.841805712504824
400.8757340162407,144.15261208784958,623.9626568566579,18.423695100649027,22.80388547030785,393.3157548116702,140.5580706625411,664.6284992218734,18.287657781097955,21.598609897317388,2.2201599530717955
44.21339802808303,127.31318021901471,14.654879522615422,11.368041651446154,22.706676240970005,42.82749945855139,201.16237057601612,16.18012018653706,11.525588699149711,14.84956933430988,4.543113139775514
754.9928783262534,33.70372091010485,727.6734937587447,13.25975256901095,23.346682252972727,696.7670182744074,27.549898348442117,791.7140160789203,14.215186102620253,22.10173077933295,7.202618569063396
508.67261670908715,275.7607105821695,694.9446926426984,17.534426508727634,35.65220113128365,484.34957396826997,256.24174560301304,701.4940331671337,16.178036192621448,35.39733746124937,5.438071354917202
46.26267549481195,11.435941306693639,876.5603899925861,11.388096503107494,41.52134753864104,42.746530228631244,13.012991364928247,610.6088905906003,11.696859499604816,45.376724172056846,5.948403820739441
33.409854941948964,36.53572779151558,63.01917778345,11.689595608662215,24.07148322071285,31.82592590409968,34.16221630030119,62.88573723059201,12.951568315289467,24.49185989042162,5.020059819332122
429.7990108818276,429.2513792214052,254.7576479572535,19.688461928164365,27.82665918006613,382.58811592054553,377.14619042520513,248.74065404652492,13.855070521452657,31.67502316501174,10.51746087372135
24.403755077548936,539.6195829002627,336.57319882318654,8.28883701730091,24.298002013068807,23.56722827589006,540.1021166153085,304.21138683152054,7.4510708961532925,24.269815538471903,3.820537079697936
10.981063600249874,439.0924112447392,11.396396358597903,14.851206089945418,27.009615911504,10.876442918254984,378.0086953139221,16.946705573325303,12.741263273082046,28.23957156556859,7.059273435191167
32.383880211079024,341.61773930423834,178.72886005056475,10.853174198513582,23.664044322299063,29.175442812297252,367.1025096570571,166.66164391427057,10.385271949425391,21.85368760173146,7.3689476922346255
54.559758306969925,901.799761916296,329.8180259363965,19.5690403046756,30.016675599179255,56.692743883861354,556.0105262086631,307.2391197199062,17.809894281723192,32.96055810306307,4.571222821495731
337.1451224128024,362.42720397387217,597.2588572868068,17.033290584477815,21.892319017486127,344.40837586466563,246.815984835556,540.3321637572801,15.356658679343965,18.736276937816424,7.742508567714719
158.5413622202175,83.90454540907628,236.81114062756615,7.115901120066415,13.318525249935739,165.00353062747197,58.71544821436787,251.47557152959095,8.505233507104178,8.639464738017342,3.6390342392415147
25.19012374670738,14.800088221622321,34.10683794115834,13.889601296054373,22.574302474025128,26.139196439746136,13.74820521891815,37.1572722255272,13.689117555259564,20.984122523968484,3.3898266050864647
343.50882417564543,55.38802875571174,177.93505750080925,10.999652631098641,12.560307490535301,329.809271529194,46.55801375819856,190.78263309832582,11.701646094123905,10.993841503811943,3.0675794163990373
25.19609579307549,10.042739866483297,88.62076683572836,1.7402169989063403,15.101110965195204,25.32982505844318,10.579831375569567,89.85120371720313,1.3781385660680792,17.13290521282399,4.638641172934348
344.7608917481757,13.484664873038277,180.22928257856492,8.246970865744068,18.04583824473393,333.5234756447967,15.253799871849774,196.93790534897593,8.406604627048466,24.028104830381857,5.304657896740644
66.970911774082,31.42936438819812,29.574587484613918,18.661503915494823,48.077575717778466,64.49948444583843,38.615854397397186,30.866437112613895,16.97745007924235,12.713351835284978,3.1324030202269677
79.63070647831233,214.3750971732364,18.236232038521365,9.024657005142636,16.851676993358065,75.29342285014499,285.35207528069725,20.233150597330763,9.628300564404704,13.855333801030719,8.598483566458274
319.99597357812587,35.643146261312715,649.5445456564463,8.243604150167815,28.943011973923806,340.71120369982816,37.63809378678097,740.633606268616,9.148185743008742,30.11527859230238,11.323908530318667
108.83156955402204,592.4251235202407,16.452325457586145,9.925583300166132,13.475203641048239,97.11839693221746,663.9721726612499,17.678327739521155,9.554247350207934,10.925889999895032,8.663391551155458
157.33440369045115,12.518701889668389,50.753810588357716,7.054625340380005,48.46996935198704,161.3332172402266,16.090157022352543,64.0445064476812,6.9470873332687315,57.673135473037334,12.225063928927746
128.9476497022247,31.92223230627623,13.316891695450119,19.58181809905794,19.766726279266777,114.89598927889416,50.38619077159681,14.834763373587597,18.030102409062156,18.273203624903413,10.605167242259313
627.2352871940531,116.3228862522785,11.940909293804173,9.202870061041567,24.682343029772227,606.6591724021856,115.92413271770941,13.258124331838415,8.761734943568428,19.458661758106718,11.549379070166399
17.404806333717634,952.1770851937813,389.9793736934804,17.923737602996294,16.068403397196374,15.795223794819178,288.32349094599925,396.5715444548772,16.2479353703248,15.549942414481464,7.4699751083325285
13.212251718384499,35.71125786426594,40.171462301910196,2.769763464623157,31.48076854481144,12.427959190294994,30.485811776426022,42.67777114365423,3.1313397164372723,22.48723734357059,9.729919429983031
751.0834619407487,609.0347188871107,391.6695918677756,18.297746190278087,20.944463980549884,691.666683207725,548.4111739617857,360.5939071077805,14.230480948039535,24.234602725604876,9.335997488015503
332.84110177720004,116.24327456500194,740.8640156239593,1.166078462675458,38.92882714033337,306.4022669928666,126.15598875447887,797.103496496116,1.0773295041536288,39.926494005951554,6.913946802099299
158.10256033881063,376.7037092296659,473.10223651762004,5.814969750412538,41.094924594378156,136.77684972183735,382.0663734053053,388.0811857811877,6.009255030813085,33.39198428501607,10.712545996899978
487.5659512882286,121.0536544689289,391.8808643367242,10.355354121563552,13.150506679873379,459.36931964454607,83.09119018683067,398.22316978813836,11.022119849775017,8.228472134708753,4.233776997349036
101.59570150498824,11.829193558445496,704.5358477002793,1.030856230481774,4.309964589142211,127.56805792562355,13.892769160427815,1163.1985156741941,0.46220870391011143,8.862970247331393,37.976193732140665
382.47465944357947,163.3726783552622,368.55159524068944,10.68651797397224,20.246884846151836,353.51912445435494,123.41659903082287,377.89943822957434,12.21503840710339,15.703907450884966,6.124165628516169
48.63348647595928,981.168163769036,33.05147254445158,19.326773099650804,12.044104692287489,46.33980030464331,433.37784636763746,28.977180713878155,18.731019563294826,23.985789925305994,6.583064061997653
580.0144943377036,26.27370511270401,15.214682392148031,17.639174310833294,16.17572365168318,537.3835019047507,75.16753566441542,13.491468005967254,15.07268369644245,9.927576769069024,15.361912228822844
62.51433868029414,975.7678379131996,322.2384368115687,12.467415368735761,13.623149375871549,68.72067669846854,706.7085841062326,288.3406893409816,11.464334519374612,21.51405245889994,10.166392563358361
32.45502966396515,230.36753913070322,16.908141628596464,8.39965135621026,24.322326860755304,29.975198356048512,334.76079384345337,21.26319469433365,8.262417761909706,17.284093082193504,7.114239139816593
134.05761630062884,341.66991186849583,761.1698422696537,19.204833273681743,44.18214161768992,140.52311542923405,287.6806056676111,662.7004158128178,18.250291401711262,30.52635512207258,3.7643079803086565
20.539400428321176,164.1402920109194,298.5708609224733,18.97740455603763,16.93710769914037,19.099998810234368,89.2173367094069,282.33669581223137,18.406079275515456,14.442297181202264,7.993400417477144
365.38039313735317,17.946351519442842,138.23512103624864,6.743817559157275,17.3674008311984,372.79672484761795,17.968109790270702,152.81467506164802,6.662076704578837,19.513825265196115,3.090718435758605
40.73965358959907,300.6320447348384,20.122345524215444,18.963359513821345,35.473237906811505,38.88042555085769,326.1285072264507,20.826617102511822,18.99124356777681,27.50672531107247,5.8969675676281685
561.8835382292119,679.386108589319,501.79319832627056,19.327042884289913,24.343999864114764,547.106863836044,516.7406736377591,443.78539533981495,13.690890895355256,33.346247209813654,8.67093333752714
15.79968893086546,819.9068622640905,929.1928244388905,8.9867212610292,31.265873642082518,15.111599473122121,316.6615171069917,803.3194173012898,8.03997531087207,14.51020637502931,2.6785744166677095
29.370826687078534,332.75144380568213,562.5440594388241,10.093652008441468,19.446789621653522,26.37153606048655,193.1956381383974,531.6815910061842,8.723441809604207,12.681696400843528,6.803201374196949
735.0787648383188,16.7984477288315,82.62205358425172,5.704060413352412,33.930196077558705,773.5469474861711,22.25134451424509,97.41719947597534,6.015581065661228,40.057050077115115,17.866569117823364
629.2240647556582,24.560456950384044,234.06365442272187,13.532650340934339,6.284561923241023,638.6662427867687,45.82858511898669,265.56779791713745,14.373338847843453,11.958683986004798,7.273561824357235
14.818014459353236,10.120909920274059,24.849715015656415,19.473792456929505,26.05488035641033,13.857369614992244,10.12035611229696,30.683706805525894,16.712512610770133,37.151535890461055,6.371823453708249
12.034288939495577,249.27652802316953,106.85897948615401,14.176810024596678,48.405271608012654,11.721753193357173,302.6445096803073,100.25758495384486,13.143327660024578,25.85993219741033,2.7550683725100638
153.1328979504665,80.93026171894188,175.9923018339934,8.628289051387458,24.594248920762098,142.682591724158,67.24075245058191,181.12269892827652,9.254544844118094,27.383457966228185,9.065985928472617
234.71381463985006,11.800071619211844,242.21036343033776,13.976024152239678,7.613424894477614,233.5986786877922,21.24051603326765,217.04874029030114,14.214507119078798,13.690189565937265,2.446651428469836
50.852352024135634,117.86093256258486,241.66283061616707,10.520551672438085,37.07549616905194,49.587918963840714,99.25726839284142,240.82528325635695,9.921099290108911,36.289167900886085,4.870366565266479
849.2184135994694,172.5129868504888,285.65987143103104,18.31470185877514,39.34851111991591,830.7382958054802,181.0477041044291,274.5653610791383,20.053545015735345,27.841254250956226,6.128651030123626
33.833450024093096,746.3914115421987,26.57685010489529,9.449103893996629,47.358083747421425,31.832388185964167,800.9927666230792,27.966582313444615,8.764263591413977,38.958160676721164,4.107451481976733
163.03477718210533,350.7546227032932,41.15286043346075,8.097056882339494,20.214439967142972,164.31361272246096,348.343627582036,51.41348332091776,9.040989833454166,18.733871164464468,7.280497444266529
40.05141552006258,65.55430541135807,51.73910045291061,14.093265980069258,29.490710472285464,37.470977493024435,78.10423887409509,57.064607174741006,15.429644188835082,20.25000693942428,5.82158264443137
52.350318559947844,40.52682945069708,69.73814673992642,12.850560991084002,30.95110079596668,47.51424964822705,33.05440079665392,67.49362789140245,14.248053235163301,25.218224561859813,9.117548466592003
908.0616785034164,47.44938907847321,205.9911546992108,11.881874506540266,28.634044400278597,903.3930365602434,40.83279817491345,224.28864431754616,12.66105743398302,24.250670266686875,4.819920293437756
646.9278160461522,36.793630939736644,160.0117776497167,8.371453768333529,7.011172736849695,605.2152717650041,40.85334771722754,202.37620269845635,8.705133320472452,6.943900593723029,13.484519988631169
307.8805000661592,79.30099611307452,293.33515087772616,16.669268975477003,15.23185914914607,302.20881834390735,68.7879226469203,299.5943797784235,16.51824542507414,12.630654847763134,1.9715484070384395
181.35041328028908,215.9602804086943,615.9251443854008,6.437097215657401,10.455903487710389,178.42204592859053,274.1184539339021,554.7540051554641,8.293201904229205,9.065466619797022,2.7809810670913224
26.487691590104824,54.65407917971739,14.761366496901486,18.714640669424114,40.91663686332217,26.856881302633905,63.407344026989335,16.303059427711602,21.039632170914512,34.193773016404016,2.369219624508517
27.99074582924275,16.940694593182993,347.2481291822404,15.795831102022376,27.998268177846995,26.527201672418613,15.935767759387277,439.00710088531247,15.839892997486759,29.259585938617278,5.514837916478535
83.70146251391176,106.95683646942999,691.6193728336124,16.04776637189226,5.017549199849784,88.14810343328736,209.00787507412363,756.5400718017602,17.183062741248172,8.553978878348172,5.099351843824009
31.689082922329913,837.6874033234782,626.4062173461616,19.323141284211133,26.587343789182274,32.882292392192255,241.7094808955157,657.6740346066169,17.22365884898927,11.726551222448649,4.985429028114686
16.82438747879187,124.45646264885498,279.0080808147265,13.32486152402268,45.921985247811925,15.683672263054937,90.81871378154142,227.42387271308078,12.641275742492992,29.003741504789264,6.6618176590751315
230.58475214411638,71.27631128964661,17.811523133040474,3.124739095730796,2.31900162882458,231.30537008258813,35.355496893039,21.478440158851644,3.330817530430758,10.531376933812693,24.066425662288133
22.14891150887135,303.831563309888,14.823710245192077,13.317796914591684,14.753605882783242,20.346364980891938,274.3811646922646,16.97797720066847,12.604820916619602,16.269509536690475,6.012075119282734
31.450948443017943,16.877730791185886,318.5737274808148,8.835146594227865,46.95436953802925,30.184824057606686,16.480242134630764,349.5095567488964,8.191728495700602,49.02498901538638,4.587765989807014
12.383634353910866,323.4130939835386,30.985843681242553,3.289799456288613,30.296577477876625,11.284712921808708,316.0658933447831,30.473746714790938,3.2264866035862374,29.7219002764459,6.677153219663231
61.04418597254291,22.31302102166987,144.25227708324468,6.426009855159014,49.307111247286265,57.74348586764771,22.890947637883148,155.15320484309152,6.6170360708707445,53.36756305226176,3.498211784700106
224.92509893488926,46.02021542575664,196.2700694361476,4.547150247344041,47.00986076172701,218.6588797266241,50.47664827235353,191.84350627858132,4.763413135666908,51.654883298656095,5.381877756282832
127.26318468589038,596.9199345606279,210.38366307392212,12.257477983133118,40.925027277722585,126.79122340788139,528.0014752745753,221.0673241974181,12.929527948287632,40.52121336126319,4.269011412293436
14.137566527839486,40.97806485734869,93.08602472591106,13.644211114895851,18.344633437458302,14.101978749320244,31.997354950654476,86.12703715952934,12.163891481262887,19.669633673525556,3.2410893343633327
792.8774854531739,217.80851810908095,124.26034122943209,9.52335835232556,41.7533344178056,735.0415010797216,189.25915045716448,120.30945486912077,9.198834910042427,42.22608997411887,9.422913342239815
420.3582488818586,35.99299627449911,20.29281542888376,3.4767935794793794,22.913766070113468,371.32724560495484,43.56505221266805,22.249077703522584,3.2676449441601094,28.128341007822407,16.220564790793812
211.86324699212773,142.31613505826544,943.5552936244401,2.5701049241605425,24.443322474626836,214.10031992324207,154.24522663889402,854.5865024062367,2.47218940895395,28.87529498287276,4.735699547126968
18.127663513986416,836.1944912108046,138.1539211099757,18.734923470797714,41.86741171801224,17.711735677494097,529.2710226878493,144.2405193559761,18.87903702517723,33.739946725159115,5.6873730956105835
712.4973744812736,159.5640571489311,341.50980323154533,2.021719481802553,26.295111470748573,658.2326629244678,191.61317842615875,352.4973000242273,1.8612007177238503,32.44004830589655,9.934854157908738
261.6544255489753,83.29356624836822,688.5291234724789,10.2039266822314,20.185946549253288,290.19857991173154,67.21347575028602,640.1357486780729,11.5773814271637,16.696355732616247,9.36875575367025
457.9064018942127,74.12442820014827,98.8598169782867,4.343468264567209,31.504634611400103,442.28497261176557,83.60234655273706,106.76405521407119,4.4784782491440875,38.95215491789335,7.338682312420975
18.05088313947664,15.239045344135855,434.7846730215183,3.403512241792804,22.02887947647368,16.30516579374241,13.53259627574904,527.4327433923388,3.882970195620647,19.745757238711665,7.371397552695852
10.9167884951044,24.99872691139951,717.333792961449,12.363904881515191,4.235269537607639,10.139538717365047,243.9540648655259,624.3515663612187,12.38919600521583,15.561736817618883,4.648541371707017
39.48494875814477,479.3831403133213,118.16015990864209,16.633045118615943,28.32151243424005,36.40849379791278,506.13429753402033,111.53466727094076,16.356564739341998,25.35801342685503,6.7555977449285765
434.9657773361136,42.96196983258256,834.1891307547153,15.446181200907164,39.52215967456548,400.2506003781535,35.991119292497466,770.2033314781811,16.272690480020906,32.45510145918048,5.87793874333113
390.2092141729054,23.26640470008592,62.646462419129016,9.632855284206014,6.288808676498971,368.6827606309488,32.99749540346137,73.4736480815306,8.397066344190439,9.115044165223992,11.462690854810646
14.9007061012007,277.02996835319334,96.5345500438427,12.642677950594647,28.767553800886045,14.982276970416718,330.5748993350571,96.08952470203266,12.127983640775776,21.785982382908934,2.7484140055967625
58.40187969724693,89.7570573248945,114.56725507380303,4.943992676379157,20.455234484839096,52.49456656869939,78.14168806301987,102.41701738990231,4.359727571399282,21.124306706212902,10.229623629281411
363.09644799723105,180.16785356338255,113.71873127260096,12.819082336083614,17.535995608749918,357.56662931052983,173.04088136537547,121.89155301374078,12.534467334780123,21.17931260289222,3.4408853136433963
21.025304056795978,901.8876399757702,24.494657298644228,2.001560728558508,42.49025133265911,17.522952334241154,948.9629825449063,43.53323923099426,2.064285439715022,35.87908909168134,15.338446955043874
817.1564141109268,24.173479850498904,71.89637273993225,11.72884708303599,10.3070632047741,824.5589890985799,25.578401336382697,77.17799944881855,12.698648919518735,10.728929289921231,9.525638792431575
156.43469037643754,76.95574251630731,77.29874093108543,11.03013756349079,5.871430924774209,172.55308813533605,79.96635491258064,79.32410436905631,10.267074136170798,8.705815425620557,7.351383701911931
26.66856064132303,307.6674692507576,11.041482841871137,8.945683112600678,38.935665792732365,25.93802228782235,409.9010552873001,13.964366279833712,8.838199967527547,24.426585762633916,4.866252921451271
28.607056235597145,21.08034808558842,41.46738223257686,15.187052090285405,27.38456933104509,27.939053183448433,18.748778054402703,43.71077274954381,15.110865701554774,26.537459027477645,3.271879277340274
604.7178403683964,103.80716849442933,105.6093647033061,3.8035718288359055,7.9909315451337175,585.983909992054,120.65919219428577,118.39825425928147,3.5329596374027243,10.93978254417557,8.85843065810802
101.92048259537157,59.78351844495505,180.91620661208032,7.95338983226975,29.33575709918591,97.88004352125888,61.453948398087924,183.49616887515066,8.242658863555038,34.1080540980567,3.2574579799693035
13.061801703904186,274.3652140116784,354.40225544703867,8.59063077079538,36.623738890084134,12.254956466039651,155.9525268867104,320.5654806561404,7.933550605560129,13.307225710501951,4.628384419125627
31.095157159995786,14.104979518815215,116.85104564014092,16.996816073916992,17.29844445113631,30.40967337545171,15.16128905302546,116.17473617622575,15.42699676304586,20.721987028586838,3.2735622188835722
869.6625915956159,96.2253519469366,403.1034030967523,11.429201465315032,35.79193873347881,910.4522860726145,102.86267051369992,459.75934432290114,12.023766732976926,33.63928424148429,9.885903478572093
15.175853151042872,18.1175366079747,83.43847736716114,11.227729577679037,11.181507975596276,15.205028088435686,34.296400383247374,87.96421987567429,16.276255759023496,13.224696181853332,0.4140755453941675
380.95306676035136,91.64730734277089,76.29010536348548,3.233745473601404,39.22291377141471,380.47253559382705,96.86801131146157,83.54492284523062,3.0004106150247747,36.338770466313235,4.665960199320444
101.53457438649276,20.480164982817485,511.4796296593656,13.840027801613875,32.62090957706962,93.49164967051745,17.571621441191425,585.3265228006081,14.242417130860911,32.87113322802819,9.117261464044974
71.10549547868666,206.8602010301407,122.99941409304009,15.971318607406015,44.83120462364201,69.66142806378492,230.22874278182778,131.80561560250945,15.696305428685719,29.452464342730565,1.510485949430703
219.8430508267055,829.7264610655272,49.32401451145019,6.695571512979797,29.898813719447613,198.06386218788944,776.1470607257288,47.108253626563595,6.195688558483756,25.814971553707984,12.797600979691284
418.42846426877645,96.6321120662692,11.757180417885358,13.745569805293522,2.494073412587312,389.32740617777284,47.853514476904905,11.067928497794744,12.32632302267112,6.950356916913281,12.745523219868865
111.75299790644965,23.7336494378795,211.59953965285047,5.379404362922985,19.15628763577841,98.60006993720819,24.294300170723915,203.18943503862738,5.6738822392904,22.153208348136637,8.799808618015991
344.3156736990222,20.037634592916024,10.94506766052261,19.883919579234426,11.674096144226247,322.79933945619234,90.53469159809386,11.698330942541125,15.853915554351708,8.130741486923206,12.869790572927819
101.48877995267087,41.09808405109385,15.680471399888534,5.4641130692798265,33.1075864917371,105.25952549674275,42.39212986728144,15.789172586892164,5.035773087585684,34.31872613393027,2.643412456435576
22.3870186462695,68.5829068561643,158.47294812919228,10.85423854639333,16.603265929655556,21.14164440616281,49.51634138831469,145.75895439266512,9.210389208008355,16.8748872843061,6.151105744914231
304.34147395683135,527.262054431685,116.2140504407917,16.704267579991637,44.39147557072905,277.7148978510333,500.90507863692136,127.60286729593234,19.667930238576627,33.31609315967144,10.623292932293719
61.701664436834555,105.01196735875561,854.0189983608338,9.880619682522676,34.54631330122668,64.7473573492942,81.77883022292218,853.9784797928688,8.677098823534315,36.506849768775666,8.58104162474386
370.25439939832637,555.7861220410678,67.04858384976622,4.128106910294464,27.60065016096261,378.87219126048535,467.6397076059347,76.97857541728246,4.068718581470266,30.396272694401294,7.6440814960277494
15.329622497301148,192.45111143187873,135.97916439975074,10.028810226466621,21.015594747699975,15.636550003368207,206.05046878749715,131.88279310731997,9.004402990212036,14.432358592158971,6.384570491567352
49.340694129858086,96.8232134999123,13.811079355272438,6.052475222930019,47.670248644604904,51.52860185566554,87.02164233532305,15.430008013494138,5.7711223087118375,52.54745184844108,4.330722971524562
11.24790361975107,52.06184071026646,182.0375749096777,17.965040109487322,31.909601484346442,10.908590177173885,37.66954605701767,184.11555176103198,18.141916090798144,27.061743036307032,5.327870513097572
635.2407495203684,67.74408068183537,191.29779849245693,9.789364921739113,2.656330025074018,584.4104601846714,117.54630426491948,215.36253401846466,9.955636337039314,10.213833669905965,6.788231971383196
26.10237832435461,40.844347202277845,21.667618278664047,19.148368214836335,29.42846610504073,26.651103695997612,44.90279766751263,21.650827815270212,18.8858612861105,26.92856471266629,2.682934690158118
28.845894033119638,129.76839594033459,132.82136043280622,2.430414253676079,31.9681245883682,26.186236036653625,150.58443563169268,138.18413568949586,2.484292183487035,11.469128173763517,6.0527513851562835
277.3457796376711,604.622714622758,158.8417579722193,13.596421436400554,46.84140719873015,247.0943002161562,568.1207562464527,164.5100290087935,14.810226207530595,37.43304755747049,11.832952397901957
836.2666580182982,16.20299799599353,114.29341259205604,6.1788032258608245,14.67875185190983,794.5777689185429,16.030122211065745,138.52931355169545,6.182096335919205,16.58207242811962,4.67420303086781
23.68500472210535,805.9525553834478,993.4041247669979,11.9461986903826,10.9833618893643,21.39745518427411,291.93124199777895,884.7550937115657,9.765281757212065,13.464096305471921,5.985085310769549
31.394338768134784,18.405573520558605,812.1515183893276,4.48499067670781,29.460276750845196,30.91688054142539,19.841844888045344,692.9525035733188,4.5658576345651944,29.524497867567533,4.192222477391091
241.49282190505988,35.16407378184828,58.20324172868342,6.7673901833649275,47.28924791846406,240.94788251961023,38.62494749467797,63.699290076800466,7.123405529229823,45.560937163437,8.134149468784772
17.920395061367277,478.71393165637727,35.66476125832237,4.812569294555981,9.991600179897862,17.34087155253901,386.640228540101,38.85740287776047,4.463146797887009,10.229802021398005,3.66664294215943
23.979428318303235,259.7598115738827,309.25577214513146,14.021359157336594,4.943510477056321,22.41881677457296,192.31144942842226,289.3461652476631,11.873130397823685,13.437172100956321,4.329282503188315
55.13365371102432,28.93035435460596,745.02167113963,5.314987434021489,33.93096413161297,57.234528586959556,31.860967663141345,733.4201480943603,5.410965722146556,35.10176079267209,6.025539896369585
10.273065221057239,140.90434552914377,312.6164129273635,4.316495287930154,46.719481370865786,9.69358317655079,130.8050784376626,241.2769768723334,4.48770625513858,31.662176597522105,7.350760476999558
134.86579424568887,171.9364183909452,58.04472381378684,4.321832159687936,36.5968201836196,132.60032921238124,143.24008209593742,60.60932228722704,3.762621381451296,41.78080793082721,7.542270416787261
30.206697689275128,32.02318657245268,99.3135569247635,17.381353832502754,36.04699869475706,27.793076254836674,27.9850994162603,101.49538081315683,15.275000045692602,39.34576630338671,8.506044563731443
33.8431229801907,165.6346494155882,799.9075373058554,10.169207777872192,29.067076860909335,34.80599603759621,144.51656608163526,798.3745678633618,9.846880936092061,30.936140023641098,2.680344285784828
740.8022296169829,493.40996363733376,18.91015978872123,7.027541398876248,45.46975356246037,652.6012267865784,470.10973991845935,24.669746535809153,5.86767620708572,42.75991209280804,11.227607986332016
398.32613338627715,104.44142373245005,29.815850087490976,2.726608977002761,25.49376157185939,352.8978380274838,116.1721873592009,28.263500936336317,2.325846792539896,25.47676049966312,9.571834604828311
45.98913893390777,23.516889607897234,316.42724861669774,18.675755587098973,46.37280176214586,47.74320843385583,20.795246844903872,297.0236287909459,19.718622857335138,42.497264463423676,3.5268673271325364
33.53007701773394,96.72701988775586,358.75167891787845,12.966409264741518,25.032359401534855,29.965810253129803,70.70082898607055,328.97994149939865,11.625766569205668,26.687037541594396,11.760715395467141
138.47626454556726,771.575770665841,102.31479399781762,19.34160408956582,45.47376539880337,140.39142496706856,711.1643084770743,77.35590394957184,17.91612514277345,46.820965237897646,3.428417827399614
13.6499952403502,11.421141697321334,24.92010958839022,8.431909875822903,45.61019976180892,14.051799710803394,10.637814741827686,28.530131676112017,9.06794636211746,41.11796398151345,3.1434878814147673
154.32577359356105,35.35932429490173,122.87098277275956,1.7532718565498489,42.72292089250688,152.02059953818073,34.08978556166803,129.70042286801666,1.8583170072560027,42.632201830041886,2.168794600534209
35.31932682430815,165.7766494300357,801.0241209210654,4.423145896937762,39.41680272023384,34.174465806034945,166.3597067647135,814.8998747531706,4.3666863083446765,39.8273011492198,1.9716368128165054
111.6908996813502,332.5531794754729,450.77975974628146,1.4412285479838078,5.798337425631164,114.78475759587946,404.5873216550039,468.61732582657066,1.4744468847553431,13.252032523271541,5.7437491834255034
10.092160873577827,93.3404016245387,214.6837811646117,6.932243092748391,26.101812169611556,9.626357471562317,68.8034947784754,174.9006133825531,6.484381560558617,25.590235218832085,7.244589630603008
99.46016831890283,459.30653098710957,425.0454000202345,17.117041837149642,35.497900537649684,105.21407616469054,341.1707235128631,412.22797686364606,15.75019153354363,12.048720847097231,4.836835083264958
141.72145006860407,20.680724713221743,30.606111299202222,6.364723703608124,43.89548555745276,145.41574149638066,22.500517776178953,32.919025681485614,6.480237361046669,42.98475398231418,6.647026987602548
455.0694989196685,211.9724166259771,10.523181565416614,8.415230513227252,47.04148287382009,436.7138933871021,193.88214414334035,14.267021118159432,7.144080941832824,42.493796780687624,11.494505763655102
49.511362372327085,15.438462800587628,13.462584489960582,1.318565721632879,43.426848738378126,48.15913849748301,19.43011820590671,15.299825816568907,1.3114328922094676,14.90415865020692,14.6190111399286
558.0160419453032,104.24472580205058,763.6848321383815,2.3579456440989275,13.122772571095224,545.825480884481,84.09219377656835,633.3287821842091,2.554932589244227,10.714236425369911,6.867862209738353
21.608751357510776,94.55578332610732,56.2794690650282,5.613934646460276,38.479960156528165,18.69728698498231,80.89369194545861,58.86636373397693,5.557267502896509,43.080058997034804,11.930791379312602
200.03061754582498,201.890119035795,10.820231700554206,14.949479863445577,37.80827944210892,186.32068498350236,189.31529050988436,10.712115378125159,15.221041999319642,36.44476168789788,7.209834556284651
253.11974696981028,349.9935032983607,12.647155764436086,5.728620324284391,47.0402656082317,251.22088900215678,290.2257683512019,16.739270425365884,5.79147686704648,55.49367102062585,11.016795518494256
148.30018537555725,385.0828807336085,49.13444282677893,12.521438105554914,39.37185650380446,139.13781011654638,357.4134598486244,53.106761566219895,12.632611074380113,34.692545109145236,8.061438496486662
140.6938125580365,523.2175511883422,208.77096608976385,8.584700975910849,3.5791416038063923,127.64364443243129,353.77098719691406,199.5470984624018,7.176139230649736,6.72884096648912,6.1548910337751765
138.62986535702066,21.497210863982883,16.274606977155948,14.426990489905533,13.852462145962743,131.9998627287693,36.06148735060263,16.168586627936946,12.626371209569697,10.373608074376667,5.169427119020594
23.112638719525894,45.673160551382495,10.692806869434701,9.331742447921116,8.149848099178188,20.969531555926014,73.02694557214522,10.621526704980203,8.648264403479685,5.7822941787137045,6.146685268609777
66.61259910639257,437.76487336148824,449.9864168070811,7.2180658235071204,41.49188653858797,69.37084819358944,264.9950281891381,432.86991878404797,5.998499759180085,9.918006902266011,4.492152743126392
40.94913808907664,74.64917696779595,135.42882799185122,5.698656485058742,5.016766340558322,38.499756230556926,103.6330546484254,131.59028947812976,6.291803378109518,9.985942030415012,4.5701856765260525
391.91808225199054,12.904351037438582,223.54784494916143,17.424743663903676,25.876560655297624,399.06427712457946,15.901418275931103,291.5987408178634,18.248178852931737,33.136867986810046,5.858137774964431
432.82290534522855,111.59453860277172,234.38295625114216,14.271083580947,32.33453256970843,444.2340110640956,104.30602210527523,265.6055463423015,15.130089051311609,28.46698835577114,4.83287586644059
76.72022898074106,21.325297839363753,26.40303498599841,14.439297427629448,2.672519792442268,76.92191103463848,40.782579187926565,27.93752859368847,11.796319035878351,7.7498309116794255,3.678906762255855
945.0405822361463,888.918122097875,242.17990119315687,5.474740177467787,10.605466707181222,852.2100179350688,322.3037598421561,263.5711926649794,12.71484918277131,7.861581581401959,9.351182854242326
57.06197847325215,577.2445412438968,73.72541109534086,7.877873742286285,24.295051447372913,54.07046767964075,575.2592523829865,73.98183378560229,7.558724855045984,21.71087141576702,4.642522751349479
56.180613736880154,73.6790195287543,24.046218937134697,4.318252033390378,7.271736884268419,59.812064368034875,113.30792556169004,27.15220570393723,3.374362920998425,4.802274164172248,11.778132167973773
148.81042905709438,124.24144865991924,184.62018928938525,4.749034980585188,26.89784136380253,135.8460528334609,119.45418556984325,178.6827937864705,4.543941946541288,28.99363412412251,6.783047008898705
62.97508910824858,636.0161676100088,182.00256340255243,7.33449973816398,49.2039663570903,65.65493939283684,653.6932912214608,201.25973516396908,7.028577069226112,40.82077045449636,5.0399575963453085
109.63141345977137,76.49311362722082,18.273355498072586,19.727226492513665,33.5221048635258,106.61990945874761,77.9139932308636,18.860384986966203,16.071747304559278,32.04961777665995,4.960126413337577
986.0441334945853,38.56828393521127,680.9473185483704,2.478179115846113,10.549732526754784,1034.398780907254,38.79327296083313,574.2433840176606,2.467054830468733,10.091728985118083,3.5070969072057903
784.3106294886135,32.549062705412915,11.724278028679443,6.5080265851936066,45.785288134404,807.4412375727609,32.56332253923054,14.415758105412532,5.4946613989466195,57.239835707431965,17.301813859538267
594.7468616336306,159.60106929588326,897.7661249990408,17.621306992833595,7.004499437391649,562.8856783808119,173.79282301501019,793.7075843138422,16.60082610047543,9.49351287641556,8.391328327951184
249.10328297726508,25.94424775876073,40.19232574724617,8.488389766383852,21.997262387319097,238.63672177390472,20.865340485969185,40.797618339335195,8.741754002671188,22.627040488688365,6.1571278000660055
455.21303898199915,66.4234388828209,933.752092415266,17.293888318558647,15.466147599487554,458.3507731648449,66.98874830598733,836.1296665332641,18.41436911054596,12.560072460943928,6.569350070769055
21.844289422576267,298.71933381192764,58.870478458513574,4.562967897158636,43.33125604778293,20.966735255221426,316.30142938633963,62.21795660142591,4.616933012525148,36.50328554286272,3.81271771150158
568.0163231438924,442.3196902604133,79.50494035501345,7.725855112576755,29.12901130747516,546.1846024241584,385.8502266354242,77.82910546666402,5.213282403779953,29.76151942057269,10.840992056913302
120.65449872794649,63.91878083678555,14.197276713472824,14.842647627355909,10.914096119020874,104.46606399178191,51.85178000158634,14.830019843093238,13.826754288347578,12.66114679014443,12.355024116957832
29.337483866227643,43.61787877890443,91.42967609708576,4.987670579931113,34.84193665080534,27.85366604858773,47.10876395667849,95.12529856560184,4.738052489354884,32.72918199607037,5.3806562033838565
42.06174609819371,10.52524859412325,19.511928574600503,18.90619441448783,4.932000762787451,46.45892996027027,19.495373170769266,19.906484490840793,14.522589860981926,11.207877579425565,7.433426007847556
35.04113497943674,56.96784941033056,435.47522556807104,14.777237099132776,22.127684395352958,31.178475271641613,50.33395350535313,387.91844924375573,15.060143067383311,22.296622595032144,11.508393343519863
856.9825565881857,21.25658539094998,363.5957692641458,18.528522168898835,37.6490622455164,894.479816980698,19.916569413692734,353.9326651598681,19.112607272799533,34.80109842145576,5.952027564371054
20.364759041566536,369.3399853688057,10.712217247010226,4.991668766744121,42.55821603831421,19.225230575792402,461.85493304463284,17.260380729001888,4.928249027109815,29.41236188782087,4.639817304088211
151.58971695468827,40.53896133915884,14.95091639112056,14.372870799682774,8.769244771579842,135.82334951973223,46.25218500516731,13.995000935243658,13.04129359306898,10.255084297958838,9.946373718698846
147.53166042075918,841.8403336427377,363.4024039364861,4.595730841871792,30.368010996775304,133.8900744369894,810.2211357611156,368.9183542301474,4.388132790906942,26.764910447054127,6.5575616946364175
73.04656474039172,12.433994847110958,298.3212661055452,18.21428468599762,46.39927004331034,66.32023859361249,11.08214725818319,342.2977200027072,19.84874149263311,42.517156194197376,6.887018157964099
126.2351503295638,31.035394584374895,56.281745953745755,14.62899964400709,31.792260903443648,131.24722985793454,32.119296552756786,59.64980126775044,15.067561609329713,32.3933426563007,4.7732825729564805
11.887902395815622,31.620184404243012,938.1953542886706,6.739350691590108,13.932196572897405,11.666927661380651,47.80410253399056,762.9800905217519,7.30874283589313,15.296590614100124,3.4170816692180535
502.3427282546562,847.5785841756365,26.679220070220946,19.61580984799675,8.768048293601892,478.5245309523757,719.2379891832436,28.328691950732537,13.76585143677346,14.362137700674639,3.4317042948850496
292.9954738891355,287.57350652372384,350.8020366607854,15.998521307400509,3.8755871449819455,293.00014158141033,200.1084621990079,318.03972996748445,14.458023418625855,9.335125071199721,8.185413311144023
20.11990424027966,20.61662412197857,345.4045956913991,4.560399060036374,25.236718310823996,18.23537522412446,18.47466104485761,380.1913392180117,16.369973150678913,13.262442576645709,9.290656586190636
67.95176565927585,269.30358744327583,97.73795597102456,1.6816053520004082,8.982856962763961,56.77582779774344,369.6977933787135,117.17903053010544,1.935927921844833,5.633842013572482,14.177882123485958
836.6756970459116,223.93812516455247,853.6163307338454,3.656976735894908,34.759719459811414,797.0859838727017,199.27067465634954,761.0063412236972,3.8250666276941954,36.81289086462504,9.130838469320079
38.746759630785576,31.495409310957,72.30283229310596,16.21373645776149,40.21575723389369,34.27281826110807,28.315003579805815,75.20495695126125,16.639750734467853,39.15179405474693,10.175549276633564
114.57348164205635,305.2361020356395,151.8761531168157,13.41534497118041,16.370397992711624,114.97458444263098,410.4160167940596,162.19948296980135,12.60382040947123,10.7916265221733,4.273118184644118
98.42722008371898,98.21792704280008,230.23204220481483,3.309804349212106,23.17647458742615,92.22153685712627,72.47456593979929,226.86323812799336,16.976447339815813,8.336486663369502,6.76644243405147
57.087294593003406,11.917847104796252,304.8745860739443,5.951426950567988,34.25278225659585,53.04552474343738,12.873413981754247,423.4173940204541,6.084077461053913,34.92759330403391,6.662375167730373
13.09546585395454,383.7705468037203,276.09391209733235,17.998393791424515,45.22126355962603,12.17852472357846,219.62430325059196,306.1982256337611,16.5031099918069,13.734158321002276,5.07668532633346
466.8579184883465,651.4801799461478,13.580265929582028,15.886598715219328,4.833299915129578,425.9941919001456,409.87521995656795,16.36087775631301,14.79997100737963,5.514784794559307,14.753601543462388
563.0780500264966,11.455421915046017,161.75936630460276,8.388453263560937,31.35528445116982,515.649915357361,10.354329943698076,243.25226251779634,8.807709015022576,33.68778667588959,7.208578907138841
124.67341498050192,861.7706842830601,934.2819593110623,4.111340584074851,13.925249588963087,101.49524117082464,520.0691154910853,859.8902738486066,3.2345820426016028,8.402074227173834,12.703587791652247
352.9750042432681,285.1462147066706,72.51244102545678,5.917437251588226,12.55709983386642,363.99028300719203,252.79017396578587,79.9714035763663,7.076565745197584,9.415569925728036,5.7773478209375435
641.3281137106025,235.7762306711325,20.205920509825994,15.056749510588682,36.754768220877466,644.2799838019046,215.33635494944818,18.984563005388825,13.66242170077402,35.27721024468488,9.637878503006512
14.61889241997788,35.36077886368306,553.6388146095628,19.975414030091812,28.04139815201163,13.408456338508275,26.30519577084347,535.6195099739272,18.069795034781542,26.512997676003593,8.219100138389061
260.17909063581476,14.22846729194262,889.3553304944787,9.618797784251626,20.37993247110323,256.7184998925025,16.266983361222167,915.1724641009544,10.433335770947235,23.191917942886953,7.008952857110861
157.36162279224058,444.39852362822677,17.043809207994045,4.265665367501879,5.023452796773976,147.54512786702702,372.0088482442928,21.433116817389116,3.5997521712831135,5.6713523513233515,12.170080825376434
40.47598719910207,123.649053323569,930.0292707504511,18.776777197054226,26.925204433448616,39.19232450628307,88.5564187718554,847.907549253422,16.887270392464757,24.311723148984353,3.6434701971481633
95.73814244012587,106.06740885099772,259.551100210475,13.184753605035482,34.48009435210266,94.65625991702977,95.16859028959064,256.118478271264,14.159843312957904,35.169309203264866,4.4821488145812385
25.389607241142375,29.530789927470977,49.26819813069862,16.616766153189367,43.310698034143385,24.26765746791956,26.917984433875596,53.2308270327145,15.13519954243794,41.89730737502675,4.209435350583217
30.722628334660943,390.8402917779159,34.26725022619506,11.075149657307001,40.97043447519583,28.738871982045353,446.6366584206062,33.86141753413007,10.105504810616365,34.463388097274475,4.242918777745421
977.1168504869931,64.54557061887105,16.176819940487054,9.124546699841115,22.634882495460424,808.8311543212934,63.05134669441613,14.755739718553711,9.207323148255067,21.163411611930584,14.30661926848981
86.8129534589469,47.739648704070284,623.6314134825526,13.937077282041715,23.285005341553905,83.27767185790876,35.5870403483688,641.7942943114344,15.232489914899588,21.961512042095467,9.645077670032327
110.97869264270777,25.082931151017462,13.477584687545724,16.44831972958236,17.77265198439668,101.68235305245132,32.59459779155773,14.193229946842397,14.515596560830854,19.654545296936405,8.144433311610728
28.05141624799966,122.62218600995934,110.16282598997701,12.139549309943517,11.244723744698332,26.906519334255172,90.43309567549244,99.65421238734557,9.565007050049546,10.930799191797629,3.8690031228719635
193.61716177352864,201.51308770569105,16.071167759016905,8.98335877298502,32.840697287300735,188.06843726862468,205.73776755905234,16.36049203928042,13.80568735984543,25.016879286415048,4.820870805342681
79.66062339694804,14.78368835867421,30.654888888954375,11.87351690125856,12.824671951903895,77.88845847706955,16.412993784445334,30.949683387168733,10.686384666867983,11.097334763161575,4.0768989515143215
17.9018275561325,10.12723835388729,91.78927997167932,15.613396194917467,5.33543667655573,17.15351881919483,16.19502931910328,105.24569675092582,14.861883254800881,7.298149285661233,6.115272663421616
289.9203857325362,179.32154510440873,71.59099223729578,10.696192424438951,26.446415034791453,303.29957942113714,154.32593174551803,75.09124364127072,9.984066614438337,29.48570100749406,4.917686438847488
499.0034219549105,44.12690776053175,29.72796963543576,17.963212205748192,23.741455226070137,449.35963312472836,68.10633887839847,29.13342738824392,17.15781927031069,19.232172023309943,8.32815954138873
12.573777163781608,500.3727074519019,166.17896698339436,5.355470978710821,17.1069573987872,11.99767710178567,442.7005163454153,141.99091421974836,5.14446346822589,26.477254590465193,2.5952183181868698
10.123237572873082,21.796740184287437,283.9772734981489,17.60185280272961,24.14205098830895,9.451771914273996,19.075563471838482,342.0844084307282,18.118927343597466,24.115204645821446,7.499143670567849
58.73946552663319,118.77522187755847,43.66446957835984,10.096941851715272,43.52051140136942,56.672424722784456,112.57611547332384,42.76129369847068,9.219759532201403,47.513186261499676,2.4264850097258863
322.48037503768415,19.4971007720315,12.893772193108926,11.464232726204628,27.97428152670979,308.9964300098166,20.756473926007768,13.503899043566383,10.965040835201632,31.697447540231565,6.0459485976854435
182.62472332972868,266.9405194910951,68.37609020936486,3.322373857195807,20.409639374069858,166.01214156485904,223.48484558766353,72.10250547625303,3.2681610475500724,24.20083262293236,9.614255348992188
46.04924569362536,69.67138004666008,130.37275835079382,8.160631352007927,35.658899305510076,45.54376196164543,63.63825413294263,129.93938089028813,7.397035654331545,35.88642513372528,2.909148965383453
119.02556948863541,914.9698578237734,96.84584171529279,7.159361234994234,6.652843468530966,118.14610868623011,539.0015020867977,110.29265653409956,6.979058828614942,9.420913473733444,5.1820274138045255
74.75338707966726,123.91050906395067,948.4809470009623,11.158300688370947,9.342028448038665,69.00610482743457,215.57013721409854,876.4247419206927,11.587346930924546,10.730802582685236,5.145923402893283
42.5768806608225,41.204057141225746,347.8274766163996,16.22693871870282,19.57226316264824,38.40213061660891,32.77231096282704,318.6783772151281,17.580597528904633,18.879366248009205,12.149894396507317
967.6986533100331,35.67377394023835,75.29487098796345,6.018366196076796,25.81370525641264,1014.6093916426495,37.07168098669215,86.22045512204443,6.596988507193911,31.855077312878933,13.39897078640662
45.64382022924754,179.8158363634797,21.520774827627935,13.031223587475385,43.61909707280976,42.14650399309913,183.026964869646,25.74015204240421,12.385739627064872,38.73678480326329,5.679322291663022
645.323828356869,45.037968334581144,69.39820879007675,19.395562531105714,8.97347338726505,616.6153101253288,99.84477777325542,79.01444252492864,17.008331704092924,8.625655488204293,8.165023171511429
80.08165310809957,32.79269040978342,11.480407046368336,3.005392864310949,42.762566511277235,86.6608601267468,35.81694062777724,12.126548804127015,2.7442249511194348,40.49586076637193,6.085075066924627
46.8250751407592,72.03764304767526,106.55229077632605,18.328365491761875,10.183513787031497,46.798332609774036,60.88878497003474,115.06744229942684,17.727269993524065,11.31377594287651,1.407168320128029
637.7958658949506,569.8652233886552,738.7087029244798,6.118465807910589,16.75490495892053,666.5699827548833,374.6772676787492,650.6386523713822,9.04962519268886,10.292464004338715,9.587302461357238
326.0446203810794,29.409487477901212,106.48682521640912,15.995128895967236,45.73568515946462,326.0525425290567,28.974235687746738,116.91824315774429,15.70597894784081,38.52057237981706,4.937668279209215
232.20561872188324,577.5731791367631,29.250192598308818,9.167132175228929,4.3309756005102304,198.99358652199354,336.92959922266766,32.4495409569806,5.700289472069328,9.880752298349384,10.298037966925328
47.3122245530752,149.9685326611964,155.3843356202161,7.856165453314222,47.237688688206795,44.868251020447865,152.1624300952083,147.10767086975991,7.199865007628454,10.401741938883296,3.2023561068233946
46.405049450475566,12.082936852699582,19.99156926771453,9.716926474987686,9.329642800913108,46.68247690782417,15.727586301679239,22.22503406895129,9.531600265060062,16.14763446096074,5.770521267788711
10.007226200830791,511.8705969211815,913.7405101518344,15.559022547876163,11.4262264495566,9.521360973848418,202.46450924396962,643.4521121116727,13.305632656543304,15.659946683670666,4.370190571910483
11.591460724864415,435.15770958096743,240.632033708775,7.143447993540531,27.054509818535514,11.49824518540542,373.5576764621256,230.73925904778233,6.642099014351602,23.916677073767246,2.726600705135038
62.132787387434895,488.39324328121637,259.19383666261825,4.527934775013806,9.279107127765949,69.5133736650905,490.6084756937616,275.06127366315997,4.2054756729045115,10.397299308992825,12.356769163178352
28.794666971007267,18.350353528904733,226.62997309479923,3.314817587942091,26.30383671779039,26.340000931568014,18.339268429852332,226.86903151033437,3.47723995538282,26.78028627046551,4.907983492566459
49.12942167350958,16.48240327880068,10.843661066762461,12.417844561883037,30.614406568011656,54.21652413656976,19.939962929239847,12.1225326205529,11.089604215277111,32.82321069698478,11.039838138404384
186.66657835211876,211.199544051399,67.46095308874685,9.222907350370965,46.030523619692545,180.57442776204468,180.10269675382602,63.32452858824335,10.553533209637056,43.17131009760501,8.715219734201797
779.3332251939734,857.2219427228813,16.20736329309789,4.436145036623121,5.155762914604097,773.0618977194074,36.00903003422234,15.840247862480371,9.101808873523757,6.65683248598239,7.899025258542017
776.7773890296628,12.640418972929783,315.799546557972,5.894639707458692,43.59722394337627,773.0502162371972,18.03549805413771,529.9849729743418,6.231943677802824,54.13314357855111,19.68873710851128
12.534952319524178,81.04366620365964,178.90253287425043,19.33723751474028,42.11188636910253,12.245581358473736,43.97758851930644,163.80731359631642,19.17651323908795,24.238339718870442,5.781299547807888
91.39321902540154,102.82445199532135,335.0279468646972,15.901980617734152,13.2947251115448,87.13759222233308,85.89740045507301,316.91061074213945,17.258961345314948,10.299511812055837,5.245295037603743
270.1237872141328,92.93233697595018,16.625623004366727,11.58373893402151,45.71243125293499,287.4907080440366,102.71506100651783,18.048014555232946,10.578900224763741,43.174061591321056,4.684405166473214
930.5248973669371,176.93910585162337,265.5299431981405,18.045171816788187,35.600713544146,880.9437850973261,171.69461932828173,256.57765590488884,20.119278928205443,22.45256489723256,5.952171106738448
212.44040966173776,18.54450276338755,366.40225548071476,6.163336426267558,41.28864286412771,214.6557816748782,20.09292410845449,511.8180851137542,6.261269599632809,49.17894103831061,3.7322761576437586
154.78797881334182,26.56243904876487,23.39749653590936,13.149435125739084,12.083319058851416,148.8745499694993,44.61763140501466,22.96751468420237,11.498599902892026,7.618021292867359,4.557505631416643
396.2465336287628,450.9077444176906,12.726736267179833,7.288837603285388,39.554342667018474,389.6983772654228,476.3613632466908,13.599413307382893,9.584332046554998,34.139421493816506,3.356020606791849
11.04258015650209,162.58552881537764,418.38357365238204,19.245164888207025,33.59095715819934,10.626965531381718,68.62890554194114,441.36218743371876,17.505580182840664,20.021785351447615,2.8126914572250366
599.2886312439246,409.164566553681,334.3109770805649,4.155883649862583,14.926047750780773,575.9885568739552,435.841577171326,327.756448589275,4.258522165063309,13.189081957317848,2.570975781549939
103.32626681218294,116.26077778196509,22.158271079374032,17.08402304506178,15.77925872958033,100.48506602199646,127.51691586127181,23.46353259600674,15.964974220993941,15.83721912665609,3.276529845848155
51.78432602583767,257.09358857340817,37.928948006958336,16.87388904030122,48.28985807667322,50.93186352703016,265.6077886494355,49.60878599906044,15.974734929763079,37.44619853377477,2.115382976595577
68.54047850862293,39.00799508319348,20.633744395144106,4.706146729724742,47.355149695011654,65.32954163803663,37.90871388318327,20.567774951898723,4.804987986192734,39.0411519648707,4.98910232392017
195.4361409494068,13.583338936628502,45.25053255261792,2.3344039676851014,3.1073871470031698,170.9881762145047,20.028420153358507,52.22491970382447,2.283211053328567,6.376326533455768,9.343503506158465
234.9320401509638,11.711090488414479,161.59834924206226,16.71385505195155,13.529620077131755,228.1560084309216,15.408823017376339,156.80506986168984,16.44856461852949,19.269387416898386,3.8734710232521805
11.772732925791486,15.381333934313904,32.374240195764045,13.44775255514237,11.641666012278035,11.914442412169425,17.846638562842646,33.62822018810664,17.737174563026386,17.278959359871106,3.619449191871456
79.62543967322543,15.228329781424991,103.69780710074035,15.410646172630962,46.1136580686081,78.12153945858277,13.1505730392789,102.67482032851012,15.527945381792254,45.754204956361974,5.822875634366782
110.98233135665109,350.9410278753836,11.788699699612767,18.72257851787644,41.51119349673138,99.5161748581166,342.9341420928435,16.320002638280968,19.777413806761146,34.55479771330375,11.370617241187823
58.534557018205014,101.67532455137057,407.5230487329308,10.253613344388333,33.610168237873,56.83102769044827,87.57345110760106,415.6311982582008,9.136653740029049,35.28472776898942,5.107700614375362
45.74091201845411,16.40919186613442,31.08424638990962,9.84991177986609,9.131597450772388,45.3563492588127,17.903758377608,34.76176409653296,9.775711107869402,11.443675738968267,4.388940375255792
102.36796098524474,158.33341545696348,30.74892554054613,3.4848139860090197,15.123968082683572,83.25101548752204,147.22264804711014,33.327995241174584,3.3767938278690015,16.362061479440406,13.019824916524495
32.067824627272806,356.10836293780585,349.70245925225464,8.188042270251927,42.086037971875214,31.74504616594643,275.8212409139265,333.2802665548056,7.330638822628423,12.71061699380646,2.3679446115326748
134.9894544854993,10.551881621402767,280.5743328814482,12.420928192022814,35.091630187367876,129.07862173991114,9.598276673470798,457.63362196504903,12.841839647740407,36.03446371408449,4.590904508598656
321.7479212454279,240.84532058274115,488.24616100987754,19.04849171471092,48.31452066781605,290.2059452802413,248.23988511688782,456.1046473570224,16.724719801245328,47.96670420250174,7.9606051725292435
289.4023822370566,17.963134853255518,84.30687286405113,16.501523208281068,24.835637097098225,274.96653508960543,19.028122680551956,93.67897819002759,16.46241732903461,30.22263886475878,4.494724057648624
266.9537414386659,97.7556072069398,22.274954372594614,9.437972105780387,9.504835843065438,262.98380557275215,101.1582978870207,21.94005881519869,8.679635922758138,8.786313573089316,5.542194673727653
368.3225400990217,86.89857244367,189.93869645756757,19.648022044544028,6.56547413611023,354.31652272779445,110.43706277967226,180.58549820863547,19.73857618430856,14.063488841064151,4.682635310645367
11.065049417919004,915.8115917697329,32.983218471216,12.269057869058871,16.412018409817424,11.802028745533397,451.54878673333087,27.10053136634849,11.300754776514648,30.34681362384389,8.65573057736451
468.16773750799206,15.225334011335146,65.00748166043986,7.731156363699669,44.039643083613896,432.8351968171131,15.009003642654967,75.26442866103683,7.984181157329916,47.53021784448165,5.099897266707467
37.176876105230264,80.85869399045181,266.2562181664498,2.676249668472752,26.484523214657663,35.02565922538057,73.3289028896889,278.68993741011457,2.5340607673897133,27.12587124881264,5.813434414362599
26.10182674362387,634.3047372729733,237.65878475106274,7.38728890440269,21.567352578181524,24.401164836693397,633.9934468597619,210.50101164423788,6.786015397874471,26.58473760741889,3.823062082139575
34.11130507368239,210.75606279052676,620.6484357096656,19.62809032806947,18.80424133544697,32.84185650265201,92.37073275554118,635.0268451817846,18.937615429354548,14.04648159684304,6.07238368051028
976.0465737956595,60.207602661332764,12.599952818395776,5.867368188106702,46.60100100820621,1039.247586384142,61.93183744469447,15.28402899496175,4.483785179233002,59.46704585922017,23.436535827659185
116.77987611542163,32.345196418167504,10.360351349479746,15.263759522755482,36.74014314695748,129.14795561307056,39.90897696805174,12.212509787389804,14.657003975742949,34.929580319068016,12.227402235035688
770.8308320228192,91.95976017531072,12.98887148416502,16.026837733741786,4.265988780727618,748.6343648919142,52.578316070584435,11.541677013840212,15.6977152807507,8.037978575779778,6.401655899954281
42.56623971843836,56.29181887638908,63.01342608101957,7.967315401389166,16.99932939079263,41.8251697484299,49.25417477427085,64.28351866759944,7.351607657718076,14.158769818677657,2.8648155250195395
131.38217204446357,103.56524950502019,69.00188812317107,19.58986515305186,13.65485220617756,126.45125323853966,123.0749759840276,68.49008171978761,15.726488063497603,15.484944673576024,2.845674621206095
895.3375987745799,604.1517703613771,405.67024529499184,18.929411504027,15.834518218100419,846.8438873852906,633.4139210646961,362.18263759818234,14.953832429248973,18.592735042245998,7.026625432787277
361.582561858169,14.859286052155166,24.072539329969498,9.655087217608388,46.648732579748994,342.62757775015064,16.88893185928471,27.18281115483599,9.694357256895707,43.54565168440909,8.734934966662971
509.6971364228724,428.1418975325162,68.03109499317107,8.828009762098354,10.073799635967667,513.6199120841169,188.76070195021165,77.34203786623654,12.351761306339375,9.349637186415116,6.837087588276798
39.73060047723118,820.1533242555373,372.1487381795172,18.53191937465206,37.227101732454685,41.53522743655125,468.9654780154547,351.1272470017168,16.870495768804563,28.88998810210431,5.082194143341496
465.7468553381399,112.3652418003826,12.45164621870661,4.666262430190297,4.692006056288832,448.43448723617485,42.97455345969379,13.601283868945906,4.7002690332347115,7.179252503380988,11.48804681718754
515.4222472771969,10.904688638542256,180.2122581251812,19.633138141361304,8.433697371800536,514.64396901942,29.42200801408643,210.54440780667605,19.39381760410275,29.227947203500992,3.0089861996533704
734.572651766898,61.98192478123917,28.342827076233032,17.083331593986575,27.900533769954293,654.5341753155814,76.12030705281799,27.866586145623916,16.13325352275384,24.896288528618822,10.321780333864345
87.32267875536041,76.51944792590695,314.6201555559948,10.436199920138446,22.218599846074444,92.96588821389894,51.492660548148486,297.89208734540273,12.292605717262523,13.18698338289617,4.538701566210183
171.67206549021296,11.602647663687765,16.48053876630668,1.865150060560077,47.53081148410121,204.6278176737349,13.604539516710336,17.772260579091196,1.9228262189668623,38.80328930566484,19.77640525581227
19.226857555571403,966.0498966718621,332.92378839375345,6.89031206798005,9.477021861796393,18.975176669148706,560.1235792605659,311.6999386899495,6.115636864598154,22.81795188346301,4.998733001222646
429.95159842422845,43.65124746815081,81.56703711780173,5.693701032257569,46.35104918342574,448.62321290490274,49.64582687215194,90.25153409766737,5.780988872477503,48.75099226254426,9.279225603026141
70.2217012461875,866.8062742715812,12.98374210601079,7.955558306499626,2.365688766267507,66.81081521709062,336.8990568783562,12.36436386842636,8.230786454746921,5.960355908507261,5.072250464495055
45.22199759958482,18.456617424173697,51.00835817850641,18.041567715290515,35.508393311736214,41.38133143982745,17.66831063861076,56.921944771719154,17.31596744317775,36.57902438271685,7.545721064277711
609.1276418022815,158.67504350407785,833.9118454993021,14.05295756820022,48.03707036091981,610.5106726604049,151.88666698442398,775.027282814346,13.794926684970982,45.30283101870426,1.6161557830365092
136.10547346019845,328.7338865741643,926.4759539522562,8.966175370115298,26.69998649050548,138.13577930222863,300.2523646563537,930.4161860202198,8.292739719445724,28.55155003439542,2.1143655889704225
429.3187250292642,388.70095896601737,216.35015063625193,19.682091494069244,23.195034946231065,380.3115175648467,356.9151268704349,210.8572925874945,13.827518036659717,25.45837576538643,10.872852672241633
60.56154785811927,18.24969208424772,109.86146171596872,13.738099349858894,8.188473955856109,57.0119779774406,21.00611364900089,113.30676916616463,13.416327975397927,8.050868365848354,5.263518856626625
123.39881827492724,48.70115754898438,491.3483058210556,11.558513462301844,19.585675332671943,123.80843216329156,38.70870376048113,482.55978031106144,12.883117991168444,20.09234218962948,8.857214944996846
14.68063669983643,20.167276119658244,62.98980144605054,18.808327779029806,6.2773708136654625,14.31174607833041,19.613705650143764,67.496837268415,17.488032127073286,11.269343950365082,3.1568446587578
16.4624134248771,22.23324712602008,17.250043833848746,3.6088417238483497,14.502622187346676,15.833145212073067,24.24580567643931,19.72359097496973,3.616975349550972,10.039712071108646,7.0701772180053855
419.7526044190867,96.5539446454168,11.135239465807325,2.36738392054073,42.17765122383573,390.89427021324565,95.6491077856222,12.3477016751178,1.9755454557407288,40.98709805384004,9.816070613612911
358.7979091809935,336.1512364531399,210.8103012105021,8.434640222873515,21.170876796176504,328.06544186808645,326.4667949236958,209.9246796629818,11.478990883850425,16.304799327376394,6.611373471728871
262.0123379630925,254.2278991626319,591.4679385350295,15.462129365547923,41.58193942965882,266.8075851284603,236.29517709942726,587.6209378314891,15.728005476035396,35.39306269526122,1.4314278694946252
22.087156053872896,33.05557120363,20.51917394459939,5.868592605336004,39.11188155537555,21.450875597600913,26.58327925674371,20.426442240708447,5.688363698566356,45.69384137592574,9.178835093616756
345.0687681519568,581.3140910074413,28.754854402425156,9.461477636018117,26.5624906602926,317.5206298510606,560.7619326456031,30.381805173362274,10.637746602989129,23.43755746354744,8.80852965955591
57.134180321033924,85.92659104861123,31.8278197622108,2.1669472739194617,4.981863830725892,66.45815967798691,153.92459590587512,40.423919368146635,2.7519007690824253,2.4704873256940534,20.71658920242124
51.017406346897474,18.440177352631054,746.5752058700657,1.3824704699980594,39.90444452336299,49.561534773521736,16.718595907292762,687.0662584664158,1.4909759959254736,41.30167489350573,8.418978947393295
244.68683505142425,407.51008478758735,140.0916896661138,18.9854974536101,38.62119836866028,221.36664405416715,330.3853630067983,132.12394869633258,19.364789251109674,37.461344034415625,11.471321749278527
78.75031526076793,69.11272893414531,61.4809752419829,19.957626164107495,35.269677592915784,70.04864144006116,78.16243026800335,62.16529870410268,14.89211418140868,19.01754202658436,8.43362482791798
377.77950720977367,31.812367681432026,20.04145657827429,17.184694116603197,20.381191828759317,352.585650119224,48.23590634953943,19.997092125940092,16.310362129570038,18.339042487538112,5.900477861782987
146.3913737549312,341.89368344390726,19.476533220285933,1.2915846683329213,37.638553340263684,129.0310924890807,309.183197737119,22.58105062886135,1.2526487372598427,38.37357576348715,9.266148618487772
90.80896570265,346.8846465057473,622.6151554714107,16.64407923604247,10.841970284515135,93.5741174369113,280.5911536402968,644.2729658202076,15.227493042058178,10.96490216875493,4.002430961489536
331.1232894815937,54.26101751673226,26.55607557790843,1.2720079991588888,17.416965161546887,275.76841040791516,73.02564049375296,29.28059408318304,1.1341160173467533,16.931442317230527,20.58994846689722
97.65238895162796,915.1639788362558,196.41732083467363,7.681186366892894,26.885345228745344,94.33151933968311,854.827760291324,184.86720812208642,6.852010072687069,26.16369971738811,3.983445124899957
49.10305783567681,11.890926554047583,688.3708912775112,10.533869605563048,39.27329132797457,45.401189089100995,12.861949604098058,594.8431875386176,10.820498743876842,42.61105459316002,5.34234352022923
61.728554672287274,23.097451097194597,29.948417883857175,4.086260818282243,4.738158828127812,57.463899058050885,27.02193305589819,29.674546116910726,3.143941425213144,9.005532095792109,6.795469279807217
85.71450407862054,16.56891686912179,185.35027999330637,10.115017648004622,20.416438174995964,83.44977282690917,16.4213111141485,200.0266432355866,10.26543098268247,21.886720966546733,2.791683057532925
12.947373542729693,102.80847211585139,139.4765349409538,16.090612719643765,26.211178024401768,12.583322577653293,73.29923743641427,125.93335208735807,14.216801989239976,13.256564696742887,2.3914653069022243
984.2183726968027,660.9551267115258,40.564248773402674,17.076992041119592,6.572341905378551,848.8052105713206,471.53739718415704,48.620293657894486,15.978353013558742,7.17111532004567,15.48616185715731
14.081037256703201,790.6944335841159,699.5746061968262,11.58767044278709,44.56632391522212,14.102037337568829,361.1057948062302,685.7784215207529,10.42871223835571,15.907577525808419,4.289214661397016
738.9995926547015,122.48607621338489,36.51560780826599,4.006218849682913,49.45809261970874,812.1984355421639,139.08540219455725,45.27753510039538,3.359679840627658,48.69677744408089,11.12404986372915
479.0873966091687,24.29307964958116,27.82802192186284,4.7209339678474525,41.19692742356996,444.6221203732368,25.17078147794037,29.136286630286115,5.132738990025936,25.203766040935577,8.77760910837498
94.65017317126032,10.139856775096098,708.4218767772776,6.103898950977675,11.701069192185614,76.65652869883652,11.825832257666628,661.9755630545594,6.67968290677983,13.0253255749616,11.967520136829767
32.83561940664454,25.560602028795962,136.76641662096034,2.345815165806392,37.18353197833367,32.29224014451983,31.18980373567615,126.37893396031532,2.2217127499903406,39.89541538443545,11.768838644521034
143.62121407216293,19.144966021579783,880.4252632493511,18.154961064975385,46.25108031196162,145.48387752605854,16.40601746566267,605.064260144962,18.859770742617236,37.56716971781734,1.9084812848588497
18.695260021920156,33.14040320753063,107.15338481227482,15.461113864242904,43.9116315926229,18.221204406017886,30.584712655134613,112.06793034698285,17.24344261454771,44.59298925418789,5.058576762288746
24.515084363723982,806.1705321416857,98.45418919691315,15.549106645593039,2.518950164419884,23.906677433536924,190.18212646244228,95.49255581858525,13.492633810295192,10.72457517806702,2.3354412889610203
154.37922486929511,26.01802605039182,133.74300816159626,17.75623712563962,34.00799771314159,155.40099189015513,24.264570034104178,136.46836796119035,17.97367698097231,32.03955231266565,0.651988778898349
729.3623529824598,51.51754817180993,491.37157942694483,14.728749519974613,47.2642137247015,746.4438416789609,44.21041112528543,405.6479647686889,14.888927704947378,34.08511722382263,3.9414862614996493
63.50007466311576,18.836007816451453,18.875486163108267,10.694724047776447,20.419493952525524,60.00911139478447,27.50852771477462,19.955442623217756,8.740425142657257,9.20319274411149,6.135331222315772
14.203746406601661,26.798095748456557,10.847694451160592,11.13500418999044,49.436868564149854,13.485822046403486,25.939418148225045,11.916449768327244,11.582205176551756,37.109245960863156,6.001186405325497
79.82423826484646,13.109294594934113,609.1920230486604,16.54484065989137,23.900054946937622,73.30656856285697,11.608793120753841,653.3208504949231,16.200598622944018,25.98477440115902,11.343660444139925
435.0729852676851,15.437525104693103,619.3440171167946,18.88471314457194,34.07532510996974,470.47796211568465,16.325195831016902,567.6538332438214,19.051346168002315,37.6496468329773,7.542131702875589
274.6764344464267,662.9261315967279,531.6639950179433,18.50601353637565,49.040549613860684,273.1400791067431,541.4509473321361,511.3218103949394,18.7755630931008,15.158680090080832,6.4344590965384985
325.16011544352847,147.01551521302997,14.77461903696989,1.3284839165304372,39.54280435145949,316.68452940570944,154.25129063080422,15.457083219473693,1.0989066680219697,37.139986577487775,4.520442969092916
537.5011055204432,440.43977376531734,623.8986953366234,19.4208088841132,36.22535077112467,521.7412646106648,359.58723250088974,536.9584435549043,15.903838699816466,31.438992027851857,8.470027859734055
30.684198202179843,305.3271375194247,72.28860133933816,17.67936960795739,6.301373961676566,30.52486526749927,185.34521517978308,72.98072608816886,16.25149958046831,12.385851965628778,2.2982081503959764
42.275998412058556,159.13874825444105,24.775596337600398,5.445619690063779,33.81494036262621,39.40511736611572,158.30061895059524,28.52294236455448,5.547344093629904,35.095297783851166,7.207868214676686
209.49195565106652,323.6329671703564,11.866463934779393,11.521479791039294,29.642108409722375,203.35510918671363,355.22904564275365,13.831236271409564,12.692033461863602,24.033665457738245,4.371293959787606
30.49126786817872,151.92813383929942,151.81585558975556,17.126326908781973,11.519377873572106,30.344394543169305,108.87002513920538,145.71977605350946,14.846064613934347,11.040951066456962,1.6689705323834507
11.311247895350968,14.193615451812034,886.2371900534488,15.178470607530556,47.51585113290668,11.056008536941047,13.17596060709875,413.0187678588852,17.177428593562997,51.192182104147655,7.780182966094157
370.1566858677045,582.6819345150542,14.280624414626734,19.84548094885857,39.11913264265948,339.19427690846413,548.7387504810433,21.453317819425617,18.674132156774004,37.24809084091596,8.086025733535754
89.98066840477404,110.37080939407434,14.982711968087244,15.883271066701752,5.425570378288916,81.61267946316524,66.8331804530967,14.985147165885481,16.925644646747227,6.313618522672872,8.659456661008335
141.98611056405866,468.97246588620874,27.439379571912344,2.470797788522229,7.593935177368284,116.14893225086126,488.6607309759734,36.534923743978496,2.424338649261863,6.686443645946516,19.1307110699447
18.172449138624103,57.70668187094432,67.38134457853626,3.4979751573543854,23.507053147646374,17.892436844413123,46.16543799826453,69.83361627523269,3.564836910178799,17.093798370763597,6.859747337048266
233.61782818274992,974.0588308303181,20.652665894477796,3.9323821113863606,39.94078115702807,193.29402660496558,839.0847801807126,25.790485247627362,3.624013186785628,43.72928147800201,12.882851702031473
804.8301112399768,37.40651207716333,450.1373041113377,11.525896856223774,21.520184505464865,787.0457932514558,32.999727114523786,472.72153074665704,12.544125151585218,17.456527247331074,7.724137406334901
24.455927765155717,39.19508551403193,12.910560014339607,7.951724835954969,38.81700350487355,25.05278914140194,39.47820594220195,12.530525360694138,7.702734512609787,45.523907583985945,4.114531569651142
555.8123769069765,745.5199963362297,22.336737115543414,18.130584218311494,44.86964707485537,516.2063885333857,710.7132598864093,33.44218040810156,17.805425670458273,38.75545149760445,9.433297053984996
255.17848011824333,10.758147014170499,64.31072503754278,4.340287616752708,47.890745039768085,249.29393793522496,13.845368386606733,67.9520247523978,4.442942887145938,59.742875231440976,12.7782025892018
11.32947568913631,40.409776069862424,231.36618705242142,2.634179133631749,20.046310817083924,8.980790869210757,33.25646912780358,220.7773306589661,2.4276408461447514,16.043404202634626,13.77995470665152
748.6901627304231,121.08281015173758,94.26412710445703,10.529399321353612,39.40951859604982,730.1590888362113,126.71612119045514,110.68384417296637,10.36430209949686,32.5019978470315,5.507313983288027
90.34926907434283,37.683027955997936,67.80652831018759,9.415603921585909,12.671028074553144,84.94371021729147,31.043915121363845,74.5008999775501,10.172857422644318,10.819250304832915,5.153580401250742
13.229238753943697,293.6683377042756,159.5565536212851,3.592820517593475,22.6875604371157,11.351426282042702,333.0043222520833,172.14707316243414,3.6668606072720626,23.644173438876017,11.423405574535675
133.1849368870899,720.1337907978655,21.165186630593233,11.459226462288425,7.072300177367823,125.83388197589686,566.4945172400359,24.425832021344455,10.917364255883951,9.54697674800862,7.816988018022811
316.0615639324765,26.857822465377108,12.154279550427816,7.381716085620436,26.27566883080747,326.36787742285674,27.85264383074464,15.640657452602317,6.429801100598652,29.117379509545923,14.566232237607988
248.6144327219072,794.8348767438357,39.8029403374508,9.725571160917816,36.25648980100145,215.6351750747662,716.7793178765479,40.39944150829968,9.929622420059953,30.5707488277905,16.08283089994658
105.68588630985448,171.98065848487744,36.90768457497739,3.2572820843056807,46.59604896111643,99.58289394617621,161.16953782338007,37.479345964351964,3.0073745529678675,48.803633945146764,4.51632687308003
296.61901999652014,26.532581888478,558.1543765868047,4.710908851987722,45.59814131654228,270.0254278713979,27.14867150606446,667.828895494933,4.662807434794582,52.74708295321059,7.49042932116495
122.83491387945432,235.10123777437127,158.93211380718984,3.822842304944808,49.97869930541466,116.70684508221917,194.80155201553706,176.37780261565936,3.2325081827746387,56.993723159436634,8.333829753669988
381.2226257854329,24.670344400982646,25.649492005756294,5.511095627697876,39.898504992844614,356.74844167537793,32.703020467114534,26.793887038089395,5.464677835624428,10.468942534681439,8.720000223586826
19.772721084177174,10.901874380898672,100.56952040008974,17.39180945199576,17.647570179949987,19.139847466939532,12.382708816243111,100.23416713386794,13.904698568074089,26.498483909377036,6.232909858183621
10.743577336303423,44.10423398408502,10.17288955975678,14.586548656663863,42.496228229149324,10.605936974901592,70.82986579128726,12.777958868588048,15.145889380716588,21.623334820734996,2.006330327176244
61.512765891138415,130.1978759934563,173.78913992225446,14.569390905912185,15.274963771794706,59.19779298053499,122.31222089412972,174.80907637532104,13.890160890959534,16.536529798494605,3.0109285268170867
189.5031683841775,209.7649288341168,600.571682715541,6.398647454624417,5.23061264037046,182.96513765038515,381.6203363282559,571.5406709744685,8.140747307564766,10.055956235864345,3.3199183715769602
22.79542987667548,10.547890518502866,55.31735909467718,11.559551687574746,7.9496746056260195,23.642476996575077,11.776794227040163,62.79699514671904,8.493316780182896,7.486017975185386,10.852906689251727
442.00901692482756,961.4149959447429,40.22388816081443,12.933084441548647,14.309729613776955,382.2164540621916,1029.1039368456884,45.80472934393004,12.316578352011081,13.828422232569535,11.439913765392548
25.64803766505588,48.77125271160239,26.70042562894282,7.0849846101678615,28.519782463898995,24.394835810897064,52.39601899908581,27.58211040138083,7.6108504912230766,30.731467281013394,4.968515590193493
80.97185595219165,33.71484884655996,34.72832497195585,16.430770942763928,29.506075532650254,80.53445496294631,37.199398144267434,35.21800769513252,14.487855167968625,10.13054188040823,1.7729438449097845
114.57712491307119,350.2222891844981,702.5990245697603,13.819273062323374,47.12624054776802,112.49160227166225,270.749211340845,639.2379298514353,12.770904017964845,37.664181077061365,4.547728402171772
58.00817803912663,617.871707426503,545.0634849987405,10.037578079212404,36.47763042596517,63.478788571150986,493.11253360807564,543.3749139125373,9.162545921491938,18.38366019971165,9.224731723836173
168.67186547801833,62.55503230830975,112.87885618577651,8.641078728971998,21.14154138015494,160.18834988281031,52.73544013380281,116.05758866977132,9.94625463267436,22.985343077186464,5.388349669936043
482.6919652110339,307.14008760687244,98.50177302581972,5.90898544064291,41.887033553256245,462.089747427737,249.24066886955268,97.49278049179316,5.398469907312456,39.76773583984734,12.43873522113213
20.408849197113202,26.992075386108127,29.78834204976769,8.913881875240694,38.45889626313353,20.347232919593633,21.96964744959674,30.481148500489308,9.464793086254362,23.346040579810815,5.31876331202232
14.816366119151732,16.724136885095405,73.23121457418893,3.3888185721039648,9.148042079727595,15.249555221355436,47.22029616490054,70.74109727305549,7.836104278579193,12.903421104081168,6.668322969538779
274.7497739952665,140.72259750140788,10.101221086347115,18.704680982377642,2.5949583781139847,262.4006030747453,67.75277916565437,10.777960476335348,15.99624941669371,7.245776814705172,11.543952843524156
356.15911538363787,135.2003786844505,32.3662807836395,10.913095996009648,2.7179626848288425,329.0529250496935,61.49608224129174,31.993711616747138,10.345093957187553,7.34491611195423,8.404943021870922
155.66163201002254,23.545396530977555,19.79790200216051,12.972795195957959,4.992724181893094,150.68762422813867,38.35270104634647,19.35584229683194,11.893908345137127,7.630204260962358,2.9614705334613722
138.949280465965,586.4617393401946,81.95364527828178,16.695845077272683,33.42871720886952,124.59062791167572,571.3525777980633,73.6032810759967,17.53665052659127,27.6908830472113,12.045614888789197
10.396729938055989,60.61193931450949,61.40959257343032,3.272877850712512,22.980318164611816,9.59495728334377,51.41233570982921,64.29108690277918,3.3131384148732774,12.582888193840612,7.7410059762617776
47.31584478307532,195.5116856200976,811.7781106155727,8.866285593195197,12.252039894107728,47.08232809149407,181.1501654977952,784.0109562489935,7.933504868961401,10.48222860070715,4.634112392044174
62.58828459422081,11.265418146172163,19.357782310729796,5.258162912333873,42.28255723704291,60.12129998534737,11.860661224560411,19.458269519577172,5.031931511837293,40.84473995796522,4.246334532035716
182.11735282367715,41.02491922639349,15.533555071429948,3.7574359184237123,23.004070771873074,166.8669211820376,47.964299299362025,14.981747059604293,3.161440867844075,24.041171621631232,9.731951779411341
279.948858111496,60.28047665172808,54.29348465895268,1.120268189664959,19.849498454538086,235.2414236717512,73.11260137575249,55.4922232623967,0.9849271056653901,18.057377972466742,13.56908831704863
21.628491893232624,530.6652750126373,226.76448572931295,15.0040649619255,29.43350810056726,20.46817919520792,436.48068383945304,214.9647787469944,13.7641919798392,28.747141215682372,3.677470373414176
124.96051146054856,101.69123585146751,20.91622992681393,9.472443444562261,41.50445479324837,137.6815015045825,104.08194227728255,22.020350556551044,9.172850898675183,41.4453361567941,7.564032241091861
64.58810720609493,716.140204110564,376.49996106001873,5.424001712427927,14.049433570026352,65.29136352120055,718.7589471772803,378.16783125701045,5.27281173347753,18.193910367189957,3.539720634679502
112.8955417695625,50.62182144352527,654.3407371473292,9.765086950855157,17.923353552628885,115.42932012752054,37.10589859510049,593.8348725129348,11.087270223572713,13.580742426758592,3.8982893726132146
155.70248329604354,93.66616807171984,308.9841976483326,7.511083707241283,48.2184213883691,152.8994915820623,102.8056258800159,323.60790000442125,7.059349257268508,53.21222460721923,3.3487638083711966
25.509048646696325,17.235178489594862,97.39891902680623,9.917250286218847,10.838737486279616,24.473355216817055,13.604198205303843,106.060438743324,7.460696028293654,7.242282483354556,9.06546134632336
413.9149708099487,21.330940373179182,15.951480534715948,12.982365193831917,36.88571974106685,384.8423895430896,30.74617960534723,15.623391116574004,11.90208401922233,30.6602723417779,8.596665316126156
301.7594760634108,23.284728654074854,193.40656329589223,8.652583266922672,45.36934634498411,279.86395083519903,24.350656938182166,217.25888424400412,9.444641321917457,49.340272514109515,6.995377844959435
599.3280251840259,13.069967336301973,252.49139593128484,10.55072868220062,13.260218852011075,538.4473501886254,15.181186156257239,262.33353653124743,11.089369897124776,15.350372860925905,7.272628627939673
262.67893497189317,30.489687583198556,34.777657516716644,19.26618001162542,35.60396032967994,236.37406863815562,42.747215704667084,33.094160967448744,17.32546442880402,10.691846241543718,9.98944908212752
22.438276084802517,25.59592604109504,61.380498190357855,15.357182621722936,13.123206211402076,21.43885460391456,23.67006589772136,64.06792378445378,17.538042664759768,13.123900602564742,4.95564462017416
887.7142519779518,12.73842567203245,19.872565911066324,2.502611243742573,26.942574048689035,799.0672633802071,16.909184344527173,24.375194988163805,2.5551402638501837,23.39455835826352,22.80287969702947
329.24141383768784,363.5353240268389,180.3116675266868,17.853998406616522,18.359228559434488,303.06861523955195,348.82140014828167,175.64322246201633,14.145130666779927,17.719598988845856,7.416866978818058
24.428586181258293,983.2072265143775,43.66748060821485,11.271862587049768,46.60594654706295,23.691482678639765,855.4093429150432,47.41696008984081,10.028782394721318,43.03083956527087,4.068266179079006
227.7774783218077,527.7229688194266,22.148002597370212,3.381660323940247,37.31466224568196,204.03046118725095,488.42294418874667,24.465896112852867,3.509046257056641,36.25469977989774,9.388565305056987
354.06062841768255,11.516437262871642,14.476526376438596,14.540510189959793,46.069728584390724,313.4707907816011,16.867479944379603,14.364863018216218,14.933005028816956,26.919397137160786,12.8406747607157
12.645090919383273,275.37077031551075,401.19630251184986,16.93710039833909,34.32262912757818,11.367230140694378,154.57855282195644,394.0273358490868,15.14619551668507,14.696415323497726,7.19277113603012
584.2813652853771,52.03764991464806,199.59724341043642,11.79625565507353,39.57386007624629,572.4796306729698,51.19318904677412,228.09489614607693,12.206818026398663,36.49151628166198,4.594815476363124
712.4672421809902,33.14670075544281,302.727690103898,10.093273609912448,27.783679962562164,634.1223301976297,26.323657942253394,316.9434855825846,10.978866223841024,22.519293187832503,7.602024034580887
22.845424548517983,64.06771795258722,566.6751473959554,8.19254293524549,21.131084309164315,21.167793336556244,62.313383702768334,538.2067291503895,7.5111622684231785,21.96533904521908,4.951314489084887
57.17228831039696,15.462493728818655,21.48450068509091,14.73916224076234,20.67664215305984,57.63820277114717,15.350725876025027,21.892856014143486,14.207989121248431,26.23158167234912,1.9985026000313058
30.04623704518415,109.02750730717968,106.95118214294276,16.6488348764341,22.807473088195323,30.405292647101138,91.72846251877358,101.95508531237954,14.663911667982136,11.08544428739843,2.3079322053384415
949.2863084701485,18.861195831134808,31.87649608235279,15.535940838296343,24.38704355246432,797.1196946406933,20.163893953727484,28.080248749295286,17.12544931170246,26.108934922440405,13.323007051909503
246.65526718528974,13.089811908505977,35.956417063087436,18.973884590664102,23.05140335516668,229.04046017563707,15.509849156629784,37.610881706878956,19.976697466470757,34.61471259926465,5.663426465722885
273.40562719272924,11.375137994533363,11.532032499690493,16.326928701214953,37.900721084017974,261.8672275659177,37.58920992773045,10.718323531545309,14.065533385597039,7.198060158419329,10.471554314108742
348.99810025102767,38.8396255263071,16.454136923652708,5.36864806762371,29.818980348686935,327.35792109566336,40.49942126577664,16.814406015546375,4.625028358151374,32.71907423017484,11.04437909692969
543.7753132154413,15.560096878905712,183.88581587064127,10.169341625234845,34.58242290776837,523.6465986897896,14.021395874539364,240.70295592425194,11.058171846389325,33.27613845505802,7.1877337329497495
564.9359280778874,259.3773140229943,15.987859321525635,4.849211988353968,4.472506134823993,559.7600649193397,67.47070212962535,17.75082634488,5.749924103540358,7.293374180948144,9.095325141681156
138.7672739980394,75.64335745099139,22.952136040423547,17.275787989197966,31.0555740932676,137.0602623724229,74.35130742139148,23.34063173881436,15.948491974742725,31.391503241000276,2.5783880645241797
649.5604171359171,485.4863957356832,17.83456689296436,17.141242268219433,45.89536226779739,614.7132554995666,480.2968261942844,25.875671997035266,15.836378497675158,45.5223452555218,4.978755407707638
773.519701983447,10.098859720898794,107.47938377954907,15.612491232059835,3.8292428360172224,749.19686292618,40.15470904344716,106.7645463960007,15.545244568276905,20.27822805774171,3.305910115337981
66.60272359895258,924.9679474480993,257.2521741746251,15.564286580791329,34.15591789523345,70.9724767586744,796.8057426464841,236.14412310534178,14.872254054209025,39.722673450936135,6.487462463789108
898.1361126405992,45.42837734145202,40.386613110106886,9.823150883872128,34.69581500322587,863.2640277986227,73.40771206530484,42.07275485072065,9.314470316213399,15.334264998972605,5.6434022931377665
10.55538940298125,16.493926908011527,17.313028476138815,15.465712467147481,33.294557150649034,9.888471316196533,13.368820518765768,19.161753856759383,16.522244718965013,12.151025925678107,6.27808619195598
127.23050304712902,34.470219406196655,137.56999962023136,10.428772386049385,27.964007040582455,120.75887538219594,33.172050033943336,132.32392862128034,10.962083452188516,29.91422981804778,4.948945548936661
78.2815090371792,133.37276117423605,318.12251648260906,10.718856223751542,33.29117363821059,79.8765922495313,125.59880558485635,310.07149770618355,9.88832377808333,36.7179477132631,2.7696729623335683
153.24199997987975,600.6048410810414,825.9097768416168,7.347220632384236,4.372728330693697,149.25489546093596,492.1705793027532,773.270283772553,6.229845168093663,10.208841177166939,3.740114126998044
43.28082305075576,20.719572068437014,153.64762076672278,12.760328474913457,6.043221833694636,40.87936624925539,20.108631175745032,176.21745432780045,9.60877296001632,5.261346893079435,9.786509732977004
12.515410903995093,153.47774836438174,54.69470291956493,9.319834598684892,30.763186177213225,12.184133174449174,200.60447388981967,59.69530137040853,9.295937167914296,22.9917888924408,2.631180093497819
466.9482049584134,38.912480522111885,146.7070030763357,2.931080911614446,9.029946263179209,446.7233575902891,34.83975646066648,151.7259323148085,3.1065190450169733,6.678854980504296,6.8015842311828845
95.73756044172593,573.323021083115,58.107070386939085,8.508111205475812,34.92517768423987,92.3341027005264,620.5036900823274,63.370587812720906,8.339211229533712,31.04365128368251,2.2419285080618296
35.77300723690823,79.26596151991389,44.21405681602903,1.4049642032638736,33.50028838962247,31.831426308944344,63.403420158104474,47.7319270111201,1.337118160722434,53.15163002420252,13.332281973108753
203.58824915429227,190.50518416154537,28.665218081914585,4.894423182651021,41.68464668256125,214.0061787747825,194.47953278835993,29.919845359960057,7.547377495590538,36.216400532067105,4.747801747589097
295.4065183098044,304.9193982398907,870.1909877347923,17.60724159615906,25.561816613871606,310.96779055669526,235.21847048173285,847.0856395439365,15.45374112902826,25.04313592563835,5.81212966383491
53.00636788945928,35.19681572972992,876.3151508539455,12.955012655408348,34.57995311054804,53.690460569473046,31.62697034604874,896.315296347365,14.759682089969017,33.103615496834735,3.422180210341492
11.88945303005253,352.9564612434455,71.86717682081779,2.507811224786608,46.95882310673165,9.524908113829156,376.99071010267704,81.74117971771155,2.555178503018137,37.76212621676446,16.98152365305751
163.31915803955553,113.24539544222375,852.0992457598359,2.955639568186098,12.334834327857742,169.62688424247017,68.84807910815813,772.5052557952037,3.858039384360579,6.90991762498486,5.04844151801782
640.6282475783379,103.66866654373827,306.67051721392954,19.72741788030122,28.542994626048102,634.4535152647695,111.32996919880077,328.92285745763536,21.421214109237848,32.49261027059857,4.249073969166398
130.14902495939285,485.7600864353113,356.2888174405484,6.398581753929321,9.173850605558611,119.46218539769373,421.2034672201549,313.62986320242425,6.082520711083158,9.434214717224217,8.979326155285445
15.952241884911427,378.11240250862016,25.189448282261786,9.66436782120957,41.06339748430175,15.560815716127916,506.57286723867344,22.012813412224883,9.479685699939772,29.713385571781426,1.7250873197833334
27.978096904756285,14.933284572638328,599.8848157216321,7.894126490841279,13.048471383529469,23.917767606382696,11.86879535062264,671.1584908367073,6.153415219391281,12.61077131482022,15.375462221735706
242.58736021680863,92.88776690623776,135.96856547491387,13.073503749178672,13.343899716635862,241.3391889950294,66.12780918520829,136.6441372473396,14.434232915828197,10.940878276044238,2.6120054791296683
586.3833313054718,130.74052842411413,63.49006688998338,19.839656454305036,9.770115150889913,557.5365874746583,271.5427413485716,72.89941150665892,16.76806456083731,9.231204318905206,6.960200442829276
73.13165314060976,335.96170089548406,64.39885152617677,8.058095543859757,29.741629084115104,67.69351088551196,369.2772460484648,75.4737468606141,7.999258231191742,25.87873172765229,5.826313338046431
83.2561391109246,553.5939718476553,10.61302633254713,5.017983764514733,48.46631777489372,84.44221700422902,576.097872430515,23.051319393775618,4.905534049472593,46.02153793064234,3.0940377026721535
352.1808272197116,11.234076838213447,27.25701496240992,13.466700212007213,13.52552294588036,332.8841663467516,14.00500115264811,26.296885324206027,14.730387338920394,23.475955002268936,7.749777547225175
55.44254841761657,74.70034456202029,108.0405922180875,16.7046459083504,4.107460134236879,54.645700216760794,70.8999138257606,113.44796411930048,17.002990770108752,9.59701618413374,2.546192197201579
10.201151461013787,39.773343246548315,289.66620527860607,19.0792627950464,17.14121375540946,9.788558734393325,27.538753345420076,348.60037945179,18.632174567167684,17.845075931045553,5.580454191174203
660.9845349752786,46.558608584314946,223.50043269754195,10.101129232443261,34.43068403808385,618.2574482903356,44.719580266128304,240.21303432154858,11.140129004641782,31.491672987908,7.320766141320291
162.90682036522148,162.77860743469762,29.47146416507537,7.746678225502962,34.88868121996156,163.9280083347597,153.1701008588496,30.278747288438442,14.319721054280468,26.77031636452956,3.2230360952570454
15.080663026736504,504.2569504497956,268.9589251041755,12.867139392758983,36.918438186121975,14.601559565526598,398.3097184327169,262.9905846838634,11.77352711679759,24.19560379743791,2.4728566839550354
350.87999249249964,390.4594284463566,33.22607046836671,3.7150496179468133,20.044378262946132,321.2584915167062,388.2315257770477,33.25253028154413,6.772354290133535,15.395039921407962,8.367970237191388
24.96379174002954,12.471175544101532,29.361951098370657,13.813123369401511,43.465695987087635,24.945620489136246,13.065019480224057,33.40245787376891,13.749810539693046,42.2647504119129,4.267002693580251
21.06536505924419,15.15061619247984,935.5605720495186,3.3943004149816365,8.506794932841686,24.428182600856154,50.7464802371306,669.7141807298563,3.291184472850103,8.62756665911886,83.46648245750495
164.03390376423,45.48047788235431,334.7774953756198,1.431504226557497,8.1159692072351,171.15421697728425,32.76399071123811,280.7883817186857,1.4496226635047254,5.101186984295068,6.926894530600311
546.8060784704081,407.8040354183554,15.970123234950458,2.6683617333268552,25.66165898331412,621.8001234591175,413.2559624066417,16.680007577824394,2.036188766574629,28.045734901017973,9.87597569358857
812.7143184681439,26.056366842125357,286.361680423293,5.487645427909661,49.240015018113006,816.1989927221105,31.81006407767212,448.3595044175523,5.488046406889401,62.607848093851125,7.330060297240876
13.974168388576736,52.85676192253349,524.1538211100434,15.040993754321338,35.78574200040082,13.981152919370537,51.341502932461914,525.758656431956,14.48219230438866,35.7207368413086,0.9179514906926561
22.819403142555213,13.953137111673739,256.05599287679945,6.584807510518038,31.195194748642532,23.829403816465536,15.867122505288856,315.6576482123544,6.448527308256185,31.432706969299254,9.420371580972265
30.537728805012357,27.86046358012543,101.98564374731328,19.766409593975677,13.247394666923256,29.09272299874053,25.689465902701187,94.54636142454831,16.02065748925285,16.967542981757756,5.943016070568126
61.960924565155835,12.02437537703114,685.3067401828984,8.73083323838222,17.750888769670123,60.733626820676406,15.976258761745004,647.3663850203707,8.614752055497426,24.160123071848687,2.9029876967095034
720.7482213295646,674.2927233197039,10.063882857748803,5.367211743723656,9.440879681737703,697.3119565230827,81.88854356045152,10.10441599798832,12.025894318229522,7.359950857813685,12.914477974299027
105.17097615945575,571.2313421157841,31.052783210406115,16.151866621679453,35.096370702670065,96.24197889938505,551.6044436243697,26.452114028031104,15.857536450658593,30.27692698508512,10.072249852574494
27.756483223410648,37.61221889518407,253.64878888477543,14.512923550166976,25.303933567481277,25.293074123654026,33.494455388333755,242.05671894228638,15.756388964009728,24.56536916782247,9.701830019807266
179.30123205273946,634.9273224610774,12.002809973720474,15.390179385828956,33.424523356126414,174.63019408567467,678.7629053848168,12.3502040514604,15.101602534234859,24.690998571598797,11.274050441410646
454.9651338559167,16.15919533683318,30.414032158767704,12.48422126244802,24.575099202940677,420.04837225145627,15.74131495140107,29.609429771450724,13.0968335588082,30.608255192288468,6.286275893707319
39.5965084090996,98.50275222874596,82.63179447107564,16.93072518770636,25.270648138113096,41.428888031720916,113.04290607445971,78.89282381573273,16.518098615736502,11.733655269720478,4.288034814386041
58.80074502899956,34.64387380986707,249.4561292696494,13.66281457810722,2.2101438512332248,58.955196054074655,190.9532922127938,259.24245894704325,16.63792827078484,10.286229580126506,0.7770777214535759
233.23791698083704,164.99403043749695,879.2403233206991,3.6391742453354015,29.5289270351704,243.26484657028738,169.20973310867092,813.8843182432388,4.1790500749020785,33.401114490631564,5.572172767166547
407.92027366731327,76.47811084376804,521.6218891377819,7.677827798890313,48.825091388961205,417.09451705566335,86.23654086588687,511.6494599087801,8.007899079471372,53.30646344887152,6.809470603240729
191.20859649061796,292.9462201982806,68.34990039956143,14.7272628474659,14.51244262760307,190.83928955154687,347.04450822409467,72.8423573796405,15.686755760239064,10.013038996534684,1.6484521727071382
75.36729508710478,73.0667760033009,126.05302432949148,3.235454441989067,4.3724148882468725,78.43657909253616,136.34257360255168,125.07004193339249,7.760045796655358,9.315119189857294,4.060651269658206
32.618205489464465,378.38307884250514,156.52886074713493,4.694783002559971,20.85641992345873,32.625818576216986,413.8454451008151,162.3879317459391,4.562863294663555,16.538223995386097,1.8288668735247255
327.72288423893445,170.40003878492513,69.722082539624,6.894446321649298,41.71817479275259,324.43397039034744,143.62566217293923,69.38913694759918,6.975891181763441,43.31009824047549,7.266100843926903
63.37771898257218,452.2213047475912,361.81214958510924,13.880459415021955,15.559896542593576,67.543636691073,263.1861783041681,367.6613443279836,11.75115414591221,12.710100639273525,6.512509867796042
140.56933707660716,119.24615360646565,49.253401224946074,1.5465737037930345,42.660275868008725,165.98175175797266,111.40065005447893,54.027150418017925,2.158970147271176,38.43746144387572,10.198191721605678
124.10272657846266,27.350150598672666,17.442623690218863,10.744092334519403,47.946695434254075,119.48581696287522,27.310280859118485,19.005684555642528,9.93276265524456,42.93001204776048,5.32193262043842
517.913249041152,113.62738207241824,21.710158801413584,6.6671810389318695,30.674868722107746,504.8989563630552,103.67932648690433,23.690086908210326,6.763238662515085,27.861757909135708,5.839462196008421
29.59177803476402,353.59127101932984,44.41952067540472,11.061940811296115,12.248621361452592,27.902298275165453,307.1114260413375,47.15695722197102,10.616176003812278,12.929431016327813,4.324491717209234
276.3008886943894,10.172876349879889,262.11681151188697,10.666985272854049,42.29460105358311,248.37438474966513,10.242636192004056,371.47658633028794,11.573529458653331,44.482925107322096,8.190706523203591
229.13841925906297,281.4228360441196,94.67532516276886,6.982568342590836,37.78872097789404,227.94194119399123,224.70231537539297,101.66728328202099,6.639858209727092,39.52585128341887,8.41484165204495
25.421415170531738,105.33472682806914,678.3757614930423,2.2653211706911858,12.959813678900401,21.936947854727613,138.47186896703985,648.4830135096029,2.139787396609563,9.141505905445491,13.264603133118372
426.01140689984845,44.99410192738546,281.2834208076946,17.83141899258171,41.52289132197488,429.1002767808012,37.47909930284031,284.48192122940037,17.978506730433953,33.80438772335668,1.093476744435491
409.05480413139134,31.937833506096734,466.11272570032645,11.00842300585745,33.3588615670917,376.3701096727736,28.415166311642007,541.4316084112018,11.935885180124128,30.348244224026914,5.68629021315423
225.6701591413797,77.94264041326286,164.2893207533689,16.75129208329309,26.674817002601877,224.9858914458645,63.33863528330608,163.3318221438357,17.653546328300646,20.301399287249843,1.0001075181616048
20.365240863578546,236.6622414574884,31.707162649713833,4.401003345006508,30.264803125239084,18.5273344766427,277.81678052080514,36.05212697460517,4.439827018497722,25.490511928052694,6.741388739045151
23.629485395106506,466.73143254949997,13.989512315148154,1.4577701511069825,8.332480105027434,19.171727638168864,552.2833527319781,18.499834523943385,1.2921405252893345,7.982637741451607,20.241512144942842
20.239545307193875,45.97837169424074,218.8700556282634,9.341667132333841,37.241363274475766,18.671379796234636,40.462859386009995,231.93584515162408,8.692275906453968,40.19149506278237,7.858021898142425
30.55755843504105,211.13579420120993,372.23686529109875,14.211967839249517,31.06312438500509,29.76716809572812,124.83846772482194,340.080984383722,11.733844882242652,18.85710163089854,2.121286624984446
33.550239813574294,465.8067837351643,22.31700184075961,16.77608403339532,33.595590922505785,32.44602615309538,522.8670243437,23.23287713704109,15.818636651319085,24.000669668461462,4.611997491036768
10.59106798649813,390.8922973565358,109.76405281258971,8.751267176850737,6.515454228290999,11.135983235962543,217.76898758154817,113.9347858433088,7.979544184453082,15.297260248674375,8.734175307511082
74.6302566606718,16.303582648454377,211.32221220254314,19.21897380551083,29.843940059361504,70.25226917531963,15.278373764328926,251.8805658230127,20.416557202610996,31.767879510760807,5.358915037492307
66.85913320617523,33.25865313307243,18.22618714633288,14.606490003989553,44.196174309420336,70.00478931593887,38.67918502715281,19.051089192815144,13.541717626771486,40.00837367557392,5.587593954550112
28.26992590706444,978.3482315812802,95.79620199020526,1.0671462883174558,12.035112227541886,27.404557773334744,905.3562983009535,125.71241501355368,0.9943492988688226,12.169390370486337,9.248359787964715
238.50880997134104,116.27352921553012,59.666154749699594,16.433641982935438,36.05880338951461,244.46773727017768,122.63058546029457,59.79866782018932,15.823705232851882,36.52466605962962,2.3180370503005463
981.4394883754023,168.16697467697816,133.4799345766956,11.849547588033564,35.393305868584164,930.7352021020615,171.90819192812538,148.84840315356598,11.888548944970585,27.370699148425302,4.9445230206025945
256.1815547361575,31.87126843955358,38.0270595122383,17.164619111149307,21.1157073753123,242.49645656414492,34.9205828507783,37.59195731718579,17.081814918153345,14.336599398207508,4.329987915857917
21.867058059996243,37.110819918808765,42.03819513321762,19.932264820720253,12.299470170461952,20.760502910624947,23.685161091388373,43.44260620917738,16.990352592209444,12.606798022600618,5.826250885043965
10.06555427205825,10.339597122783168,47.19938120980052,14.375428782180903,48.677917157088466,10.430834724352723,9.55853294696661,53.42372537724159,18.187151558196053,54.29481346782304,5.222781587084896
27.057251687375356,20.359322643220054,21.651423313257688,4.0088927714623015,18.17351025425855,28.92869473359345,23.36924450365684,23.928979848574922,3.166092432421464,12.474158612800862,9.763643278790454
20.088755012003773,86.58396989864892,79.64567794136019,18.426670233203307,24.19310879017732,19.950197063457477,72.5143047730549,76.54893682849774,17.406355803316156,12.890866764711715,1.5979696336372005
14.811964863355485,862.9374670478903,86.25319880220324,17.271754794297692,4.856640329337239,14.19885352187396,236.3932667052139,88.31888856209008,16.001784230276698,19.902650715839844,2.880581760873929
95.97535058646926,46.579887997291294,94.49378788893374,15.943070946508978,34.90787967497996,93.3895036195402,44.74205781512013,95.71465448970834,16.949151848742392,28.170310531380903,2.6786920661833618
22.031138667291316,17.52428024837549,13.765856107855125,10.339488343666957,47.9433562228089,21.691545911857055,21.096221524290925,14.073754947272098,10.176234766327356,36.11325620656569,6.17262647474746
35.66715145905654,63.36803139551316,260.0411348682477,16.713378788069637,18.757777656593795,31.707869834039347,53.36948866638098,241.60738900701114,16.612892418947542,18.59211627254798,11.217124777356046
22.940921674398965,203.49063353383707,946.8118401837833,15.860678818069882,14.81446117800777,22.86211966302971,181.16167716860133,924.9942200760664,13.803327239486219,14.929016009623489,6.585617983344881
27.99295983993988,14.722970049141962,12.094953708280705,14.570652451268847,18.735065686155114,27.255224514405924,20.99630949686956,12.999973051347173,11.240956378295706,16.704259396442346,6.1823305893760025
386.520941443325,499.6768047269862,55.342022097059406,13.178849058595642,10.673303912188356,367.83532574680635,584.9828420567305,60.596775717016904,15.692067855731311,5.715158366082751,6.5210277966696095
35.321728587338924,118.83638969952223,46.80826013220919,15.914256418292567,32.69775835556941,33.73055074566169,147.7688145414098,47.399552093405084,15.430336258150671,23.59889958128281,3.1976505104381645
183.48897693370873,25.171033861907947,10.711597127190135,10.31878655621669,11.051074732907157,162.02414236819652,43.0365270979543,11.36928462649897,9.200791750065438,9.09005118105043,9.902727493752083
30.21471544373926,35.2831197781666,19.524206463493798,3.379483676930398,34.19765308395963,29.29785005797445,31.204079931079956,19.371123313610042,3.6937725435086084,36.144386483211015,6.616804409213175
311.50203756118555,87.91801864738733,280.2847902088072,10.698313812344749,36.21784265441646,330.29804417827705,102.69918870745619,311.6830361953521,10.980018021414079,43.46044999436447,8.057289567839842
70.12055691219444,32.2094579080052,14.527059491400836,16.268001270631146,37.46830446692108,72.64709511205736,35.89274004778392,15.686902838374332,15.4796359200876,36.57022096303055,4.879246823257742
264.72753074881797,655.6239630419293,35.60713320372903,13.550211210391348,27.322889200331083,237.0142709897962,723.3216260828499,35.085173764545665,13.998800709345199,20.44813110447814,11.643356634729782
428.0489268387243,38.18196889081507,261.66242221194915,4.648898808099439,6.946737622684017,397.1954884620464,35.05040946499076,260.78792108850524,4.688582675547603,5.2616615459605764,7.0083944975855
73.4901842892218,955.6869824363844,21.98757186977625,19.205799587788455,30.30344507709978,75.08241431806982,756.3214649094548,21.34978293492897,17.70417999272703,32.08568001096944,4.732519724348124
275.15112089756735,215.36682461963778,98.83599018012868,11.623237143092682,17.512721519612352,279.6509618324766,188.7169508728873,101.78907745329869,12.186942698642628,18.597341373845527,1.922269629928907
167.489103345053,121.20648425446814,28.107358427551127,10.137097824031926,13.336920664839443,152.1622084103484,101.23984847870001,29.466118536376868,10.563192201093544,13.814216043464391,8.043026174934887
13.935363259363028,483.04369977153755,12.91623190027311,6.331617286539462,18.038241944074198,12.611597782260464,411.73233045052854,14.696911429129887,6.124679862220035,18.302744972815347,8.58333216833899
59.85095174492478,103.232006078373,42.50059136025852,17.23228960124727,29.600721995288175,58.24921089912887,120.8880882160479,44.860544295106635,18.696924438712898,24.022157046237744,2.668703413813438
57.374777170558225,62.92118755389794,10.656792389354463,5.99889517204414,34.82197685988849,53.751811832428494,70.02614599445123,11.481586814583295,7.5758377446324,31.088572099164168,5.421478850524146
330.0672866226813,357.0088375110887,252.80730444888388,2.32681994940749,19.072129216327763,293.61742981517085,359.40140053541654,246.36551877693822,4.753122717205066,13.387984447381294,8.48835472139883
27.541038417946034,843.7769169155927,947.1525519990611,7.714586271026115,25.515459379672482,24.756807026616606,391.98456386920515,848.4589862386256,6.414911674430193,12.645754486049928,5.728176311338924
63.9131444569653,33.20305073059283,44.65396446348792,4.096187669958784,33.624323333391075,56.86284070667597,36.11116240310538,42.12086010815904,3.878065805633143,35.26105681851141,7.151866644985988
956.0227738184813,397.6215906399257,13.016306645716442,2.074347355233908,37.015890225591036,828.343729643939,462.1845609444879,14.060994561166993,1.709771486384899,33.48320682697022,10.760445416582423
25.92811044505241,836.5173375083841,17.994224926699797,17.383810808879325,24.00974102822426,23.996805123168407,574.9346960153091,22.659720063165363,15.490298490382237,29.4947669671283,5.430745697588887
853.2601616012853,97.32346835376391,843.2944372718332,8.65917338435441,23.632549996082663,799.3416644258781,78.44800727229095,725.3715007517924,9.163722601840794,24.670972550018682,11.981756360595945
355.46750770154955,12.326076238942639,358.5467881435337,10.684980284964526,42.88367160695153,323.8488349583289,12.36348299477345,436.6525099512694,11.831896962543809,43.95311061694888,9.401951103427129
327.6048656984461,10.270827286977783,23.072739410162562,16.968726099272846,43.00994713773003,290.4475799673865,10.207632716684486,21.968568727368645,18.71268033714592,42.049769525888,10.392962162851765
99.68141172878242,32.024473828434,112.5864850840467,9.772240829159271,42.86076211819162,98.3592650591924,36.010422479658544,123.55193760953408,9.97151895275639,48.79409175891521,4.405412121359829
57.389875517858144,179.83566279403234,33.240320216220255,4.895533512519698,9.158301291716796,53.992337805612955,197.66965964087345,34.79382726820592,4.993269720600241,7.824480491236927,4.3891805700526785
591.4118753960439,179.60858262902343,302.48853878033515,18.928400624299705,13.066369725281637,546.4432159159888,203.07259025468653,281.97715919817256,18.579548919518267,18.3805779301693,6.853964006456094
514.0247490913084,126.23811854288286,21.43693553384015,9.674628766244943,39.86727353945668,505.4663463885448,136.15691445048202,22.268280954708274,8.663697099186628,36.11452722151534,4.412198450700123
443.39163929500864,200.24171025621197,11.002791387840107,9.935732593385211,11.382454332100373,431.8170773998484,164.81047456263644,11.108361356432756,7.759675099353002,12.86890905202432,14.588759880870345
68.31021156446431,47.53461921311303,729.25794067743,11.303184833689883,9.039090817049148,73.72200514398936,29.437330185144994,721.8321831315338,10.941353910360128,4.380403053639563,10.441109006778285
36.73485307784433,77.26874064470485,259.2999605201871,12.91121102510585,23.745262913579047,32.23199350733617,57.2557385398479,227.84317895342122,11.526075071358957,25.57687338560463,13.849096801693273
94.92268455256847,151.27638131684674,11.13806944196379,11.140591182323263,33.6887799186372,84.13422468084258,148.56278855489325,12.409870132422798,11.459786723243162,31.27271953102197,9.358146003688425
118.07186371033305,247.29564064717206,574.8489013321555,5.065062563509053,41.07865004962572,113.80433117444227,223.22881665414047,582.871498512099,5.521761130071041,40.46562217053505,6.703787620154496
125.97035155993699,34.61140981427634,245.93867629181545,1.5369913223510423,24.51312471106751,125.40957013628844,40.80632341478956,238.06865293130699,1.8064034319117772,25.12957302705004,15.02868647771965
122.26631354768914,157.26709477503235,181.85825367012325,14.54838479803118,28.552865361975968,118.98820314229056,144.79261783987218,176.58033713696707,15.991186503701952,22.903113957881963,3.8186046714001645
402.51393259000764,48.05817094361183,160.87856346494388,1.264394941406143,2.109694741539061,315.42792537955853,84.75272143661167,141.4250472393016,0.6304161208253297,5.850637874775782,24.742659413386395
61.54227192683435,62.37847984210856,22.571449275358784,1.0054629329435172,24.151593103210452,60.22492762861061,62.70511591971652,22.63330409172271,14.659112858671117,11.137735861091503,2.3303419838346264
722.6781652646346,12.479381556919932,64.72807732898829,17.985721211148988,9.65003342851948,634.3325436246889,25.59512515438631,62.73405836176656,18.603245579868997,25.053495683122136,9.624580070634336
13.419526848814343,146.64609229082117,99.02796157207504,2.981922572401708,44.946792909314574,10.449360839614833,137.7188410343706,118.561160730401,3.1707415744141807,28.865690540489254,19.4834717854589
37.41900078113935,44.791812269720616,43.295645360004826,4.254924393238225,48.59876446209265,36.318335929986105,40.19350892221654,44.922476710537914,4.225615398572355,11.956058627328357,4.248947960291808
73.65343862220548,93.38874905231499,14.07300257828748,13.751826664748613,33.70131033268163,67.06711184184498,99.07030933213342,15.054150348138446,15.627662542084451,25.79935169191575,8.280247994133644
13.716409435689156,13.93155273028101,65.70052674112371,11.761643163577403,14.126629427694388,13.113461933823308,15.07873789751176,70.39417227937939,16.857343214764427,11.99715903740014,4.309031763425391
134.70529639168237,396.6334993017371,171.23219832052257,10.976667286966693,4.817036012075807,129.36381868660388,280.19230787542136,173.92557327536292,8.982652197889962,6.7176855122388535,2.5257766026974258
688.8888278457376,32.91260491579318,588.0927391760771,11.09320003499714,45.90967921110087,666.1106577534559,33.17415414814006,635.4562852110556,12.240027121948112,43.59261131093528,9.43169873094309
28.02908281028708,54.84023676095628,90.5619925428047,4.605962973313764,46.303030566626354,30.600178158381492,62.50452021878198,99.60390293404306,4.755325349094972,41.4680127797655,11.380731204226443
256.97474002359604,12.151775508943233,23.820216929967852,18.178882930246846,29.040770090802887,227.693398901971,12.875922128693112,22.202575258665526,19.75428886909403,35.70123176196087,9.26835935051448
466.2860010933065,452.33609256999176,73.52139766647501,10.599109975491237,28.262672727117838,460.8840274990517,395.20238546229155,75.3918823299589,12.9317330290606,25.31031759591497,5.14506345406715
10.405186510260549,10.547641090533455,346.99444401355186,1.8748078079080657,34.76878170163017,9.507165203809429,10.65789360126282,387.6419543621351,15.822009517393239,22.047042304808823,7.9230772448379945
103.63061265664126,84.81218051373313,159.8075292584023,6.680415029841643,7.4966251957639995,96.68724190975206,57.062009245835625,171.2458487935348,7.156214970412494,5.561981565031193,7.009569215043918
260.1698961171019,563.9613787609846,61.70677889949797,15.333861485926388,29.102402881459348,246.32014847806337,636.0377230559424,63.89661065184364,17.589605881945257,20.484986687778935,7.7857943946648955
101.34604261885963,361.15346438939895,722.7844372595108,7.411197627117715,27.92273322453601,99.68370261632722,359.56397365467296,700.2675559748519,6.957144792244242,32.51486027446926,1.8320084240028498
36.25510312358126,92.55088626341697,632.2528383498748,15.429583803409054,25.056596744170516,32.71350004199634,81.21044570341914,609.6105105713666,14.089139742638611,26.712046047831926,8.557715132141126
744.707973816553,12.365043050589579,736.5626161954651,16.928265467876418,16.38482454181034,764.9737386371339,20.192946077048777,821.6045716370669,17.119729529274867,27.745195940888966,3.543596698447947
128.0305482272563,50.784051229619386,28.741122228336977,9.932277151482499,24.37092115299728,124.06902927741798,49.81684993243065,29.723134811082932,8.948909055784256,28.249406041440356,4.601130685413517
15.7332769754932,166.64011428507212,112.64980957571096,9.653802703289701,35.212230828916034,16.1218900135485,235.6621867588143,114.02590997081188,9.4030052362041,18.767222552184215,5.324262258461819
536.7428943819739,48.51662263024836,107.16224047022259,11.982424724494157,33.55827719329617,521.2095385641074,45.50766974409039,120.36493509571129,12.389821010930833,30.329325891821643,3.796459248632089
219.4720072312136,115.04816264381297,48.41079254506904,14.385730053887256,43.256035703722006,230.51034287040713,130.3137000179803,47.95982045066531,13.945651948044631,46.0284419578135,6.990251810444287
93.62353056540984,16.707105034762936,371.0920887693474,9.091318233870714,31.32004734028643,90.72274605380223,16.40289321036095,475.22342972716643,9.669192928033576,31.469648189615626,2.5239238133570145
142.0238855276537,926.5190169718961,13.777830906887777,8.753124979404086,24.52676165822756,127.89562761352353,914.613149829057,16.097579345334715,7.765729347766682,25.007862592028506,6.052017672836736
512.5532525596287,44.79924045254474,228.8648431930192,10.187702489387707,2.190919614439524,491.88786070016795,114.74253148877912,260.4700661869557,9.718471481131225,8.694436965165893,5.50829704137715
773.9534700456119,213.728799971293,36.27829626100633,13.193308542685038,48.157925919354646,728.3894690550673,224.99027291031442,33.65370528136088,11.805748072084906,47.40080737668025,6.530982543658062
26.28392906594208,11.525864632388025,415.48010448975594,17.254155096907613,13.579846239423544,24.610228336927868,13.535953176073914,522.2014863674182,15.987237851912294,18.991165578239084,6.818995214887884
907.6698118819908,525.9663001795337,194.5458640158748,16.42192255598874,8.82485638629918,834.028556511218,430.6892685565058,226.05286903746327,17.03413044649154,12.988541058774759,10.139630432093817
325.05961897707624,446.24300550768044,48.14389517125241,6.820438056931835,2.749932577428272,321.63316821803005,67.84102063885929,48.85127404949505,8.77213759857178,7.261725808021571,6.694383185772813
220.21582076728265,563.0489806461333,42.54405374497045,9.155472285506816,2.1702535185235288,230.48140907571874,92.53783995927063,41.70112480861583,10.769378108499408,4.311145983530506,8.781575022553508
534.9152603446566,12.793599047176981,652.7371547774359,2.786354442001133,7.396622544819921,581.176039593173,17.99203836162717,438.8705631990698,2.822984744662557,10.454125670239328,9.855116087142854
39.50177310544545,244.731361880464,436.69943815708416,11.878113267260574,38.34979361529601,37.91920462159296,166.00889322140674,409.38084514640946,10.396902253455464,25.424467287381294,3.162469913863201
747.5364886061119,14.699566466150083,237.274246758515,16.954945990445868,30.63836468835668,766.174524831725,17.457856510434713,314.50797471285955,18.03566344925516,33.646576925054454,11.155330742546314
232.64799924417946,126.49797579368209,729.4827248388451,6.291538010190859,36.6667017088211,241.32707777056518,132.86595206272284,715.6556533594437,6.3513244722563735,43.31458734927762,4.396501085192728
874.9139714569415,11.773150637166681,20.14765897519627,7.6757410388502905,6.721893952390798,859.2877857397102,28.14925020287364,19.66616415167392,6.755354263479688,11.436619668271527,10.037501612460046
102.0292593399212,140.42194829959274,71.88961739338444,14.77601200962985,2.748046841161342,101.23780246639227,95.87131898419041,70.48977856863674,15.725421933706158,7.01089123948817,0.9350536352369555
26.802033727614006,510.1948009920175,304.0989981076519,9.016266385770722,48.501396632614515,25.980665103885137,605.0497617834039,297.20725875050414,8.38832348522887,31.012865719376574,3.2283785645633825
49.79012372507939,16.71921099551806,518.9239224423659,18.680195061954716,15.552395661277375,48.434368377432584,17.96226206077949,615.8650977410603,17.540008840640084,18.785626614196996,3.909043067179594
390.484926283838,169.6224463723205,65.97491818869362,9.042138902599987,12.72283428001457,391.1394281816718,172.9355462448687,74.85227689508737,7.833462792680335,13.970165816569143,6.638152371374499
85.04366287003182,153.39479844744577,42.91576069638093,12.849530601378396,21.493861731369073,77.82808268812317,220.4566927085929,48.10328055561801,13.854746555791802,13.81402700619465,7.022320121553505
600.2951731013361,223.12562554563158,10.677626634197733,2.427499688718875,14.360940163581734,578.646108344227,326.816346432997,10.050859394262238,1.9852255968412449,11.929064450859132,14.503020135633005
47.42271821428991,17.377126952609334,19.6702743589217,5.920319804671932,33.391310576275245,46.23053993987008,17.541189731459138,19.589753960426677,5.785438176982216,22.273187774721997,2.228191445896982
73.16047698402993,20.037469009077697,829.743503514516,18.46599546796652,8.963707102864426,69.82047813712582,26.64398035827563,898.8687994941625,16.64261321674579,14.981824829090018,7.335232474996673
842.7062789241448,579.7443533058168,140.53596200524072,15.907894580382491,39.73915556980736,806.79562600507,489.83903412341635,128.5627764119724,12.44144022187182,40.48552865616094,11.701262906580785
71.37154393628505,34.6662127815879,46.161569545566785,15.762367639674729,10.727871971360297,72.02210995684538,27.8690913175369,46.61922311674309,15.564105046848685,11.226683737921762,3.0541104848095384
15.123707727660786,610.8015814085172,18.965997932478185,16.971634586871286,13.733032375935748,14.51276892086733,338.2079464824338,19.91898175882293,14.840303975011965,20.677549610114887,3.876516705121237
33.23266050821616,976.3578057712291,57.447754158956876,10.686018864572914,45.66330211563177,32.304719087312314,923.8962148919234,41.391011753977565,9.632169526775598,43.41122893159592,3.7528515923605745
522.7241350682783,306.818313421387,179.842310964676,7.64174426194551,49.561173913423666,506.5419221825333,256.4596999785113,187.2793361986549,7.961479797458921,50.53112555886631,7.69563134166852
13.502918865510821,749.121243483341,191.81994761575768,15.943469569292162,12.559258910073444,12.843956309061584,334.17953738929026,169.45886274671,14.713545027485585,25.03530822943463,3.655826046917791
687.4662081663719,62.62734319478621,51.18493038021137,13.23620560281745,13.349422673735186,695.0661822360294,120.4797055264729,51.19500049918404,12.168808020200936,9.718356911633538,1.2312077968168866
782.0700716496287,483.44853046314597,37.72707190109466,16.88088586803004,8.252852222520547,672.7122691485772,445.7685111196523,43.770109858583034,15.27237335572359,7.604203143687234,15.241761824639857
346.4887640047073,752.6969490435699,795.0442782456437,10.198494986650408,16.477075977766326,343.7993332544597,549.2620672467624,740.1945476980345,7.83229639318819,11.810696657019006,4.108255099394746
290.10165582995796,12.422391851572295,27.32076785834841,13.111780223273131,32.67412823749901,276.50087849622423,12.662805833657645,30.5950312899849,13.664130159027357,37.40946553766877,4.238083576207059
539.6056116000657,31.449835004863523,13.765570744495228,17.230655683141233,11.199693799307928,525.8519969064356,73.1906554269493,12.492946951482741,14.88838138387487,8.929975478910295,12.54862968337882
988.8096293254466,408.07639411898515,59.348040342963856,3.4256111278258947,18.772425845601443,1004.2856460091657,475.4569479545987,61.102189195940305,3.0259873059912117,16.534655440809786,4.168175191744531
723.1365491086406,12.744285813557287,17.16934820096274,17.54980246086678,15.322654222929764,678.3090574678996,46.099447987463286,15.29798795345939,16.315096777516395,7.599402439731067,9.189992544770565
122.33792054823577,62.860676086767945,10.318655814115184,10.077064274092423,13.309284792713965,111.04034057898235,68.21010861113639,9.627073369396722,7.760413498410977,13.753256541574222,10.426620454056335
77.89305130020547,776.0347638091666,148.2210630765336,13.06562500259802,2.4671682784935776,80.20613260260787,286.6490863276949,152.69463392891112,11.029708887297657,9.480655838415204,5.601907100458411
662.09252096938,69.62261306247979,672.270104734744,6.161412346839415,35.2457565003418,638.7647085943532,73.63517950594371,778.9051583776381,6.515352986851971,42.957247131153004,5.329275599664243
15.209455919233871,188.23889534347373,50.049456496624636,6.453148840262009,22.90586500029892,13.690679762358485,248.0608627418166,51.51660092176695,6.080064257482052,16.918539928795997,5.912875774214981
618.0294273016561,73.9091991474136,341.7835341551357,16.32157584712169,16.80606187989201,608.6298543987454,68.1179597113544,345.85134607748034,17.058079959293085,14.983532944960709,2.026069796326513
16.522891134361934,33.942580938654224,70.2627405879763,17.938951010146727,45.58775459333238,16.41811015918333,28.92528971576803,73.60584077920879,18.990847248925057,37.10557175314607,3.1492717174027214
231.09567100046155,889.5714301999785,68.20639148559643,11.21131389372556,25.381540155988247,206.11852258959354,882.388367350226,66.19574368733457,11.519292502323227,19.563264301456822,13.678499598494096
553.4217059589918,297.28326120955103,203.81610574053073,7.913654572848764,38.782539696678924,525.7194466732486,265.5003044299694,205.0560722140391,8.069628254979328,40.84491108999505,5.909861267945735
21.40138304981438,10.118862987532617,22.4321812995134,14.79878913047127,45.098143127672074,20.959061861113486,11.469778545886438,26.387406307328185,14.444604100911015,44.12516654871224,7.37703769912774
38.349687393448654,402.4518104167864,580.030771871513,10.278720261588004,5.069751190596669,37.60118001392472,319.4099101096056,556.8545381383684,8.925904944787682,15.504178734144622,2.606730714417962
19.943452435364517,582.4078866558147,288.00946000326866,12.131511214224311,28.938481778191253,19.470129833429795,481.69009182830905,269.21375661533983,10.753725721697283,27.80118037987477,3.988119143854141
783.5469208088919,68.09384269394869,98.13940212725986,8.139568341068927,49.41811283233652,760.1661859540296,88.07595512943915,116.25281785406122,9.387339462974044,45.59924118371176,22.848435438331034
335.0355884635698,665.5345247508653,70.59028790127316,2.924728591652661,7.681097905516578,216.19097270466108,690.210846614312,47.2418141276662,3.0184847484906143,5.668891844893072,30.544820733936916
152.1578537997932,53.662106573521726,134.6672104140989,7.067248461355626,2.052419566992413,146.44539896350946,88.04515448850036,131.20900977136955,4.8020071141818645,8.910140668939755,7.430987495518742
64.03006500000643,448.5099331992108,111.13954208392595,2.1292464658805423,10.09103367218775,57.6655074444736,528.5133440605309,124.85157382730023,2.139454471291485,7.731464084946206,7.308218348416387
118.26159235400011,295.78697307334676,101.36936559070948,9.397421419284404,27.39667296319642,115.49371560397701,324.29660980874144,112.80600854839523,10.118560833659382,25.60124525951007,4.535475461101019
129.37343995410893,246.13168745391636,32.93781883869777,12.234607125569081,13.861245314912825,122.8495738142455,357.55440432341453,39.65305238760471,13.335614574766778,9.181039614094667,8.307695196866547
185.73002023053752,492.59969009002276,30.359968247316377,1.5493877539399286,33.77995169504323,184.77587938171544,496.6981691067662,36.360525440131305,1.489970095220819,34.468442445792064,6.3306661042191275
50.91827366823714,55.40392293600275,62.548983898912944,13.162768857856806,2.128812921868942,50.71714858867518,55.53821348784657,63.97363668361344,13.252126442728228,9.838435206738959,1.0442352379621578
60.771012099839325,519.8354723872443,12.437585212101578,9.935547360636354,47.47973855244978,61.98374173890683,633.2382502979311,21.41373246396404,9.612199187583709,32.14363225848445,5.798930620918755
139.7706505960438,30.73131861060972,313.29497556761646,12.336424720091332,29.235747879367306,132.95553493891978,26.200902653917176,319.71151452918707,13.208139297643166,27.80495925322675,5.409821242721213
14.151212150108588,809.3228573760534,371.8981355207731,6.447255234831314,30.604134269427224,14.575477494006117,583.8358107260599,383.69439096753365,6.063715738242799,28.810345082051658,4.705297865458875
744.1831136744375,489.8477210882112,613.8765993277104,12.717462060627904,5.748592021045524,667.2721656496142,353.3424979497048,526.0519871674178,12.914842849132793,9.914432820760345,14.274618106429585
17.26790800397799,19.974673140508013,303.9347164278549,11.297802975637008,17.094787998262955,15.801589714639809,24.498418240011247,349.22026069589543,17.12079838955066,14.191609348897918,7.890170634585609
89.53442251657475,578.6464496988433,751.5813132246838,3.461424643044103,18.719438855722945,77.48004386351309,434.29368980379274,682.4943990214017,3.0137278712175894,14.868620144636466,10.614700830922102
38.92929444442616,25.95419242620768,110.01307097813742,6.729483822510484,30.526290718904683,38.60246519015105,29.676847600631913,109.83829455623516,6.647778912377765,33.470493383291895,4.4692434910763
796.7845141631137,13.737793982885627,327.3410047150456,12.421859070975028,48.48489153585747,776.4699955878626,14.6353306641164,385.4635176682689,10.780927989883782,53.0769602722307,15.017279418227695
12.0038669292103,62.89983802024497,25.05849921201145,11.903734397683882,16.643597928967996,11.803614475148622,80.62929529276217,26.69452581968167,11.227654753107583,14.38159540433197,5.312327466406509
10.685798300181578,75.83228565420431,138.91370812396724,14.40822956776808,11.082004206506832,10.541410006095797,84.01029843504362,127.15564567453215,12.104708765026206,11.942383738585933,7.230477931928539
16.113478163825633,69.42236491757339,100.78690616091544,3.8846467137344898,34.56071723552554,15.450929954122524,60.23100687419198,100.23491799994113,3.799561853953166,34.549594842368215,6.298277292020156
38.83677720445859,132.086151225674,97.90625377880943,14.507973860200226,23.827460532723396,38.49974312929573,179.94723133869297,93.72975210115673,13.76169573420516,11.470609364551576,2.5318995301535243
38.00460023924254,101.82387552962102,804.3162888356239,5.809445514432157,42.31466391935357,37.55095838463557,88.69869906806188,742.8919704905516,5.826122971033423,43.70403740108294,7.307173491784194
52.05435087724131,22.353771293238335,237.69724307123158,19.79424687222012,21.5648089816617,50.70863500432921,22.15469352254712,239.9965693774345,17.5487760811068,26.04617866836467,6.155879783266638
166.69538314469048,90.05874983099096,258.2883395540864,4.490865500445933,6.006699140568444,138.28087948200837,73.72467371238909,259.7826454437324,3.8967389466449225,4.9602961286064495,12.584050136390253
169.72317007432252,18.76538237949723,17.698420911557456,14.056815329306469,13.495629135782151,165.4721149277975,38.607013097954905,16.948609908345638,12.516158027704757,6.796946862541438,4.488827991189567
439.97256486657716,188.9476393847528,115.30496023400056,14.09301697853863,29.976698883018503,415.3769628292044,191.55181372970603,115.24623472885501,14.152108928214423,29.854770929328474,4.2420470452346635
969.3437500912719,710.6889063868352,43.910683333596644,10.594962861414185,23.00357193609702,956.673000166017,568.1127113946864,45.03921299977124,9.60760737463739,20.573951210173604,16.091161496190296
25.557679138609114,531.2231957615422,17.372306805639752,18.24272980097268,48.65956993030199,23.898122882618956,562.2850482498712,33.22900234070209,17.11836613055398,35.04446104968808,5.267655630270625
35.8935050354874,106.28063329100792,21.391872697419988,17.259948510370467,39.277053592493516,34.45370979111236,127.98473966308265,23.804538193379152,17.72142848380797,31.106998789382313,3.1899537134458686
434.9443518991354,17.59625605058798,30.671038728381127,9.06240828928843,18.80652362863299,399.8103683864607,12.94569391666048,33.3429828582867,9.283809550140813,18.316667455800186,7.417192122089371
10.335659793139323,240.28624115162197,55.22006741393165,10.75795010687845,27.123669466559402,11.140082693652362,290.2951247698052,56.59165936984777,10.304635940601674,23.410320266864826,9.725880699838015
848.7736859734862,756.4789595416353,34.748884436124705,14.74511157632101,35.47633435597306,781.2043888835933,644.1757475637658,30.960651045576356,12.656497525756958,38.92141124932468,9.911252574897263
172.97988926449412,52.385907547243896,29.54440860836804,16.51476306454831,30.574119286739847,168.58172459858523,58.47825762468917,31.732000873264052,15.844454301654178,31.493463531293308,4.51082461057725
30.525105029758286,67.75920907542479,12.749456393604289,18.385020183797558,15.24678729343986,29.816435138282777,77.17238599221845,12.703810482414207,18.191110160164445,13.158691226261528,1.7505542021100031
187.13713297898911,31.58940160461122,18.678073923511104,3.8052928587668173,6.237535460866573,191.0004940048378,43.60999497838709,21.145574478940013,3.5052253261044726,8.170997940903076,14.915920800948578
402.55644090064686,51.85856544734678,43.969940325440945,3.764833466327052,12.62350982427958,394.50868742928776,79.394213165453,53.07952886725482,3.4533356252645215,11.788813728238825,20.045562382031346
926.1241065874996,320.77707978639313,13.53004844663788,3.0202614347718884,37.97055178367124,810.7643609659614,311.2452454834256,14.469984490133951,2.311130283470208,36.450841954200655,13.505075216524068
395.9779720531936,141.03430735153964,372.0779978292766,16.519553502180294,2.315203957407327,371.4206526709324,201.24391484198298,347.1826219122695,13.5343522656262,10.091840553738772,9.747199071296677
333.5879619829626,251.48173783339752,189.07414009775906,13.134326054018114,49.34590194704828,318.68550377716724,235.2190346827865,182.9925127160103,12.148818308430268,37.647512360376844,6.20398371326993
13.274995559230911,15.673040317913076,54.09768282286499,10.529140052528637,6.978512389064813,12.844600346314177,40.696216434327255,52.4484633087029,13.46016961784049,12.361921817199622,2.3534729092826416
24.014820095898987,145.8909260430972,111.51735592418042,10.226824805727574,26.575413590080174,23.219854493616097,176.8722870684844,108.6922577276698,9.830687753663641,15.621722281130033,2.3434169182639826
72.82603520885222,196.57784396526372,946.5347143537404,6.700830939836911,35.88527335294994,71.88827800518771,168.89883811590852,966.522562332621,6.686437030836271,38.3797840850657,6.95671407984347
267.86866516128276,161.64735837466546,15.793504254411024,16.079608289465693,42.981526448816474,276.29880203693165,149.4416060466982,16.642864770978004,14.19669757950401,44.12723394398334,4.994482094818328
313.1538209575145,115.37260144055288,40.060121377349176,12.960903340413727,20.66948314478647,320.20682854097606,127.6451734687859,45.91610977890945,12.211701508344182,21.929006673115072,7.4337519197252355
246.65045607872142,32.68015248553387,607.8219838354214,13.486225410059228,41.94960727571883,232.81806497902107,28.025164514875375,597.0929540673549,13.67372475801386,39.98058864784545,6.953301963577053
101.72871203835842,43.23329313058256,595.3493483634384,4.599315967489863,12.55737704681467,104.66687536196308,35.28075865880818,559.2038784651925,5.203918218126743,8.958071256979544,4.506195296296179
392.22561895253483,50.06760502695713,28.561883716889685,15.040303418069058,17.642730990733675,388.1702183453894,71.9881936791058,28.751970166904094,13.947885205071028,20.198729628142118,4.499865496169679
11.090759879847997,244.62315079388662,55.051134962697155,10.087539747362001,4.121281577788565,11.304461508784067,132.67135398880635,59.75363876531556,9.34577146266636,12.11648097891888,7.326442503442945
49.01655496593812,296.6905744129672,946.9453980372498,9.955839986262975,33.120238737624135,51.63464795074175,246.08849049597632,937.6259584744719,9.646104378191849,31.57604222085734,3.9099668448852385
17.214213662066836,356.3536809257759,244.2588589701778,14.559406676103617,21.26432348710662,16.048645139226853,256.74488781215956,222.58018194216362,12.921294989106313,18.329833631697756,4.598651117174046
59.43072843853221,57.36701033832723,15.829216079642615,16.09244587191706,47.62824699931115,55.37092367419853,62.13703253920717,17.4770326076929,15.113350782757689,43.03275516601664,5.176394709176411
172.9217309399341,24.080708903261296,86.2612015794852,9.873164669613455,12.797762744048486,157.66311135254637,18.34507381625617,84.7775614820003,9.923836070236758,11.162942383170616,8.818932000620094
655.9539629812887,48.07727233740152,285.2982309148141,15.470788361370738,2.042608223586172,612.1496145252529,156.12490783931008,281.87105486387713,15.98194550695462,13.140575842716656,5.48495054356919
383.1957434761799,132.04641118658822,640.3455527241076,1.6082621694207804,19.14825729252036,410.8909370039903,170.84592799374585,574.9264720154006,1.5379346027021565,20.568318485141642,15.828773268548543
178.10031376914023,18.307566938910007,595.6214444375421,16.503762492529216,33.40711169224088,164.10419111829106,14.546521644702098,566.0530879296814,16.655234069768962,32.89890363817114,11.298902706980467
16.050124518318157,112.34544106697497,11.08281125038093,6.172833846836741,29.98751543583503,14.196732834800859,152.97890968672863,14.529330791197424,6.200427900931424,23.265038649642594,10.636932978220178
432.7905229051965,26.542004419955443,151.06317105433067,7.598884811152631,31.269431677850935,447.10412357140626,29.150752121825512,176.04690494329515,7.9776029062090625,34.25351528045233,8.036971282639826
12.25309567712265,26.970496672747142,478.9790762025174,8.118481302764618,6.045264224988612,12.321250579282639,202.746619060915,474.20768838373385,9.245188980032193,13.612398058646756,6.607971659591398
618.3200671044701,16.02115034441773,47.89479709946977,11.076584040000379,31.445624176792997,585.392297798033,14.479788066681797,54.72583979062358,11.711891933269328,31.652248388168406,4.894270487808763
32.52900372671138,19.796406228761928,170.4492632418405,10.74526705087889,39.605945402139,30.661570132372873,19.285848508163863,184.72419697335133,11.004846095774274,41.475496245486305,4.901197349887509
22.595068299878303,686.5281843348093,921.4522692428908,6.2687758818776445,15.314576213669078,20.083538926477036,322.28427996746944,841.9028279822114,5.0764945010188995,11.769217089694271,5.796317160151165
186.68985054137576,307.6022057613704,115.67135882384977,10.046542600717798,23.577547573929007,175.96203890750942,325.5426134900835,122.29792953952378,10.650721182168338,18.94134324472771,4.67814805549025
16.17409288210633,26.993430912117155,11.71124323517181,18.906898465898564,13.72942335275612,16.6616906635456,31.28976619588569,11.768918021717912,16.464045325366424,14.726278734201902,5.272886914801983
358.82811755300435,44.31789029381362,87.42458201167464,13.475818874174452,39.849916254702755,333.87457532215916,40.59786727626454,89.48621063298998,13.598591905265147,36.07390624749317,5.817433848909557
232.51974374867115,174.45193648927776,90.8589740312527,10.733669395147057,9.673986687305783,231.22894741344436,123.26883186384701,94.26260314731799,11.873682067146815,12.69447286833135,2.838796950528224
86.54693514344996,452.26071160424357,37.487247040714905,19.303465809965974,16.90067057842467,84.49110653102854,365.8882776343972,37.300361882681926,19.693247006423512,18.50857424843125,4.75300806836428
17.860727427368726,913.767328361932,249.5559724106472,10.956578147266763,7.083087716327853,17.028208453322634,399.71395036446216,222.66007899980448,9.668500863672847,22.05077275216384,3.5069987818218142
498.5008229209048,17.993682881640364,33.48884458135908,19.878208019679093,11.130014434124053,447.83129680102576,58.9655388205031,33.40789071672244,16.562381630661612,8.679294031273779,13.372520824670945
211.5021270049628,804.1427023404322,115.28354257318841,18.32509810697643,38.79622911563144,203.16200798554098,706.2133209677932,94.63432047260136,18.326747177712573,36.36385356327144,8.308501162130309
14.556009649047178,16.021230994825302,29.93410718050913,17.43492316352131,43.07061125629789,14.160593960111468,14.446649680259029,35.94055339169274,17.137497227913133,44.79916116184209,3.4546348511381795
45.38718022065599,20.974488190988406,581.1850934245861,7.9527640375275075,16.76273017077668,43.00716230990438,16.785060611946076,593.9511743212832,8.315262840053272,15.870982955661592,9.416032681163621
964.043253603697,399.5779387687953,31.597517348709705,19.09649554924132,42.49268299632808,899.3415451983858,416.93202605638754,35.088500088496744,16.409385800439754,39.001984776182205,8.935034201505147
61.02304516895598,207.97116706110236,316.3640060052597,3.6574341225363574,37.3869265791513,55.437690426400756,196.2668842541465,284.2216904775106,3.560688862383426,38.553040684307206,7.705486518721072
36.24425979762079,39.54757426319301,167.99102657769507,11.655519076211919,21.53126678935599,33.5610382837314,36.12540567155311,160.75795836048152,16.410733146670648,16.041935054495962,7.44464947533848
334.0259135152165,13.531220428923842,910.0309428026092,5.313836059943208,30.498139959905487,324.13572547314675,16.16269897889683,778.0985922164751,5.379397806987086,34.41434825283055,6.088646823913622
426.94731787675914,30.045285761488486,12.316285580443441,13.15447826235423,27.31338983045566,415.7703746722877,39.29844006684873,12.13617645290371,12.602189778290018,29.41084372216328,5.951276789219295
69.89320478901114,378.74107863013086,834.3087013496272,17.036069926643126,42.951269259004526,67.43236074585903,254.6887363460882,694.6784878472012,14.986592734155181,28.546696951718705,3.26086660902165
696.5471825908395,71.02985885480977,912.9330156509445,5.036166708554294,42.976235584733885,666.3960780353582,75.43520207871191,1109.381538485566,4.9851009771289325,49.929687853707456,3.659685789383465
21.494215461415564,58.68681508642155,307.5823593510885,19.633815877294793,36.060120064398504,19.32270404867517,42.55891890018745,292.88806204186017,19.135937725973275,30.304746277197474,10.709002030015343
296.76534712916407,277.6246422690851,17.797340600674833,7.290986338299334,36.63185689642489,325.19900621988086,262.3322997533648,18.567829919714992,8.8342771992262,34.7332944784628,7.381922524084729
904.7647490047699,13.128467708343761,54.595433727942655,12.155010573277277,46.97672000632904,841.5680368488318,14.084884618734867,59.837993286786705,10.87580252177476,49.02816143230031,15.042876463093904
21.89282554274504,201.81789022671774,19.790735466781967,14.771865306473545,20.667829521699513,19.902368764992175,223.95924781784208,20.720328111195432,14.173109553025586,16.606819029622134,7.403665717408933
77.2758525595783,18.515202089459365,44.857606815133366,7.812256992407795,44.639742332622596,77.47091135827921,19.70147195766631,51.947705789546404,7.927756725728003,47.8144278438479,4.3748173479083805
10.497312631570319,107.742241927055,934.0683666038553,16.3459981544266,7.845972837581423,10.013060143260518,166.9964371559114,646.2063556110637,14.721755623279371,15.703128449209522,3.435581936697859
719.746527821696,14.610989000232438,649.4095596977852,4.695910865899685,11.077146720518298,674.7189479448882,17.83995982479033,799.6033916870816,4.9655351223946536,14.69646399588441,6.147911570870931
136.17975121614126,68.37664448188202,217.31602306396172,17.71598584173442,44.78178655951164,125.67169887900556,67.77274577065148,228.8647376193396,18.821811642946283,41.34640434784323,6.029816594432833
22.46460253829853,61.26574955003599,520.0223072215682,16.799387279461246,30.194587829621568,20.263915054457815,52.45378227243197,529.2892919160981,16.013735459260452,29.60904434582052,8.96223535485473
118.8544167197233,163.07705418366623,15.936271993889665,6.189974273784881,27.315189471590294,112.48835239477998,173.72512612874192,17.866853235794835,6.124217341052121,30.729899205799057,13.797837031857474
83.53390463279248,14.531418177410169,10.755017239851183,10.066812032375568,25.72709760966165,74.86688967478182,17.69042504874153,12.275849087538226,8.664154721779715,26.416321886039913,12.468986423165877
163.5041342818464,79.4540325441287,33.253492056945674,2.25413661222154,47.36603405519695,161.68636051931574,78.28774253917919,33.7038343406217,2.1590156670325444,37.88256081301157,5.328382452349753
18.746277239930087,502.7614434784755,10.05764430019886,9.065040648235996,19.482441296661847,18.873071743124207,479.07897470885314,12.503547904904348,8.892489178569162,17.792993560542115,3.3654423321843714
27.138653211094677,35.41118717612516,63.4764559144322,11.051748476288914,2.047519708466533,26.50110693223513,46.81837987017677,62.020940301787554,10.164990401905182,10.393916971634019,2.6691249662346443
20.231981479606088,22.801624503012455,773.0911488887812,12.620611762491297,15.700119739286913,18.971304885330532,25.280901814079847,732.9930864757483,18.934414788455545,12.026760933589923,8.185472783923235
108.20905893983746,53.636826837357766,38.90671815748454,10.6076059310222,3.507158813156789,109.42638886771879,55.1745159830338,41.14205160791502,9.816129701611288,9.009848734775275,4.346711588984708
980.7084997859499,36.67387805520145,10.30551612904091,8.704854380836919,36.083477585062894,938.069675216893,31.269731990861413,10.852043937721605,8.413660382520588,42.84847427889925,8.524007730293631
324.4541113605178,866.3086678175092,19.500380763144943,15.497438978054602,23.636737549498427,302.6420020934675,882.0352686190708,18.926845257526992,15.480386108458827,20.358767344639425,8.848242719298796
981.1891038743842,213.07421980613708,24.29568349088531,6.581131950240343,37.2471268680358,942.7415454231539,214.32125683510017,26.720217124328876,6.050037084103944,34.74252912066414,6.0845988728333955
56.50399236794135,642.3836879085226,676.0168662426482,16.105999692568467,8.175076895448473,52.363925631395496,273.99762014130346,628.7101113620306,12.454735138213982,13.568754594299213,4.881086645515081
17.558589422002182,48.3073548478815,29.360475213308046,6.810744448770463,8.19799552896551,18.07548353062083,50.474144895948456,31.016108105755375,7.486728940561315,9.358104762568445,3.704452896858232
29.93008287146623,456.13753419281045,51.854742557450685,10.04238534349629,39.03713517649397,28.592334365810856,546.5215611053319,45.094029717599355,9.311533483801194,31.003176788398314,3.4445376633848874
14.131190831537026,69.4217551744751,217.47021015098022,16.925173648078527,29.163915766359455,13.672625423788794,53.91702636841678,209.38326044873168,15.762498093335207,26.242065776184553,2.857342392173902
586.4354815998183,11.033502682421263,82.8322332080368,11.773133894599656,2.4441525586362403,607.9706744090246,36.57173584680156,95.46567698858833,11.850330485730648,9.584775061607784,7.592035714549242
16.831410284756675,26.51235432606961,63.485034606153164,16.636564525145182,38.93283927972351,17.021121564426167,23.830215184767418,71.11259769661638,18.080799109076516,39.648454888534374,2.8362823237230423
21.57177582491444,604.604010697271,774.7353521852131,4.336249697734911,38.41221667439279,19.731686247729776,351.84972221902353,727.700824006504,3.9207496905439623,9.679179207654657,4.802659790658828
144.70318055095228,25.300134514613344,140.10712379979623,12.890149403481562,14.388676548413757,133.06671076686746,20.954889724209206,120.47008908646804,13.171765697058891,12.643529912903217,8.631530196397327
180.10418419193803,75.77431083121103,306.7384817577316,4.141239130318182,43.96761313880888,170.02219949835276,84.93488075561915,300.3866821890144,4.161026917933499,45.06920920895522,6.7117097176067935
11.617626760905116,21.520087066906523,35.07639996241723,17.805580832593368,8.880164620558768,11.825558475024208,19.806349008397813,37.51340465499655,18.304940213763466,14.90154736551924,2.2279534105723138
18.031673230042465,33.15240042094902,266.1520668374056,8.257730822043348,25.47625251869938,16.53692305608773,30.00960110695223,260.4391971322487,6.780171152502331,22.846866459416248,5.305433099107938
44.46703217677907,193.33778692305734,55.63688472287163,13.1133854802335,25.417484151400707,44.837980078946956,213.7930954303383,58.124419765226286,12.106537545138032,21.11986352935599,3.246460775989802
442.7796829020992,59.31133471310713,508.0039414238886,14.902127253377826,28.390516423069418,439.0573493567779,50.063329087634976,498.65433059234545,16.12446818943682,22.688439514849023,3.200185561069196
322.4186474592498,442.6935682710663,141.11104308050867,9.501633251369094,34.54698651547693,285.0688029146486,394.5733883069711,144.68371393974454,10.620078086377035,31.28332504173714,11.234887056144593
58.8684906960309,12.41954560443247,11.114677925650401,2.861770398869841,21.398852626511882,61.35492253090583,15.602922578372606,11.730331233697775,2.6190884401369674,13.21889537023171,8.834199516515168
143.0177669574787,136.88340853626735,21.136496288624606,4.532633468855544,7.236549471445398,131.33280054706967,40.17669911601425,21.544914058425665,9.727387832424707,10.401652865775931,7.316816712453337
15.822158767468979,150.08936838825784,31.40648189921511,3.9079834794142423,38.774895269140494,14.317558887747797,138.1301717354199,35.76487238195693,3.9968101728790644,35.062109250131506,9.607450560791403
114.99102235886389,13.515311311889699,704.3845917623337,9.389353341015585,22.08497618854408,110.14882988293698,14.454894099600716,717.7340807330114,10.028068614864129,24.655799731403253,4.122169856461238
851.7066268750159,35.613001549440085,13.639634959587305,14.477879793732516,13.125560538241428,781.7958503678339,58.39387519220596,12.59660858522327,13.890313285718909,14.217024562160205,7.87473230024109
67.8688664909535,22.56375108701091,13.254165663546605,15.39130893378448,31.111384817633194,72.94515190010867,29.16941313686947,14.477157876195133,13.770164225802963,30.57461897128966,9.261363577338228
69.83894996314807,145.5862903609998,116.97164742773901,18.949159955248152,42.20482076929415,66.11904488981361,127.41541016635578,114.60265261083846,19.13437854974831,16.421606683417675,7.265235433700787
713.8490122266659,877.5857720334878,40.86219627177991,13.663662756937825,2.355810107411667,699.8146555891406,79.67761837215976,38.43709910350045,15.647567104199668,8.97940116241844,3.4260151577159346
17.145271931635282,162.28255645520017,117.93963477990627,1.2625306021490088,9.768941599997305,16.288502177001394,138.46281641831033,132.22541664549615,1.3654595709160595,18.897929223904704,9.496194833039837
404.95685681543864,15.755605169046172,17.160174107540517,14.993604435052449,3.445864982271646,396.31899112463617,53.872138116601604,16.132991210974406,13.378303165166745,7.130720135634572,6.550422850455728
618.4729256057799,618.3265611644455,802.4703080968543,17.755218422071092,5.058076980149675,629.6926436115997,357.6359571955231,667.2122759727096,15.410746994580775,8.728616435340575,11.421577283428627
878.9996161127902,31.225769289319775,31.5748108709863,3.6504781112816085,43.30705065313433,769.2146088827857,42.658225668256335,36.90738358686679,3.3310311534922756,9.24151660280983,17.64833259672078
731.4018532417045,195.49276154139832,512.8820932596516,7.5170659429618265,30.38969364104871,711.0662266289145,189.3024122970648,483.96508321861546,8.313485591033787,34.69286898681924,5.110772330020246
305.08456130043714,76.60043866232454,88.18337858596426,12.55501437352901,47.49500617814734,285.93448858114016,70.2457472825924,93.83273979531927,14.055356374392932,22.667393030716326,5.758033603893014
341.7680118567314,94.92865471441097,172.66560876928435,14.40179580726337,31.546053315199952,349.007147964048,92.23944962335676,187.7213085822233,15.566866970784387,27.131456196521924,5.311248256382782
16.084099818827443,22.467376920583277,276.15114395820933,5.023077423591972,13.856531153207483,15.621516338639426,25.036358863708806,271.5867684483249,5.296785240067859,11.839822314526868,7.072510144529436
113.64764857546854,46.59180230496965,125.51687610904602,2.392573581768352,26.006672132259354,121.19737676171077,47.55295595787117,125.57187817890444,2.481871748996955,29.21209874655491,4.870325829835066
52.35364986273621,448.6515162582734,13.031940741842826,15.602423533118824,41.7353928971396,51.27103547181686,521.4088646546187,17.154360906107073,14.381123718063792,30.86121445649173,3.865930432684598
922.4021188412565,344.1723347372484,11.147603246721625,12.874980311727757,31.57958413474381,779.6221416752096,258.5507781581761,9.01021414690458,11.29477298309088,30.05961527700721,25.03766766541837
45.7014205063581,39.00661455469535,16.128782224244514,3.4545877921074024,28.20709540639039,46.357798942542466,44.98264672900872,17.38152458334471,2.456693737138777,27.17377594881361,7.758336496268317
243.95290509611772,89.83574516827062,63.83700253539216,3.84791499168329,12.793945294781986,244.68314886980156,109.4260466913865,68.38520039626026,3.2563489521519133,12.168137538702105,6.906413809875844
212.2787464950624,16.73746202864725,462.4433832608494,4.350771220153441,22.327778944623386,204.94479465136249,17.60997103383676,568.3653306263933,4.749820154766064,25.154453579973268,6.860932512275599
387.2012965204248,581.379443269425,83.49198415296387,11.715566654784244,26.039834453950295,341.4247256381486,705.2663946057136,94.85793480677036,13.459706929774173,18.920572169024997,9.494854700971123
994.9083997354637,28.794177166655647,458.4264358918741,4.023237194718982,49.05174201324549,960.5621566397514,34.20439307114161,729.4147161930471,4.152961682361911,62.6290895210791,8.430135345510154
431.37988163703426,43.85714179731863,19.65336195390893,17.021705383832675,30.299778571536084,389.24515650614836,56.50657951556104,21.330498203454738,15.503924849417661,27.70375315172648,10.06372950370503
17.503855996270936,235.42473183922857,92.0427253057203,4.099976728111216,2.4899667244549573,17.4506514592791,136.7621098070004,96.29639281987095,3.7801907011458526,9.309537216332837,4.546508399830975
991.6960273976058,31.311698441122115,101.26792698437418,15.417872384345996,37.26928814302408,934.5603583995346,29.080568015613817,103.79686280657126,15.711741098906423,31.190248430095547,4.940853292479995
16.536542016632403,276.1931568042583,39.05613484889161,10.847320250837377,17.947690753617884,16.303835264047187,281.2990196608776,37.89264899450142,10.063507574067799,17.166761997062657,2.5995901316335637
329.33954796776874,137.7024415947621,37.06028456825226,5.311503016783294,39.10764451630023,325.6152762256763,125.92042172556175,39.799153040406814,5.221297572479773,39.42909173112479,4.680954836771066
108.39945523544729,68.6644989498477,24.59109715467666,7.620651936383705,43.33041004308366,110.43852635055538,65.71672395831008,26.369734733516164,7.099692200415288,41.87544685629462,2.7873552915595248
267.50597233955904,57.79567030955599,356.0813428272754,11.593882383725472,31.171901598259645,281.9203290847798,58.907872093742974,370.54063969589373,12.187568238610654,31.113007063629578,5.88989642112148
82.52816675117471,758.7489489418216,16.222464009490704,11.413502116169564,8.376179104093557,77.19911256683294,587.748613185108,18.170985332862163,10.60067237118225,9.955158093695326,5.356565380316482
16.8675867772215,22.00129260907633,40.784737503397196,15.252302879400117,30.49885616528644,16.475754924726797,20.404347123034658,45.815979455515084,16.310982582463623,35.738825118157834,3.648779800427662
110.65033546854403,163.22608536362392,18.282823954801028,11.259390284203883,23.793550627523057,99.08518945871789,221.77858854242558,20.92785488896486,12.985689861109147,17.22094319233869,9.304069619497064
42.40958281324626,686.1618103795015,711.4445103013976,18.761692064410596,2.6879646698128496,43.75855535833919,226.85517011833142,690.7908355722169,15.72911883709301,12.153441833284615,5.679646352183752
849.8073112770022,45.35698924123062,300.09638524255536,6.422115068509229,31.32574598391226,805.4462858600468,50.683649108546625,343.64627463527256,6.632653491993714,35.822536324772024,5.1325695527489845
440.4322218588355,151.68350148950753,106.9466054580356,9.808302580417156,16.919608443875145,437.9053350111812,162.52264756591927,116.58221163564016,8.990276068204057,18.925358170487804,4.831968806816629
46.70883851258037,668.7762769251909,562.0139120463455,6.157855715500366,46.84155528499399,49.34281655734708,587.7157551315935,557.3600947891418,5.5037209471705335,18.452954734412653,8.13063677411654
741.4914754268322,746.02485662714,220.2420197843128,7.090506679789929,13.17652019574633,678.3560603488048,375.8506928797519,232.24904247618088,18.626927637542945,9.40100078819986,7.553325499679238
549.5577132652131,330.2706187410982,244.51433572786422,8.839429591509688,12.09888919220127,549.9937264787726,354.29421159455717,250.34011916445144,8.004487548073163,11.701668122971306,1.230324751601365
78.57042612534501,67.17091021054487,86.13573538730658,7.44675065474093,15.727681480463463,77.81554565377273,48.71990294680457,86.3532016030366,8.132422401317992,8.663986941216836,4.220373510926077
859.906990098323,717.795675237075,265.4493634356245,6.379831160769664,16.158873568449433,812.0069056214977,589.6577550667829,288.77778418821225,8.214665324026562,14.8823528103623,6.153062929185489
844.0145752459108,20.56809298832047,501.9430877948436,3.360000111798135,19.127422920560647,772.942489244757,19.017550807365794,560.0979743979083,3.7959311426273326,20.849932031190786,13.408749123594472
28.15867227764252,111.32255717202611,14.5888731975867,4.051116253878132,3.0503122731757646,28.01990816048491,81.80373354310902,16.962632867277108,2.93490968790761,4.60449955154164,10.199198763836513
50.229694097039115,462.666867445913,128.64117102888494,8.470469855837056,12.007517560539073,49.66580786519404,493.31798483564756,145.6778961387931,7.918717764934134,11.464210667248876,5.392669345567535
187.31732943169362,14.092037683990155,13.661262010725551,2.4691840551032884,8.859704016068147,196.82361416271058,21.734379431515137,15.436586361802066,2.304819117900003,10.578067359336254,20.24450957948036
738.6079921803555,165.00044286180497,339.11376299140977,7.366067166351454,38.21501344025606,726.4119107697687,177.53097784612842,352.51163407575046,7.850626183032637,43.74511969368119,4.552739762765887
377.55911736492874,20.52528248190003,199.45248455508704,17.500999211717893,47.534210575719705,393.5416141764524,18.71172135220182,208.39250978756664,17.822636721291843,39.11535998519073,5.627632633600473
35.72838345489502,101.29411872175812,72.34038857953564,9.746752289753193,41.046395022661684,33.227039793924945,110.3527374366427,75.62361072550016,9.36722242521129,33.48638557486805,4.798192537985547
24.017386796314526,17.30292437689757,616.4899837511556,12.72959628722124,27.019245834463558,22.35351285949192,17.032207855912528,661.7060082591587,14.63356670144222,28.152050463297602,6.643830174745475
205.70769278488135,13.091210003126827,549.3599075726656,4.095231122914461,12.410040196648717,199.95776525152343,12.671882954590602,499.4910153543092,4.612717949559758,13.793584817755933,10.737686333348039
15.845627358938824,13.931296399223031,11.256608017228753,18.416157344549656,16.94637172489547,15.182189300177146,19.519525054004163,11.643593627211489,14.87313662339616,16.337681275819985,6.167644224880687
25.976298630264033,28.632419632883348,170.788463322479,19.276882389196533,31.086025090909263,23.765536523343794,25.261196223767318,155.570323125008,15.966174550711333,36.151172833792515,9.563431053180746
430.4858029003748,912.1435988201229,10.270230062011029,13.068134012193187,10.996183312391,391.57203506908314,933.5002149004447,11.196256523644491,11.914167772344985,10.498355002392099,7.623038414161856
15.482909986546106,695.5390002287492,11.30653586601918,15.22923661037755,8.989086028696581,14.254808993905131,318.5812765702031,12.363915390561559,14.058648127970164,16.88107946387677,6.731123072240744
96.64020506469272,361.33357726318917,15.667070510830612,12.313485775398966,11.547122170462384,89.84680075129761,462.63846521608184,18.26995061225022,11.805611424196371,9.038618487950512,6.344716387921001
121.65547094282849,65.27448498281227,369.724811794129,11.762803067888562,16.407785775997905,124.47586761592355,45.31935180316975,361.0318196354745,12.210384221407224,10.759377898458053,1.7637941780653317
10.29649888806901,33.84420344622512,421.402011280933,7.490359750602961,21.509772989313564,9.77024844207029,34.46037735781589,401.03928342059845,7.054001545071053,23.359565049322136,3.3881424222945995
40.28893854002909,11.293641693490796,12.000420967366972,16.352956821859298,9.879444707276496,41.726449215206806,21.150574188855547,12.745904394714529,12.671085202339743,7.778375000990412,3.950731916912689
76.78308613078829,405.64317046890034,183.5031346057893,12.57820033143119,44.123148050660774,79.23351743986703,362.554333102934,199.83382545777715,12.34130974268905,37.91994258045674,2.948124255133432
444.63505849116837,33.925896176211054,120.93279697324556,5.976415263912182,4.40402305356022,421.9949192444353,47.54761413971491,130.08139615786826,5.695675764137532,8.609253759336042,5.800472675501137
28.8889989266722,92.03848567409675,116.36989055944781,6.834056135136519,44.47880545955453,28.989710913901696,90.4764925842505,118.81136042109104,7.200923926136372,29.955552872834172,1.8026470936090273
144.1648251065821,42.81492020958142,840.8186882863658,13.074904900983055,46.46690655874464,131.48639994529478,36.85703555087234,732.3140210602638,11.508865787639074,47.342811984606875,13.456886821988451
21.86915703403828,181.26527406026224,572.5693087188295,8.512783034825421,40.00166354740351,19.873872232240146,156.88342068757683,465.37713213207263,8.050128092940525,37.30678242553105,8.038558266666678
11.142775235062965,481.91823681163197,22.195029991907543,7.040577856943307,43.045312291671586,10.74582872806821,499.6938738925551,20.475910536117823,6.992469584853579,36.06249971695304,4.194352830191137
328.80836785284765,559.7363386467879,13.440057266489266,15.686138587788474,5.891260714822228,343.04982178285644,495.781825454398,15.749717293667313,14.084176612620812,6.045598035477996,8.530121348889553
708.2606911629422,10.430179145605978,696.3395865379123,11.32225578985701,5.18306500088693,659.2954634250527,29.16971029950869,655.5931007914503,12.39292593163744,12.302856038921224,11.070913562635976
125.39746794265392,72.91827570439425,178.65902594950487,7.85248935455483,26.611483741124392,119.5778897637684,67.51742303099995,181.82853967926533,8.179891273336631,30.285452283367174,5.91906417869765
50.99523257738349,39.24099112590288,17.86549420353947,4.012026232580428,36.39237099590432,50.6544039322848,41.0119320387764,18.48891780782523,3.0139238471295178,35.10309471269437,1.8139693073366498
10.2047408519561,702.2486099903999,153.36003041880394,4.147881366799737,8.076145971046927,9.485540218503393,372.3405302235795,154.7187521627048,4.1593868509837595,22.545058336393147,6.617385585167581
192.0746721664178,145.61402038686973,79.32851324094196,14.18201578008323,35.550011538325606,200.57195014947564,140.75053203402044,76.09010853238424,13.141093223840292,35.905505542625576,3.8051797208761213
214.1329224435099,27.17018567604385,40.47296397719514,11.066761134557446,40.23955131228424,209.7892246665065,29.761601559026044,45.610789949608794,11.459166769590254,38.01698966893902,7.384029602205505
125.92327479870848,737.4601439646214,215.94613881047536,3.834891347148644,48.63411243554375,116.58855794320125,689.3128998786405,239.0128066041699,3.5549152028593487,46.07053273062708,4.696344003468821
92.81624974266447,29.727017517219966,22.65642129216931,18.599431424226054,33.16082863427566,94.1574236381089,33.148508599535255,23.89643923949066,17.04679069267169,26.429297761152778,1.733067960946825
12.974906605004906,698.7737752711299,56.01060817774838,5.461071303618726,8.233088922140885,12.851301195634544,420.3193740173743,51.21591614679313,4.635708857335737,13.522615624827004,7.693473173842717
464.5612168930548,10.910069884492039,192.38326729211644,2.278558526377564,47.53528054585191,442.1781871750827,14.594823889100413,247.04090681838525,2.3158627069948587,61.69453959473642,17.23531598284376
11.470075129147984,97.55340231126972,37.168310799306376,5.962097940631577,46.35121489383273,10.076398687131606,106.71915914479631,42.00602407869634,5.853817306941394,35.59975001237652,8.554514265968184
980.9449546662981,376.77405023717284,373.12147782890565,17.075251530325332,4.116801973235917,859.9052316395191,319.68412714446566,377.7509546723477,16.700472776157454,8.245488774209038,10.649047172124398
51.217390458507694,420.46419659993995,304.0644317564036,7.179445716868724,28.010877957713404,52.46953690547342,444.2443598050976,309.3773258848076,7.065005746926104,21.391272075633726,2.8341936525272007
36.837561132104085,777.7774468858827,20.466850147630137,17.596076297942002,38.982461869529025,33.16525579396992,695.0026747671196,28.380902135658506,16.244566981839192,34.82638546947594,8.363794211845523
87.63114344427407,13.643977130326867,146.80408257802947,13.406871327880408,33.0788437826087,85.93378784771151,11.46089443158481,179.33944097714596,14.115235001192364,30.804633108043625,2.8974106977367176
169.42674003640226,778.8767504516708,22.99772181005522,5.29219746957497,6.3771580061613635,165.29151376869945,889.9060207599161,26.886136927323285,4.832312106625957,6.333218612270446,10.666259010986968
63.86214300200602,79.62962382829433,11.484638702479762,5.699236535715071,49.41251861445607,59.18642991886477,77.66916313784724,13.452813135636962,5.107881625365466,53.02172795225806,6.968357555395563
17.437455758021837,17.629144135908,60.12457940987794,7.166130553048864,17.191869168395193,16.845882219128868,18.878159370203278,64.44533278003968,17.315328926835875,10.179053228918988,3.6404564576610827
51.27351434473086,11.971515722567121,166.95488399965254,16.286729598592522,43.96240208874593,47.20092780629061,10.776060080422958,202.73397392147734,17.272889762523,44.08176876691237,6.900167514833877
121.86839129196535,37.332592065222315,701.5593954554943,10.111726940100398,27.177516973465902,115.11714123549078,36.58365725593521,771.9806233358579,10.82309774597869,30.588075053957123,6.225946997269858
40.46632586431882,42.74438319243887,15.320841769210132,13.855720706203073,49.8111420525413,38.67422630642283,44.9434175660942,16.356463845929657,15.374508080531468,40.705700653172,3.407941005125593
497.587050040241,841.8345413738867,166.04649807570217,5.403316568742227,6.447173158285283,457.2633301344586,689.2695005850958,163.4012527867197,3.5809804702263017,4.73205280258356,16.02724455482236
131.2174984000965,31.394078874353703,39.44592279577575,2.0885678931034155,24.225383554167337,130.37341513655295,28.96530946567244,41.18492112126981,2.0876947886158193,22.881950375346914,4.0709512827290695
837.6747867372685,530.37176287481,58.31187859895257,13.41595449466977,2.98077463609142,819.070313795692,118.01933054826608,58.02495828269264,14.156452912388891,6.841381463280441,3.4261097449211775
121.71111624988002,226.2327917275616,860.3353157273782,16.52563751191899,20.902507480680992,119.05038777451082,235.6131685657778,809.3598123341054,17.382308210824846,18.346253511987733,1.8853610787808353
55.7936875443622,579.6128511968067,65.50639183881424,19.45515601347825,33.37238583620272,54.65622628527115,570.4031890912895,52.2255138696583,18.25417331059318,33.95043178919334,2.0397024744818384
14.094166357569172,50.423362431891455,25.82892280401971,9.000580971160995,20.715329287811468,14.060915534676578,71.54652694169977,28.89096104026003,9.305850009742928,14.237934149929771,5.994668424534588
63.15081635148845,830.1956181895005,14.029614819345367,4.845868802145046,3.9891323154195124,54.448941253221406,498.1805450550264,15.521908839586045,4.248247712261674,6.936089658200028,9.879946763449974
76.43073971161873,99.89571664962159,425.05147504762743,5.04097488402911,20.629064400894393,72.12174663040216,86.22128104022731,386.72261171702473,3.8803310378622196,16.697317490130494,4.29638104382505
13.308411259836635,82.51332405918748,18.115908328401563,3.894207492993937,32.349575025450086,11.988300911027718,86.91264813074794,22.078882911881553,4.020507360233378,26.026153968256175,8.171953820925552
44.28243565003281,198.77828794618156,164.5178295820137,14.366453881450262,47.89847329763095,43.25173328995807,227.9589377243802,162.65217630229156,13.659894134029837,14.635907324151306,2.0078814550325794
204.9268605610292,39.402984028978686,44.30437499651668,17.37264355205348,45.194538163916654,196.91795157318936,34.920851955784315,44.74947891308422,17.413043567750655,16.152059516019804,3.6408076449087368
345.7331040622393,40.9073638601193,81.60057382288802,7.053209919988621,35.221722343378445,351.5908873606871,46.76628219308278,97.23192474275645,7.5469504125782985,40.59563917238711,10.735319386616567
14.191933596911088,94.48749816962732,144.19364189554682,6.517655058580647,37.31679930840115,13.387726385082331,85.42819822758472,127.4993652614782,6.532193489858917,30.99578019643952,6.502795048003806
44.23951084826966,100.91679417190186,21.069353784035574,5.869259733493715,23.61016449759454,41.82399769705268,95.07898224453703,24.589425507536752,5.966673412482665,25.120733225245164,7.716821565594269
26.11717761768879,82.91169895484471,70.29009029272866,9.954317633281061,34.031138203103744,24.79005398783274,93.6996506623775,69.76000023376673,9.972808176694086,16.52069215198262,3.592091454993623
59.32821992873582,143.38105204395868,182.9902688773874,5.401285354152009,16.328882050037496,57.526159051418865,129.98608228138642,177.26536615600992,4.784060590528387,14.105976337138715,2.2551629518968728
164.40216587452554,489.56484839296434,680.2027380739056,4.332679168179217,32.16353388932747,129.63869616192778,425.47367114790876,598.4544807111985,4.1108277204374835,32.6860400222256,16.938866227335847
11.272725866825537,33.33436974942343,204.49015259229012,6.345140047836925,20.220982707202282,9.749327347831498,27.585525768854367,177.18728515704044,5.774926406252007,20.478889987578828,12.434361575169692
599.788574958605,328.38523279800756,62.860011866066195,5.658504580385053,38.463190050717145,568.2459397990631,278.67902900655406,65.65400075510874,5.1322178581898585,36.69675822308602,11.21253444827682
20.164557176507152,24.471922791374208,270.88514399786203,16.941755460025707,19.411760298724978,18.037688148336592,22.70063839908927,300.4115172356297,17.498151796928273,19.96543392461599,9.982058874418525
841.7151568963307,167.17399668449846,34.90372850752746,13.318454412940035,37.30441569277845,794.6129321755673,150.8068552319226,31.42500713940843,12.027860063411559,35.748449491463674,12.168184607812586
311.0063083846199,193.5803171582697,821.8859183370118,7.905426633780505,37.68392282336525,316.3040456977158,178.05284219935058,846.5633096516833,7.831076562813953,39.52835816949758,4.519022918105818
115.3536224152367,10.24938520502399,267.98396183810434,1.7325739149990205,47.410809291401854,112.0274966963868,9.458662552441076,334.63250514074997,1.749270266543416,53.36933747236967,9.225975193410834
305.83704510820905,112.150570034149,37.55109996668192,8.837096203792717,28.4519330473914,312.33213980417514,109.02917952011316,38.46398285325297,8.48769218653858,30.46841911628713,2.332641341557814
15.216098503050672,308.5946728277278,505.80701251384176,19.08645435692741,47.902159672183004,13.752013683146869,114.64981334893406,472.91572005167,17.75081904402981,16.910792054193678,8.637847951391162
383.82366688523996,24.759508377839897,30.511026699470495,16.990183338308324,37.57724123500213,363.3752321262462,29.738815337515685,28.468857152938405,16.51030560123123,18.77822992215923,4.973532310853785
406.98572480995136,592.8879849422171,78.96458705243988,8.025357968751939,14.165677376522613,371.7738535421973,769.6668347943516,85.61248329685863,8.206945162814318,10.83160003203741,6.360009126999517
15.501548259106945,10.026197575082858,73.095614588034,15.615609044666206,37.20638925439213,14.30143782294238,10.705452675698076,79.32828525244729,15.987771918278499,40.33646166116476,5.7644088867276855
39.75015564837808,153.25343977116356,116.12637796260834,1.4108626251910623,34.01006854796821,37.98547013359359,138.97094158165237,147.0667800457589,1.3137385893844065,27.061819387513832,7.342420262209905
27.91010737594776,727.61114010338,41.673462504594355,11.97837006735608,43.48225315624584,26.1440425312443,738.0835976664697,32.739464359021106,10.91219342094297,37.74239734337076,4.498474325671752
291.35279099033005,143.73335441939585,878.1794408561973,14.086773374927777,25.639787935873866,323.2289690320061,106.47439757653741,795.3149033309686,15.599778582905701,17.592367791212595,8.435325303960397
897.8564545042844,106.09356347818941,88.35588903486139,9.55547968109753,12.465914278984664,854.7333993613566,204.47353189979103,102.43025462474998,9.200987596135127,9.299342060181205,13.0726181038197
19.212722410089054,419.9375819640138,94.6833821501299,11.746831556112998,6.834464332278177,18.583609390986176,250.50677847307045,94.03971360365128,10.459041094678168,13.862430033463566,3.6902417132428122
271.7766890921775,623.734285839658,153.88511418559452,12.774224053369442,19.097034401779723,241.96941090388827,657.8669141025695,163.3103301309986,12.650300160866866,15.485443337186176,8.813945202382985
879.3037435373489,139.3383977092542,156.88668475862292,6.39617107098149,11.156516558605013,880.4007658250101,121.34351635595371,158.63429518780757,6.335052761150263,10.625765191693842,3.1144919936198967
286.762424968496,51.64441910825438,18.26793607533562,17.386273590269628,41.746253214304865,282.86621417340746,51.01552911002619,19.888369341654347,15.824387945866045,37.11851587516185,6.300763039290802
20.622991591790004,18.132670909582306,440.2958477249092,17.282019401272912,13.226160443993178,18.520071046223247,16.79748161230992,487.7903311369208,16.628984121338046,14.385459409480966,9.713634101834364
52.90625547205446,17.961901564595635,100.87049411636458,7.098563672557424,30.297243872600113,49.58738352614448,20.195621310946045,106.42292724247613,7.39819778219233,35.58081244486262,4.753062871909843
659.9975693846806,15.8896058530817,13.246511123924291,7.265137531376599,33.37137646601717,606.4506406860763,18.720718612050746,13.736749723421111,6.854214602611392,29.29878017351735,10.137260494008936
563.1624456344769,986.1284173361735,22.598651883860114,10.388523911050571,39.6435497145919,508.8330928174973,862.653120351187,22.694325032957842,10.593171121187213,35.79781265274965,14.75709426424093
93.90331403987766,25.474905380510922,346.7657979235382,6.642126243336443,6.192587345680851,99.1391807120515,29.020747357560037,322.15543518960607,6.913257789296106,5.430015004048279,9.71067587796284
876.3946249248648,346.8853273072284,67.42546226512357,4.990098554950968,38.859786925739726,834.3626747110488,308.97269915737144,67.4384552231189,4.583215420299401,39.15438735215529,8.71855291685648
717.4902702513868,23.859043191009267,859.1454774455408,11.357936335420979,30.43988518622951,697.1274484952668,20.36184552999476,943.108270292774,12.264389330391095,27.522445635903726,5.8558200006235195
128.78486193733193,720.7466971885823,13.459298026224658,2.858929378398996,16.6961456779949,115.01906490554495,830.9075790154963,15.90010055708273,2.5954589796743033,14.633233880677363,6.228165093930819
221.6017419757165,749.5301359292224,50.627061257788796,10.683954099843262,31.96732838512701,197.16987580805747,695.6534333846357,51.4097102824539,11.191162180605241,24.995004656362607,15.551540070418168
26.628925582739697,185.7577737061729,309.08257809944865,7.781096063702374,41.900992153425875,23.904355110906877,165.34748575426343,259.7985138816723,7.534677386786702,30.979973521531846,8.999289575179844
133.39613747870033,17.667333980413606,271.20253749840293,4.94253674694998,18.95697913044343,113.03052444953708,17.637629385906962,283.6068011561981,5.344007080308603,22.127849742438542,11.048330626622928
38.097412030541356,16.73823572319081,372.5935581209275,18.377738982773053,20.30075588103693,36.9304100502555,16.44870930223597,472.5040654653906,17.084017426982324,22.569059055477883,4.184448882017976
30.00556306464895,75.92916975983216,37.31298885318608,2.8454025842466715,31.664275318461993,27.67352626280751,62.55209485183282,39.519083441848586,2.6005962378512537,47.512122714866024,8.891991424449204
237.78326319536154,233.67259576173998,80.02922440275638,2.609602111119525,45.31972853988271,261.06830409002146,213.0665045106842,78.83871423285211,10.952625064755923,33.67291454888317,8.69738368262775
51.970160220183,226.76689827516293,24.712099163182824,19.359550130120326,23.170767250332666,51.174199231303064,207.81029318779895,27.943894218261736,19.82127654441956,24.280110362868122,2.3412210027312232
129.57216195860423,98.23077645135963,705.8772680981187,15.380089649594817,8.450232776969978,134.46959622528297,70.7341199391919,670.6822948056437,15.698797504859028,5.050190233198494,3.634153031473978
45.86955501831889,27.70997911263663,24.87737353766888,8.174460414863027,14.52624974332139,44.795089802357786,35.40171729539824,27.289054389748355,6.307333344216946,13.243592436015154,7.452063865011163
950.3299843984956,51.4012059837258,215.19679356475459,14.429982815858247,18.940098204793024,920.9851008752638,44.03004073953321,206.72076168266491,15.167217882769005,16.525195886892558,3.038474602883725
283.1929968101215,154.47440112639455,250.26932443969682,2.226756484386175,19.779504165065124,275.7921382481963,168.91348128309258,225.49861835325797,2.009665567924102,24.02967434913249,4.7207317270295635
384.2069816073089,11.147521347563607,33.58476933866959,16.896743443473603,16.04878676946724,371.0422529341371,16.826447986311045,34.46504564034263,17.918917117675786,30.173189559022408,6.1467224954363795
509.60340058306946,220.9080139913583,14.064238408727068,18.736940612022998,34.57944724379648,504.31708258194794,230.62387143818842,14.286036025634985,14.768150124704645,35.32838935855605,6.896256137162095
21.830979402950035,41.70966432558159,37.60886151351384,4.686241581821237,22.221370809128455,22.16488290421395,32.4505189541091,42.518808282351536,4.466875011139457,15.86955311177308,6.513953866817475
10.160736203761342,328.97563008140156,34.79902907185184,5.368559412320099,40.77362174513748,9.911747687618137,413.8282867832016,24.762711038138786,5.289653811294929,35.06037001225646,1.6935083853414827
573.8946472908381,87.97663447214897,10.307589910374892,2.075506553258759,32.366574917422,550.3450817896136,82.0648645283686,10.972498137486584,1.6223618055138085,30.741674213274184,15.728035252842746
189.77451790233428,25.565670192034467,306.65642014673165,19.607057912994755,44.336567356611425,190.03634852484728,23.162670489289834,332.07580378641524,20.689659661847415,39.11896004858117,2.5625892773643133
166.43089314086444,18.211732058769115,76.5763507183482,7.0294717148199295,36.22403160940787,171.39717029454573,19.821537315311865,89.01377853540453,7.1352789370292165,42.12044957983357,4.4382271428281905
426.8797907925559,796.7791992396844,557.4325833285479,18.096815230587943,13.01827755577384,418.4071709611156,620.0080336169852,480.7823062997216,16.16065672311249,19.58500347427409,6.170563472742935
19.003497873758498,21.82554220111366,12.262003276759657,12.960448136776254,35.13370570642793,20.010786516772516,25.89999495049144,12.228648674313641,15.596250920134862,23.014270842675398,4.85446924018852
66.62482362951441,149.05483756566656,294.8766396692628,13.21249698852202,37.43704674743984,63.60442203009657,119.21494682988529,274.22655699102205,12.52506724551404,37.841347468519714,7.847518929623866
15.916948752611635,20.586356544309268,67.65125142627075,7.013977282556029,27.34789864954252,15.5159610692292,22.59228899846207,68.52631936861457,5.9877343467343715,23.284216467380993,8.302189909381658
76.77643359849321,58.77249059741805,212.2410275261474,5.061999329331009,45.55697986700745,74.61421820811553,64.23224995755399,209.95701514136715,4.561307086785027,49.319845031039165,3.680994510399407
62.39857981609687,10.290904076995272,435.8978068134049,14.837292655768328,44.804302955236636,56.452906843169586,9.040641301425637,433.56539895212563,15.212540008552406,46.7660790023464,10.601392351937317
21.540392928156066,464.2478002952025,60.63730024051247,3.789513033209511,36.893198344336085,19.99335312787789,467.3585760568793,60.92338022016569,3.7698301168219337,34.97833827897966,5.781984553517675
74.2978735816674,577.6068429257017,333.799181935145,3.8069731624028678,20.15955766104545,75.43247401217023,597.1701211867894,338.19855879266146,3.668825895324612,19.48651766533151,3.169582742696595
476.17765823055385,69.66868548607475,591.710737690998,2.48273162008918,25.66411400042364,518.7577376681774,86.24033262506059,625.1902462190845,2.340085233591326,26.882923463970602,13.963569207920928
18.742939374110218,24.3701464197102,363.80919789502406,11.299019651265342,9.698539113365994,17.000734667879033,101.02406413387125,359.4597601463739,15.335606765948622,12.60013046934933,6.721608574675115
56.689691335350126,369.5746985530772,14.101266885397207,18.041406952874148,38.36679804153649,52.90667227414875,381.39751311847954,18.98473809632237,17.74150092353121,30.5526261651719,7.348586635140306
30.319753544798054,638.2894170095353,43.24958618124562,19.207942998405766,2.198467991655132,31.001187370801457,121.29731316223791,44.42727796529998,18.84788687721744,13.422740781927942,1.886817588340897
314.2707245210654,17.96564961788836,440.0700313081228,10.992638216541893,17.490829718317897,301.37706218350104,18.71256429499374,476.2789549765933,11.515949522581334,18.078022744512772,3.6726022927088473
45.93947322190076,65.94015275633201,19.71498465437642,15.090467771297567,15.453646687921543,44.24279026096153,92.1539946784102,20.840490360248342,15.356164537616795,11.137739527811176,3.8785807295305377
32.459406646380764,10.698835731565692,38.59872879830363,11.615031591223064,25.489051076233885,31.439737958881178,10.569678281885034,43.225382542392246,11.417078714975112,28.421910568569846,3.1985628105040407
94.95489086356197,22.311041058547385,163.47450010897734,3.2080525434465192,11.486329593411858,90.40166542948731,18.615743291128258,157.17282234049114,3.265201288452412,9.72098828535248,5.0940926245664855
33.69551390332944,22.117419391453254,723.6632199838559,1.8170617640609703,29.127109409402582,31.895364177730684,23.679999906871654,779.6672603723605,2.0354327682891578,29.012407193765036,5.673874884610945
80.02292398446188,350.6327919948378,144.16431233373476,15.941226805079557,19.701732885390797,83.21267105154016,451.27703706042496,150.3269643854629,15.710408011020334,15.197609057117768,5.20347108237361
89.49004017450834,200.03763206767127,89.19732444919104,8.75242343877509,19.80719801176197,85.61978757450453,264.30868316526664,100.82972310365585,9.67572183465354,14.056965235164238,5.942293934346017
504.8493237363196,207.85290997540642,867.6159468992105,6.026670196039449,47.41844617253189,483.26081595258444,196.93115548313259,867.6301480364571,6.0769236157296485,51.24605175833757,5.560900088620251
35.9379227202589,10.530814102711147,228.2552922240252,17.44055964574037,3.612362583114656,33.00467544265523,20.42536789181391,229.34626136248735,14.452539475257595,9.314072391759588,7.420702405372714
21.345411597261297,14.090835187918534,30.534892190625335,2.050584153413902,15.293155374649798,23.73503442845248,16.14726154487271,33.11086175662335,2.0388273625035858,15.0611081732426,12.160606450000246
442.1951086298812,243.9373276983082,508.00456988562814,11.480371823722008,15.665391665755749,415.46607576967364,172.20854653306708,490.37550243327445,12.059082365003489,12.677883297232443,8.202093553210474
11.792237819702814,178.6591626376722,208.53715538214485,16.487715148823963,6.935523155337614,11.138312962062871,153.63519037455336,192.92520968641503,14.851214657352358,13.287460583396316,3.760068997726218
464.90385258570467,959.5121304543171,72.81027541368952,9.275610107160158,42.86960707443629,389.4684498596288,774.9817791415488,67.18574089149277,9.105086525123788,40.18534796707956,18.379092203246326
82.5223621471536,528.5411131658853,188.17898498605422,1.8388015758571408,39.10632645330815,68.9801895212665,551.5800539901896,206.58752842447635,1.7515560028378754,40.71880170253067,9.387738302103745
289.1373064126647,69.71832640859218,315.3394515714717,16.087966416681397,5.173344558904873,274.091760041309,88.27935823904568,313.46156313587494,15.330496626102038,8.20148263420631,5.419924022344323
491.38621337049136,359.0176969142998,18.438625548003216,1.6610321944047102,10.200184778515716,453.8066144092106,194.67445564448104,22.707332620035363,3.642248304065512,9.605432377033415,18.336124607457407
288.62038662063554,947.0747150467863,92.0533363213463,8.053570068887257,31.07998181478624,244.90724851764554,911.0214300573373,87.3647087979256,7.957461292741184,28.21419025064857,12.939430492672527
26.503555103890168,409.07636009472907,87.40148855765972,7.626898575429587,7.360255134296629,24.871890254756458,323.95735837313003,96.85707554639028,6.839078756451885,10.153013455423615,5.566972305761246
848.2587437094137,85.6974957566709,735.3219187376949,19.96189621674238,25.33740380411939,821.0002667421436,100.453999997173,847.0182887880255,20.64532220546766,31.807764067915464,2.708445131583639
10.676055128333992,179.0980980887751,684.2901992408536,15.153704235525739,14.736253000317598,9.922751239731216,169.44763619180685,579.2876636932853,13.246945771564471,16.051399815782883,5.057584211699212
71.87965195116017,419.31897274295864,10.517156781525708,11.8437275837678,30.618033549453376,68.68290625850533,490.274686249256,14.940707233227256,11.82528158453551,22.77950152354345,5.431994178150296
257.7333819837726,11.578340665855306,26.18893451807782,19.92187605629063,30.654166436147488,224.6071671410727,14.923713619776933,26.561085101692907,19.93851647125049,34.05183672990002,11.123410732038854
36.300408892157456,35.500310386579386,31.961599942367258,14.534263770171648,44.57021291224033,34.78546551751027,40.12736874354534,34.48670491812032,14.68571705584658,17.66204515568547,3.8561896033553396
817.2744927473351,298.62276991851473,254.5908540868144,2.007153621166995,23.20025878703538,814.6231090077637,369.20675638430754,266.66394003713947,2.139342375273405,13.41073288526647,11.748029404771255
263.38177781114507,349.4705592245272,83.83790705324465,5.527928026178177,29.318747798802193,274.9823911919563,285.2612753044743,95.67177914104896,4.824751673726034,33.1544382010974,7.397442812849245
38.14085598218161,103.5625065736792,351.4922305155102,17.38882492441162,3.9297738383673013,39.19586528839541,150.9061521215508,339.25515114647743,15.761276472558583,11.307162340241163,3.8650612540853557
425.123639242168,98.91473990326085,97.09757635929745,1.649548300139088,46.70720458382455,409.44149906598915,108.56957962653544,100.48065389151114,1.6282510048978913,13.724107038417452,5.178528719780049
14.845536936169557,595.7798599646628,725.7834453404568,19.808699307769203,30.06887798229364,13.962624164306906,123.16879480393582,628.7939624011422,18.216880502763313,14.421002004931413,5.535188178385661
438.6606254798927,496.3879456043742,20.051132607750432,16.38899348395046,25.06255995492006,428.19129322843185,426.1756109408048,20.25319233189871,12.608516409279208,26.843034022722897,10.784010368545145
430.81127757309844,333.48816637677965,63.704010824969544,6.1128098829676585,36.058613780550395,407.48886437118716,286.12308130871014,64.3682923904001,4.099066655221577,34.8956080824547,12.647441924429634
61.16461815255745,305.25677364042366,88.81476333040345,11.84388151628468,17.07943462776044,62.11376503823382,371.40521642343816,96.69969703290397,11.72073104570113,12.176907959323527,2.2656677313987026
35.09789747539134,12.947165343796472,377.20563859701747,15.524465089294337,12.733633540281712,32.75314205528734,15.211484669879459,478.48491974409757,15.884566401107444,16.157326755983433,5.440987440707901
658.9329959196458,41.70018034988423,19.322544171644704,11.890243385079502,20.922170749505888,565.9576838469162,51.614548937882155,16.751597583663145,11.921158240735458,29.43664015250944,13.148022466306855
13.481831510028426,552.3037835641155,44.68779969031247,16.131379293289463,39.1542077965894,13.301415488364112,494.76294413592393,37.88610499891599,15.130324995622557,34.177917741618515,2.4296591353196
61.64771644535866,34.79654653525623,51.33651729847472,9.142062728883431,29.810211439255337,57.04074222481225,37.16573963738544,52.549350004608606,8.728654415132937,38.50596733393852,5.271651707833349
52.39226269962061,291.7151115288879,67.29688971671348,2.206241345719971,33.948076149503656,47.08328419548242,314.2283721491511,83.21255731514093,2.1462215434610377,31.76446799975272,8.34671623957044
90.95658570779176,529.2109670079556,192.53284891075896,14.117637135794531,49.18338423372355,97.07034088717754,498.23141771293024,203.71836610243008,14.160454529326616,40.60853932272394,5.376488329030214
146.09673799811839,42.09939993854007,633.6235731933143,10.038643016745803,2.265621133465199,164.353935923206,115.86448612509948,645.3639866049734,10.07209419671237,7.885316060206844,9.236885853340377
28.07681175192267,84.58828953726935,62.79661766751182,14.578442661292716,31.370239116394128,27.385799823291023,122.44424604629006,62.879456815291526,14.654718065746115,13.966361882924149,2.314134659669754
24.410980598527324,48.9251750197403,151.6136887995671,10.625611655437218,9.133752141291382,23.465792300049824,53.1621154822305,144.19461388198317,9.451932014611655,10.39183988430557,2.696166712478854
49.376280047960826,20.814235897100506,22.538977632620302,6.606510204124319,29.963188529669555,46.87019856694572,21.46483213621369,22.866574438242214,6.24528454838106,15.867812644566193,4.258503914956142
299.124650322813,631.9275488458338,764.4929099587549,11.257530987912562,36.55514218206565,307.62682954595454,473.53786237466346,707.0815161715917,10.18196171110511,23.33191718531264,5.658045389717346
179.17542174716345,44.92382474538274,191.92106809086275,8.832913332817427,38.462866510706945,183.92686931383764,49.164668478434336,192.25946616034304,9.470070287509596,43.28919248759309,5.899104011476154
110.90205898965247,116.21865416833009,343.1012297541423,7.867625382984275,32.97437488492884,111.72958558846176,93.15917436527376,321.5072370721011,12.793667268237144,24.668720232062785,5.684085442144363
488.5530330906262,29.268754454358252,153.18586951399317,4.07531251190624,29.609949277561736,473.87070883711147,33.389503632972406,149.9624240819576,4.081152236592979,37.31199633028116,4.567372651307441
43.89861951196955,99.05017020102107,429.17492102900275,6.041509157092172,13.107596237311588,46.41069800118615,112.5105359092914,414.55870133124006,4.966907655185848,10.929507050992095,14.662808496784407
181.13928692433893,38.36749312631262,57.04034579024598,1.4056670057563485,40.317133224179415,163.14469784197138,39.13381142550256,58.07108756674099,1.4969897414815003,33.67910280918738,4.779790943859782
513.4797472458205,29.274582400495547,40.559215379027385,10.856984431619031,5.653735362260501,509.54273950359476,61.93339399337829,40.46122794755154,9.676316884784109,7.562748143640745,3.874259162980145
49.312965487202085,287.81833013151453,101.86679628379271,1.438068786708055,7.248545752238417,40.39882964432186,368.1433057959914,120.6702176336857,1.64344609812053,4.7817729180502475,15.662182549312481
116.67226438538069,37.478661090621436,185.56729214343548,16.88318773877384,11.1197968312717,109.06459423259645,31.48652770958121,182.38298648296967,17.638558637871252,8.592500477078625,4.958484440968439
565.0592569496126,280.1374557759501,11.561370864648145,19.791377281472112,30.257538599034852,530.095169101895,291.1713450502462,11.395246458274418,13.151112218307652,34.24250692642477,10.84466627991244
226.30052266362398,627.4858737452564,332.1645490095691,4.339118024937756,12.581585475326516,191.78037685112866,626.1597441117439,280.01465792676555,4.446211175448629,9.959433862399045,14.480652956156082
45.068812103906495,16.40874604005466,730.8531176816676,3.3503723160941172,37.50749177595098,45.04014409698853,17.084379371614133,705.1880430727264,3.6528035708351156,37.715566459391866,4.269071226733848
210.26025740699887,866.5191921569036,44.158935579563014,4.247136917208482,16.986905731907225,202.31708810567704,801.4244175794155,52.11067528966073,4.115413116920464,17.052893698234275,5.679232686974511
74.76597739130807,26.14892063137345,12.363168836961654,9.789976070171885,41.10921672887321,86.80080870062838,28.786765864436113,14.126820045552414,9.038409330940896,41.74960066258954,12.911245083814038
600.1313368853467,62.28309321491018,495.2122242958473,15.947756605289769,9.076677296717037,552.0073446603599,79.28714741162413,452.0077013633477,16.230296962812446,11.343082170971863,6.407969398859663
513.9466617660893,23.90072447965475,501.3219598170055,18.165886735893046,42.578053962781745,557.4738171218589,20.358818236838736,509.00218750647605,18.181652966831834,35.552990901099335,7.02454689826373
13.60051636958061,623.4566000927723,120.93526812462297,13.710833010869452,47.945030285949215,13.568269187513502,534.4164332459587,108.37724080431117,12.789838029576748,33.72977812944049,3.082501726065343
272.8970376930033,182.69995757681588,536.4170416736853,8.972454791790241,29.67707048240037,280.6255534060798,160.6145875842378,560.2799011042829,9.160311741157846,28.48658958691203,3.64120507135096
71.24050900165605,10.213299225754408,114.04503360538406,11.476308612972188,42.53957729361568,66.54379610636208,10.940877913029714,169.47681024289653,11.922451488967239,43.02469846099479,7.378662168571661
37.42169863634029,37.957715028958944,114.74014386553544,6.085818141355524,35.81110287343564,34.421182829491016,30.047075391690594,105.86684594748077,13.308929997157952,27.825213130183343,11.093538808610433
787.8733348712112,21.35830905011235,457.0325883352508,6.347902849153787,3.375470192961224,781.3591082230492,49.412834782452265,429.1895898496434,6.437774155112264,5.9684031464165495,9.060644403715564
365.05845424177693,784.8840674310383,76.14976404435936,2.839422248938286,35.08759765126543,314.96303393796296,663.3443914985232,78.28084679849296,2.6684743629168794,37.002830892299286,11.850078565410257
60.20416421408245,154.50892489946773,75.00210443525187,6.21835227583763,7.430185744572998,56.45324344686181,149.7947025594201,74.22394764425118,6.983205388269692,6.959049153244274,6.3985117759135814
13.28003502584463,57.14431354885513,49.4601710756933,18.499402692945377,17.62740322110291,13.156204561756912,47.33218638747567,52.25733907968791,18.961431440746424,12.853060189953533,2.3368513376273983
104.6379994564878,15.768474099231954,366.21143953326424,13.591473128091273,22.561703732433095,97.00772370795198,13.687798667275908,437.4519302977875,14.08510772694112,22.512180400041228,7.45476819586905
170.51117452911058,38.86814425053372,165.56628366145384,17.89615692134672,32.25165464307805,163.96968523365967,34.6823417994751,164.79166310962208,18.249888566191288,30.40113862926833,3.898656545557482
22.083133286858526,845.2234898186636,184.5971748286995,6.173454692528155,11.559181424830774,20.48413449343877,579.597993037385,160.76549283766204,5.506181273205975,21.484433464676243,4.000840310355554
293.0769039730937,54.043604840457135,310.8591287518052,3.3588502453028886,17.927006012369826,294.8112173418722,48.11341511305762,291.96167864760173,3.4261784337285732,18.904472794571145,8.24711713828446
44.607271338891785,182.44847448318896,406.6597953569726,5.324156919027557,28.626681353545916,42.27203193774954,178.9546689443784,406.91846254894665,5.112756927623657,31.23465060424278,3.589670689696397
38.964592463572636,383.90681011438085,319.94549651119036,2.4047326835745224,22.17922214553133,35.52531634294979,377.7186730734615,354.547706302441,2.3645685183541,18.595250497224757,6.063670444143908
225.32360324188346,69.46221499855798,13.969861946743576,13.24709674002866,3.0572301260804444,214.1833843446191,41.8381706100572,13.336253880298282,12.173167261298714,6.30120131421943,8.518003752613486
388.6532335262233,723.0118587654458,24.32740506086435,11.019925020469348,45.68393777423292,341.3062694642425,618.9154605765566,31.14553588198415,11.504363789727378,38.90796119984741,16.727709956423585
33.21958592955591,930.8853767840108,808.6854950087053,13.02801894720531,8.555493012949906,28.384555025821804,273.70367505486996,768.2064912872512,9.931856555522062,13.794560606553425,9.204700511483503
101.33981191452729,11.051906496286941,34.048131071086054,15.690531356835933,44.11714705877458,99.83801766596821,11.719492341150053,39.33076550106914,15.23116455577175,49.227305215401984,2.548359290925203
86.90876166988687,282.4412569700668,11.366325960002518,17.842133855387818,7.429618258458376,78.83364188854605,261.7609659821012,12.54753693263078,17.13758787974671,8.47534097806605,8.38545164045604
43.65763560775084,417.81215039819136,15.442677955781443,14.654498583887099,45.37669438362658,42.40149522411814,498.6582111628697,19.255900520498294,13.370056540908532,33.37173059955886,3.747613022730966
189.88448616084057,62.7053072969818,59.08724392924871,11.396621222764812,14.161667051004844,189.23525233234685,80.77390886282836,59.50121009332186,9.919382242906515,9.357269490523914,1.3277274408324835
15.008593800787338,200.06351128528064,15.85532819252479,14.556213839021346,2.656425201065197,14.452821285939065,83.53496114625673,17.226312845389625,12.360978731431954,6.575635299101649,4.099947752138519
106.34546741879475,300.2733511046141,12.160676485533566,2.821942557355718,23.89579407552773,94.15672922536137,283.9371563815095,13.38765419072224,2.838479892268222,22.591121523493403,9.361392455889247
93.90447822852295,715.6765225997144,507.42487097772806,8.286948620349893,26.81946045633495,92.48585749129394,696.8461845195699,488.56990632258584,7.780016871078414,25.234615873094235,1.7001898017325014
340.39458856362626,185.73378737679852,75.76172770457784,17.69319240972361,26.79567744788333,332.878732530152,174.78609113761684,72.93336070773972,16.24652265400655,28.228648539381506,4.398592129042515
70.0822349360643,117.59009679288114,393.79005856293116,19.964965072166905,21.765755870201424,69.79608240930548,85.90782059280757,363.90723386877556,17.65723546902109,20.562545763241424,3.8418968093411685
38.4690617280215,458.34914273050066,97.25677593500173,3.570844173049811,11.68225978965387,37.894397418649376,506.8930636279428,111.17275573495002,3.3826816245062137,8.980595320472906,3.741988216968241
13.592842759779888,55.16634383619159,227.81923234807763,11.541004122227024,15.772860028399094,12.828870053748107,51.38234197030866,207.74058611470457,10.439246664840756,15.513987892069876,3.6575153360119037
184.69280817762285,117.22655681410714,10.265240994135654,4.930277196039388,4.947179647735268,191.89918416933236,38.1799359412386,11.866128334774714,6.231665646370884,7.349009858568981,10.240067302671099
13.646992735709023,12.753054122897018,10.023917608735605,9.290016534190999,39.18194630202702,12.743158596708952,17.707299848048034,10.607687853039431,13.933498910352373,25.08031223203037,9.324792266109435
687.8556273623933,585.7967881231817,108.97011572854312,8.983988119519655,3.118803678112302,701.1999513090097,182.2456463278689,120.32733159636592,10.967784007608097,9.008865275378854,8.58114558201708
109.37523322617913,657.1924054224692,448.82490199315106,18.101375656455144,13.851929835004093,117.07278641367391,459.54762900977374,419.169796507375,17.04521799598838,15.799323888625425,5.7810961980910225
942.259189377465,41.08939715019056,388.5166690001496,8.969938716687903,12.634665423300662,869.1225056858733,33.8031658312815,420.00860812417625,9.460200208103863,10.561550454871039,5.31807376672392
49.762846590739265,612.0076383481648,80.73394740144303,2.049364102579929,32.45702724347157,47.37227768541618,636.0464418112572,94.73041362264607,1.9121275954557744,28.675994383454917,2.3660397966272435
389.17625387001567,16.573212268530018,87.09677642007537,2.8585403264896296,35.790138832717766,423.98459424358634,22.99803393100637,89.1149746090787,2.9048981643620273,46.33654746496679,20.12151683213011
539.9388416423537,45.59842077702759,10.124903466647018,9.168423118617277,5.867409140156905,524.0097752777256,48.67098058091138,11.004059188262344,6.713657459881631,6.45771069506644,24.273698011569266
133.73614865687298,189.3922856285988,194.42825221108438,15.796916083214624,6.547772917207409,132.0162120300734,149.38217210365187,190.33049336122798,16.18344485129027,8.642779180032058,3.753376419299506
97.9196635167173,65.88436340730256,11.946526502292794,13.032809377516646,7.610060430186495,93.8679256990952,38.49048569869513,11.368495115354836,13.71129284139548,9.644626425786877,6.095315240047622
89.50987576807212,213.34949221617183,57.1388021992792,2.615170080470948,41.50575148392425,86.91448925292202,212.86149588320944,57.243712741432546,2.5323503643746443,47.00064455230773,4.336053538127876
896.8198965530532,142.22441416209918,172.39923690154518,11.607849470670613,23.856961764058678,858.1305321486764,117.49027832786652,194.51215848348372,12.569547195230289,16.48496636052069,5.243941246844671
339.0148156716745,231.2097076727441,51.433900624439254,17.627876508471537,5.546558701554206,327.6190898939293,187.54939522336872,55.948442600257025,17.113991401841876,7.816934956896834,4.721571481280006
12.65158385769067,26.84317212940362,24.629589429793004,11.744948845997776,15.876579494350205,11.773325333628495,25.783513794603,24.471187454589366,10.506258429916857,10.417532381938754,4.809598361802698
692.5315724480731,164.15331405904485,38.36593925844554,16.860230202375092,28.537507165411164,658.9540615830913,197.25758952039826,41.05685795420761,15.547507043586435,25.20182704853049,4.67374912872848
251.21697316546454,176.303990109387,10.116254883157481,2.1974019069747754,24.73283785971257,320.7757032009099,246.60322519508384,11.184010688791734,1.5422528829395783,25.333448739006847,30.291436554909247
399.1666369458847,509.68439617925657,20.27609935983587,12.070966772884418,15.694975692762263,377.0548291410081,800.7616222635212,22.928538679969336,13.988613325571832,9.442005987883604,6.197079013953344
356.7618047125505,64.88701999491963,36.753519917506836,3.850706285328055,20.92052377980471,336.4153926113367,89.41677867068333,40.6062194207921,3.6487829911917604,24.007824350066425,19.798967433805622
110.93314362653682,438.35182474956923,984.0723096440069,18.25396874374769,10.68668434958784,112.46395940657256,261.37427980791284,975.1828924915766,17.98710465282383,9.196076358005072,2.2301781119920743
114.46280624023932,498.8512246444576,13.439180232647427,8.079141881653538,22.88856776518132,102.60137270938313,617.2094547467918,13.317003850088295,7.5611002405047545,16.727618928137435,9.485272922609694
542.0811101428507,39.09443941339958,37.780959394384396,19.691181949392107,30.952690339055835,503.4262249919867,107.39626468353656,38.0823419231887,17.2398134974704,9.372662762294839,7.968758131337294
196.16993684151774,29.24680578726615,122.52317135731917,15.362810922076886,47.089439113892126,207.06760668213815,31.666676136285542,126.48545132956416,15.430969091359987,42.66623375060226,7.931637673115343
19.862407141499496,37.44486742882066,675.8265544154455,13.460387583378779,29.40681029975991,17.933460749678222,38.958683369740235,669.4570974891353,12.506354657952238,31.07696381350157,7.004038796580801
75.25633562587583,16.811632826942123,365.1466933314927,1.894378147518608,28.104853385095435,77.25496532373921,18.68899961989517,403.2513854624157,1.9429447968948566,27.9852896077996,9.777485061712241
28.00065827900666,164.15762369403342,36.36577686685725,6.446785535270322,34.15875799399339,23.631509298836104,153.8031426241636,39.878091182908136,6.471271250676452,31.59502175587983,13.016834574309144
831.1863253804312,12.353092838348603,190.66711626003462,12.805239301082597,26.997821865389,837.1785835294256,14.96301595866279,274.43840844726424,12.796532038018261,37.573816894638114,2.2418469960883844
105.02949703288927,658.9329678363299,155.76564275893185,14.331542442269276,15.58658416265459,107.4997384931688,589.89949262099,157.33868226744966,13.627421505573837,15.321203682919599,2.5784804816520976
27.945028889088544,106.61818964102869,17.73167898985679,1.8029667983783768,40.128595230020586,22.62742740004227,90.26793000826379,18.51884973232162,1.686437475271516,48.937938061333895,14.270693546009847
579.1330318999812,37.82363121312697,30.39001821230507,4.493123028791473,19.040516459212064,522.2522592605545,45.14332044823851,34.477569100133714,4.291786463013968,17.98275065127357,11.915532112293704
478.4447613252457,606.2490852222852,199.786755610446,5.603034856803766,11.585843463724634,413.30926672660485,577.2436780853901,209.07687822882988,5.1025342374272755,8.568239928628117,11.339109427923056
325.4402299040318,21.039297114696513,766.7916308576413,2.168786921349464,48.47981027263008,301.4276140568155,23.098724063684937,635.8514352784147,2.1772214363344973,54.63697348893495,6.013373567995781
876.5480770255504,37.91950041510799,13.466640709743727,10.642783915823676,11.473604835405053,746.0875992921403,84.37521003522058,12.937392769507472,10.247712841205221,10.14929548607852,11.623952523595932
26.471706981567266,288.0532441255009,12.807682535165847,8.819121873608104,21.52845419065338,23.759636734028206,378.4663253866523,17.67310933998359,8.604225976569746,16.461157188534894,8.357868389183666
722.1540315853329,219.43941721307624,16.068067261225202,8.450567793401031,43.60473653420221,660.8594351627404,203.9164283991007,17.941025909127884,7.2548777047949145,41.63149227670962,12.037896118010641
428.11450338342416,305.86662580605434,165.92802490430967,6.041735826054562,45.62505605578389,419.0200262238141,240.74274034954257,170.7387800598197,6.2466088949453615,45.24052502771041,10.738616980875054
81.05567418253648,433.2645210434588,18.216932389582634,3.8672449182575748,15.114171907622152,75.59053097928535,566.1798473083588,20.866628171841715,3.9658760156092177,11.334557685287459,5.516002421943717
230.49537317384414,120.32439004070312,16.505480504896738,9.027132823451554,34.409709854604586,229.96269963297573,105.83724786642094,17.544939220355484,7.049205446435771,30.403821585036155,13.504873019691832
150.8793914141049,39.119370661415275,59.97752218969104,7.128711186042065,23.484724641460854,150.9445347150926,39.48452256732704,62.8096231312489,7.960533871374408,30.83897689154713,4.32845286302624
24.014093974195184,96.48434975939956,19.87974654542513,19.622844625173038,23.043763795242278,23.388445119053287,102.71603035039598,19.790458584000085,19.7346376367816,22.82165671309102,2.1978702334674307
20.269380161118114,15.69205427509651,448.3840132575594,17.101213086770823,15.508467769810812,17.87814355906819,16.180400508903322,482.08800316792946,15.937424417699102,19.127870529541322,10.994501999090295
165.22836866696636,10.230861599500487,17.712568124299732,11.62387599148491,3.990595147488333,153.04785200235972,29.289386788281842,18.478274742698453,10.111179098201049,11.448966648801457,8.384472535285227
31.460053460883767,10.934836682020963,64.31452570444559,11.193243301607513,24.058263260564008,31.09325438412389,11.109383309605855,69.47092870644337,10.895624302414385,27.757857544419874,2.8357369087648667
33.206748164539476,664.7282495990037,19.07060635250616,9.89914068803969,44.133898607623564,31.27308937682644,742.8381459027169,23.732786770061328,9.195432509837413,34.927525858124866,4.029138513001803
73.30535950858122,313.77457598128257,18.132704365771335,7.124274605391302,46.77810366240567,67.85023143186429,346.3596847175953,23.63520028957451,7.2997757478546355,39.49059213885041,5.492435507057099
49.092369680045344,30.46967597640675,106.32617414149479,7.321618378671119,30.52918909099485,48.02650205322264,33.53006942676495,105.75028888078938,7.324359770759946,35.45303372697389,2.4429229068006193
22.84238335864274,123.04449703350842,549.792539611332,18.37212383286647,22.96394697786901,21.27160774919837,82.53466242841498,568.3201787227476,18.02940917704983,23.31486739985616,8.557380336518348
102.178214966958,153.44164180896163,109.88093509508745,5.7227176460595,46.3665475666254,98.31422251109512,108.21527638013521,118.29338498670185,4.7597116250322005,54.79794877736604,14.764352457099971
207.64828247101772,445.440034142147,333.84998994381976,18.953130442133308,2.290281665051957,206.32534494974388,203.84278812398614,326.02306339037506,16.104576968248203,7.387387727667384,4.224862652183595
90.24253769460213,223.8565736399913,122.09961431087066,1.092491444390475,11.915046341972936,81.7372161837416,297.2204733925186,152.27255083316,1.364637521223515,7.045439428387053,14.061328791725492
166.9153329316853,820.5200812977896,682.0606470830741,19.528238468200676,19.897041062414573,175.5477481058343,366.0011106503565,676.8071227824055,17.52126672397079,11.30160720898821,4.674088293686229
190.79159650917904,369.87021439426536,33.104556757251366,13.896683951957966,32.54078256000166,173.5744748787628,427.7868469858291,34.58892640368726,14.821965594949539,24.713847516503268,8.053093552049422
302.41325373368363,28.315789961339636,164.75442454145755,7.952688899728687,10.142805452198836,310.19745142713776,27.105013528581257,200.45160191143512,7.98979043068195,8.993131034234112,8.873703859688689
250.5219729347351,967.929841212574,36.05990653656132,18.262226829446167,5.689740921116476,257.1169211791645,626.4278629659842,43.45704433410023,16.666086962260362,9.402171751918509,6.1675646652473475
589.1776124021416,105.65694078488535,49.33167641928863,11.528057676810482,34.384022713053994,588.1820913074775,93.33442834611886,47.242547569642035,10.580698358100092,37.25501498305309,7.535170080874728
918.6750094386099,98.80843460373458,13.021831581916002,19.44648910559173,39.08995472009981,831.0666177435959,135.13857966926614,14.948670327897986,19.42019440021963,28.418478853071324,8.140939510318844
378.88537564529037,171.8646331311174,63.62566459158651,3.825397738528959,11.589322400825768,386.16774297487467,221.571233639289,68.88741548713317,3.742851343820639,9.685107943659313,8.260378871354462
441.55854923740185,389.48138697067384,611.8611557776893,2.191294277958744,37.52240686052987,447.79393748860986,383.5476289542372,617.7857023632221,3.591121354802538,40.695814431651655,2.4400150192458465
702.7306946993576,18.95047519862146,420.91857173282136,1.3428564894913273,41.12375217960432,723.8734482131229,21.790395593628617,643.1951854625567,1.2730263121137506,43.39797211691986,10.668541437782423
66.01069830973731,14.705208823293693,17.073369501332294,4.704645688276322,46.05586505886143,67.14085064313267,14.716249504598492,17.32890086971592,4.588028137985493,24.919752951436216,2.8836726135129513
48.87687112615758,937.0437483562454,13.058754863333588,3.5727850345881484,22.73450796002729,48.54171770139378,929.176173732062,17.581779929806125,3.3073214845889485,27.10831739596697,12.646134139749787
69.07668018722678,14.250059960958064,89.6214378030371,12.20281325408073,40.930105656281626,64.50684922217727,14.607282551115846,103.3603690855635,12.727077247804687,39.43560948394863,5.998646062163475
155.89078518279536,43.067454135975844,943.7568562798374,16.115206408000923,8.209082040178842,173.62087980287737,51.97834367386001,860.3642477089347,16.130655962473583,10.65387066105531,8.897188931746411
16.231900676040894,39.66583494826924,20.88325904966548,2.974079582439355,29.520728949041363,14.33329516739345,33.44166006839841,23.082167798597386,2.8625300527243134,43.68536804925989,10.888271046028098
97.2346305431512,68.0236151009238,36.83050218405951,6.024438707116238,23.40690985092868,94.1271430161116,70.98873997076375,37.85799986146502,5.377524174117667,27.886315780947168,4.77483969274552
55.96709452388491,115.06997891390506,225.68121333506383,13.768412933235696,42.80094926102403,53.08095872854497,101.23534913441584,214.96783042374122,12.598778074903707,38.90068204481431,4.889933086785201
90.45252476624306,793.2835455858301,265.8641169697341,6.735860447136093,19.528206875759118,96.29357059456731,815.7825101172502,249.8986470269665,6.04113550579577,16.551184246144242,8.893804887950012
200.01764582491688,163.7894176927828,17.915257389352576,2.746329851223703,10.97061422612054,194.29590351585836,116.181682410488,18.704499489981018,4.8283134571590125,9.421328882500573,8.607024238943248
891.1166613348101,348.390250725729,746.7123955642077,16.32577416335256,33.2832548001536,852.6066990585576,317.887675953126,685.9776090676678,16.670289655781456,29.14990434372642,4.443249761384406
566.5297359752258,38.30132508246619,63.49646665540971,14.203632893460089,12.635512748307658,582.8713576637712,40.18843292000248,62.95379162567126,14.92963293405701,13.742262133285221,5.503573566463398
39.860653172791366,34.829826641531895,41.5889203785868,1.3843205246508734,18.235187871855153,43.87064401458395,37.3182462281489,43.97984861517105,2.205485487109015,13.65226731438628,9.882408187126002
13.60214897901987,92.88594351649208,73.71620244426244,4.742600016807749,45.01495525491777,11.741826188845623,87.6169145551824,82.17420222500746,5.112933746068194,28.77043910011494,13.241200501741218
927.8020050657422,708.6121250819479,57.99726012410713,7.346974348625936,47.58529944770648,819.167348276397,659.1568221359781,62.42593775339855,7.279377738781315,46.87299314397544,9.586577082389864
484.5643958323992,10.659422357955076,14.58310168032656,5.102147673937986,37.849544722925444,430.84126434669366,13.74368232016188,14.855157145584986,5.738225168024988,35.765314549922124,21.093785258510454
203.77322230975366,40.633126079261984,609.9058142155463,9.003737576986891,18.399748160722105,210.95043521587525,36.51115296757344,567.9458579272653,9.501530792445129,20.724119889579175,9.539165932737077
142.53255332969275,15.78131207753354,119.4858532445144,13.644242228767464,19.356564116704288,140.81918788702336,13.41884336035767,112.58181295972658,14.454584328946549,16.315242658367485,2.1190751741338354
114.0784908860799,33.941661573303705,845.891936835742,18.318256899461,48.69944481014541,107.15530347885702,29.3435032719407,668.370705658704,20.02359839426124,39.43560426801886,4.5073426589938155
57.8669298633147,529.5282787766077,222.37652511391406,6.664639827148057,30.83195305278053,62.23677057127738,596.4184857850487,234.6762200755985,6.359904555663154,25.79870528204619,8.933114128498868
479.65846096253574,17.77459486566891,188.2706320179551,8.8556144781723,45.65936641177287,452.8447187366286,20.217743748312248,261.49046780861,10.152855875702828,50.78607611491895,16.348355658353665
14.611920867492096,777.2989234947278,468.0803084531791,15.563915598690576,32.200354236715576,13.237797986116716,309.56646565644496,487.3232530413827,13.3555833299889,16.04558115362621,6.208436261542567
25.668141845839667,99.71610656501167,16.160729799480933,11.596872269358625,41.670089921700466,23.60243443694433,109.96273913299771,18.78867702569178,11.39731520733155,34.075138977239895,5.857396632166411
149.76857499163077,293.6696728364947,41.52650749768448,16.920859197793387,19.05388393513838,144.32149573868992,345.3929678501482,44.00961777033715,17.991659149697412,12.797132904128953,5.256791020127312
87.4128600404565,387.80201844446736,50.60008747341166,4.229180892806246,5.596573973044947,77.1228229447282,332.6802530218301,55.95080673352431,4.034568218925017,5.40366738427568,9.72790801351993
325.33174970463443,21.443460632532933,16.796906638617752,8.987799983012382,46.24246104295348,302.6913369741228,18.36652544199332,18.761966200188947,8.238659702905315,42.80069781164247,12.856234096943506
702.4689111112779,22.049137151389314,399.4451189299496,12.998818247057422,41.02144374209857,710.9140248291716,21.413709568106785,442.17507159693287,13.036625057450868,40.16732183656056,1.1021649801694386
605.7267520670698,76.97435712468565,164.20509294837035,3.13806198755804,7.182666400875252,563.8335712604415,73.80515952529178,189.26456832786673,2.9078814230973142,4.991053442563205,13.293885279603105
35.28770919064487,57.71942689702893,89.55734100918424,14.562624691338845,6.288394794986187,36.47392328093695,67.01525668294242,88.14215253469996,14.612740549996426,12.952775859238066,2.6926016975019627
26.298445358687612,115.56431626329805,97.65298427476029,17.804650999592813,48.20713298002576,26.8637257342389,120.08505306968722,92.79729733705858,17.063265848300357,14.891536515066122,2.7344185373288994
168.26755711106605,40.829853072783095,13.0195818733358,9.595798418394644,16.100445910964506,167.05944203627922,42.160009101157094,13.726666233013741,8.107536706681227,15.962779232531728,7.18889308352081
589.0753049539526,316.3511684140581,40.233800997534395,10.407995067812013,28.120289678859976,583.4803007209484,288.00463078732724,44.024138397181986,8.608827898038134,26.75228028589376,9.110258821971977
24.5690924687524,115.23353929528143,41.712865852710664,1.2418044395618688,22.989140260846177,20.728464838316675,96.94128282238059,44.890406430475714,1.2968731014646286,26.209007197056636,14.111793912430832
565.7659344763232,357.66128115492575,49.2739009447314,1.6137024727322942,22.569585524583044,481.3544829193586,415.0450194961127,53.07547800952718,1.451547931989319,20.7454555012508,9.202248569628296
295.6502426521252,61.719314021695205,185.13862236922907,3.6490443084663613,40.024076255774034,294.87563091300206,62.90637778066001,189.42753121795363,3.9820871991063873,43.94986466630868,4.652780599343511
273.72650702326825,14.85051777651517,20.7252778653589,3.5218157979270037,46.759043352455315,287.04666859640133,19.22431757968008,23.14641804125808,3.6459821357942674,40.04224931328074,20.499004185358878
575.9691531390553,155.22179020121794,10.20164139304622,11.622450122219444,19.379471045880358,494.92549444470524,149.41519673930833,12.611941403943582,10.314832036350905,17.899633704340143,16.59882723238522
836.2115807926959,708.5527786471848,106.23268067033469,9.809858499992332,7.049900479065382,879.9438162322692,218.46775413674175,116.99307245165927,13.651155381360367,8.40970576604554,5.95118249280017
150.62723072259882,10.407882357977387,230.34817358027541,1.7372175892352582,47.079094306844965,145.333429961942,9.874159309366576,317.68211212663067,1.796484240400458,53.796376819458025,7.4723182978378695
45.81515107965128,185.70860803563806,41.03914420231528,1.135409281692655,27.483046252804535,44.80246507922302,167.8981371062486,44.038624084855925,1.1970341865037224,29.539809944449384,6.955634701932441
680.8487900622055,539.0703982304333,28.935929935084868,4.097898503594793,6.767922524120648,645.531040592303,161.5861227208371,33.27676548251425,6.83059325039942,7.312059849199644,12.269618353277874
269.25204725242423,58.110668820923486,150.76222729559973,18.440520523780535,47.622421283855246,263.73052593699003,57.02693154802374,160.02486633170122,18.44190155194051,38.070100656076114,4.546725646415156
49.27032237624898,49.96959665263281,90.320688254386,14.207014417355078,13.893189355914107,47.05157283018253,44.203468745372895,93.33393711020324,16.677097796295918,12.40445105440356,4.531906086282224
25.746632322441485,118.3145558213588,486.748470572243,3.016970224653245,25.407151604161534,23.343179737709555,119.0164694239708,519.7939448617469,3.085638237526695,25.156400184426026,6.611776851508027
233.5494316338545,138.46332680344574,15.817095929659956,2.9451626588913222,16.06218754019228,239.74704476955813,182.27816494458855,16.20627496398288,3.1667146165888145,12.910103882623282,11.254469906342067
20.45891835270654,26.820330863406866,921.6467799555705,10.683875406237659,9.577699512202171,19.686975809905054,147.56375668253517,853.3531554126788,14.302470516135433,14.274405642555207,4.543476334897869
963.8834053296335,17.949052367488893,235.088858689301,9.077784174304687,9.128979432275814,901.7601161145377,21.82579129104504,269.6245449510944,9.838587657374871,10.21673624530426,10.19155134708368
53.81460646616811,49.65128659296698,167.4024319292326,4.847966248419706,30.257406530895082,51.88294692108633,48.78776348857133,154.56659370610922,6.1413889179297065,27.947314581855004,2.798207521790369
37.554547997553385,510.68286155049907,212.89936165938335,12.7857374939938,6.495563984937587,34.431880211983,227.25185401167116,202.15968540234266,10.277535830184787,13.207858405677962,5.428844485324006
54.41046592927732,713.6619046293986,106.38154990444498,8.570050688627152,5.0359365603433,51.803114165603645,426.7162274859007,127.54362833640798,7.5567579052247895,7.362356514432052,6.209599930997696
448.6036480988232,10.520772096538424,29.544035186908758,3.103272038818065,28.755716305072895,474.0996886891871,11.842303897738603,35.76476774342766,3.37511442637216,33.838220463278525,17.244372587533654
79.50117407163201,269.14935102687366,18.883447797627046,8.51488831483563,24.87707071171871,74.35783356341219,364.09650278811034,20.247582063890214,8.636156585959736,18.028819886645504,4.242251519795
50.073724599436616,47.99990154511676,23.8880522236198,4.3959224113965165,3.4581201333681886,46.93000120076927,28.03374560619993,25.084702976469462,6.073967300721451,10.25208449566243,5.831883322291224
19.413155436923773,285.81034894301416,481.19105025687816,18.62673439399783,34.016801182766,17.389702741288705,126.14685342118696,468.2862711919624,17.4713256581492,15.970846555314498,9.483146619469437
10.064639502642997,29.22202176876319,397.2281173753943,16.139905565038195,7.549492002343961,9.409960572087973,114.23119790296866,409.52382946181746,16.18090490343388,15.459025004844243,4.525400683899873
161.32446722785699,801.5891680131334,12.690962226853225,17.95884373444235,19.446396593321555,161.0493325449627,659.6918585101257,11.858539739959985,17.831133218345062,19.143652418826964,10.027965287648561
674.3333920765147,810.9075177923586,19.666234404324147,7.091155305639858,39.80800143861577,607.2680967653495,740.7041193587344,19.67303662749452,8.774304130609801,38.10946773974177,9.69807983590333
109.6631507323058,22.069643351453713,621.5774203482072,14.693816311837118,24.93289809540841,101.35810611937009,18.830788814709102,684.6311029326088,14.797788482293116,25.97502864065004,10.32335712181158
34.822091267372244,120.14085005585437,295.69882511384253,16.162863656538065,42.67693554951726,31.257070303186246,95.51853288961667,243.46468905154742,14.946426614868061,34.486742737004164,9.68116610423267
383.8207241406913,904.7618706837076,24.655629920990155,16.42895795773872,19.76424179424229,369.79746604894706,917.5896947249267,26.45074586178907,17.31212636209537,17.647349819098004,4.536771644414048
431.3433156987345,460.69176379828326,33.125302104794166,17.157538895680652,29.395277085098662,437.83999473965764,402.3570586341554,31.35956780572789,12.476250122401149,33.48664190636612,7.465387014541676
17.290179175124692,136.51246490142853,24.450078470103232,13.787535685237827,37.490741771194486,15.616521781205297,180.84493853843895,28.483224967920297,13.445920360486936,24.593167368441176,7.2259325229559455
18.944592896718717,433.96557736000796,814.6391946942194,3.303616265043963,13.085176140856971,16.929858759561398,384.6363161638261,779.6920573827239,3.077062430088228,9.93508928117597,6.091982686118339
55.38880155923882,14.208168105778991,150.6545048595138,13.382800686357925,34.79559688766849,50.95606156982438,12.736762328124147,169.00586922388712,13.723163472183819,34.052739181131074,7.145178336354449
93.99383274146098,523.4534287888558,114.50804343371675,15.458039625934333,13.499721901152853,93.66693722985865,564.6139034095553,123.43471845536514,14.629782098015395,11.806582992870041,2.0577298260881194
553.2061839773237,398.1474489448146,982.5304027482917,19.223560876834593,28.97113466833932,551.8964278675625,308.391063282821,982.9383145049981,14.947433077313246,32.544757500992695,9.180663165822043
449.2438258902659,680.2416945801721,41.52394697851664,7.304668362379421,15.497183972645841,406.45848930259945,711.0526434767802,44.88720051910232,7.62835138654094,14.621450972457694,7.803350267886936
234.7978269952133,188.95334554529168,214.25090169877865,13.844248969105504,6.951740142463884,229.02684700775086,152.70803578348577,216.08238380753033,13.319697497606793,9.51729081215701,4.2726523846519875
43.32838424369886,128.28577176546784,208.28373431393214,19.483353017812085,23.87344928101682,41.07110910785173,82.96756573764898,210.92477454630523,17.84976470726979,15.188944397493456,4.839089002316978
278.3717553793949,798.4689113905405,505.1596055087959,18.451270099164983,10.144885953299156,287.56799067792423,613.4345890099387,440.6584370417986,18.383557263773454,15.905397607793267,4.967299041666064
28.96118250138519,322.36311722940667,24.47935890744127,19.073072550537884,9.380751809846718,27.762224725297973,176.5549403445295,24.112189362157284,18.406052550401768,15.756687318160793,4.5963119605922325
641.7718118145995,49.64677059040973,14.786052837684634,10.95105516578179,2.633686481899913,626.246997148958,53.07071594744735,15.211107794208107,9.619619618169192,6.046792161692596,10.56522247172809
46.984256867307835,13.767776872444465,862.4523192726944,18.839315122885004,33.29126798281283,46.681263534853336,13.43150960948464,693.0200118076962,19.459535071929942,34.29076371693101,2.568018440227938
68.33311999551958,174.27370583437525,529.6385370200128,5.952480682046273,27.838480860447337,63.657310286260724,168.04530077609715,514.8112022886755,5.844262509075629,29.125969851572293,5.705451021503607
807.611614208434,772.8373016387841,15.532551042020101,18.97554436841929,39.2231542754392,745.4163748449841,755.4991358463876,23.609921311669527,15.85439864844467,42.00054682137528,6.801733701230391
32.58149029783138,536.5351774180324,36.25926063242964,19.648456101522527,44.59738552102218,31.531926332869265,595.785186042617,39.257696163517586,18.683803172415086,35.15729261872264,2.508702306975457
86.89337489507896,32.4589172254464,251.15011272738798,10.326313816461083,6.939894513210174,84.99759998876307,28.56696956432279,268.59237078368653,10.452804377396923,5.451546110608368,3.928796644803091
54.73439816113509,192.70349753990826,606.1211519173157,13.343840628972536,33.01579692674077,55.176346363068745,155.29188486511447,571.1588813779816,12.170079754748203,33.3863749411553,2.895493067869662
60.67766084475852,127.64101252387529,29.175967450323757,5.224558441161547,20.306717953667825,56.02030909484797,122.55449075675827,32.93427275488756,5.179488283051768,21.953777285616347,8.118872212999046
33.0900345632026,11.052482406728497,39.971696056502886,9.869834763218286,41.82744215097164,30.19800681710026,11.585104045425975,45.11244958242913,9.986675934859104,46.27027091196761,6.212669946144874
43.16097045426329,22.100095091227683,462.8701607887995,16.632996276083198,3.963630119285828,43.201352697645014,34.95839993727751,442.4316975449144,16.70160739525517,5.255413472591525,2.0299263545795765
470.1987093260736,183.02470916770534,14.816946464081072,12.910608487751935,5.715794334606998,462.36982960985864,61.937486246732625,14.603011852841654,13.112725582044675,8.871172132747187,6.754245208488372
17.075432943304836,156.43392505022592,210.25137990261567,12.291361501787646,22.167540756475088,15.73407650823716,105.30394837830711,191.9067859913759,10.535952732255573,11.957874297693696,5.016958796486247
907.6109584580028,17.44034700804929,404.7787606868275,6.871478484007684,13.900637837834676,859.0780407750909,27.57238289994814,464.0319053547492,7.354338963834856,19.30650861965019,13.266770451061207
26.197246965649924,10.549923258245848,36.628024052829645,5.687999048566549,38.68911472065671,25.60040375998636,12.042425261959789,42.6575943005969,5.542678276144753,38.85204967425386,9.08312678947783
39.75967514014376,99.68064897877072,261.9528408706134,8.611760194706171,22.55690968336484,34.220151578926,99.68984250360876,244.3726985700298,7.652933674439759,23.69063549253314,9.481838625161933
346.70629698272063,48.918699461759225,543.8550196745002,17.503821967856872,38.579973809251804,332.091871285445,40.729224004800095,563.6324061194603,18.68331490576619,31.783761298453324,3.0628723863328493
423.5731037814397,592.2568248103847,95.44513306723174,8.918476949316734,41.303784400213495,373.7187526781382,500.4327231674386,95.13545570745953,9.66500505285922,39.023479849562236,13.188445115685832
26.617639878854998,14.740629796048648,587.506196222438,2.3651464070081616,13.362816601126486,28.502713903651294,13.981550396939273,617.1284467256686,2.3640950790683832,10.772741395558558,10.473402028128097
53.11061530733548,259.66592944821247,18.19215588343706,16.54405313961059,26.866884250272108,48.444730455122446,334.0038685505111,19.985973527481786,16.197949511702042,18.32311818512062,7.5700350492800315
102.07028454120224,62.34378715964204,178.0553843066137,19.581043592054463,37.86151998183536,96.34139099390035,69.42912587255017,205.65864500200695,18.9039842010704,39.66027393931551,5.802626367442306
219.72453286972245,39.51372575751944,46.316261921848515,13.413921445457603,28.374451968317317,199.03666287607442,28.541057630036374,46.126829370841115,14.470217864782335,17.039654963608204,7.618629940056613
11.322638378331556,534.4886731536353,47.41293396468182,4.78629062135194,21.641459028797744,11.203293614979803,454.43260370029094,38.452734638747934,4.411282083325082,28.75406105336632,4.361366713661885
978.8197958004251,30.198568519970593,334.4517850839844,11.29667907150637,15.42822952912147,986.5578459215226,32.44051888189036,343.43335913351075,12.03099408886322,14.073500131636546,10.130790413950546
10.751133946678904,101.15316266385491,171.20651884298297,5.650017555901316,36.915698493918455,11.011152257615063,83.31752267365862,147.35216067587973,5.489055740394264,25.134054417872527,2.84370047407298
176.98266355275211,28.919430381695793,440.939323556729,2.279185967809127,49.317215294852694,156.45258880217955,28.161634210510492,452.8565122587955,2.123844266899568,51.49070356653494,9.711643584307787
348.6793223321706,21.889117200205764,40.65231721559127,10.225688266705154,32.39131931296851,322.1595557385619,20.556885869065884,45.0422040772481,10.545558226950387,33.22626826898085,5.517316990861678
488.1488583693477,937.6022948447917,622.150491776928,11.919471645986574,19.054567407485347,482.1290152003746,991.5578163358473,605.1808631632192,10.571863290134893,16.446294520962844,2.0371102748508276
856.1188315353951,14.065776670372626,34.975479945400394,1.1108859527795525,25.80550161917514,864.0765161567992,15.695181109384437,35.358534123409626,1.0069377079864392,23.013219648035165,12.965144971556011
137.68426837027422,107.84923971157635,44.41754424170549,6.348669283905596,21.93427810994697,147.28350409614,102.15345284541289,47.56533528910008,4.371402025249818,24.72634061031915,5.2898880572931235
33.043493148602884,74.6441351109507,12.50389499909571,19.843937193878226,15.931626447940051,31.74136048007756,75.2981276838735,12.54057608879636,18.180196578691763,15.891397232137928,2.969874700531948
976.6736931252477,58.32494628237317,16.894346634894365,8.906243206023747,6.207715417966851,884.9082518452391,75.97284422159308,17.60327582845169,7.306597530288844,6.376986468270418,19.916069944231985
117.38770057520982,106.62945099649687,509.1224941729189,12.606582989165524,27.809887282579222,126.06882744328803,87.90304882022055,501.5087478858752,14.84233242426219,24.26053718313773,6.078851049783433
31.013269415543046,118.08642325565506,27.364680872233546,6.09096688701347,3.6782434756901514,32.411522702028144,82.28600798561257,28.33804605253438,5.462910734884022,5.036615780305161,3.423992069024967
35.92493115261425,43.54835237225629,117.30213729393955,9.051622095547204,26.321481389130817,32.49078078339137,41.35788393469239,104.88155969781447,8.665875399345891,25.99916414054617,8.275908659476826
265.6535307240804,576.6182720865303,41.37027380717704,13.58229506120625,16.809598763777025,242.4955094080557,747.9261572224627,47.20367019068626,14.690125177566362,12.293202217831082,8.02190343972186
51.29926624528177,211.2189440326671,11.981179091693543,1.535435682910387,22.93210803174284,42.53967499586765,184.73221402767174,13.19422364560195,1.5848484024153615,25.596689108208025,15.390120174258914
110.03770592078203,655.6960859587333,527.4103121100565,9.163197366208342,42.2213059555513,112.90845034114024,635.0606234783304,522.5449868745949,8.808519637213404,22.438700648716274,2.91250384027443
26.447671381968238,23.873756965410482,516.4068587627291,10.70437324822178,6.326575137836801,25.976825384653,247.97369291228605,524.7634723397242,15.53952838631487,12.964147302786039,3.398666839832417
11.557693983586121,628.0317328455463,101.87927982643457,6.446978889177121,29.446455687801283,11.31686657076125,534.5649893165917,61.26170580633523,6.238161385884815,34.11997656561434,3.521557604013925
26.52044393176601,299.79595537267556,517.6050448403778,7.2776693009645825,24.406905184224744,25.361313247899563,206.3897768013189,467.4020593665522,6.358926006561334,15.534764652132717,2.5638736708946492
42.224827445661546,106.72855662721352,40.202331465621306,16.772779737342177,15.9310710511515,42.621672575713035,134.88325860630655,42.01996630867869,17.051016505914205,11.567473892821452,1.767910455496447
339.95439116728477,815.8940708162565,189.5790409215054,7.6800092030459535,36.61955058145809,299.6624719535199,773.3912218333232,197.2020695490594,7.731832565680936,39.71674554099306,9.4888590202117
111.83934842538376,462.5590244821478,21.08525932552803,9.618071888332672,10.036241198341624,107.59952581989178,482.9672725106681,23.209145971117398,9.655136554350321,9.769075552001105,5.051389443248147
10.652295489758584,170.79433600630117,20.234701033765504,7.396213220457098,23.294620485484803,10.077737297927891,200.53460230804532,22.029137917063796,7.278186123588811,18.54242478640312,3.752311499960576
391.8164954988149,55.082888779841916,35.31906578074092,12.020193555263612,47.0558953492791,346.7447641667338,46.98940286117228,33.44412387572516,11.004397451771771,36.38580170089024,15.767364462630502
139.39269862817136,256.8914003229836,580.474225828781,12.179472325557475,10.653639233698682,138.63671567999756,238.9206067014195,539.67361662909,11.764565919160292,9.388957073700567,1.6459358040754875
153.77549356092484,820.0080326286516,68.11596672989232,19.927917450294256,10.467901015800285,153.1193811523732,500.64724842542984,68.47321321241562,19.089305486060333,14.238867829588223,5.071241970927477
330.3388857745154,109.58474610988695,86.53281023767619,19.238126558144064,47.91018390517937,312.4066360655865,126.28344592820059,92.45707024810136,18.708508349510204,25.06680728088783,4.3430487988139195
809.5958577268959,23.009119514158993,223.54448604155306,10.662091315240989,15.745359735673013,755.851347219808,22.48099352916478,218.19260548450032,11.075271540633151,14.34480265132627,5.282433108984196
36.036507846007,43.18336792835984,27.22149486300502,2.0334870139126933,24.965894124303848,33.941526128583895,38.197701006930856,29.2692361738825,2.708285673301213,21.168562662744453,8.412365378390671
54.097082008826185,231.74143999159878,460.66710845060686,5.871679846995984,37.95570625460514,52.44862975360766,226.59273643675328,445.3811170812543,6.0498420519406455,36.945827547193325,3.56540803647782
123.96526631908658,108.29710586720284,327.0792117313539,2.9952655344117485,4.593516391211006,115.40443018448072,260.7049073027534,287.9582693985066,7.4944282678442775,7.297481870696891,7.570476143803504
17.371089652444226,411.86205270726435,197.23232090244315,7.437700032917624,44.43346645724799,16.996076841439717,516.9531187316031,189.95407895400484,7.0897142187450415,30.455800578963157,2.6510938671986706
189.6443428513157,10.004720438501467,69.94481423685397,10.427199577266773,45.507028156818045,184.8353253656175,11.854769790156006,91.4817631788989,11.162348340453606,50.21209738246026,11.04527229892292
16.018588270462434,476.0473936348198,116.53745954286914,15.275798032927996,28.298489795337748,15.533669919036658,425.931561464042,85.2237560900214,14.425047631531934,28.815121822615012,3.1081068318295344
366.40867646491006,633.576616173701,14.679614411913429,12.919931559185661,2.419807728014693,370.959233385956,48.46450813886394,14.08396833936047,15.02462167491101,7.387245020054332,6.634237584589682
55.902344661808044,107.41703069956334,12.55855951857381,3.9785105193636325,15.01357279952183,51.28921746489387,135.79316562456572,13.011433832991218,3.459233595182341,13.474267212783188,8.113357722000087
409.25593404977263,20.93938134166671,676.1801073873178,2.4774182923509294,17.093104961401092,415.0473527540758,21.58863352654077,565.668824380784,2.3896355279377253,17.29951208094903,2.4856868492595727
152.643996449093,98.86991985468289,16.022394463012745,10.140019762625032,21.81715156348211,142.97471198035836,87.47442301801178,17.216614594648373,8.854862587759598,20.035615411599924,10.47163721097074
33.166304740673056,44.15510094215538,30.5467989174105,10.117404610470237,34.79640116762301,31.334522328455325,49.59738342972559,31.43189746545861,10.98266842216803,25.252441505145903,3.981284099128564
199.95619124252383,69.17934345998309,202.61885793801213,5.712722751887576,38.292232558182455,196.21538182076853,72.636024650388,207.31679862496227,5.985132345996491,40.7438724615961,2.7970816337282374
42.244567641695966,714.7761083991811,181.55660069753333,11.50629854684989,6.324582064647833,39.68754629285069,359.1073774377478,187.52185863694663,10.467527228040378,15.992488512904645,4.0239927609644015
199.4667615758462,11.634169064875644,17.16665695505599,11.536939323946335,8.67914308215064,191.74139354888274,25.624889087611066,18.701759131555246,9.963846766867398,13.36624919392789,9.44115706829486
56.51826625258323,723.9259413540099,210.84219249157266,16.902395988236094,43.49374767752282,54.45172889295869,655.8955762469344,206.9862324204688,16.580818784817993,38.16589659889901,4.244241857279802
137.41811476011048,112.25089843081636,157.7553899913121,4.392572480241645,11.194705564505778,123.09506118567123,77.89841826355885,144.8187256990443,4.34613563041564,7.583579219614642,13.068750860942638
32.08996269724646,11.484422398459605,17.294444679442154,18.420119744954718,17.43358359115192,33.41604787778733,12.63650763540658,17.593561075541537,15.742110025359345,28.43117004729811,3.764294237102396
135.3997336530305,63.1395615712693,91.13643093178517,2.2450576033798417,9.779815694004757,132.6946110995628,64.30872494881939,96.21647214250878,1.7994000357722102,8.467421849905614,5.979466540504619
45.8697157995397,284.15016141401696,142.54231007438602,18.270157438067795,32.222594608351415,45.448763409099776,336.4041755906095,144.3026080240005,18.056246287722626,24.88626393075839,1.1942163379434814
59.82262915761184,18.577547938830833,53.13491650485708,8.603786609021078,7.38129975801902,53.465285529052885,16.696377888962747,52.995210956852915,9.223820786915015,6.959516659208959,7.546366686767385
205.06666310145488,367.67278542522615,28.047955642032992,3.2594256764264045,17.127930615698048,190.98676255180462,363.13287988164717,32.32871951053886,3.028883137361103,19.555590313879637,13.178424880190226
100.16100100924754,654.5319740411891,564.6552097599,2.2088802485100305,35.22609792083036,88.93776386469347,558.8496472422818,570.7965125953278,1.961347655183055,26.76488858784271,7.628538225429615
844.092494256136,15.229897284551443,486.3599034575853,12.924294716825607,44.61282174101598,821.5765605406344,16.175485007260058,523.8452546897533,11.701116928911812,46.28112734087517,11.025182025595006
396.18154210445283,10.054767709204578,235.910066044001,5.100315163105266,35.3238557254186,385.2666393577405,12.729217679882566,400.6386616337882,5.332748516774728,42.67470913608046,11.705708718601022
132.2491669283791,112.57676802982505,165.01878448476648,18.83455116913179,33.066711459321475,116.84491125975403,123.17134805176083,171.80278294849734,16.656126444134248,34.831932423791315,9.101759205881036
225.08259755212487,11.979323464151703,75.68434915518033,14.684223600446893,6.9617495052976635,208.92018633341038,16.592442610360777,76.57236695205349,15.846266965127024,12.179406395649087,5.590400477276018
773.5988290457767,219.27686908830827,171.79834818580304,14.492107264923321,25.229315802192133,710.5380315392251,202.77963895696078,190.86111663632997,13.759133128340045,21.36837723778903,8.294276814699574
62.94490491363145,68.10003764722317,701.3667748986572,18.175935102341708,15.022421504130795,60.99277130302639,49.9723182462255,639.8515898370825,16.95885230589947,13.648389324392541,5.748827234289324
103.70364540889894,264.20562709071663,141.9193991524939,9.040131937166002,41.93249626213653,101.31307250718659,271.91127570990574,154.39319851809088,8.674259807404235,43.59555020968696,3.3287797913908985
45.06349667475125,154.47495692633456,117.29168585432731,15.124238122159433,28.012397265296343,46.171219551185025,216.56084952760054,113.16916324740906,14.594077028422891,12.379792028979523,4.1439363406556105
22.972262599727348,21.365931883245533,10.527331031636509,6.586034512794794,5.169486750548361,22.857794792191623,17.775964750681958,12.137667177954793,8.18624229172149,10.212110704078873,11.46997408638033
533.0245653272126,10.995990868340469,25.990661479326427,12.625256508298754,6.1044523604017735,502.13390705364867,25.466812870898384,25.600598561760275,13.212918385237208,13.766649951772775,8.168092051922383
951.9398733015278,20.6414503724691,381.3649558264097,19.143655735199523,9.957661344609331,956.2710862057535,41.4165415806871,436.2229829299707,19.847216448492006,27.728730658270692,6.27575955377274
22.94581427219697,15.281832283102595,352.284518598319,3.48779580528077,10.395916067516339,23.3749191526765,16.642381114768053,281.35389268224407,3.0568256930968567,7.225306384408801,21.075529262357705
13.561101176917427,707.0691753191065,45.23108487275249,18.065083807837336,47.36192615648113,13.963011776311825,554.4057962469552,63.95691465404352,18.12249465940537,35.752224477261755,3.309448963061036
22.244145407048755,758.3194263743546,33.765434720223254,16.57186332851906,15.689526298350762,21.328828251885742,455.8517534650121,29.805879170745712,15.043812919597693,23.5172927457908,3.4386363520015215
674.3073150147169,120.20657854224362,12.903480728181316,15.841833002282371,49.50646830079745,681.4687042950627,123.56729600359164,15.297931683179463,15.568460008343578,42.914797657510135,4.151053994175378
18.503260963500548,525.1036513218792,142.19583707035238,3.118566597390944,35.76932696928145,15.794768666779817,565.6177529595367,159.02378560312536,3.224452398457851,35.024150535420446,12.932757984994133
367.8288742319424,72.9295592589115,117.10724198239711,15.109741466179464,36.191545654980814,356.1107273547444,58.85802736782225,118.96243183515544,16.017907280882245,25.90967033781176,2.5163029427687396
16.10939340226817,34.74194480091525,21.761153703233955,18.571986379137275,40.17359963874819,15.232127966862711,41.14129259451804,24.359996029139428,19.247236403828165,30.446231634825157,4.90086756210675
189.60804805088225,87.28770776307822,89.2744272727049,10.371069756762612,18.283628996370325,203.52059611607146,85.48319663127346,89.50014593347399,9.687058783241897,10.416620813432246,4.869188601949945
257.34443970308786,20.676305828434405,53.783171924647675,1.8194047684871821,28.71719636415877,248.03838266486886,21.159990593578904,58.010775194082555,1.8885075452817592,29.982337198901128,3.4462281268398733
10.594455996679104,143.03130190046315,128.52147831464282,2.283899616308387,24.605693327896745,8.442980834922736,149.71013975022808,139.71816333109012,2.3209594764318453,14.694207960213351,15.054478243732833
41.70566835830562,402.7225579799132,149.30424191096802,18.765584043098915,37.4116334363386,40.79357489982043,475.87401244945346,155.33389951245906,18.696658011417576,27.484184351281215,1.6632857921672115
98.98244680235719,49.75942463635926,99.39734117928454,14.313059793352613,21.031187698893987,95.62181359536443,38.141191396843226,103.35065339617054,15.884922339312986,15.059824716526146,2.931430268005318
993.655900681987,326.7859313415628,819.8976754011383,14.99572737065317,17.834572998148925,937.0557757577062,214.16644848895945,681.7938922209955,16.82369598735829,12.103741029430088,8.52242675856021
609.1385321887933,227.56851237750644,111.61525614946875,8.455558347515062,27.885288660157666,562.2476515140671,217.52832468168162,108.75715760217865,8.725669233118708,30.73591820648546,5.482694103897912
662.1853806747607,310.1594525740812,10.217129709065143,9.035813340923983,39.492354739446576,608.632039583628,267.66428162627363,10.664394823390394,7.381910611762615,35.27870159574397,19.588974728191914
24.20564589375564,249.61654947149918,18.862467359846924,15.35289017206318,18.316273272041258,22.271924922184915,258.35449066039615,20.302008484359007,14.559272661500652,15.949610131956169,6.319297047075151
72.23947502816748,171.16944389552364,98.66056907004099,17.812278857532043,7.732176866445919,69.08607002720288,133.9495345718568,101.43063074875343,16.99106277388336,13.545959952046132,3.605129797517534
817.4847463308862,177.72760088202665,15.984979847577149,13.58443601586535,6.44109074883033,762.7633557263229,72.7145087934446,14.542343414918683,13.688231463836448,9.870611507174909,8.821312124835606
598.4219756217263,32.29196131758499,208.02640581898945,1.3903176560347337,49.573122772620714,593.5323391784862,34.824022296870346,208.0400393753669,1.2591716948601543,51.190250552069344,8.469586195858653
33.368731564561735,19.64071788423289,634.1543940954351,5.366070592924378,11.293764724117683,32.84624014899288,15.510965622942695,669.7492111176375,5.243538763607724,8.18332244913163,4.701939175402167
10.488274450521413,69.62647131368638,839.081592473877,3.144999016354216,38.510928694179206,9.349034972195815,69.6432416565927,574.3270215156751,3.3994379716596366,41.657465702762984,12.277531940207888
128.60597239610647,71.58859228362493,174.0679905671999,19.36103201207721,41.46578994699228,118.70543825793347,77.35587053222187,198.02048502029405,19.15974517841361,40.11983203809739,7.166554084969384
689.7948677713193,437.7042359922563,35.95825359885987,18.02664777226495,16.188974470305237,669.8621939074742,473.1578540372465,37.922237234794125,13.815193143657329,16.07893616813555,9.454727340899161
493.45801005694545,270.2676874086827,133.4371536480862,12.153424999670206,38.169486266243915,485.3525731249175,251.54947989819854,128.290317643214,11.800411901490044,39.08463525466459,3.8694727891787255
42.998777306390664,349.1927637678198,16.950742278826205,11.568048271465605,30.496537421199427,38.79524041739807,412.3153335473918,19.259498243701806,11.391853191826122,21.49913356208317,9.416283564358002
52.00542572688091,30.130609279621382,21.20024035287245,18.858590419586147,13.979819444255606,48.101157778113446,39.29542592768438,21.700310234874213,16.8551380472646,16.72226545074826,6.624051069768459
497.25367289204746,11.532604969765085,259.6463871360144,18.95531216789175,40.76744733795925,522.0950078420553,13.507154238091735,224.63533005557835,18.58044715522696,46.144394700976164,3.896661772093083
89.14308792487054,591.0441411294615,571.1668830203431,3.961223693068352,12.50327689634174,75.653613985172,444.6672993099391,537.6580358347718,3.4068337476988146,7.771216104403467,10.238928277767412
133.13653910123466,243.8035058539035,10.0006064528129,2.129397492401881,35.526197162026655,106.53125394242412,199.73511218417667,11.083737928132619,1.9920763099470398,36.894278551281225,16.222407639371756
764.3404420329713,414.0766828754945,17.705088939026428,10.640973640307136,46.67411879201597,758.6899448070475,422.71188931280915,21.011608915227523,10.067070045176225,46.90574190418388,2.628251842959605
27.279254408974516,15.626602909521862,37.339711531259454,2.031208613424018,11.79605778768108,33.293840684763055,18.291680428284824,43.2887057756043,2.0059266569783567,11.758667385032432,18.392487162260135
191.7620607375792,30.071451036911625,15.577664306012036,6.0839641665797215,40.09872584624166,203.9136655780185,29.436874001306094,16.72043970331716,5.383905127642924,43.14380539299064,6.769847369493322
50.38299169073795,65.35756212198848,10.74956907119363,4.487479943682921,19.351420911905848,49.94303785749776,83.44053384411002,10.950034287846218,3.698263780727885,16.712280463231046,8.789304303005482
17.84715323739166,171.33657583410564,537.4766243591223,1.4368220145372912,27.91933737733647,17.23753083843619,162.96816380803676,528.7689932125751,1.4653987547641303,28.808211224051746,4.910148229036261
399.4800158248848,131.19391184763018,29.547442206024463,2.0048783077452423,31.56852281547011,339.74258540597623,133.94089233255434,28.29248506162419,1.8885288489660221,29.019040618534774,9.324963017847821
37.01887745128549,106.30774993501002,10.34189918107853,5.714190557055479,9.278181262513511,32.873764008469664,148.75930665219212,10.018399372872956,5.432556470471177,6.811679637335959,6.520915993759539
51.39060646680575,265.35488403182137,21.023916161785454,10.565344449635624,17.252914319785642,49.99034701900541,402.1673008066669,24.282016677745947,10.692532897553331,10.90661910030093,2.8050278113068865
15.377804535626629,515.594563937369,223.46434465383888,2.605678803208132,24.686686905594158,13.932895227493862,653.917213210193,232.65829857545307,2.6619713917658143,24.511788156906498,7.638749922495582
873.6545842684247,288.3346320479559,18.271515820467602,10.467757158392988,21.48538275421115,751.190004329019,259.81864412403536,20.35624780972604,9.39465386177652,19.05211171537474,17.325870905992634
40.888432097804944,172.91503716252885,331.0806257860674,3.4375719117112826,39.480241016914306,38.20791093062282,169.91763756014353,317.78005897203155,3.389456188774874,42.3635928905608,4.895227621687816
34.951330420305,45.943534698301455,81.61596189939692,14.325330552187683,23.629161733826034,33.70548538363674,45.314345103658596,81.43408361740816,13.747684769501161,27.747466544907716,3.2718880685244414
61.006719300665964,367.256264415924,16.06786664671131,10.49725913095843,36.04256783652461,59.76593368396931,401.375559371832,21.171207136411354,10.293112135195113,28.62919871260027,4.012587663401062
131.90619569593537,195.25844814563578,184.02630607565348,9.291014323977468,26.97681499893721,128.41868562463011,208.9051614505239,175.230251188208,8.244485915607411,10.768658885643346,2.653124611874209
47.345708474464615,17.74844285317538,50.117918339166906,13.503975990570874,25.307287479441392,44.75351375935941,15.84328745219309,53.806156119682115,13.379474774914737,23.639788391911637,5.192873911206561
57.103937381281,62.92347455932585,42.66578442468651,3.975227164681429,11.692068253974194,55.393767124543835,73.3984740764862,40.058620623048505,5.042501118167358,7.651348734612953,3.7943413505713917
983.6716057969234,13.26940704346178,418.50051558712,4.530328874332154,18.35676029523569,919.0867802123106,14.360544580417429,585.5046071397129,5.066746137191772,24.35990060719229,15.604210415964989
10.739787829499413,250.19647868324316,34.7391152637078,3.512331347408373,2.2052721091218483,11.299258009675146,108.91931085825674,34.988621509531555,3.6353180557948717,5.697248178188315,2.4615714522248924
23.625222092985144,14.133970114084168,81.67981554283621,11.146271949915434,19.85707648506758,24.394009236191277,15.904419374265558,82.8273419348517,10.181725349772856,19.95721574900027,5.580714151350735
124.67308308570543,495.65410925456996,335.9580473956416,9.628972902232668,25.882711767211873,114.56936266541774,549.3270826282375,355.40563189093507,9.537576565017904,25.06278780811781,5.987799603564995
82.61835394071065,589.1163986816298,982.5534717941698,5.9260330339600085,11.629425049625095,74.8950850160874,358.4678093330306,932.4535865510613,4.739454002856693,9.285400531091348,5.230126618146688
14.8780984534804,85.13822267154553,101.32758210541975,7.665251199163681,3.826123800352853,14.064523866062384,103.04539600461761,99.59731587096904,7.432839226540874,12.07625697100297,3.352572281921043
117.87363498625947,105.28074534670431,20.852299914449265,12.361334755939081,38.48474495275766,125.55054129725832,101.58018131258194,21.724268293263407,13.111836474780986,36.44258115888796,5.084996456154363
719.9945693854346,365.1490404581446,17.48809908680181,9.329088107492126,46.602661062023536,700.3674546213863,352.79744923900466,21.683266888524567,7.938093678870715,44.2132621774556,7.017623823622301
11.347818560744932,51.0057287959001,306.0820553201604,11.540543854236892,16.874179448597594,10.496307644467201,54.589023968082806,310.5031253048374,10.788035583488758,17.528511150086903,4.939694134838144
45.17020152692117,190.35604348227054,82.21600282942644,17.124035135436525,3.2546084756958003,46.26896044600828,96.88318750557416,84.53259692276484,14.406709389380826,9.134416428279529,2.9768148111713595
79.28271023284266,16.57542604112693,412.907560956045,9.110869154562868,49.87629919935894,82.10883445971571,17.814199408317393,393.53787133978034,9.166630852857901,55.603102563452445,3.904852966665743
204.44546424896373,747.0453194592887,11.98471310462275,8.820441784886562,4.547192962327856,197.75432253872697,567.8391143778956,12.939871134719231,6.781489263353911,7.267934900273464,5.461643448126348
149.81599600056774,14.823662701192909,11.727217425180966,4.969909693857863,15.193660621623023,140.65684105347734,21.61370707256836,12.820686296453333,4.176336882048753,12.942687685123147,12.067197887268852
477.7112055672653,15.02532080188483,83.37712523618553,4.177131401301256,43.70543335154591,481.30721897903805,20.34380558661973,85.55696458883277,4.388717056400214,55.95210856199434,17.620960644137362
16.113615373287193,567.3505065946437,805.1159164791035,2.808353654584194,10.293004251438294,14.228189980985015,504.0387221411634,771.013524753817,2.545770537381151,10.656599593669753,5.931254090998442
10.935220906269635,44.01798136247179,649.2094994943135,4.51577487474826,15.633128979846854,10.148485342681132,39.298230053305694,469.78726509461393,4.9645477408490954,13.669665762617186,10.656976777278652
94.0040484564779,38.67665919976949,386.48752234319153,14.240290710063604,43.484606489680715,93.4437639543776,31.423585031928024,370.92049334686106,14.297713527259319,42.597504556619626,8.168331683485189
66.95957021992237,86.17453223987305,40.270464071003666,6.375509451529807,18.924746173219834,64.19712290455216,103.40255611195886,39.62911540385212,6.00183616635065,15.462371238783051,3.933742963100183
529.8539077102289,74.53850129413303,437.0590158268925,9.25750592688216,17.634303997911616,529.1531268617268,58.425001012440156,420.6538112313047,10.036505068955778,14.073058170670114,2.737858163913287
62.14205403268958,65.11360059256867,945.4544446792014,7.53999306615434,11.464350476304134,58.06516838777835,227.07303943253356,881.3917726934978,14.14074440737507,11.55224900632038,4.481048327128011
35.147110428210205,182.6217692022069,235.87679761295425,13.82114565595096,25.66403109358256,33.1629978297594,100.22093017849409,221.6663918584663,10.891829462470996,13.225701119801704,3.723405719627714
45.240535318649506,100.65719388281931,747.5384287234992,1.3003464767517374,46.3035171836867,41.22897556078953,88.47485260055556,763.9405501571764,1.1270172032513366,56.816066308951335,13.180977826362177
233.14844798401492,134.62791422483932,32.54748924758521,10.911467155874682,30.147536897919867,240.21554934457257,128.24959384311083,35.86709268935298,9.450088125585637,30.2519438800753,4.243704028445524
30.094464224212384,573.3877417829609,222.76348776216167,14.050916722359721,34.317459333851524,28.218929327184373,561.3525488085354,223.4471774386493,13.121026292389061,30.804834088309686,4.221383934360755
183.37793852140626,88.15045069803676,172.1400704034315,7.63162934952364,5.7479015018378865,181.3400563423758,81.24042330533358,181.0269748993948,8.419302017915204,5.832612326159471,1.8437202627929343
395.52874512890816,21.003188146597964,166.66183737108994,5.076690322195288,7.381005605550674,375.44042451077377,23.620589777051276,175.04884665260064,5.181374021003765,8.451354683624803,3.308510951592669
368.3715098502855,554.3269900403271,17.32696598951116,3.034118297964481,28.713995196984612,362.218178451629,508.40530928504353,18.777889066566697,2.612484897728101,28.145380720543805,7.086127683175469
124.68655566039716,707.3706136567097,36.98792448055735,12.943586189240875,15.55112583635403,122.96002931486879,704.1212941559113,40.32728882171361,12.647620950537627,13.278016455871313,5.140313914489252
292.0192554153136,28.84730579100857,41.05800436176192,3.94181393466077,16.178198805258976,294.15811580200545,27.47259855149719,46.17220660810903,4.1177171841354925,19.34230084214389,4.348143849076759
10.302509972371817,936.5428359636938,98.67035059063325,15.078025227048478,23.709477942458037,10.305281094514292,444.25247040314105,74.0731722598989,13.712014504592311,31.947048192825378,3.745014098417572
12.910788977132714,413.89142367398017,843.867481892375,1.161890549861596,12.670293717034014,13.141868231257709,334.06146736954986,752.2061831115576,1.1870593807837193,17.044144091707018,7.918731111612072
61.54396688351639,45.24938051308284,156.3844915676291,1.4357573841676805,35.14246099960432,56.78729968858947,52.53403964949295,147.77702460767898,1.535331258407463,40.108170260693626,8.824892372623577
516.6882295502918,328.88120853467444,274.7425418417028,9.20976775572697,32.11082435371727,503.19745693263843,314.07255045286655,286.22504385695333,8.095686707226877,27.829307180101,4.061586116178833
15.236603848084293,275.6033237967847,792.5145437054351,1.774011307524891,48.95200986001456,14.833920066270613,238.8071535458779,634.6696705027795,1.8499857651495828,46.952501201893064,8.92097434161372
10.932071113313931,14.330129708106748,659.3182645883311,1.9799244012688304,13.960987290756812,11.390117384438211,21.678192214384826,575.1029160396223,4.392574657108771,12.645706465120737,11.95279598139482
259.40895105023765,11.109548597634621,107.74899632175091,4.364985864545712,28.950424425407675,253.39708102055806,12.121742871975803,116.84141177631182,4.591670645591328,34.57721287331782,6.223007191785925
23.429332700185572,11.063432384281452,786.8934515958822,8.850364692902048,9.142286392878663,20.63711043313953,10.307390584513772,794.7031634304105,6.156066965880577,9.068518147896128,10.72729199539262
797.0971056213297,290.4769015940166,159.7594891953882,7.961616870561932,41.555936530325305,720.6710950183846,267.7864126605021,152.1197456846697,8.37482197551801,42.62799640073162,7.572613441042006
447.03629400909585,677.6295763517412,12.154642805161384,8.979730767116179,7.560235258909681,464.18261582046637,198.7128691198563,14.243138578433514,8.219183969540303,8.377667151162154,32.175940724555105
36.13219378019906,384.73765862305004,114.13541825206937,15.412377557276994,19.259149724672888,33.9885414247291,373.9337388953167,110.84032613743027,14.789279233692397,17.952517277755142,4.799434503698319
47.583448867256905,56.25746522814352,182.18878301266585,10.230991304193106,38.92425485937795,45.14093369134536,53.07199699739159,187.67987211242152,10.354460687838522,37.23968856376454,4.527582343816638
165.0700305054217,70.0731244954548,18.56461057429328,19.961098772856147,5.43991037657739,143.84425404594316,102.86061651213113,18.95859348603245,17.533838964156082,6.536576874406719,10.940654288556404
14.90100889037069,128.78863007741361,33.58033146242265,17.5959613274304,13.330546121927604,14.238810176641557,120.76701786589821,34.98890450834732,16.701187213313087,14.420443922982178,3.2361607014344167
164.24779139444013,11.327009272807908,113.83694784814233,3.3252698774623126,23.146560547054527,165.78170484128145,11.47607972762583,104.36761578775734,3.534802578642415,27.829224650412346,9.39894494310026
794.471669932898,10.11400040877086,82.34492296842812,8.862616864534711,42.41040108413631,739.3606062557889,11.836927108237864,110.65480403214087,9.748062586596387,48.089153541755294,14.994222369724081
58.17988202620201,12.822883467761729,12.386350992965077,11.753203400611786,49.86555174112133,55.044446518172045,22.55143246569274,13.620525513346518,9.287485665423011,8.81622447276542,7.023536564433998
660.4024167425616,51.330288166827216,183.73495378271411,8.449656107884483,10.369393501488416,612.3327444729405,42.98206845212233,227.5872510621716,8.918742831265918,7.602906703410101,12.104938746026267
391.48133401124437,80.35928364046714,128.93793332099654,8.403215067222995,4.600124884758877,394.1730814562461,89.2185303868239,142.90973847662198,8.547912801359933,8.993353792585957,4.171855313298826
134.27700774300118,79.01552104850904,54.29092090875536,3.089981216107855,2.559142898418582,138.7440845233738,63.93191499741147,56.45868462085312,3.1875295915227126,11.766124458936806,4.6224590406020205
16.23236434266503,68.2505164361084,24.643155041411397,4.227337425263637,36.324259696802926,14.173204050559265,57.3527998479949,28.11043743182787,4.359453505889418,38.415128907113434,12.598729847791414
18.436939643379738,420.8094652203533,59.52357333071614,12.559115464570368,19.712884831431488,16.89354279601936,391.2494050870313,58.06744642485851,11.294197501220271,21.765210042493916,5.39323124084333
483.3774903048762,12.564240518532047,71.73751399291204,17.091435781572375,19.434530734721548,464.1980935830114,17.862823581111538,80.88443649189936,18.274176002891828,30.06224538072881,6.870318895349374
794.3846601666278,203.9588744616209,141.84107111200808,12.044313564276537,6.404080780164578,787.244264201423,239.83596421237135,156.9949638934294,11.905074121249012,8.688817137363717,7.034444128025797
249.9614352626592,245.18082643791314,310.6119656812385,5.108160394923646,41.27246223133858,241.91276734956622,219.93445925273394,290.50996407031244,13.92169121489908,28.99473978444983,4.714215907198631
251.4927933926029,17.116092047330103,28.849464079092435,14.910435550619406,9.18617492453791,238.74194400612564,27.018954369461667,29.21303595320764,15.73887082866911,13.69788048753829,7.485622965680026
74.57074923004762,552.7484588048407,48.5235304714962,6.096209150442655,18.328976203870575,68.58681085920031,539.7983888182122,59.55810747483195,5.672930895578278,14.794451351646234,7.268182467692139
728.332049621669,18.074189984218897,12.887208092227333,11.451749932526841,33.43355568804993,643.9608718056868,30.189889045603557,12.73227505965878,10.93815702245078,32.07866138353725,13.84321189259322
163.5970065817806,191.27688335352096,44.183211297393854,17.39736043748405,49.144386507502276,153.9893038802913,172.77079682853434,42.23780598470846,16.981326393728704,44.38165379089912,8.50956131361814
183.84806961215082,994.0105298685666,38.82385958420659,4.494754596911375,15.524813975664948,173.75802413680748,924.7883798650594,44.41321149595327,4.298948333681992,14.621899841802389,6.736997806900799
10.309888442575733,436.2191738652318,735.2439856869701,19.275154202448405,7.710666791334655,10.095970216891379,120.66625766000155,580.3688980695413,17.204819504797833,15.60238588033794,1.8382480853265801
257.91470758473923,554.5998240351112,207.55936085780405,15.309074734154029,10.319686222205867,250.20822092514456,498.97145867983966,202.80387744623582,13.701555834508763,8.607899286717181,4.78433419223562
77.80649043991706,244.21921895995834,608.5534911354495,8.154094617660673,43.72663013263312,77.32654505015628,228.53529035183215,607.9985235008618,8.104861636743863,40.954098785216836,1.6387905730580452
77.67725726521893,170.82145605527293,20.464770331249802,5.220272629474543,41.03637080561969,77.413124095011,145.87731050604845,21.062533835176637,5.165598747962864,45.46170054436675,5.502745556746034
20.126863898185363,27.165861952252325,56.92795939766645,1.4435896496002738,14.095336693843324,19.757078729545547,25.546564471557907,59.91167984801118,2.0771488168366057,16.32140220255342,6.7153198861137655
16.851142652906525,188.0066316630908,176.2480617817579,17.121305045753243,37.01727297737503,16.215350304256763,153.8768865253542,164.01699524566482,16.15141881441302,13.458265910097285,3.0922305229313003
847.6790577579994,17.163224073905983,554.3076111311833,7.216060286831534,47.91255640185696,780.2526735022687,20.566734948205532,620.4388091418423,8.095238323159332,50.890585522692426,18.04586954770913
16.30157253297399,12.350940467068172,499.5912601394967,16.27633842828141,8.366228430642987,15.148555050342626,15.644596497851904,542.8773319215012,15.398889926196214,10.789043665433134,5.224585094413804
29.46558534271421,51.643774400725,455.5954506150154,7.165850239766811,26.845895838355432,25.987620526519002,46.072220756716696,416.5828345652753,5.775862904046535,22.995777635432574,7.50663286760129
105.65045411621402,23.347717929114143,133.57939562061895,3.808622871894381,42.100564277782084,105.63938418648699,25.071898940907396,144.77159792685805,4.059301289607483,46.177517414263825,5.461234507537334
101.76002975671159,21.82259331352684,150.14882683911515,16.851678847541027,46.75587505497597,104.82112312985554,20.024183759668436,139.53795565403598,17.230887017874718,40.84704609489969,2.5282339128216944
436.7880715250147,31.11054860988978,44.21586853749283,3.52737319579733,9.376630667224676,459.78589457209233,39.50600480316429,52.12650509614124,3.3416082186959635,9.51724389501759,13.638058330942545
239.25406379808226,41.07679038865165,678.8700149600395,4.361809874353749,12.213197434975191,264.8275622877631,34.95212044542531,628.4365095184214,4.449689447729466,10.52598276571472,7.0088123642788975
293.5625421175756,30.32865467542769,557.0997196034685,9.341427412713315,11.565840755357806,300.11215001128267,31.32582766418104,534.9360163807098,9.750570143614738,11.845788747503263,3.502762734237666
31.321265328758777,278.35468611402706,22.217234478047974,3.7620686091572875,47.08171134398505,29.187750404754258,274.43840003079447,30.518286885811857,4.066979938719165,40.68566951866706,8.8861535374183
43.719065899575334,10.661942524673808,192.94255144117238,16.299527663555914,33.90429746501636,40.373747205621704,9.418565940392048,264.13774424282866,16.687377858104153,34.64623279003638,7.853712324186786
93.91647763967104,41.10172334388311,348.48159843130605,13.110677521546977,14.841920167523952,89.20039798467587,29.832998701578322,334.08174203759353,14.374668098564356,11.352817009389112,5.593524556456733
91.90060779148307,88.38143292536668,423.7858474009998,15.414825488962096,32.33317511546673,93.40933353674343,89.98155692358722,412.182623392879,15.230013801872799,34.48855430819964,1.5692941383433558
49.78008924817626,211.66404079974708,25.77790075377536,15.378772619549471,33.44835576577113,46.33239416585335,258.0277178723356,28.584983870291225,14.66959501986622,24.700733155672772,5.068313602024357
23.0582314465407,22.317606942567352,20.290566545260763,9.835470345018669,30.532497655386567,21.71313275297699,26.93584178118792,20.781077983774395,13.806343831712661,13.68183313945829,4.557045597961981
224.18223906083918,223.75437897408247,798.1360635647793,3.427753975790775,12.046586002841375,229.4028234890879,582.6925335761913,726.1004865219634,15.367738322378115,12.628315913828725,4.784279042886428
232.31090748040555,20.425994879932773,43.14637008271377,6.322788538952855,22.423295178579995,237.57435791138502,18.650339761264338,47.52937260259575,7.035556873658147,28.440734938653925,8.604130100248145
61.28252777619698,44.580546604332554,38.91268645192979,1.40188808929742,42.758909149465104,65.7488794282596,45.05812648751894,43.282274714084075,1.5098336932328773,24.04932605589534,4.8709992244549065
106.24560016807638,219.2800100520348,115.3749602796,8.37040178671742,15.994017089995495,101.96426284323671,274.0246326217318,128.00842386877784,8.799458714608912,9.563026945073709,4.148648896113937
960.243321679464,438.5859014356854,14.42378641089257,14.684853878218902,7.737418760733553,773.782494045514,90.18123139655557,12.918656698555377,15.924772602018557,9.765735096217782,22.277542851070518
31.210284916580274,180.2291289389369,69.2541810037698,11.242285241279436,19.87720082364756,30.85653086389857,217.92211174438603,70.24305183858812,10.594558745882455,16.387983648319235,3.2622825080790196
32.54874302667676,31.469687966241782,146.6830583947753,5.879662941537298,46.89598395755931,29.95838584432,30.0846529288912,141.37337901556464,12.40689727116303,44.9250369336981,7.618767331207453
12.726252370512471,79.51169122717796,87.00847228029629,2.6015185150812474,17.1673748760586,11.575706323210236,66.6010492694322,86.71916580810436,2.7829907274577805,13.959905337922285,11.20268897970695
45.9215174174195,13.83042390176346,12.386518171369799,11.142436601708072,43.221256550961115,46.491115177718505,20.51220087726684,14.7357114169785,9.797428416865092,22.250042662253332,13.184077548066087
40.237425206326336,19.11312355479722,32.54243843555863,14.16586580084018,5.797024811259281,43.37422141094795,19.016158069831015,35.58390797419781,12.8713582902543,7.887701674663113,6.229352926569249
25.97291809985697,222.2186277430294,326.07616922643996,14.714617507940158,5.421561659197559,24.6785636355769,186.77678848592393,310.4191896672176,12.446355717354786,13.110503241920606,3.916298007355527
118.80075631010513,203.12496238355624,544.6602842201335,15.510207777475578,38.956426350599095,127.78146229985786,189.4030332212644,514.831357882749,15.533351916059203,38.32871403896935,5.7128624199739635
110.32998657527865,18.520276977210436,12.019524328496336,10.25638050604129,16.686978402589016,97.53184649864524,24.53658890514401,13.215393368107685,8.94339524109242,15.68768082744001,11.388955755844039
614.7339586257398,307.35155961658813,142.30950585570838,4.288145177772474,36.92703297586679,628.1910182888729,294.02259796171995,138.16086207991302,4.020009229675362,39.28743590911238,2.8603095512447614
121.49483469392885,54.230151945430116,74.16858023280118,12.429619175536246,17.05571395364083,123.71939086813397,40.12383094377587,75.64698018956533,13.644723279968003,12.933064008858892,2.4816024496328404
196.09104692415576,13.772149298015924,11.038660808299076,10.581349362459802,45.531208098652364,175.3463383354914,18.83110828134996,13.038972562453178,9.085811188624556,29.077505862610227,14.784293355111144
41.798506582116104,369.1768942519977,45.28221587594442,18.496742541679108,14.862409973926527,42.19740508682383,287.12221497121357,46.535874556190194,17.487428552223626,17.966337730532388,1.465846794961389
111.5915470167622,42.70612576492194,721.981801341866,2.9717170753950404,11.139509640023064,116.87062934559826,35.609967059181265,609.7107781913563,2.8201082470750825,8.068526290734999,5.293057331368895
89.39031059202604,177.2557759653819,73.80936467928188,12.241647400489466,44.70432724216859,82.00902295328115,172.42435098394145,76.0365741036522,11.750928390576181,44.925190556325255,6.305404906647853
250.03027533125857,89.95538456666348,246.4091594831977,17.207490762861813,38.307765182434785,250.85001336377758,88.11527892400852,263.31250460589325,18.218545654395797,33.225637711028924,3.7196519603343097
46.14713546303315,336.8110200897951,24.831006758540603,3.950249524676132,25.992345402605665,43.29173138997044,364.87647137090397,31.33483100388956,4.336945334455641,21.641252351553344,8.022521424580354
313.6738639255439,405.19519318667363,37.67257252757496,10.716320808344387,18.54073283816506,302.40999870490293,640.1692464799506,45.53617190527019,12.520849767979891,11.699220184141213,8.71210854227683
609.7665835951705,558.651367145494,837.8517860223346,18.639135414494604,48.847317355344146,620.5663027165526,434.9634836355595,747.3244057248138,15.953325512422063,36.211781010179706,6.870597474228984
50.81339540739926,197.1286355393822,14.332697833700452,12.86789592000123,45.85874840345854,46.42966697716777,198.14230092791638,18.18830349500569,12.232343277800007,39.32182008740596,7.288244167473048
24.777080520219545,533.4310162466453,346.2423934325273,6.886974002648185,8.072025156160406,24.241511678422164,338.74016506497156,328.3876897727499,6.024896600664193,13.872349690549031,3.1979307483553514
58.92352903766893,77.0040557208683,317.35781537340637,4.158836424757055,18.63451138533361,59.535267711053905,69.86841618135358,309.8565047994896,3.4502302858099134,14.282633584333082,4.511396394549434
358.69357586918966,748.612510496351,62.932493898521926,14.098987602318399,14.990181683116473,322.9854794082682,907.3596013009311,74.0472214663061,14.463909811885783,11.810016365339722,9.155575343832384
156.91029477631443,10.209177536172232,442.63407430367727,13.481513683419255,2.756847495886974,160.86727727332504,33.55113708924436,424.5461308408783,13.691945140891539,9.08185291489948,3.029493240333537
59.390963180086196,74.8364869712785,108.4991706295499,19.899215959425263,9.326300416257807,56.149884524140774,55.706327733334795,114.58398435676334,17.317427470829134,11.278394540722092,5.3665435268272725
315.13416110367217,542.5894803046283,90.0003590853614,7.484668036204942,28.462341294614447,298.05178572691955,505.4235475290345,101.73893274204057,8.122309253732714,29.8813305749031,7.132685120488021
147.29003144220917,241.18065786163612,527.5527021744923,11.418588612095347,43.93403642541646,149.79293773597072,236.14920432674214,508.19557354441355,10.922637135212113,42.176197353886316,1.402232453691357
97.75393366848931,402.73711634452553,10.488967997862417,6.645540955846946,10.557859647079,96.14401838726526,531.2822397401491,10.891168585487915,6.729650731620481,8.070863923065446,1.61119464646231
20.56585489144192,56.44863893445599,734.2635136749395,4.988163542190281,5.288556723117521,19.89386587820136,237.83358732350317,674.7417915198116,5.207749953446007,13.05099227543918,6.342317025140792
365.8618069699791,470.18634893839805,180.72629662731654,8.282516276625294,48.16359135167685,324.4423810417088,386.1344966180821,176.39271301133675,9.028991798224563,44.75061825518108,13.540410538756968
128.74671090216313,13.101998721847016,125.59856153474735,2.564723979939658,33.45133355597739,133.0536227043024,15.7384920543772,121.12859230440502,2.603535897243282,38.602347332535196,10.50592516840869
114.44539436250025,886.7548660214754,109.15827676031324,4.43055792859699,38.974698098423644,115.75120529091973,789.7924826105841,109.90442036812895,4.2597757310335105,36.01953277452385,7.171847616910733
325.25258115964886,50.37576641675939,46.35403231532853,9.576590646874529,30.86678014148106,304.4981763721142,72.46889631981381,47.83582140413594,9.126247104301589,12.603532757250234,6.1445478748168085
306.99239311771765,392.8848827951803,450.57892384138,2.277080013182537,5.463520710661241,268.95623768777136,380.16119143214104,411.5161341169333,3.0122934479399888,10.20996737249471,11.276920002005896
909.4858908326527,137.88225760865583,163.10535113251822,18.38752108751663,47.52329241019999,902.2426649592213,145.9792286064138,189.36372704578628,17.762574894729827,9.686517915338623,10.138134058075247
237.50484309954766,24.67324836029246,88.78278132056096,6.589201713816912,46.8397292045914,242.25782205902843,27.825278491426296,107.496948865363,6.484508086444769,54.36119011107614,5.203317879422604
76.65927899253394,18.848186493803137,10.206998468737622,4.666514393589032,13.322828200737959,76.26619619434567,27.50963331850284,11.107968055805067,4.077774813835587,12.718425386096069,12.172586824508722
22.38391363790248,51.69779561034441,30.602894412670015,9.63248037323124,49.08841140462592,21.13025307313998,49.090653675802734,32.90925245877441,8.651230755747696,45.42047424757534,3.797222712560943
29.315907009174293,44.84443943075806,126.38241630283906,17.223993342825196,28.23051322445067,26.95359965510379,39.947736378377726,119.69692664476337,16.94383500186796,30.642892104345655,8.70266601045378
115.98941025071012,561.8938176577736,16.827753120318945,19.982879659433127,23.716199453450123,108.03880328901064,429.5274559841997,16.352580440037894,19.826534658298293,26.5664678840043,9.037328898869317
66.9406723338195,313.3900961636477,12.235347196981952,8.331544884405876,5.149120200195126,62.005432204623084,304.0120364254575,11.723677670537471,7.8148751946363175,6.02882471229522,6.014007096503331
11.251083687094269,183.00141712123008,56.536217164069015,8.570489053502294,32.597476776426376,10.663520899558069,233.55029745959777,64.15290867579655,8.774275582811597,25.433114040270492,4.541650118479399
332.3074756007992,928.5236239425795,11.42845792203046,4.72519300361259,48.28399067742867,258.2160759282782,805.0266554387867,24.45048114420016,4.382821491504769,54.011197458993294,17.994927268579726
111.53260134459737,12.741753639695,45.49729230038475,11.076509723761413,36.40671845186724,108.67954641944746,13.049257341079946,55.64673380100897,11.070144943311412,36.68070691852877,4.710966236785303
17.866229122046036,126.27045229337708,79.35772056914803,19.98637220776814,28.368834488666824,18.392816755790893,121.53631318571863,78.44501984749793,19.171448128828732,20.3930138128916,2.9807967161568865
386.04336417636847,40.7176965549998,12.291661923817307,19.88676807897193,16.56969538097672,355.1566850962415,132.67210743485808,13.729075594716509,16.33846389676332,11.47830739029241,8.878508289615953
13.474369717043176,986.9432376333767,722.3192665328842,15.202996931858193,11.649240092160602,12.494831188595159,273.9317232069025,658.9903598510788,13.043369611239353,14.669980250529855,4.885258180227748
43.769629586472625,81.02226172462879,46.56242028480187,3.1774162237625783,17.575141779112098,41.79998986916717,68.60693301721996,49.59510800218514,3.2642079971680418,17.57050791474451,7.55585574380883
185.95234346645617,37.35897800753605,65.80127147233627,7.768321687339603,36.48035674836637,184.7966064671472,40.39873374405616,72.03131612254818,8.368265608551502,44.113351505188206,5.777159711391717
646.8048470474952,14.646585092353519,130.49909818449237,8.554907279693605,7.601052352497933,604.6451757918055,20.271370736050585,152.58722752051844,8.894711658000181,11.543665104354009,5.353216731995054
175.37358842392845,842.0440650785217,390.39940997216604,16.51650835118273,29.613066526433787,173.97271097039777,870.7325350512633,358.89925361582124,17.089104977396396,33.754179183392274,1.064487882144249
67.4590328307034,37.71559021118051,381.98990105543476,16.216115709927184,21.72630963447266,64.4613127118558,32.17357862953142,364.6301474266887,16.959516341881383,20.695585184380565,6.216568297688182
17.690149784719463,10.661530843979802,24.204900406151086,1.3816900885242371,44.14134044064511,20.501061466617873,12.024882805562482,28.464561335003285,1.345277740549774,41.10431650419642,14.82144518786907
342.13511870923105,161.96230654928598,100.97978085157716,3.3705468055278054,43.08848495446385,372.66238722175814,177.6439648935274,105.31029565080047,3.2664027396711446,39.66771009681166,7.69369717676172
49.39614116785104,461.2357568996881,22.62283850866295,2.428041173927237,42.627657670593365,49.14567733105442,531.9323841581227,26.983503957268056,2.3227045591362567,39.22720933623508,6.467162734264297
27.852296452790796,130.2880073166228,388.3796957121643,8.786337254875278,28.780819369248096,23.629409829191417,118.56533159448149,348.56086976955453,8.04823725698955,31.521960494287107,12.178512599577934
67.4325033892652,203.36581512789465,19.837040537359766,8.96974664776544,34.708443416273816,65.01646716767006,202.07736301996954,21.529979614318204,8.975576723608539,32.58604051885301,3.351903156880324
445.03792116975484,494.42794331059156,738.0696502225536,3.492006490830356,25.66735240730387,399.2582128927591,493.6237194993564,641.0974811371873,4.516335343134785,19.094715004495626,7.887408815340673
14.961877936962534,190.43361974141698,343.71655569452207,7.474299291376367,26.085150885116306,13.701839749384623,134.31955947330806,309.33000282030895,6.91793015929385,17.947128036515796,6.727152463658224
218.92585213393832,55.87387740293229,10.102234402736995,7.664243623376865,46.949603232467084,231.68519719522183,57.52678891706648,11.543265780593186,7.102084887285029,45.21636382707585,4.112457723468819
49.34362398511457,46.05720702577718,461.8716066523619,9.668088814446056,25.686038117615997,45.63116952152916,34.701609226254966,417.9713596238264,15.696482527002427,19.53316712092743,11.054663710139042
11.58020225895475,27.410322610310637,915.5578358872285,4.333230823060937,46.14588443412471,9.07244497743333,24.56845745114837,600.3467763652191,4.728969554552425,46.102777648764366,19.068842101696212
11.773182331553299,30.832492623465313,90.41850336936268,10.645965426394893,12.443618323588801,11.44579238184637,28.84613831468022,85.37013746037641,9.528005037123133,13.60240353801717,2.0576741056690913
436.4956254342532,240.66316619870653,18.403600463194906,3.1695036772258827,39.05226252486271,406.4900471332377,232.07594501562502,18.898374303249632,2.77178518642164,36.455131048968894,8.638018742104325
190.01370702828697,89.11607390380472,20.486378958780836,13.034967658456965,31.696664324180784,185.34273120736037,81.66490336960251,21.182951213936974,12.135562430082613,31.175957172019935,5.615026749124065
197.45016680649385,26.4432289773113,73.09050476015098,7.78337487012947,48.904519218103346,199.26102643869348,30.03258653585647,89.47310709474026,8.086229289881862,51.614386240958055,9.528583385886483
16.61441395550882,496.0705352366348,19.23782595459436,3.543885365059789,20.567482917901057,15.174693734912115,466.13263513435726,19.988097607775423,3.418051556758249,24.673594139797803,7.825011197577987
220.4754863615237,444.8451714218278,745.3604189660798,16.13644218315059,45.00239176800221,234.47998369243305,425.844093668006,677.5484089769218,16.39888268137622,33.22854409180011,4.826474834092602
12.502278371946382,24.22302896543621,10.199188566614428,10.579995731898462,27.35909098727626,11.821637363851384,31.175198272169315,10.613515488927911,11.12980129100133,19.625512193264736,4.091317180180598
422.7770126888834,76.92167228016508,18.59791762176366,10.833386390873663,10.641948832258388,379.6183203074125,83.33383817384406,17.969968646878247,10.736994493964389,13.6763998231374,8.941099039803676
317.9395042486932,46.061939593622924,20.751024667936015,6.02854718500669,4.32700816150604,312.8356253550566,41.17778935376898,21.207195663448523,5.6252030384241705,8.084329431132348,4.950901141040379
27.07147733697024,44.29383860935221,35.27723805441636,17.469375376086976,44.81542669872967,26.642720673105377,46.52314063770059,39.85110754343551,19.220319206454242,28.328277794513006,2.336510018063746
333.56593012655054,120.66740933795187,708.403294320671,3.222025445755587,47.96948846389694,319.75648715539023,122.56444415024983,714.5347068492061,3.043646654104753,47.44532865398103,3.4329294640484176
21.10376148790086,46.21194737130692,45.972923334375466,9.629401222343116,11.140136223984777,21.856504211582816,38.36810179435528,48.461391248177975,8.595938274584116,11.302044429289476,2.925572385187272
66.43644021213686,216.16918052656882,81.93910136865662,15.315750249290495,3.5159038732639285,64.55726633086982,144.21145641508056,88.44732779775788,13.058403592812457,7.841971168082202,4.4314300727407
949.6781168841991,833.0750498579546,840.150675672989,1.3612068720803343,26.757058756338058,946.1917969080732,758.4717703053084,773.6248943707152,3.3376806799997656,20.540107637988616,5.705904255034171
892.1840554516453,481.62849669884173,58.07554557602697,17.89857626194211,25.235139546347163,833.8385681379572,427.4352114280474,57.4445793775571,13.831971094525157,25.36428646429025,14.164615041086723
20.23667719448937,40.654498603280935,425.96338136921895,15.937780513662005,22.903942349266316,18.4122453240282,39.178921834548646,466.53695879097364,16.19127385754276,24.081112407909202,8.480916035530829
180.10095113739237,777.7495906725912,585.8255555137658,5.140612590227594,9.369243256489826,153.49742617374824,616.6551522869445,577.5312990073892,4.470782122768531,9.388866574639804,10.103054315864611
114.07094613386579,394.9992513539008,158.06708437049699,18.28854357281483,30.70609443752578,115.40520949877218,388.90028023039747,144.92569952924984,19.406228800595475,26.549035005437023,3.9794118041697795
51.170446750540705,89.37259768950435,27.01783190947648,3.2761345068544125,18.887038627558663,44.86693476563592,78.37249256253598,28.475006583166333,2.815629411502418,22.591668526539195,8.700370436188951
67.58978474612776,33.83909151570103,69.93174078221763,9.488972577173985,11.931572988801141,63.242254029777676,25.29753175663263,76.73682559517665,10.237882168619047,8.090024654810968,5.805341432279608
18.608852283265545,56.17917240180323,62.67574699854442,6.075922691190329,5.747799098208549,17.60112365533835,51.24791969892936,69.44234674302633,6.093537389034129,12.442028639974199,5.387733301183497
12.244547766684342,27.78096289899413,78.1524147286488,15.76991746865069,22.124202727180993,11.828723623938846,26.220204865189853,80.80790083003926,17.311141776926732,25.41607211569428,6.107956002552305
155.91582560151588,384.186123417077,320.7351422546854,17.95828840110666,40.677089520430464,156.5647394226329,380.51258569586395,309.47569138732644,18.826530395999836,14.874284164810575,3.597682878946003
235.53127973423105,54.33955193710063,209.28464596023483,9.005419565009497,26.090139334207755,252.76479862954645,55.84749167666048,207.52149650672115,9.494442572552673,30.330165558966648,7.225753045098486
47.76343562721983,823.5366402664318,129.28371439263287,3.5265296367661394,37.94145783281793,47.51598208035432,859.9869579512015,144.48127477873015,3.3552639933472257,37.585037812287844,4.048729451726887
17.61674851066861,97.91997977480095,25.537751601536346,5.932844893370454,42.21192208414393,14.939665696954567,84.70556756335141,28.309242198605112,5.970427168253244,44.68947127632107,13.417790218175984
11.223012838341095,60.46786692004206,166.67368293982784,5.038732955647958,45.68615034541719,11.128583674879927,52.448241207326916,150.40562354210775,5.2963715630590436,42.78686474140444,6.699317038515932
35.87272797656261,443.45707695572327,93.83446002226499,17.20144706858543,7.193543294834101,35.561273006757155,266.09077088069137,93.81208157288138,15.972146543871537,12.834675502162389,1.3493086269654735
19.13423288882263,63.40345553067703,843.5663898482445,5.072224287088102,10.388257422755036,18.56166695991014,93.95205065362839,694.6959841146232,5.071685505061645,9.937404250965514,6.131777302423496
425.17611467104376,166.83817059753022,169.7085762344979,3.959423970756761,17.418357717137198,433.176670292736,153.64677566183266,174.2238730811991,3.5893927635089993,12.33934316903223,4.52747949360957
346.047519144903,741.9309604784421,31.149970189600722,13.195724426684492,37.1150522087241,302.75500591655464,777.9745706355287,30.817959558400286,13.629892796585652,28.729184673856142,13.704581029627692
297.74693156793046,101.17841180898205,26.10777820606405,1.0287005721437268,35.93331027218018,238.98326329134377,108.27417159125916,27.199483433395677,0.8652012862214823,35.49938764947709,10.368092677887994
687.1767708615046,12.507918280299254,954.0301330594029,9.944953304039926,20.29646174349457,619.139267729415,12.358828896541329,864.9540661324918,10.453858520606838,21.78008559019088,7.850774233403024
472.8467666791051,26.42384853481795,837.1815630128028,1.2499883730979895,40.647139047051446,446.2084094324616,29.8035629427033,815.1499134778558,1.116572201459772,39.4522670093844,13.87441588826897
19.48345781027786,47.210624083869035,19.640306046831434,6.447161368056998,13.481812100027426,18.474574029958006,64.82046581861947,19.47716302673146,7.542024630475862,9.34188960518777,4.113952623809411
110.17957544581012,475.35392171136874,753.2011167632518,7.338478687213754,42.738019749566966,105.7325336202718,431.5249530564553,688.5188721383031,7.219740944171402,38.602460494856864,4.916891758509329
13.739579849189028,318.74804154341757,363.13429866305677,9.761657236670075,48.99815667384197,13.17063965495316,199.1910102266883,336.705176659035,8.969315489648569,13.065949392838073,2.492091023129049
19.840584590033153,33.36166698595647,42.44880152720952,17.779760377180935,31.9442993181154,18.974964413853932,27.5767190006539,44.24114748813958,17.6702678822801,24.80794987383979,4.986513338383334
230.57154716645948,779.5764993261671,48.75453978446597,11.56483977534521,40.149912692665424,210.0497718153031,765.9987703009058,54.242155636340186,11.49760678342533,33.45109523867573,10.11838368500008
56.78078730830852,152.37916512714486,45.75804607900648,8.420039655138881,29.8912581900138,50.93796926168702,151.25273604726854,46.76324517618623,8.871419685575294,32.769897635541426,8.681685881328777
291.5414878171023,51.63106581532017,25.678887186349062,1.1529729025227642,6.076619371169151,235.39001384372327,52.983565436657656,26.598321485855948,1.2897688440192994,9.902605510925193,14.014342042888941
236.47761851231206,14.28645453006929,114.86828078732768,9.194098270890674,30.176643938569338,200.60603825055378,13.047604185936182,132.93962468374843,9.655679392638891,33.303948647771435,11.994147904007935
140.89836637747933,249.3256435179348,40.02796587753836,9.66339968365057,39.10079403506575,134.72882923299417,213.4709932089064,39.2153600803645,9.291960893976063,41.87053327938132,6.415726279699578
478.6444440734465,130.67611435279872,14.888400529734472,13.803125330807724,23.231654340107845,453.8983133570296,146.46407546513942,18.043894086092905,12.424034503909747,21.810505727816672,7.933518661428421
81.16649031843009,19.68440315313602,432.6796015101907,5.967282042500677,49.790070156986275,79.30962386242908,20.3238189682567,506.78325577965114,5.9224994510912055,53.021753496994435,1.7194498219142513
69.52215947070701,13.412035391998293,88.02698055238496,11.286243633802819,7.606191464073559,65.02336456883923,16.11708395041872,93.60676362603854,11.094231895960714,8.711754547035605,5.353585453335519
37.82808031160827,304.6619633983267,564.9187597577564,14.130150737422964,7.343144090580226,35.06495483711763,213.78832555051116,552.4257790918645,11.09905245855301,12.485053334605007,5.667745077103299
391.26308284605676,104.48474389833969,32.2416927394945,7.904604428091802,28.497648172707333,374.41362110395073,97.08395134763065,32.470737472657916,8.193213494763162,27.20006509256376,4.105305823724064
80.00015533162083,21.88439020326767,43.97782052115892,18.597340117955167,31.32095370027684,77.59738872509146,21.252365546674785,42.79497481164141,18.09228692462064,30.82570926965194,3.4333417115916016
265.84538727675607,957.1831127430099,12.069093718885291,7.780645599777101,16.77943909067406,242.4598475138015,774.3694368361205,12.647167002566727,6.939906367286085,16.48613899559461,15.928486290891005
145.4714625165703,175.2733300356148,399.9128003785589,1.4614905199205928,13.513185276147075,147.50905722539602,148.89002104390866,367.0582717257315,2.7646740513980737,11.070481154641843,8.60645369618345
550.2849018382774,97.49294528998439,113.2267128537246,2.7411723905584915,17.516665254550094,533.4357931969959,97.57791453279349,128.64083047092868,2.594538506660053,10.823704024836811,9.10204424161294
61.14725026480016,682.8896410702968,24.351241251666455,2.987327553047288,48.284534394689246,60.48241906211131,695.1139762520407,36.61883592720483,2.825483410848267,42.66772256880437,4.011367792996857
54.04297869552134,95.08389692491565,157.18015971313258,11.283070792851932,11.76651682993491,51.236509740564514,89.70531840555196,152.87363126704642,10.601341984982302,16.86930438873589,5.483255811897992
259.35952101973356,424.0799353496751,26.207635966772475,18.612521376566047,45.02344576707953,229.9934245307271,396.8867271838404,37.30605149595927,19.925065957784074,40.095352037338586,10.843389801069444
720.6796023752986,11.80284700764438,111.02060000636365,8.683801508107644,31.8367244786912,669.0395809154136,9.771798935907167,143.93805827971363,9.062893737972049,32.24520587023332,7.282595390105021
431.8727977323457,28.556165483415043,468.0291599392862,15.501545489071361,2.195502579996301,387.7076413127191,81.7810965297775,422.7780123529807,16.16452071174394,6.522423903944452,8.635438603489282
479.5427957250323,25.15087638721547,20.415729862804827,8.378069859455945,32.2693767226258,420.11471782271,24.772606731730182,21.462056356269443,7.993554169127717,35.40903604462122,11.941914005743293
12.74459662066529,252.85026981063592,12.985298907730078,12.438418324875283,14.03315214654791,12.326538683721541,227.45857412990608,14.5336417192526,11.892297369950843,16.01356030661952,2.8489820962801113
102.23108399470564,659.3325062360586,149.36466909664819,17.155211677840718,18.348358188393163,105.29760354688666,580.6043549783857,139.20106075928473,16.867359088830266,19.093412225222465,3.4045826366832497
14.836505651678912,159.77037032657782,991.5111863172294,8.12033765146992,9.821362041260542,14.343922795566195,237.63110617604565,835.8202512254871,7.534971716010024,14.563294549137456,3.030096924483841
293.0961857543167,763.9934692578637,21.948830520291946,17.156042943630993,40.505802153200705,263.2657559846068,750.4050941637947,24.76002522407661,18.711409179233165,31.17956746548952,13.868798497129708
25.172841115102813,39.557015781351524,112.32907878729031,1.50788060609964,5.747021605082834,25.353763633512177,57.11129604636216,121.40676436576184,2.382138291487563,10.695544529348416,2.9647349331368256
81.721705138292,13.59463948138708,70.36135527790759,5.489558174030457,40.880186486894736,86.83175422506828,15.177342835507446,81.87117463290176,5.509228806880647,44.80762804169673,7.623501352894858
533.3838782417592,207.91639759818528,16.792352925862186,3.044751346786072,38.427698743396775,479.23369098560215,198.02763691386752,17.02608445700853,2.564310856157053,36.36631145781009,11.330142958353132
339.98763539957616,258.2383420641137,298.8291493806722,4.978932285292201,39.42486240996688,323.14517745273713,268.7538726259269,300.62118134613036,4.944843797406283,27.23986221664683,3.914914984448572
24.802005998280386,608.7018101096595,749.0988510732759,16.43745154380537,28.844949342094043,23.442852439373283,240.9383344949802,763.127766264972,13.662390666300402,13.018321115604023,5.360795324600329
21.06527951193066,143.8319626849336,614.3281178010478,14.978865096126968,6.616995566602468,19.894966468784975,232.97193198330092,635.5040527003579,12.777441987991333,13.154820713771796,6.579686265743429
932.372272794014,97.03120199877335,248.20535071079706,12.793018866728067,14.686057530594928,865.0457815582806,70.34402442126027,269.80179015180136,13.501915117210604,14.158919316989492,6.221384870997195
772.7546622071474,397.5171117379491,74.48799439142554,10.579421987111445,40.29083997030979,720.245586036884,343.9470666321062,71.19827400359584,9.111719680685281,39.15636261341167,12.108345271887574
56.533235556515585,85.4832758516876,15.238973463412739,3.6377571711088375,16.08703809119927,51.05404317648105,97.31593341832692,16.58947282828711,3.1509476589550935,16.33622098267833,9.44407892756072
512.5456692956174,84.79397399361942,233.96422416319018,7.329568206473728,11.346272324539788,506.50475708440473,79.99719958374133,247.4402415952022,7.678314547494582,11.064417057374106,2.1769015387382975
89.82704634336923,170.74275467009497,123.86067944761415,18.188001809979273,37.167604667154315,83.84695550611383,159.35855686451984,123.84498905318024,19.4766116104225,35.09837807537717,6.885480234522297
153.8760478443344,22.715634642821982,130.7474789438194,10.781314937669714,15.728150873853188,143.44937129578392,17.943045507856294,117.29281859890152,10.939602491388227,14.480468916149809,9.26871200223997
60.89995635873343,15.94961357048107,738.0442209901822,13.39354884798664,6.551504062589362,54.85442365887592,19.901432036998838,711.3615294053958,12.667686230115343,9.207635676939836,9.414200329283021
145.0235568345201,129.98016533867843,94.4184636770736,12.563636468756615,6.030544197251487,152.4093378771456,98.93831905593615,97.92030875016145,14.207080955232842,8.172057153645337,3.840231583577098
431.2983316496575,61.330447388791214,793.7013968066808,15.56290198299129,40.60554010680675,419.5035117727952,54.263923088999654,764.3177316414944,16.805237816291417,33.022641343711435,3.868696958868761
169.11279582488064,12.844221185541324,15.5124134645239,7.675768673147678,42.448914699973066,158.41066144958975,17.25305278111131,16.841595862669347,7.978891712419551,28.743640625789027,16.22446942503226
127.33789370337824,742.7639666894833,547.1359109325349,11.952166958830658,22.067375006658796,141.43922261693606,728.8922197372045,535.7965041872028,11.751680430397522,18.553971712400006,9.025338629159224
54.956614665313985,23.26807807575407,892.1473948660738,17.324479983549832,11.375694418332726,51.261635852822145,26.456602926565953,907.0149963864969,16.903666179732166,15.204292982377178,7.715569082066577
100.37591596333102,636.6623726842469,149.5855811311177,7.418180130689016,3.986007982583956,96.842390526895,386.6610738222003,159.4365989674667,7.321898048362949,6.586385744580614,4.115295526615069
37.51181031781061,35.37939961714992,912.3979882314969,12.046317563288065,35.43114555028824,35.320426693820906,33.240614168765234,865.9577207002079,16.380628391143755,33.14485088868977,6.666736279955423
198.44863826388277,104.05458661912428,16.245621201622992,9.111738397546203,13.862546687045414,185.76732859633964,104.7542677510193,15.696279553720608,6.971543482878171,14.119216836473152,10.165205298771825
266.006159148269,576.6224403266958,11.381436034682633,5.774179443811956,12.664298376176708,255.61892802479193,529.2903986440228,10.824847321706711,4.696033332763847,13.813126669244875,5.431512360782639
63.89223071953325,19.489942246098757,121.72416249725876,16.001790610868298,4.641544281627905,62.78520745375808,28.681033542136717,128.88219523212368,13.670452071647455,6.215101838963042,4.53009711684655
16.842136935416363,571.5289544329972,31.694429840728063,9.242264154459065,44.00900506025393,16.2044428563042,624.7747219266006,28.30464172304907,8.927389819729225,35.46097365261701,3.186318989355429
62.16472612263489,289.43964421913444,34.84848287619915,13.00865787880467,9.118015347995762,62.56181295931008,320.19397977154824,40.71388883135095,12.039579740018533,7.406720980259364,3.824404558717731
619.6316980314384,147.28915938335498,322.10803975358243,6.598691383324384,18.471847896477122,603.5139039992434,142.23064646556637,321.8835660481742,6.7822657644574855,18.90560448489739,2.0592859011231868
124.94978621975234,14.566480692082996,13.77533624636744,3.8013092999135036,40.90387645781716,126.9374635319805,22.081234194703143,15.472307457567904,3.5941428657280143,20.590899426241624,20.900888787869842
250.23337304175323,41.041525035967844,803.2756762883164,6.737865943072732,32.45310253848821,242.8095397232446,40.84694046532628,874.8605710362997,7.272330521327418,38.08247696817408,6.8669762791151525
999.5004057103156,11.907938567144248,156.4487457206364,12.388737874400407,27.195823685578617,1004.0455547177036,14.108853861031246,228.8419964797005,12.130129044683455,38.96959545206542,4.386713556448483
943.3868628679619,202.6602372666529,235.00010962487485,2.0473621823607706,7.0386816191504575,903.4202578229637,198.95125260609115,252.83814766838168,1.7916503036242137,10.131777646428668,8.215776768313312
24.66150387772779,132.5430908580967,922.2007118074824,4.538822308162272,42.775988758696975,24.41518649096993,136.60012493142708,870.7935550193255,4.547526106669735,43.11567809769286,0.7109950621109352
124.95678194051973,44.52052236231307,231.41984295621126,18.654960497594764,8.13938113505631,117.44159503593873,47.06176875590762,230.8818867270579,17.28824180310261,9.402738231834945,5.487052909561467
774.9593626393355,32.800351612054925,106.93629710049268,18.23170510183866,6.8614661644810635,748.1272778478902,53.239769628152956,106.56299065747011,18.355895282384004,14.481221621698698,2.734897421078103
27.301081586951177,566.5163170170567,130.4692952397597,12.46010598969158,2.9951208653633348,25.616587521537937,159.3500222099146,121.11041462963529,9.805858778079193,11.286819582858318,4.415028613569537
708.1036715878898,472.56506658303357,74.47616602792411,18.429158116608907,29.013597668650768,642.6219864365623,402.3957551909364,73.0936288135709,12.962506998630042,31.260281598750797,14.708931251742227
243.22634444254612,11.648773501648204,74.67535512499596,2.706158143748215,24.18089620992174,248.91137519805272,14.412642157025529,74.76570482201546,2.8210004205872528,31.17702218124424,11.438039526160242
81.30820948470907,12.039671946143134,467.7349184588769,18.887862896408116,19.947195162484416,76.31158754997743,13.580199107569046,574.799871234974,18.180646169500672,26.314503978311105,7.763707817323826
29.40384861173869,190.01124777335886,11.120005769852245,9.387559799155373,46.60091039146141,26.97787047180547,217.04968230246953,15.151712219353051,9.185091344262066,32.989387052971054,7.7551926640991375
82.97648897460883,64.45147056116788,156.4942360224153,18.23869195436533,45.17608296961285,75.31193868389227,69.0129551910697,179.26355265703612,17.601271445383237,44.224473168885545,7.8755558812477755
25.734801273604457,373.84363459752524,307.83470944452614,5.665083414747258,10.289408739571979,25.637944582396944,302.7102109466762,297.8514065935961,5.291789660086835,10.644545620172613,1.70615852941527
243.71114260527085,13.96290061229354,48.53265741860577,17.47265845481184,41.89569777262361,237.87135442818294,13.599810402399791,53.0286281570596,17.846597463849356,38.68506420367735,3.294952760462792
26.2358310189033,12.784105246347787,295.73321895161047,10.049883326804652,28.474841680802882,25.30011141785222,12.98560581059731,396.91281343090935,10.83769104901318,31.69994612696547,3.4949238945855097
59.91439445319989,119.91734383186659,201.53207188592933,8.3922037003442,40.21929938463764,56.766919760394444,109.58895554770625,209.6938886663536,8.591726140214753,39.53205285256436,5.713883982873385
10.467294064160068,38.33308310149382,31.08758939697852,1.0359000597937196,49.36986311203047,9.905010648720785,23.540733482591204,33.78432618506434,0.9208286925557384,42.64257114856726,25.294017503431025
513.5588715384018,795.6727710851194,26.68179543370381,5.612151801484969,48.25604365160585,490.295379034147,645.6784479054031,35.28201121045988,5.876527952264335,53.78851444518507,10.238553254306156
16.032496852893807,371.9614251123379,12.976032051827039,12.739608231003944,17.145537706692384,14.322749542915725,304.48498534705607,13.227764326791975,12.222334764674413,19.712437442781262,8.789762323174884
198.17330801477357,13.63472448015132,22.98948103502129,17.47964339588075,22.730197344119297,182.7477783273726,15.023388456511219,20.54842458922783,18.40919462559166,32.489303449400964,6.76917205784907
22.200812590429393,39.72696986139673,521.3747643050987,8.975050725379536,7.212771818895863,21.62140216335378,181.4372274533905,520.091116318646,9.505872600161258,12.324852217887246,10.114032156115368
373.6087982602462,121.01253037761836,373.3200309028285,7.55525591958241,45.15873493149227,382.403717330273,137.95173263753532,383.58397484867766,7.759432551295981,50.52572889422834,6.596876367533695
26.59385162115992,669.7024003669583,178.29621370003252,19.103649194440937,20.972163281905406,26.22608839089165,429.50947680703507,148.9399536438252,19.234947220551526,31.75437336883907,3.8571974603772423
152.51976728842934,891.6377572276418,780.8583431263185,3.2942773520352926,20.900750770824768,116.08726655475493,626.8926491683031,779.8820865910508,2.838504705642043,16.764070779035475,18.13361835232676
152.88308639684553,36.07754464598139,16.925364977729334,3.5137154091814047,29.425610652811113,144.10077746256763,42.48054804120238,16.863559550667766,3.1494660858155656,31.492343965843826,9.709188075802931
114.33959878528445,34.1862380405699,319.77088098643713,19.58608354562874,19.26098254716961,106.73104942330731,32.91455612507741,293.70760689103815,19.02412982681444,20.98059389398461,7.7575705898641445
360.02085376671545,327.5634400761266,738.597919967645,12.177838822495774,14.278226669523422,395.4025297637854,205.33797096586767,652.9933695170389,13.085762700895065,8.559661076869585,8.192731596378872
61.15800628153648,318.18132017619564,657.2765122285473,14.358055773960055,46.92457814628701,61.75584182865656,220.93266971087525,574.8469787462407,12.57885546800467,30.228111334469826,1.6607178801138451
51.80620902622881,108.28527439565973,808.6454417561143,6.116006779328147,8.033707414306315,50.29995832509969,185.44162183339367,727.2478617960038,6.206030091422317,11.280813158862243,3.6989314278895202
150.309064189346,17.757432000417058,64.96278781918494,6.944590646419618,43.60061999449474,158.5321193011032,20.059980583548352,79.37072926885052,6.9422717793746775,50.76399128504449,7.123735521356703
118.69711818751277,14.031188292116184,119.20187698341287,10.834311165985369,30.338199627698774,115.32435474964139,13.171950307397934,137.97317941853518,11.149942981707184,29.827143883169896,2.045144642896481
89.13511735536815,750.4645242230691,39.0940546364635,10.131427520911508,9.238779537759548,84.03836966158872,647.7505901272643,45.09501423744847,9.617735720108325,9.911892179308852,4.8329303682688645
11.76111449691031,118.017013413512,31.91659349525344,12.499827767769547,18.767504520265813,11.237803694715966,140.3163838946019,32.28569490169899,11.72579244739955,16.32235241333232,3.323361192160623
64.98242828468358,26.3815299438108,31.034328683924077,18.46010082481535,8.241529683143305,65.63840282150252,30.22335109282072,31.06636060521904,15.372614470263331,9.620735708916852,2.3294186065853797
51.7295054355393,10.443848272872648,84.50569183491521,1.4812012804940895,17.470370495607504,48.829995497982,11.62002592400182,84.37996157631567,1.3742113263460993,18.866236989095942,5.651580095655286
11.714058762689115,445.9424060151351,106.97411452232,14.047005524271595,29.60834648828734,11.599026594150178,389.97956096858525,78.33366520244913,12.895445072212658,27.696047312475898,3.276635374122075
106.7213259732906,19.511127707916096,16.951611546307607,8.418585825242626,13.165705807306518,100.31813900275046,34.03353623315233,17.341517498914044,7.148790986191078,9.126166644781307,6.129756357799651
807.1685271083047,63.17906442639937,13.815954568161155,4.460194288680487,28.796762756157516,831.1682786022009,74.75824132482,15.761533787843664,3.5152373430807895,27.548875659168896,13.7913432729277
159.87028773797311,513.1545502454743,185.49103842336353,1.6483679428998828,38.46576386665471,142.8231264930253,482.5187605829402,187.4125794066771,1.5972247965231898,38.88607580501821,6.7475703733043275
209.1682718781197,673.4281376943833,22.841321304702163,5.076873063949578,13.150550389872656,195.22993475404078,603.0909476198677,25.89693316471499,4.767830010372617,13.150997228042032,7.372897595074039
482.3486210138334,663.8992415073499,91.2136703723069,9.48332948450319,32.46295355314852,415.280104666147,614.37262295119,95.40239857119481,10.471489127818122,29.833650567359737,12.193290829599093
64.58715862149676,18.8148725074736,84.6936017446071,16.25561822574518,22.603166888027257,62.26498907498301,15.233776611661991,88.19652285323981,15.881009757244625,19.888474384545788,5.040967840710664
924.7987825445671,14.542633449467045,53.14909550803686,14.34921622361089,25.43981595487895,839.3264823274351,17.254011537890324,56.838355220544585,15.05041629110988,32.96982530122019,7.417897563098781
71.87072360213955,65.23682477436041,69.39550097562878,7.21738723310587,11.898534367380606,70.5365807510846,52.79743912650699,68.04017338780908,6.685449599793876,10.546837534754694,5.922370955368994
119.42062253157995,155.0386939280524,18.092125094566224,2.139337372456515,46.72469054787846,106.30196050770577,136.57283473252565,18.995749027076613,2.1794618449433183,45.68862536237475,11.06394007243671
33.274207604032604,288.8162856618658,175.33971968189417,16.35555242575572,28.241779123478686,32.24249412956675,297.68822354880945,163.70333049688253,15.940105752149496,18.218425556431274,3.4236271880692852
81.00348504734465,16.536076997075096,199.30690800711136,6.686155364102583,13.622559426032874,73.57460048858111,17.906634820606413,190.52858592086466,6.906811479255097,14.949394842411134,5.988804590777558
116.85918262638602,49.51941908740011,151.67214901107715,9.929969176031143,44.924448874618705,109.20544844551488,54.92155107973017,156.98472190137755,9.316007240823579,53.210513381544146,4.9943824178168725
20.644904809649262,14.945242553318277,691.889512527491,7.620250350783605,7.456342872320574,21.61939196630707,196.9601974285535,592.6604546457515,12.539731237093276,11.963747570839198,21.588950175418084
614.1162778634285,41.988534032126516,772.9232436305448,14.351296300824536,44.54519370300247,591.8244515010318,35.58354114953852,658.2765228918383,14.514023937191622,34.10297068442595,3.806020514562025
144.1798086253155,11.73980371074424,127.70006774294404,12.984009143107746,19.6842281392126,141.03881544702134,10.580302724467026,136.85124858889114,14.08173780047948,17.684833098748776,4.236543916610354
93.55207023215239,49.5324844685189,487.28432234482483,14.1128286548894,22.652610038838336,88.7854893710982,37.19413571010898,457.43992758102723,15.50526222147374,20.49056218899898,9.10699397735127
150.12406739334523,23.429052109442328,11.159134481583171,5.787731541009033,25.972574008464566,149.89563525575673,23.933012991097222,12.188564869633897,4.81354218841766,27.971054665037627,9.805019537717508
402.9283444080749,100.26238060170763,116.09411031169148,3.723641777366054,42.43582368713097,399.908358999919,113.14074111408692,123.83301752768807,3.5674104493466854,31.28918811839325,8.104865461214557
642.6086715556934,538.4496247599036,394.6343381455451,2.8973870660538603,11.811073619908601,630.8419184201473,483.72576286116055,390.70551619220885,4.452532914268763,15.202965147607689,1.3982902309184329
677.180131098485,465.68161471027287,38.718285447939245,1.090790069935761,41.85468213081343,614.6988268524574,536.7811889618755,40.435078706272726,1.2259381984875017,40.1572505180494,10.346873271949097
36.38307457572892,10.243728396949992,165.18537129761128,10.07220903294137,21.155578755823306,33.47201473126161,10.954272814219063,193.42152497457556,10.018130333392143,26.7729231666992,7.880960775452188
20.456470117604173,367.0331186183231,16.820824479674396,18.080775438467885,34.75915106656498,19.89203701195916,440.9268724057617,20.987656110189018,16.4588969444525,24.65148362131174,3.0648597830808777
24.033476404797227,65.05352172270301,344.0702345128962,3.0638063576490246,28.88954655624036,21.33047516575252,63.38798289191845,376.4713029779438,3.1007499144991457,27.00472739894926,7.55336877174275
31.335295339244944,24.924032726583473,439.93132065102407,17.483275869651745,3.46030907583233,30.913015312732124,55.04466766264579,437.98072795998894,18.354758347809366,7.383257253363858,2.123195739288222
56.09759084427861,34.27212228511769,26.33797521604196,5.099620622790431,8.903536713535056,52.2290376858198,40.0639377837245,26.793687759293118,4.607535002211403,10.138329946004383,5.714324288061516
131.43534492057745,135.3345696291638,810.9095004451393,8.057213594727623,47.2874625405305,140.93551225342733,141.9465682209166,788.971927552796,15.783459157784211,38.49940980121863,6.220996408747595
100.5384201452409,780.5127056293625,384.42707033185883,13.260954562016964,26.179561247704648,109.45653730633214,801.0968816992302,359.54731418978605,13.426113396873083,27.19700717338969,7.222195258460816
13.246656639151432,394.72884562459456,15.101495950613673,7.085287745911341,18.365544422284106,12.706891052039325,350.160717272637,15.204898221604935,7.006013238161356,17.56962674361526,6.268298721328776
155.00093854025317,284.7423037349263,25.004323624924606,7.848759571335984,45.80734306972513,154.05103820500153,239.47324858685815,28.05026438717998,7.547229227710913,50.358932141532776,5.535535836375302
102.5280920288781,55.28630909005347,699.0741897004629,2.763697331965349,28.607344383363017,111.69271276387032,70.9857314519977,784.1546207165752,3.1924948558397173,29.518058908017714,20.804537060349833
619.9516985868115,227.00705649869082,468.70798221559187,18.59141462218469,23.926880072787057,580.5451819913541,250.46109633818327,429.22168567498534,17.979571396464223,28.689245350375675,5.705342767579214
12.148645034019443,190.11228746085703,48.777580932618015,10.562520955367544,46.01521514311699,12.389991624225944,282.40328655306354,52.665235400355,10.339150085641963,27.414036106969878,4.371869667007506
18.10520633535078,33.525612160240215,214.8600363642453,12.684343358853965,10.244120803042078,17.30915174890404,60.125569749256016,202.52087225756003,13.305306849248119,12.044178087299642,3.294236798251813
163.08152103885064,69.71010564580583,24.55289620299239,11.037767863379742,39.705080685182786,164.304540396839,74.81551328925707,23.99660131298845,10.346225181268446,40.11429577426869,1.7797726024856495
40.927332908662294,61.21249777515552,14.516763711048506,8.6772390746131,48.66662195689041,40.577788457720864,57.3395007298357,15.467040291605569,8.072018604829378,53.7197917505848,2.461398556609837
133.58892864683682,10.467425753507825,951.7437792070639,13.383789032826522,33.47353246725422,122.24095977135572,9.272163594081475,751.0081110952763,13.710961238495118,36.96087432878878,11.622019018381694
22.150231065346347,51.87103596905431,14.077675596836643,4.799680694089366,49.39064478541032,22.177786541430592,41.66210066957617,15.19975753478588,4.64767651792955,56.487270811053385,8.054473755102565
29.751676647472628,13.067011736615557,629.7265637717227,15.183178849441475,30.695959410016144,26.869894233323496,12.625179161879043,655.8982835092753,15.51552964063059,30.844811708734092,8.032081303342725
88.12016416752626,494.29059077281534,336.3436499420019,4.041223815147284,5.430637181676124,85.11538313528143,415.1120136080703,313.1780691313301,3.6336600049795815,7.607483198759058,3.51865936115717
173.5530424843256,868.4136702856523,36.769796268516494,2.492357045030416,30.854452789357246,153.65733277605767,780.005969827276,40.792859548045925,2.1802625307342063,33.618873474807565,6.719218980314645
179.4284901497031,19.721657792182327,36.763488776566746,6.904822207571099,31.51012220358381,171.62294165213527,22.409816294328074,40.0584730803045,7.205527901647909,39.36648423814642,6.422497639728336
23.471430224034584,480.9270895086076,496.1881010488087,10.287040642939095,46.08194610348437,21.408647784982833,289.84210192096987,454.3008846179946,8.95665849592185,15.047703024292222,5.665565402567439
30.854785287341198,88.14494026721613,93.45092362909716,19.117928601927815,2.106147973765893,31.24138314854709,64.01375254363074,99.83258862654955,17.611105072800182,9.676402291341422,1.534627449175652
455.24288893543235,35.5526670582589,43.11140569824515,11.217961510223018,28.275166349394873,436.99250043126733,33.370999397978615,47.24477442213628,11.568363721819829,18.16641194102127,5.474343085776531
111.6139189907396,90.23603086180017,504.0102715630706,4.749460394782906,37.83346696428689,108.82139953390899,99.61394179197455,486.2308387975258,4.776435554895125,40.94463594272761,3.7741177059581013
28.320388520151035,174.1659814128265,252.5384084283642,8.407855184062193,19.736035466925816,24.990374049678028,127.00164526524482,230.95452426608034,7.845821425617447,16.32271200594677,10.91243648421257
780.3726791424405,272.2033048643154,391.1860051314533,15.212828844069676,13.65532038908897,703.7522822278444,253.57269970423454,351.3254116173104,16.46403107649539,17.60058828129185,9.205054594737659
10.071310067431597,65.73237103210532,47.23646647734111,6.568686089221513,39.14409367388966,8.262129015008925,69.71675351174655,56.65869419197635,6.946667626761472,30.78666766154064,15.0062204954593
102.79743247593468,45.00556983442694,10.540427137366184,1.671221449451006,40.04591698689414,119.49160217847793,44.95953945211975,11.554418604157048,1.420800326855187,41.27217172556951,6.482617720313864
176.3496587942848,650.3833030829747,158.8185822404075,14.19285939481002,18.548231551552213,175.38073377388332,735.4121406179374,175.61890005056426,13.80608318378929,15.955204308064937,2.8460841801745786
369.8554323613866,69.32973696504045,395.5692212129565,18.81311645143822,10.26421317294184,354.7924026364391,90.88064465677654,398.0816088411334,17.917031638472253,12.893241115595266,3.463821917391021
564.7105029538667,10.541057149284859,46.30841845392048,1.3785493016739303,42.48140950994966,614.8994728698749,11.901540118680474,57.77607618713319,1.3163772736722767,46.170232367940955,9.228627777917195
13.774344322830105,218.64229392259222,99.99939900047877,3.837809461877426,40.665421651140484,11.846663691440217,221.475515374694,117.36227777530269,3.9280473595804817,35.650301175948584,11.926003647626548
539.7933028462829,14.063556632601443,31.307974098181713,5.021923060762149,32.51166850693387,526.3500354336743,16.677249407565114,33.61710036963647,5.656391956014934,43.403115744736525,18.143993117267676
60.16478539969931,20.984317427759937,35.6060789922644,17.71575266515654,24.770342379745664,57.829691857457,20.283231791721246,33.51137033587694,17.047204736502835,26.58050902065393,5.084407969888509
238.758640045576,202.75937221890482,137.15078961849073,19.355424027975868,24.691448584500232,223.9019183617758,224.5890173018076,136.3202588760324,14.867620549259955,21.436360616334305,4.97036234833914
401.4511935384371,473.2705924317796,54.55524207673337,8.894102769318092,40.43649100696646,393.20977954320665,419.7907394659525,51.75182424637605,11.137884158865509,35.617618653972784,9.27496502712415
287.60391176698147,179.38566144964943,131.20021455892808,19.88738638238239,14.555091469731464,269.949609384914,230.6880303251756,127.56022325315188,17.183308628807865,12.780659144708702,4.830834427069521
46.83085611084585,178.72220875675808,19.841036198707553,16.28730473162413,29.593422692109627,44.438296603445025,247.3420207790344,22.995669527441642,16.094149595064376,19.52476902135171,3.6498605828748505
48.87074957946939,64.02612344776242,13.861694536796985,15.898891137709802,16.63176879526697,46.882245409639815,84.32989026395192,14.594172741400463,15.799603548063335,13.165276066974165,3.915719022888621
22.557766807873374,944.2863706834315,13.61409432636121,19.32938565119222,40.11793593419594,21.787650206089012,660.0744811852543,43.29343548300751,19.13657735432436,41.43762581938394,4.533816262942955
63.54432582467194,268.44643922148055,617.8666639020053,17.988014816144076,29.633207062729124,62.744883898586785,177.12790070544628,568.186846144458,16.2113413159343,23.801705794519094,2.67803734711583
914.4790765033971,16.52442962654061,26.639731465657235,10.537872069058484,25.488772120528964,841.8790557153607,16.857823747964332,24.974815487256333,10.20985018573536,31.72334508560415,9.582338169624348
52.33248543495978,171.42706791863623,69.1632144039939,10.026422021700983,34.53966566470762,50.940826896921294,173.44828927457107,74.02162312550774,9.888220606265302,33.623131017678865,2.2477214637171947
173.46088746207258,246.09602366943926,12.51265106346094,11.388425082792184,4.120485157543597,160.150411755664,48.04899615889456,11.514410982568442,12.963933342127694,6.741279989263339,15.37046472850719
838.708220348985,25.71346066605797,20.904425710607892,12.464552633045676,6.467836665100643,770.5915599948075,82.91616439721354,18.545225470033653,10.846006244838032,5.639629233894312,15.526259883573246
131.02331792634052,36.7340491357714,156.11790002592974,9.25747933793834,46.319002990892216,136.1137022663303,40.20894314508446,161.69653795241743,9.397225849299275,51.8297794641537,4.853929042261891
145.3427314866575,594.0395531077384,18.903317632756846,3.352183096169936,18.84447889428795,132.48529556365526,618.0951142028224,22.863515608817504,3.303122665324017,16.51196224525453,7.645310674142563
489.96671301045296,10.232573664859485,74.93777603201728,4.234519948015379,20.740718587829495,485.35527321085715,10.122337273761206,79.90132570555217,4.5849069563559635,26.776835822751924,12.47165712036174
10.876821878932654,67.3473672295566,429.73981190414673,12.59512708307456,15.196028156642983,9.967294917005072,100.58826276598464,438.28429985880416,11.526241060859036,16.657840721801314,6.035783010969846
266.6504277143134,916.2979895925779,102.07137432362182,19.059300355432036,21.026846462767768,256.26493399932184,715.3860155748613,100.42883585709477,18.862507972735507,20.426903310662002,9.046821447001967
28.216210407234982,637.5245279178334,17.85036346377749,7.2789733775808685,8.169376400670952,27.066311103155197,410.8966465126219,23.6407752775715,6.80011550630362,12.943813709225955,6.814883603558992
97.54312274305217,394.4078469442761,50.61082112970921,19.1872849720679,40.23476574437957,88.12605671163388,364.57630192074964,45.33171741183541,20.065648238291026,35.57862429908774,11.447260630540427
51.834386865588016,76.8826114071388,207.04493980129686,9.111705335560389,37.12029360645389,51.77784321093494,68.52859809797471,210.0011189564086,8.354093149233416,36.3717158474721,3.0139740902538508
225.81727205607143,21.726006859407143,428.1672340186187,6.917930965028483,6.478750587953349,216.3337550103183,27.127501193330662,417.0013815115089,6.813553045756477,6.687255857575065,7.51925624166321
92.91136608675716,68.03986838277426,357.6300663077365,11.7877402316489,23.179224659381493,92.12565083699974,47.792660695053804,335.68538231049365,12.933333431737909,17.490363699401062,5.926604413498021
290.3530407297428,25.9886302505008,15.235742068416117,2.660249084715959,29.974647672696964,255.36568807776405,29.54712781946314,16.24326322664401,2.590972794975356,35.47522537827602,12.630947566181149
876.9949034956818,39.220164273042606,559.9433183743143,10.207035176675916,12.821091466523498,812.2145465994194,41.35230218807647,591.4302439596964,11.189631673866215,12.223555202977149,8.828786275498206
133.70407576954173,788.2066954798814,257.65140904534377,6.677263867701599,36.1219124140572,129.7941581626744,692.6048695516212,246.11975322145332,6.037840802320886,34.405123919818266,5.035402479057622
107.23489060385309,582.936234740019,114.60215045512703,16.27691376597413,46.03347777222505,101.94948226268247,583.3991167010702,107.95947663857623,16.180763363014574,37.105712445570646,6.420225843134143
289.0020310409483,217.6115001952126,233.67545942107964,11.462013878291653,39.499363844994605,272.0313425389949,167.5368396703995,236.93249514297997,12.315254374670562,15.361384006534179,6.661778837474717
76.88145845403399,43.36565794307108,158.76845091898642,8.78756294309087,27.14434947511402,72.05811307492056,44.69921950468296,157.4832897658829,9.34275286613636,30.99074579306582,4.849963575767098
691.498043522781,246.73628060501406,25.8009827501352,4.059266826640917,12.882092573130588,656.381670537877,309.9156312826447,25.934918000209727,3.816202801087373,11.038553189573198,5.189970111624001
338.8241500824793,298.21469499522027,15.49943784304289,12.304893072938487,33.59329977583423,358.5612424410386,260.6285897382315,15.4597861437036,10.590897154296428,36.85685921162458,6.0583664760458875
337.11638288928833,36.454446367634816,513.8584775502354,12.839650368038827,14.687470837064241,341.02641971423856,38.63239418255903,500.1076171229723,13.371909923628216,13.096365794304472,7.17685121636194
82.73665050595316,223.96699498954987,76.74523832618397,19.79371504273265,25.388526302453894,80.9892208514646,213.90529844698546,72.33090629694794,20.530646616669838,26.1537612338482,3.0543469159431735
166.35292946083274,36.51802052516535,19.173467764075344,19.26927653935177,40.85743792683306,157.75751796508757,38.54390612907389,21.07608667808836,18.310652569597455,33.986715604758636,5.214476579129255
19.274791690994977,153.35529968162572,18.39150530476561,17.32424085148673,20.305060364523055,18.044967235537275,179.43997740362408,20.350136549199302,16.54955017818037,16.011935814174645,4.689072183636956
197.35688800322066,279.87539663287595,20.42636540499326,17.01526081557325,34.89666479306934,189.92629019646176,260.3117323857283,19.323289622264102,17.83933101109043,30.941488663921017,8.494873272772287
221.91077469843222,43.056632976862105,81.97434173424263,5.639151503795081,27.797466906315083,223.72851001351626,43.9741873763777,84.89821878847965,5.929514951770239,34.12167680001669,3.324689068553135
175.8953457403656,11.470784338871136,978.3444195181943,6.029593831719435,41.07672328690649,173.46898288506515,12.182577090445555,687.526480885185,6.0142765850788775,48.88546089973311,5.258042529891576
251.5050314865593,873.9451825828306,142.83123883912253,19.181177080624202,41.37166777193706,255.1401779407622,786.3709975909098,129.55394729535257,18.886672402697876,43.40641684358474,2.877437018520697
237.90915799578482,71.09671605659955,938.5064089997464,9.018747186632488,46.749668084863906,229.3310165560678,73.76918415546521,894.7518074769825,8.815074114661051,50.58533948972075,3.142771843437405
502.13107159146176,47.89679111490429,16.0529007899124,8.904019853534674,29.550164632144593,467.81839065127514,42.23536721609953,17.076257986804908,8.105542852061168,30.35521665012122,11.819004521683938
196.79746781660947,216.87317296926972,10.18669985317986,14.086816053101492,12.624329349058602,185.94089989129236,293.46935967764176,11.20288435093879,13.997458557998218,8.383093017692278,5.984675178106744
132.782612503111,41.221423805890105,70.66875449433898,2.654065083573784,35.940874755068855,140.3972788783985,44.50654267330564,76.92657508154626,2.6462731544766736,35.483941044348704,7.411126401268501
282.7084693723858,16.79342234916412,328.7055463706605,5.59193878668665,12.817960608800746,270.13634587077587,18.807707332316,341.06750755380324,5.543081521327038,14.277833314165916,3.256758739704677
680.0008168457889,896.6148757888091,127.78262749812754,4.614247373209405,25.549721541572247,647.370592735447,646.9182106203227,133.6639591878533,3.792660572306932,27.250373010151016,14.194653103418537
15.889556428197114,39.52766674337527,24.250028615575424,16.658418372886597,41.28047865048457,15.28862999066661,49.821913136400084,26.25611623088098,18.78609344569265,23.63379373825417,3.501871198789847
43.40774070467391,170.38333067736627,289.2718910190385,4.615399298292132,11.08880168338678,46.168486863253534,162.4884400141481,302.1424695488163,3.799741729725175,9.968235490275712,10.782660361138865
118.23932484765928,15.473108499209012,50.80708602157389,10.143109760569338,48.165465747761814,116.14432100622028,19.740304191414285,63.442974557365524,10.783198892813973,51.194636686749604,15.37474417972999
435.25029248740475,16.26039081570647,191.48223669131295,6.710150847658975,38.526859852153365,439.90880972563014,17.934596166389813,264.98439295227126,7.086107335082888,44.156791323285056,8.005091346527227
125.12588998386978,44.98035972699205,872.1942007480907,3.031539872205064,8.547067209676271,131.23222101243024,40.56154897690025,705.4378736301254,2.4480009604460666,6.137049331788383,9.847033688652965
828.3463654029846,566.7607201507254,798.4289611543558,13.517765847439568,48.65377357324717,823.7411211694731,465.55106033866133,684.8546702155492,15.615257914633357,30.612340725196525,5.158714084053944
553.2346189294034,67.322794806959,38.6498451398357,8.631768112436765,6.528479652507106,525.0886301661192,95.71279306926066,42.707149374890726,8.352531899608113,8.677155610437618,9.425628908511248
20.044086250927112,671.2237574707193,638.2339979977775,16.752664083382157,32.30172403069208,18.614370334695955,256.7390368429305,648.956756833365,14.524607710273084,13.53086108019592,4.801542698123313
233.69607599771768,861.1655352077084,998.4532643308396,13.014271443504109,3.702205860203483,222.94141197941659,725.5850079191281,883.4536920813479,12.11335250687817,16.322821580885307,6.636771999461908
35.859251806117115,89.32871507513363,11.974011874834869,1.7048493138165184,17.55310667475683,31.341465207109422,67.10777914950782,12.806916769890204,1.4617161469848061,26.00128267241676,17.396253646272864
175.7824632445486,42.864190735750796,371.18490280188087,3.9047230465997855,36.393012996669775,161.31249312472872,46.499594875550876,386.2252257270569,4.518874893279125,39.426587263376916,7.73231671378766
506.4327153680774,380.5523486342796,269.94524334303395,18.9613968767394,14.006922801224441,458.196684470709,451.4346377154331,252.8981352441362,15.337792532611626,13.978282250697847,7.883464500687137
23.129301625616055,227.66934699854963,44.78531566476802,7.259511000071624,42.685893750362276,21.483713717133607,264.3385491637142,49.102114114543255,7.352138461841449,29.504126193471485,6.5311522639315545
31.37388363010474,38.60838676480059,272.3752286146077,13.807979539495825,37.859844268691155,29.256756430667274,31.794387077854225,262.63562492311627,15.504870890401872,37.74610156986644,10.596253500464037
107.26039401110997,195.18365484877197,410.0535680300908,10.275462691671041,14.98107866480285,104.0604270148939,187.8718279505742,375.29830841212714,8.638063024788083,16.57573139778798,2.9052473960489893
205.56631806454058,15.048675680063363,37.64604356305151,4.150602188270988,29.0487184754584,215.6952291974613,16.936019483627913,43.835650716374204,4.509185561373803,35.59080483474169,12.762888482524144
987.3708982841682,45.74833795395039,909.1752960158387,14.157746369783421,13.428137610993563,995.368579925506,48.99063093970218,772.1956400488787,16.240298351031537,13.981109193792989,10.240274339440145
698.3231621725515,235.91071149643523,23.95196323711893,5.235280890264787,9.418542379447024,677.6515574146881,257.0015433808102,27.105984608292815,4.970244153844169,7.015630759939336,10.608785707173656
35.442088622066024,238.72059744206095,18.272672817101423,16.656706776607322,43.57880562840818,34.240856722075485,300.07794973956806,22.694255555245505,16.424215527539683,27.431368837702944,4.677871712314179
59.34258748780024,19.034470860685044,46.04001514717287,2.4404138308043666,4.37512140917265,70.68106492590431,22.69521252765924,54.69260268571082,1.7127597366573017,4.611125601068203,14.863566610145917
124.7851306426566,49.03129461295935,493.62585460445837,18.106520018916278,34.815353455096584,117.21542435418112,43.279954909612975,447.558931014479,19.312965231231246,32.29576286194087,5.883988784062179
54.076798112737485,157.16928487303326,580.448752105857,16.693048075755108,18.750241457613665,53.47800988000486,125.34740038106054,543.0360341677012,15.384475539188847,19.42051630978356,2.512375613933393
645.6981613743703,164.5553315623516,772.9958957917769,2.960059113568703,22.94791666543529,655.6545167929943,152.23171001726965,712.4231820298825,2.7960894139045926,24.60576317642289,8.174594836358253
975.592138471735,53.277741975231145,149.84848358470106,1.369691443614101,45.348338505879326,945.8132624115332,63.144466433818565,152.2023833748778,1.205330092636344,42.41608947735542,15.541632734676583
94.2409232091726,215.63980445410633,193.6074756111838,2.7494944182567176,22.428409460903165,93.1024128455783,242.0836217653656,219.44863963463675,2.689077693317508,11.878396134826904,7.379224517523644
844.1255743334306,60.198074027034224,513.9602377924194,11.947326996028556,45.068083274966284,816.8562412247453,58.407754866169086,490.96708595743,12.730167434020093,41.56963312430719,4.463205261141682
13.370624176800717,304.77404200022016,50.8341694209033,13.353566543656768,27.609902142590773,12.857096004106637,299.4658522858638,54.171712038513995,11.906435751025526,23.75125932393164,3.5839353829014327
14.854717745600746,20.95949313365635,75.27227284791317,15.965789428989465,44.449229069277266,15.449798404311306,19.03202032355876,83.0646165900333,17.88446851385184,46.883592550720714,4.308877898910615
11.595828443250419,21.88935927796688,11.280371788746454,18.774676211303404,44.42911584014637,11.436339064026646,29.948300925515767,12.732965280277678,19.20625030752814,29.241391127383295,5.122806974788633
39.86534809460231,155.55424443556166,329.4333031346051,3.122244506708894,28.984879390747075,36.989907801306785,147.49836261562987,321.3280733594611,3.0986603841122102,33.719889513257485,6.984098482736094
147.82051860750028,84.50545526047725,14.276030698023968,11.293733999723,15.031404091115762,122.5402858452974,78.89867351742332,14.975419677366101,9.585246129115413,15.44076466801051,15.027003411788298
152.15003310152565,28.68094992008688,214.21194372397898,15.578563657970442,48.99016549335222,159.93368780459616,27.779246199625053,194.02040987782263,15.827067881195406,43.99362910576772,4.540186966975145
11.35669251932574,159.3186616545913,170.28072897453202,5.293737424930068,39.759295499302944,11.119304711699058,136.31556356267126,163.75094275787376,4.9541727994003875,10.653184232351814,1.3723184651065716
244.97307236175172,25.477983648534227,931.4117961282807,15.985823486770382,6.273154419011913,276.6765507408641,43.85652426147597,750.8760402262992,17.054656005743603,8.80753001823987,13.579726956862867
45.87167183700203,13.334523416677808,608.5198529968362,8.883638280221067,13.041905679336692,44.93726061971721,13.311331418663524,610.6064758076238,9.3340075330477,14.396003374253166,4.802570044811205
705.781635346386,21.946600775570545,13.207692670659998,16.742127366310722,15.83447661591233,663.8756296285627,61.72369489733155,11.52256765570712,15.508319386181144,9.380706176382454,11.020440945874563
163.38699395128054,392.09643365216994,614.1799886436959,16.047848543169987,34.75885026729316,166.30919805835083,360.36880425687303,555.811070894727,16.65838956450699,25.5976447390649,2.3143643665835487
23.956357529915635,306.4347428279896,479.05416485881534,19.20965819045657,21.467251232251055,22.569535312014295,136.53818342581985,484.67018695172425,17.9241170246012,14.293058380213335,5.222405596898171
718.7249375084715,17.60679854374909,11.320969272610347,12.650574053636603,5.2500020401352945,680.2473962593863,57.73820022473003,10.938564367732445,10.341011815969333,5.962496037783874,19.060992923806033
750.1801936232193,51.93443692377098,19.565399699640547,15.386942656711502,49.83509303216285,733.4961265615568,50.27397801587739,20.204047990926117,13.786152415329115,42.53547037835193,11.066185131164113
818.3285714268537,139.83994432297297,128.48386202010695,1.6666121672722285,19.412995629555397,789.4597457800875,149.79203994461682,137.01919729238105,1.58410323380339,15.397785310512422,5.410045753251545
809.4440995596672,100.0246224506783,671.6878735260109,19.140095834792685,19.277992530170746,753.8331385219949,130.3994526725869,641.2113441987383,19.687062444955043,26.818768129311675,5.422069878130912
579.1293554727557,45.79117405406974,23.912669398322482,7.718208149394658,48.54151304507653,551.5853735512077,43.14929064445594,26.337869578557534,7.318467124424326,47.14399605492405,7.594813093320036
16.188961222426347,294.4974959094981,76.42335183423572,16.49870555451128,17.15784003272697,15.5333870600556,243.80142702916433,80.43783327059259,15.429437408980847,18.871769846254413,2.731592707310781
14.504134728052037,213.00971038922626,339.8619718698278,9.510414510553758,11.014763403106071,14.03769683688965,184.76036363476754,323.6087435850582,8.697657916081974,12.977361438557239,2.3347169130393626
872.2415750125226,64.69541504470119,36.463094062373145,9.081059401608988,4.502158608400125,829.2753940336958,90.4228179560828,39.02931589368545,8.27390595478825,7.91566935316249,7.532243401522666
138.69423154748236,29.688534439821918,787.8465237180812,9.4682609291587,32.11701926257855,135.17664684887808,28.157544873659393,912.0954258983118,10.176637280914408,32.82203219648716,3.30681589511787
28.27355935036793,50.85571449944244,10.141297098228145,10.102686617271265,8.160935222733793,25.892084242946833,73.83176161036033,10.090628617681404,8.65198544238543,6.1502190383957815,5.27897488176499
20.265678479661364,11.33699396922539,221.79738252859065,8.014843586991041,20.282020495466355,19.977482152467037,11.473009640005815,257.9886048803914,7.226695094031854,21.009013030992303,2.157591422904769
302.6036132847536,13.229735691438211,143.4750276226181,4.215884654338634,11.96969307038403,314.448226993706,13.043754684264522,138.87314758974188,4.325281330317739,13.992044411398236,8.219679424491709
89.57790837299916,623.8739858953313,12.250931486544435,7.462676523231128,18.864698690658596,83.21204056564211,707.5812165297313,12.67351378706425,6.891146656273422,15.660119550188531,5.916169901514156
10.11085578728131,511.6444896146719,18.873019060572943,12.221248205568527,33.69142883345661,10.951425325376865,445.51431390012453,22.926931442918065,11.406447229872676,32.57730601536676,10.023991707251811
96.88043977482157,851.4948866342285,25.411304520036094,9.44457011531828,2.428559387833399,89.46906152880754,359.5878941452966,25.673691852925693,8.525415811277071,6.384540285612939,5.50364245447384
820.2442021098441,149.63857406094382,213.1521594571277,9.305432801796211,38.29379886766756,773.6074374176811,159.6309914479258,232.59725322121233,10.086678126817402,40.59648977175924,6.654924398611012
104.73863893841808,137.47021850177478,32.96428605928885,11.157433924090181,47.08947184931101,100.4815950883659,136.92676084204152,33.65575993262198,10.751494511897343,48.43589109384057,3.09472601106044
17.914389252989558,76.41227056413886,40.469451685734555,5.956944502441891,39.385594127781566,15.52875270970195,66.73880615009554,43.919759281054276,5.86715970912689,46.446832707920294,11.1794055469393
424.54727214528896,339.16093972452757,40.26633842563225,13.35380365593351,28.882047025272982,435.36677318238253,289.77419646808954,43.31875947290587,11.520312960282887,29.614234817360998,7.26239472958274
85.31303949663076,26.937484626862776,262.51580645083334,6.933118765410326,31.713746688076085,79.2288765230944,28.56499297106016,269.06494415893314,7.495925406347183,36.535173646617665,5.300722255693407
12.698483999392788,104.28872003495071,179.02617229470368,12.576466027239968,15.959347962806403,11.991661841867723,92.97518084068352,162.63944525515652,11.0787424616309,12.299600022469518,3.9075460242374813
254.51992807491453,96.46104819075273,116.68694409054073,11.838421330962687,46.508726078975876,244.75031610891807,95.39843902792529,118.9863539426115,12.687406183775105,30.18047794142624,3.5108732813939723
471.3256953695551,229.64826418818564,44.803937677048694,9.479343539108187,12.821496069014486,508.2996095427637,246.93918614088184,51.0806464117016,7.683398653904858,13.035867491979046,7.350389848695301
455.69534197620845,321.6652823937345,100.01319264065367,5.4358069629333015,40.92206017009229,434.7373688072961,243.7145625372388,97.30295009759492,4.528780360274728,38.68163363354609,16.474489721476434
469.69660778005107,87.57429683375028,15.72678493402068,6.7142692118503495,26.094469749658174,431.0203333915425,76.48260795114999,17.102487403104128,6.525740722188963,22.634331454841632,11.681223558122394
20.42065994771889,80.55732638899454,38.33471546064205,18.161250461790445,10.621074238272383,20.23836229531675,78.74802370296821,40.92650016330261,18.433313052907984,13.179140131291678,2.5261552914131964
561.5729389414048,37.1626067771896,68.80429746835092,8.773114454680135,33.63208107529873,521.3050023261608,31.68905569179687,81.0327463980845,9.407636315709231,35.52818501006173,5.508594457387625
15.46040414362983,424.95109628860286,66.74289457458232,12.400475842465406,33.233198179943095,15.300918179648495,445.82028659852784,53.26017055982858,11.503535708715669,28.979732186160494,3.114147584528848
110.2860308921123,907.6746745960211,58.25301312392882,6.3721988623045025,3.6089661393065833,104.13812845156046,449.7790161169564,61.68441477460387,6.055275267599641,7.22836072462177,5.214129839781485
15.975584593840855,345.7209297995801,50.831517810653345,11.85696290074907,49.00307962165085,15.674149685639868,443.4748717494034,42.93812391178878,11.110212194185568,31.144152495445244,3.2776650435551566
38.48453505755618,59.146181085670996,21.360452124100448,14.053306635542592,28.752191639734104,37.20868725025545,69.07994652946712,21.322704502522335,15.116801816156418,21.141938653483862,2.909036176420888
27.446273841372946,42.737868448457725,49.579010312143595,7.446877252853093,13.113141433320935,28.493637048519098,37.59419428845734,52.4024744788199,6.594931892126109,12.13173719570326,3.041144955592652
60.54490345162107,240.43123421950372,30.020869241006274,10.071139987977444,29.989132006557274,56.29894988959872,266.6773902049849,33.06163307833605,10.304062747100195,21.84544082445914,7.616736274112386
41.955152761151986,47.4361790682005,18.65498508271291,7.032366395102985,10.14117517539016,40.59473431933082,43.946264251932334,18.4303618932825,10.29387237009649,6.359176190312386,4.713433564348077
23.35988804746849,581.0452100262673,819.4014665464322,5.811097218962733,11.930380683251215,21.33850778503244,302.2907812634495,750.3165212332776,4.685311881002584,11.598530826301909,4.772596091589004
12.41616497733449,188.73964468593655,42.57534727179089,18.383683111204906,40.89093054262317,12.1149528780133,253.9156371963119,44.40755496330816,17.616789248430354,26.27798295796451,1.950697672535663
27.27536784560113,15.223653467766184,25.035985303070664,5.707109474243983,7.332111164556941,28.5801740297148,17.40430756416121,26.14690884425984,4.720039334430465,7.9655121918255185,4.699279748492383
56.21716616242101,674.0991511394953,311.890934187289,14.657316748039545,27.170991215475752,58.08407546809567,623.3108162018334,291.1500694502992,13.75525307799345,27.474986135368983,4.396169523873581
40.75427019160507,305.01262185668475,111.26189064579691,12.31086004122204,23.12074266473793,40.79874710755591,333.50897692793717,111.40743569162166,11.404168348220844,18.691039083270127,2.9881537307072112
10.965725663366694,237.1542637350745,209.68701485754556,4.046695304308061,43.57880274667553,10.105975290919952,276.6306260357187,220.52068644962887,4.18029991517602,17.07626834185095,7.12789682546017
61.55693500522699,946.1920974328442,575.289571878024,16.591225103426854,13.040320624462275,60.806552033991316,408.806640907957,523.1940994788538,13.605145605832506,19.76165919131955,3.026462454513071
453.77319852591273,109.38275103310204,16.104730592884547,5.151149686830711,19.489569357559066,432.9411668937303,116.83012452794904,15.50061868338979,4.3745691938967335,17.224034227681837,9.903699392949262
15.63366210069097,79.90261689178378,12.197812862942168,1.0749732405166954,46.711949094785254,14.115843323296772,56.951163165373956,13.737784397303182,0.9695090698613287,67.35669624795737,18.36025815893595
25.24228514636211,40.45101069014682,353.235647682445,11.728411367068546,33.03218750279981,22.026966491689457,34.43231228171658,395.35312454153325,10.64704988653192,35.62066318112652,12.243975691473015
77.36551861867228,533.4875358892147,625.114833751926,19.118021938144125,6.812657462080658,81.03812640807516,223.25225245727728,674.8464910090025,16.7427807856797,9.547832987858282,4.77735195493116
56.108469736489745,101.89858497465691,305.7642182768102,15.764847653001908,36.640564481268896,51.86488370010673,87.79774390105685,299.7980333500234,14.839497322127725,37.80178272909187,7.894364057306003
30.517030754901334,298.08281583068526,52.32304391598954,9.676645286777768,42.28413877814973,29.72337258428889,322.4480552349259,58.14537779730694,8.97522111687264,32.27807016236208,3.070749622394254
87.02279710355704,829.3698977095047,26.047489327943005,2.597120642772879,15.467411993399683,77.66392216789319,966.2177952866476,33.58228843351496,2.2966755338671687,13.098630624973772,7.708424632001709
13.419207204545812,56.741665986729195,30.2920499221352,4.15146690163869,48.081446940588755,11.207462427719031,44.20694859268342,36.491080087310635,4.172129618136977,52.73355215284988,16.39053146389149
469.34805694198815,206.45421291071318,10.119682019460523,2.317228743762093,2.8573973942833177,408.5899070416321,24.484609136882707,12.99317980469135,2.8804836165021737,8.508743074791637,29.11863696705136
106.59115483272282,263.7226653556955,15.922149721902734,14.333537121512354,36.28176199969807,94.75878746380468,294.22474143355936,19.522161355855747,14.378772669341666,28.109957186077754,9.51546536640683
10.59086225611417,73.80252686120643,260.23267151646417,16.225629697016842,31.006750582348225,10.48205833517399,53.43778084702506,284.53853979081356,15.130669124306209,26.180913709567736,0.9011467997471249
78.79380077790732,13.38947289095843,140.93615728792028,8.079914472178306,35.18245950969573,81.47596423841763,14.285557018874876,178.26963734792224,8.193715740819352,38.26928775178817,4.196506487520697
15.264972707747866,457.06008700717507,25.60809541362181,18.93500458096973,9.46619839698886,14.443781201059013,212.467043795385,26.327555914846542,16.740365189813637,19.233663326069983,3.759253958744075
545.4205868357108,25.764238673144995,11.450169365611455,12.5738466452139,49.101547266898216,543.0901694423786,25.51984639502548,11.185669534670673,11.982424702444037,47.82603298876946,5.076111797826566
197.265699738848,49.20124039145782,70.74482658338408,6.700440651661589,47.13702005245077,199.4975478876784,55.21373223091198,72.3765237889895,7.227684117487382,47.7080202726249,8.555234939578064
858.5568191806,407.62934074079345,242.83619517199259,16.97920219357723,38.74133464936424,788.0610919323145,403.24968893075527,248.13356756647016,16.013717040149764,32.25816353196365,7.5526801457233725
185.97019412150323,640.7624353654397,821.4606352315944,5.465516867703136,12.104905250951868,161.91535186940337,499.59451862240553,782.5249859229589,4.491253704125547,11.05673961823193,8.80803514022717
94.29634151984541,39.78494824892381,30.900663129223325,19.822654243533204,20.475489481833577,89.8952209056786,49.97097014665588,31.06939690282412,18.380338116782692,20.28341378103694,4.206208290021409
14.347916948846539,104.64786697672318,28.655235458678533,1.4331450298498063,13.598618370941924,12.443142418743388,106.90756983547055,29.00694673669725,1.531961578363379,12.175753568722612,10.327921358159749
24.497691100456432,129.48308039065282,32.5253398448169,12.782412881082292,2.304497261258211,25.641156532038224,52.926720094734954,35.58988360247152,10.05266247214285,6.920067919824249,6.471250109817298
55.8088039525922,141.97199560639675,98.24850954421255,10.630106317018907,20.91163224711848,57.01773626262485,172.48108275193906,98.92210056435437,10.433429863653567,18.502203268760738,5.152117952035507
106.5009763432648,131.8354082335943,175.84752724339546,19.674176062166243,23.564238077998954,97.33522068299861,101.18397188825048,171.80238995475332,16.59521745354892,20.331224573662595,8.77536877214687
95.87659641764833,307.53360083229916,346.739025763743,8.3337211645256,36.85086875873604,85.84517550260728,289.4430612092389,297.91785748645293,7.587260451686021,18.329513404157556,8.173275988776183
308.6837105674568,10.34710375258358,538.7807289265392,8.533482747149082,37.118612217146186,267.9479434195931,10.626965728756602,670.101012385261,9.340081457508493,41.44081950160393,10.227507317759999
15.794181498315437,94.00258914772284,18.001386566967764,4.916380745333933,30.170858846400886,13.599490144968676,110.08162599881031,21.97336780852945,4.971618312121724,26.093650013541886,11.144288221866182
491.8489852663306,110.96649069386444,11.506088627057075,10.805943329887343,12.280747858642634,476.9175719779715,121.93877135637601,11.190869365060749,8.464823301335466,13.509388168046737,12.111889600271631
27.20164698594478,11.179875046549183,29.08180674859856,5.455960933240802,28.47349232803361,27.605879038642886,12.987307712860137,33.3589632100826,5.266449164001175,29.892428704245,9.140872976660432
45.381114366224715,10.722628864849568,171.0727251029097,9.996335972541909,19.917567146563005,42.08564562828048,11.987165068550683,200.02047099189858,9.943073392176803,25.166968068367336,6.145046108753224
198.88920845889373,71.86946906955076,13.973208362734395,6.728670860083578,5.62168223257021,208.42379546770994,50.22988090464534,16.117017463492683,6.588720243383915,7.536335494482241,9.307080695306666
57.51190307114961,56.097025151839134,333.7445353660607,13.726757301047508,23.081680595590345,53.897321354712794,42.14091937632401,311.74393722959513,17.430777035302516,18.993346456455058,9.815852249924408
182.04569694102844,13.305952475072827,73.6676187555041,10.385694378166313,19.218663194103623,157.48287659125145,11.243168823397726,75.50285487329651,11.093255951963508,17.279281937767408,9.554839656537975
24.363323347799728,21.50008802244051,206.3653111142707,4.524447638820792,31.85871595144687,22.627291360329796,24.797680155091115,198.92965989446662,5.0063710064322535,29.004676326800773,10.137837070245185
567.0415884986213,58.75818793289915,22.81589496274354,12.551864828808903,11.86223965199409,515.3756742727771,85.24625889146915,21.655735591543763,12.588661307509508,15.92689369230057,10.624682011072789
13.883965437398079,52.277284058772345,30.625943771418306,8.744146994476925,43.29364063723929,12.867725297133292,53.849079242830285,35.39569030900593,8.820877591477844,35.094399484695685,5.790191654654075
104.71176464495784,859.3817818550816,11.814819821052122,2.0356949028274043,22.51339929196058,84.14159100597608,640.1120574935127,12.759454187475232,1.676060851926945,24.88172755473016,14.320610374272746
345.250184171483,39.75745949487773,962.7387650651916,17.111873785891106,44.58238473631707,342.00425515519765,32.854522465022775,776.775278741705,17.397889714472658,33.30158015526676,2.384708791060261
24.938966650551606,247.5788974873744,72.45449495495431,12.64885079057171,7.644831224574097,23.8626799349311,193.0599913566781,75.43605110521466,11.17184534263434,11.529370548448554,4.366961746952818
60.00593720492015,30.721694244213605,193.95238850695563,14.56565205843446,25.179484024462212,58.071215488073406,28.816928627728686,190.97649347356753,15.688416514117566,22.951987705258052,2.3549343137012806
67.13003052248517,221.0158566487912,191.8913712963427,6.690607920221352,44.3206514866754,65.14575627322914,229.45490159592825,202.6413699916581,6.604086027792677,24.79717652028888,1.9548279757157279
17.89343051662957,34.8741341127444,357.231851032725,4.2009583810330575,2.6973198277445167,17.552733943234763,217.25041870316514,376.2339036368094,4.766502927717599,11.494560236973255,3.8577645782239482
54.76823651845327,25.003103112371317,20.51149880047496,18.89228268995992,35.29448894735784,52.459614543121376,30.927921262400904,21.482115780734034,17.335555753618127,23.745384791883136,4.105244473544328
184.64739186162663,75.38572051255487,28.402839750957305,2.497196204071892,49.421258567550375,186.86293927146443,76.42897981773159,29.170168016196886,2.324852891575214,41.59407372392396,3.525799281310018
567.244862485817,299.8717574985535,356.73154885177587,7.024710311858889,21.111396791754018,554.9072348272019,276.9489815911151,347.1843315664544,7.064213482935193,17.06948741943056,3.141728010098944
104.57318458787454,320.47444754238825,48.09664899782016,13.25033452848678,45.05893221298937,98.2741095101885,308.55766294762134,52.10136674353928,12.569866907019328,46.191456006498505,4.4523764619093065
345.08643223618316,10.317924094320205,116.33264848634705,2.0748932914391656,44.77403366968888,322.10893133224596,12.621277532029929,179.9908071436365,2.257848753574873,56.88928153538079,16.036201156281216
163.1052399476764,93.77368231090294,98.87004273581637,3.9034262493370613,40.97081712672077,154.9108847783952,92.38828324063562,100.27457483305666,3.517998306752097,16.369923620857172,4.409081865260419
23.753818502034875,40.76753732384933,22.23633831406952,8.674882354578932,2.1505707379598284,23.824621280334302,32.9920192184457,21.446682130598216,6.817336665670562,7.298598067450649,2.9451083325206207
29.335816455136612,122.16683611231677,15.331398822264799,12.82099859705769,17.544952550458476,27.134675313816704,189.2598726131647,16.780283825213164,12.873823077262184,10.5960371626028,5.578751051387901
268.9811727525606,28.30689814337922,11.190411774386087,8.80793024913234,8.126890216547642,265.75408182941834,52.78290181858097,12.174810726549095,6.961482239545218,7.0478194233319735,10.814561202410266
176.90059135921902,12.42650826552017,57.131899528249875,12.64417431164812,33.52067147614767,165.80891023033996,11.31138893431993,65.97001606119491,13.589227148318226,33.04042912935813,4.833282774073231
533.82371495631,130.29292283375474,13.271584240263495,6.049794770280798,40.53947491583569,512.5622912646953,120.66966793272115,15.879687164647027,5.535227865592824,35.30957949162408,10.867041161828602
428.1245919985192,12.493928887404664,20.106162000584682,16.300407477166033,3.384721000807609,427.2161928297072,49.95119464609339,19.20452182015354,15.037250392271487,8.161210905142536,2.7048694234467483
56.26418475414999,361.56647629423946,769.9291915130462,2.346644562750636,13.298791618185554,51.41154455820314,319.3711491321562,712.1974951131057,2.262770077657687,13.10160824158682,7.781518844594137
28.94335416729129,22.1053588758085,101.21378796923055,13.595861304472239,43.761903042948816,27.09508857943178,21.543963398565467,101.46932640491804,15.549718137981875,41.020162991969485,4.79704447073665
30.922598913938167,954.829849806253,16.933572952729588,19.377340975734473,8.882073243689787,29.388072784538856,349.9686021754331,16.258840993288405,17.973014851346885,21.360781796235287,5.256639087858661
48.31435556801233,12.517155680727983,533.0958607725094,13.832488423915596,47.85033591035081,43.92126873969851,12.248137222594266,432.5095113846119,14.231115722737552,46.408636619850355,6.882600026060483
206.34097312730026,470.65643708401245,445.9816696629159,10.457044477075819,5.562480275830096,189.06977132421687,336.5338542272566,402.8799919291469,8.32136616606326,10.466015164244762,8.563605722671994
643.2531312667672,28.281054318831185,10.899095602086684,15.087358651244768,40.67774984465658,639.6188391916121,32.9489903793349,10.882331894033909,13.774634438996154,35.53059206314599,7.397863861267649
233.02191797614853,20.381420935362364,49.6976201236961,3.335003354565937,28.61046788924022,242.2734000490639,23.979284759890366,54.74289258869498,3.5558785701270894,34.53899940251728,12.554566794502357
57.38964341703651,45.58369252959849,39.670992302682684,17.737938543869436,28.765297987307548,50.867902738077035,53.94542317368258,41.51353814453019,15.936561361491805,18.300911730676017,8.715070207901581
395.5005869986777,977.0287302516442,174.21887864351385,5.813093944125561,23.739910364012005,339.7188445964423,768.5869585445024,197.86223406612902,5.585944593912571,27.12081586420554,13.16922572011419
244.99257492621092,14.453053998667787,16.700357414780214,9.756825128030542,16.527845516412683,237.34181937554752,26.069511908227152,17.43385149746157,8.368724628201921,14.647532866882056,9.462248371542657
43.380194216579895,13.678610963050138,31.251299090601574,1.6864374511538984,45.668288497165456,42.77413964283605,12.808097925418693,32.72237517293062,1.955811590592813,42.076012273202245,4.071194845877214
147.09602376571686,45.952717506736604,32.56504673934246,2.6093865812173007,28.878206237172844,137.88757097557047,50.62284274020151,33.91825231587618,2.3991976791057215,33.78867723923983,7.953153175653012
18.962790346071515,287.41510428093653,41.41555758649775,13.407426401939993,16.698646450613875,17.612055213944288,270.03630652630477,42.67806646507093,12.36755668279855,16.75868148807544,4.772314066740889
86.8302729899401,692.2272188609238,22.84790316492083,9.512344150080128,16.096528197006588,78.23182335554735,715.2147303194313,23.564990302308217,8.599787983984799,14.16305193893203,7.72889977248161
89.44935434177022,617.4160571667798,380.3273856958487,4.755010745611017,19.85981736450928,85.76652400316357,605.507742506178,372.06852098713864,4.818230569748533,18.638050390455017,4.1027119839970965
243.4398130691696,51.49306322355075,112.03689904245998,10.321400446824596,7.177609070850327,245.1601913397607,54.48219134758604,129.31833238328568,10.084156507552787,8.470505172400161,6.048447717920906
28.07569353988668,43.60032897850924,12.26745898190258,4.562589611497391,39.62523467006824,27.50917326807239,40.92886754083148,12.888168396341626,4.538960245835665,42.75624496280906,3.5127459188807233
10.178952065178912,12.93376234551907,315.50677810109033,15.18721404729479,46.661520276190664,10.122292874992258,12.086453156265394,274.6622990378945,17.625774429295628,51.92217159381516,7.162670097908765
215.3242596519944,10.448310332193842,374.9790828788124,10.987409223735652,25.50714579241544,195.78613233458822,9.602806525536444,529.9208342436596,11.232036443008209,25.569956546438696,7.311637543093948
629.7366809318665,14.854497801160718,309.4542080585417,12.191312194658153,21.49104277146062,608.7477843197883,14.454387781596951,392.78408851315515,13.562759608722864,25.029054634876903,9.767735472290221
303.37197480995536,277.2791176358358,22.413341710441134,3.6132532021313013,37.937409346463504,310.18289155169896,287.3804268070737,23.1648510105549,4.253371347332323,32.412826780410796,7.460760731679959
42.76186848979029,61.342354466779845,23.900502854968167,13.011624860703375,37.55364203872771,40.37216091436583,62.636575924342914,24.291834859377218,13.292167245997865,31.177023863000674,4.957135384989606
216.3960299092135,73.45029213364882,306.0394607823826,8.298619792818547,40.52597668868576,222.3302513383421,84.94376611526242,308.60398212596976,8.749132229734249,45.8703499152269,7.160234553383055
136.6193559584118,18.84137940630574,134.32091384855246,2.1703061573694344,22.682475075720934,127.13408599851634,20.437375856776058,131.31100605625366,2.229644321658084,23.365148726070906,5.37854823096885
180.21967483468356,83.87233589930369,323.23333248464405,13.029741310349578,2.2011188785184004,174.41193296809524,119.36520165343299,333.96214788081846,14.780333967088715,4.842247912059919,3.918799559746215
40.2182994040212,36.2881316586789,51.34846363266724,9.425989185961882,9.77518616627132,40.84694306115003,26.359297500881638,53.9849531301033,11.206938733527984,7.476507869520932,2.6558234328117174
193.9186119041353,749.9574758749089,36.70191030045437,16.508470502124784,5.9575495956310025,199.79269083291726,584.4485413091134,47.118448207150806,15.9687616460176,7.4989009306429395,8.572783747802996
44.11056955579441,12.690655261903437,14.670397080732226,9.693970254194271,3.9191360997942617,42.92004286604401,20.91648206074855,15.988200136945226,7.851472400276085,9.600936239777237,7.229132088908517
72.91043786453756,300.73529678993566,24.38793077801908,17.61098563487517,14.253249059922158,67.68497294875793,338.50335512093324,25.973921117597374,17.961808994085455,10.61441014533268,7.475429962283456
10.143893478386314,30.249402533477976,529.0885140156524,13.5212163539217,43.67599097704362,10.382500792267546,31.585591931650804,459.33682464143277,12.964933509381133,46.11060016528779,3.0665791065435664
111.41241116925089,178.51987527923268,51.93538445142286,2.304881725434231,43.09559179962408,108.6732778160277,177.1299462855781,54.79747146700712,2.0776894078716692,44.89352885863316,2.4477813598361786
196.02328224504896,902.8394005077591,10.57044304832383,15.459851921193302,30.50118749047073,183.3472810547878,783.7012828392236,11.895339072656725,14.662014351865311,26.303636983174773,13.819400329453405
84.70512882753172,16.541746359799284,12.809197875875777,8.670301737594812,21.981005008453305,74.93775956314886,21.90916447144294,14.15868574142799,7.431421884999731,23.547544323164345,13.257946365316526
143.63281304581113,369.1313048595485,123.83327656373362,11.219275789073642,15.584414161925155,142.81363705697777,399.12242877671457,139.99687402233246,11.1121485712055,10.80029106661903,2.690217686372626
70.00852761785474,18.31621827563988,318.7008628199031,1.3664077397436576,14.108311304041994,65.25245657686193,21.80515457250699,309.78212655073895,1.0589398558655492,16.02173216004529,9.418832038419485
13.93962607265134,13.519028055723341,181.6264642876533,7.928225007941071,10.371570830348016,13.573490724716033,142.9279395746245,178.926654103803,17.57954664531662,12.655978383696917,1.7493265145006403
11.33148755490042,250.23365267260553,23.259209969682978,9.489656956642316,28.954451900436872,11.694099093540032,300.4951706663056,24.92990994746642,9.270172139660044,22.718282599525992,4.027411291726831
15.630138540356562,26.814002013293692,149.00327811177613,3.393247371637332,6.8296541726490405,14.620915591591794,58.59577516619137,139.67444358147657,4.582057227582887,12.971036062957014,5.141376914174585
22.924369747797517,160.4886282204265,117.7612993984901,14.696678499930854,7.63887327320124,21.63268027396341,96.7387418992871,110.96593849482815,11.364940939094048,11.74088516278821,4.209868267297046
96.68168886767117,110.51993302703663,30.32678123825208,4.126303576453724,21.766499245218533,93.5460425942885,110.24186577536554,33.05420713088539,4.3452588904301885,23.410888795912882,6.1271438820610395
23.895535506522176,14.033137396357997,983.4067937391729,9.648916170736916,41.91432302978733,23.057878832966267,13.666492990375746,676.1465445567325,8.999281639953432,41.96476193120233,3.9158143238700616
251.42618977232974,154.21026592111238,340.7580287095875,10.116572516447892,27.64554269822563,249.96873095418493,132.00788158021797,362.98230054754123,10.470396521162302,26.397712453719322,3.7121258235466645
48.294142644848336,20.221649508768056,672.8064192935947,10.245072142668041,35.620872210514804,45.592322268574335,20.550004688713198,789.8210023635881,10.377618253955662,40.21851867046216,5.519233604169646
548.9218534947998,56.41517480072761,394.55168521581385,9.870221581263003,36.20482680099871,520.3140362733521,57.760064257013624,439.2917434847237,10.886768339955255,37.77589477531321,6.228002723338164
147.11438294019592,12.227152014136777,27.573716290188774,9.525518745270766,22.650645749342864,134.9151960316849,10.03903596155268,29.09299136792348,9.781478485171208,23.927662311183916,8.074618274012627
52.05605691021876,10.313446482319405,51.31199577735323,6.88695847553085,35.25227046410624,49.126346532670915,11.104097447419793,60.22691480724119,6.887801448386602,40.09565275873959,4.163378902035516
632.8310590657975,36.38463766663246,559.5362879448242,6.092932640042188,21.025390782752613,630.1470140798697,38.6303024009975,529.8853155708468,6.424012550123121,26.174115911204147,7.985546116817967
326.88922139164083,487.26323819994286,141.13808815698243,13.476645610994709,49.038173873996506,290.09924781195707,443.7824873208647,152.25515667182523,16.979856094148435,34.01569553914022,13.490957441455716
149.2845285804793,54.28196966092188,10.879402899687078,15.8729427471607,36.43719516144294,151.64938979215523,55.055856762990956,12.386427159595408,15.329501251007207,35.79363087143483,3.012084704643956
920.7171456255974,361.59865871681825,346.9122967476948,10.589973493755664,45.099807353520355,857.5287728061658,328.23492718798315,345.75544891015215,10.59158005720144,11.343196774308504,6.271106500199275
397.6419366131169,397.70372666578913,143.11985912061343,2.184756313609735,30.15975927167396,363.34594472407014,379.46350295291836,139.22607159677887,15.940664467483849,15.093718755964845,7.773477182598072
557.5817711379881,109.6607825033673,565.2363422192334,3.938820734418951,44.17311964940346,523.6919770560794,111.56203771125516,575.7026165433375,4.159771356057002,47.7541478876461,3.8187107453000744
51.10017997795386,44.96577557825242,937.7471667407709,11.371355591564162,37.20915124949093,52.94887472846975,42.16502236130959,917.4444625394162,15.081465843201999,33.72057369216328,3.2163004101865984
170.85861911573798,242.06087848470446,35.68421770259296,4.814296712212528,23.933658933161613,175.06683916144047,202.31749243512692,39.2822859190968,4.283015592624211,29.717422378189823,7.907573591322952
23.207023189150018,105.84883716863813,46.24015931113781,9.217866092278497,40.313455342425605,21.356858211606532,94.27044664316126,47.321704896181785,8.635622839927986,36.6684620438115,6.992544546665103
11.999328126169802,353.86669350370977,59.250616117369674,17.512425245076717,44.187001084795185,12.471228339688071,425.0315091214987,47.604024211318894,17.103004932502436,31.015016222841886,4.280336396148451
35.45772494927709,535.2080369932527,869.3015649771511,8.699789330489866,8.460138786813216,31.7336440641846,349.4005956133244,758.0691007465074,7.224635109820838,13.724804696378701,6.551413432287903
10.378909742458928,644.4669456011687,15.004967276890614,5.790426289231966,39.7416086858299,10.376993957877609,641.8699891858399,18.040609975676933,5.637953301823207,36.71626638228491,1.57869597421781
467.60899514822,737.0295867217844,53.09049541464022,13.27083267757233,18.097463683952377,434.24552489105895,971.0865293901313,59.59740518152589,13.689975490291905,14.375939035263876,7.41277990707382
488.34170807401637,195.96869962697193,40.02624791300864,5.1911250373148885,29.274625986292435,505.9027789728331,190.6515154839228,44.8441801892743,5.191386640905441,31.214533198453243,6.25677745634996
25.61827888585081,14.768237219113399,69.25655901369278,12.744387827509033,9.107036310812031,25.585718441477923,13.24436387606506,72.62021425411422,9.716463927478229,7.598494858288498,5.12239900920146
153.5217287694778,123.04208688108127,18.031704223028854,13.3394528705533,18.931862154447387,141.85871956238984,123.54061486113144,18.48640543656959,13.524994113136126,17.03074988264252,6.383747584845195
36.01674616454401,44.88704328329051,802.8813481390745,4.221218838370022,2.355208422883381,31.97337338506355,409.97666560176725,721.1108216608777,5.032477485815976,13.489834414623044,7.166722871347139
618.797181125586,224.0355261836605,73.99520991932505,10.817190576711976,3.8528770256506992,612.1803533999877,151.1502261711612,80.99286328488867,10.752416072223147,8.041684506224668,5.977395782554571
141.0133887931526,460.7351191046462,185.38215077306683,15.607906174997064,37.0789568222837,135.6702545736357,496.2936856347399,178.86725725136847,16.949209355792885,28.25759653968921,5.333847512838048
942.9531457475022,354.7423107133839,179.16985506817844,9.536353240689596,41.050990414786284,870.909480296376,318.91374464945824,166.25201688109942,9.315554028766838,39.29478266653323,9.12072133293058
64.11265228085668,27.993938346512532,10.383340621990364,1.5339502003681829,10.464462293705589,58.30852539310873,28.74443564601774,11.87051211832441,1.7448285331419446,8.304400553641202,7.392398012028269
23.518493591061105,46.54187768360469,286.47330063439404,1.478632898784362,10.995028238485235,24.04422497708814,68.74362327428089,279.38113456182555,1.4293067191772826,10.309741648511896,23.174927791474584
84.33603381642143,99.66030179416038,175.0465984361804,9.249982377845662,43.61968293074306,80.66720665899713,94.75425144227526,185.35999273258406,9.807352585400722,39.51538016764237,3.9711940715957144
28.98839954983715,475.04936777117933,13.386806407881902,8.907002263459265,38.84097849097936,29.163619202658598,636.8367668940855,19.4934695606275,8.621690938023127,25.29237781473233,3.488636829777228
136.21305422726755,98.4277673565006,416.7474464324724,13.946081626139595,15.347553906561107,149.5058653101645,67.2486354465958,401.37111298925544,13.826885327610402,9.93092015110508,6.829411438447332
29.45911889777841,27.727017697399027,54.38130501750709,11.216273622731041,18.165282394329168,28.745461211986825,21.887967720290018,54.24265745867474,14.097793537294487,13.24659867466002,3.962359394612838
57.240269729220515,831.6492493117639,185.7043878187988,5.901555199833167,7.066020973581245,61.7997620255691,666.2367986356486,196.5321086519991,5.283513943338651,8.84555923301144,9.986815844854227
256.9716970511029,199.62688313691493,165.25632089878565,11.486437411557139,13.603028418765392,248.29594575675182,181.89322564786895,173.75133402237634,11.236874678634669,13.555217237793984,3.5687136203339347
174.33110603349846,21.57572984600788,55.02581889408751,10.300593464257568,32.93896235553665,167.3030698449826,19.38229379426702,63.485842303315295,10.785233626219984,32.878690381254536,3.1621988198276196
10.06235974040512,25.78123913912086,11.270714552753955,1.6660337277797574,29.552520070092477,9.450848730624344,22.95229875587492,12.112269654361349,1.5495783020573162,44.280861125427,8.647888701741795
23.53784816837605,51.05421831341376,380.95549965912033,19.222109910712682,29.547575071645497,21.337461606032317,39.44919608591949,384.17131248409544,18.536024160437947,28.229966858212737,10.018693335395042
127.43414691247966,275.4174657987084,88.49757585840149,2.2970916391100378,4.772301186836131,102.22616104902016,295.2330888412868,78.91527561395594,1.9392202189829402,5.167233172001519,10.054017405255536
27.899302923857615,276.76401236964784,757.3419223878266,9.763426380230051,38.407794953016314,25.75249448541144,209.56681383332548,670.7467981784636,9.032398167655337,27.944552821913643,5.889475382684713
68.21348165987042,32.299920967994886,121.10866539707206,18.201501178038043,9.8426462676054,65.0606827683493,31.310442755312565,122.61505578954778,17.4672175752287,10.549056436211867,4.2902065845885735
70.35328087006798,45.59470145856247,109.96033435338664,6.5270017533898805,17.944626399358775,66.39156857068706,37.83143262316271,111.19330647197773,6.892858071327455,16.567853813036713,6.791991304735063
40.2862212074067,305.3218013762062,25.22736682355398,19.577659069991828,34.999244584644714,38.85339986465859,312.9516083602779,24.952276995290156,19.457097104056228,28.87414640418381,5.1317187493578516
16.846225173262273,78.41877502947429,142.74410662747195,18.961484707914906,16.081113934276143,16.80161011618195,49.00912399771101,149.16937841249052,17.524129493676345,14.655746081531753,0.7223719646025589
30.86552989240908,17.741903806008498,66.45296415440924,18.949670107205108,41.6919471562355,29.230652618982145,17.088804469827267,75.88404000766042,19.489565528096875,41.6438793175312,4.366816481756581
65.04189947036905,304.2462965201215,236.81385390840177,3.6241796382067224,29.9914675633319,67.3902505536026,327.9700010402635,267.4964048980427,3.5294557235071973,23.383533527710238,6.540140121295833
18.38309679617872,11.753634663794989,276.7634511864292,17.106595527811514,26.694720390282868,17.120358101918256,12.39134302467576,370.3862379106169,15.523786575838027,33.08050029621981,6.765743419802098
925.2460802174868,306.9623946087422,412.18857031136025,3.1685426413944455,14.973495538845642,874.5672090626092,270.6706645454096,378.9560063446542,2.8503779499091895,11.526361834328743,9.49665669618594
90.40623456332237,14.46931308207466,23.986799274035615,12.69606935042774,31.606311000468743,85.4789152179339,14.625715736724972,24.907755980301598,12.941510217090356,34.61191929584283,3.969640118188872
230.73090212086603,54.369986918059524,360.216126613162,12.431273847303817,11.575386699994691,238.79299417933476,45.41232147864443,352.60398587306156,13.997722339672398,8.18744341332572,6.361952123070807
94.32479438403692,29.333203936607006,277.4992435881189,14.31750954233205,5.518209046133143,91.10264913339559,32.880169610322454,274.20501643243364,12.326763964022758,5.643327345745107,3.688541924742588
27.829377127560075,90.68057884014975,684.0602405697848,12.201370261199393,40.933515022897254,26.303031874216302,73.85767739204343,679.4764255989552,11.801924686209476,41.842819675979996,7.8912802201899375
55.50102713441161,221.9886949030615,200.02768730044878,1.046346327700081,31.68673751843566,55.7639005692081,208.0016404190614,235.05298308465092,1.0475040745426216,17.093166301943526,5.835780605336726
157.52538691918218,125.90148241553703,41.05138335914355,16.407737712605645,11.885552980870596,151.152590873085,146.90695476064965,43.328243503781124,16.643457722221903,11.363372296612999,4.836996698580371
64.59315472450297,784.8572220887054,54.06096491800587,7.23357565796764,38.98380903433639,65.73902891891643,846.5192877130609,45.131610379955696,6.709080565174513,31.95503070181759,6.819138878095774
18.92638735730948,64.76730988585352,263.40688734093175,17.935805141864318,35.66914436208537,17.19707753715056,51.205434665923306,246.70631214702098,17.38793043930453,29.544230384529776,8.74086120176154
10.315444205807083,24.631314515806526,41.220546932451825,3.6857521777709215,12.22545778094299,9.57476461935282,22.73860330637264,46.526359660075336,3.2497345996895732,12.63840020243713,5.320729867839787
13.69387032919394,240.86494201133627,269.8866648885466,6.228107443920208,11.39118255139493,13.924535584395292,174.854060576676,277.54560254585084,5.6138013005529235,11.608174476903013,4.919489054638263
68.25038624054669,136.44262994216558,349.20735164556567,7.708939371868415,23.767693522604205,66.90951893954515,148.59188706458025,330.8097027243146,7.256875542177654,26.281064263561216,2.2887095138296063
14.474323462507247,719.1635907983745,545.1537857686333,3.258415547354918,7.639021482603714,13.218812364620609,532.21397373163,576.7471125653037,3.0876746683690612,12.312122811484803,5.428383014950131
11.924308115458896,306.1336370148362,11.698836513139357,12.483189375659862,31.61280660451576,10.901250611585695,344.70866330908285,13.902435270310416,11.929172140061995,26.600728836676666,6.361016276593709
668.3641548250691,224.27606175160614,176.09640831962324,14.921094818745463,15.647785124449497,620.8416510724293,223.39283590181657,197.74190417230247,14.54646058620929,14.50977356761074,7.218556565917841
65.70073619968105,628.7278153460852,135.32060263073032,15.936940187062653,7.226241793825278,66.54387102560592,436.7010760603271,148.29491835809245,14.482819758539573,11.78671961365556,5.405429226900614
898.8012289424653,91.8825601293754,171.46374675237675,14.741856926707852,13.221510020649136,907.5227932918615,69.26716484985751,170.62459189176562,15.627650414330231,10.684901541468296,2.4905310012486774
11.212955138960915,882.8786973641456,10.474730668667167,17.26646376211073,21.83512800459432,11.310610665293698,506.6703885747755,24.691965770183877,16.172505539058243,34.13116776268356,3.566278331435128
119.88638137121653,344.65793557376054,351.75938961089497,6.421516208136216,44.52134883534918,104.90380893092866,273.0496789023554,294.14080348629926,5.669598827711989,9.596136571519459,12.576969154305509
595.7525815039154,100.10811513609612,207.87025216333748,18.974451365732477,29.975147211690505,583.5949424884133,97.95356129877263,224.43702639727064,20.117267715464557,26.353293391313407,4.46795874233313
272.78343536805073,73.09956833152002,456.7440243977062,16.743600378898346,10.946951338027903,274.244047020404,62.79005943856876,439.85575718087614,16.7889925088101,8.15486968311785,1.806691606631719
559.8726227613446,10.97517759413234,322.3869174074807,18.670042472211623,39.13587562304641,591.4456554022491,13.717591735279,255.76966852271698,18.91540900549385,46.02240631808378,6.817395222144085
50.57782972430136,103.57014754001041,39.88851366630806,12.614704840037314,2.380329601911088,49.857955054826846,70.94165913930811,37.811372738229885,10.447527877194933,7.057418283535749,2.063012953654871
397.18654153622924,744.2125123428864,43.866000464498185,1.064359192416011,10.719828770520039,317.3762990568227,580.2647601880602,36.80377452079645,1.928899783046926,13.689998219411821,26.548082826664256
45.50566232137491,75.20035561925268,63.083919501822834,11.204591554275886,22.410504587313053,43.54074298484768,79.08004018035663,64.62943087000886,11.63964423304492,15.516267390291274,3.3029929876875244
295.89626199776035,282.9829209932001,14.31672176343232,4.99510931923446,35.70548920562809,313.15325657327816,267.6388328586639,14.540938312032035,8.124496285847453,29.871996812108193,9.38872873804764
145.03874846873526,20.944599333835107,507.1901320846675,14.721479803910004,15.455858070969382,136.65645488665123,20.54803516445028,523.3847427954008,15.045081600554074,16.02493644722333,4.8924006551941
382.53230469836785,287.29695207971145,71.16544846410987,11.121331556909636,11.782642760461941,375.99880030620324,204.09887423634055,82.72579137908487,13.648803076151077,13.473041282706369,8.008119613308198
37.20483040351524,24.932336048293607,11.090514122884617,13.662889427490326,28.160724010479854,38.44084495530547,26.796633970862768,11.604546530119238,11.561160834623243,27.82631438848373,2.5911840854638863
299.7459415211299,197.4316637906593,927.4082640397933,9.64016104449689,13.007190334063372,344.72458606963016,101.98934819187228,867.1578169803082,10.26806650882405,5.958621006490717,10.102413775018814
43.50202457965712,57.04088702046537,463.08769795708184,15.801802231915584,47.622181844671104,41.856402764345916,51.24291281055282,395.2934771453787,18.100892463183293,45.280690339010356,6.619428351898258
397.6686278606645,520.5966532118093,271.78456243736235,16.29718084498665,6.726671091183071,362.94016793656147,448.81495374179906,248.98735209100587,14.590670864907542,8.717291062312013,8.497647685265127
286.2553097477276,26.00372084887967,260.66793010960475,2.7485884639548,40.97476869315042,294.1481969511403,28.73230656844618,282.4114059866642,2.928040035529516,51.158254621287234,9.493129344739602
44.36093095401436,300.4998664998401,136.90411302671376,8.715046041177255,42.53487747824027,40.735188117005634,285.09930839278144,147.15185124645808,8.702820722490003,36.80585413907057,7.346507657872555
52.31285004923568,352.02197496878625,16.30463977360529,17.942243880090142,27.771787550640887,47.341739195878006,382.73756422041976,16.47461259029797,17.40991174839642,21.687566565511307,9.408228886565347
15.426193131604867,713.8831291520702,135.11687176094563,6.159092647471402,45.14521359144771,15.947422721678807,749.4345092563467,103.64402280538492,5.786611783602448,43.495440952736494,6.6939479225882
142.5919332840584,62.989208831692885,464.50096160373,14.269630318174201,3.091590245080301,144.54989745663258,85.47174322713398,465.19454722886354,13.852960350665303,4.345772939810806,1.3604589025959097
14.110531598306515,10.07694547356766,718.8278753016308,10.006797218121715,35.22145030111507,13.317073879398723,10.87710195024293,575.6975267816719,10.944968037880813,34.50490704120421,4.581196707874428
11.125547697955128,132.21952955934404,68.32798174011864,8.606108958711257,9.225932294036324,11.398721928637956,145.8025855716475,72.96157229223161,8.247775552381325,12.446753045902906,7.037838436427596
17.898291282514943,404.6784897363233,38.5795823676238,13.235931258514123,2.1767095105645584,17.038893070493767,114.19064460601349,41.07685470419988,11.012000911311974,9.566873164328863,5.706518952524497
154.7781589185106,13.011359684818926,477.9487520317916,17.17983387889749,25.26866547281893,144.42833272777148,11.684231164217247,529.3863466171931,16.94779216141841,29.264248764640293,11.526911182856574
495.7204620012437,421.51075755152294,499.5055236596667,6.415060981944219,9.891698374123452,498.05580845808925,333.5942883294832,472.24722317704266,6.4797071212791115,11.327839291947232,7.490889888407268
126.41493225269654,22.620613674837355,21.07339404144826,2.2444259853737423,40.03016936874805,125.91031408247079,24.735723264042115,23.473700796335876,2.1317707676253566,16.478173584005486,6.1266456635479525
59.89896812529856,12.591002499165317,109.89456046133296,18.236464061469853,19.735441734251175,59.28534805867219,11.85993741017954,113.02558991263281,17.099723032339387,21.20701871229202,4.898948248557016
62.44207082341413,907.6283926559818,28.83972323191866,19.871660550446457,2.1251327225340013,60.340186966067954,180.3145404413111,30.802326964644116,17.291457825515778,9.647966519050966,3.581810106626538
361.7388402551653,102.85420970646132,28.434088917223235,13.166322381212733,25.71770998397992,375.1591064117752,109.14503189402821,29.490054345363763,12.482725360015264,25.84298337736719,2.9182141841319815
80.46476673571769,47.351056790051864,165.26535178980208,2.062769016101071,36.81353161170695,82.20633311572767,50.701209680081604,156.03757230654784,1.9877601529309723,39.15666257831061,3.8148451245504758
210.01184170569962,27.31521337696571,29.291709607826345,14.964798667193662,18.819491683632055,197.5779344766171,43.52534670156229,27.89593161018634,14.071305375238868,8.891313134525927,4.979818727496095
26.362474917736265,170.03102609543416,14.250058952044752,11.971391206447953,8.044193671348994,24.084641024404622,142.22640735477194,15.530844916885187,11.172665837456796,9.799989939810347,6.7601044833546275
49.461430752365196,129.68710849622795,364.9614901257606,10.483469615533458,47.95590668475937,48.59727660371711,100.41057113629982,340.84015748452276,10.28916014108186,41.45573259017747,7.10136194598225
15.768444216074213,12.913543504677227,40.367255703540565,5.235836371065268,47.9928571110065,16.888382806905128,13.871393043841001,45.840438463406784,4.081435128307159,45.757207154194624,8.260349073000238
17.844622752020438,110.52322331834492,151.6635601634258,10.9114491098442,28.12899076023652,16.833031542443198,69.87693721579022,137.73192851846582,9.491087295374019,15.385888031887173,4.801625824995149
112.86297475474605,37.806827289201756,29.797985502920888,2.085003581466078,46.214650854338124,117.21076805351376,45.68758729277266,33.209975136712096,2.109541800786896,33.96109339641013,13.809477822615607
51.40121693570786,29.86856847213378,456.10704997309244,15.53998780072816,25.519244071319807,49.77545418808103,25.98604291190747,517.2076008396855,16.910745223428513,24.629190619875477,4.70368378964458
22.891594063029057,103.95432470457631,510.91295167791037,13.411499816953281,30.84334253712132,21.606083295786746,86.16447524596843,513.5848161437235,12.618802274100327,30.603586495172237,5.234342751117197
13.841352065252646,702.6791428158506,296.29138232736136,19.44896801724524,43.53506004351877,13.254992009403793,207.3878023262179,385.6760952918536,18.015493538190164,12.973909681688944,3.3589164939115843
39.63038184220152,833.8748815742656,174.309779961129,3.3369398918701965,5.372298226713066,41.74577277757294,628.2229151911318,189.09425497497233,2.9713078287502594,7.627560496506452,9.89070358241919
170.96629528554217,788.9912407636417,322.0196492557763,8.792935873166343,24.22725767279231,154.77461588327435,803.1109621130175,321.8807906468373,8.536411238235154,20.66988320850979,7.206148548297538
31.31826301450186,173.9567839984895,991.9405946479194,4.202145066904156,20.171751331449187,29.404550716941905,158.23174498041942,878.1378455398709,4.372423347585425,19.237487769735058,8.116562895726766
496.1963850027002,17.364171880805312,350.6141374026348,5.217982362461428,46.56158715932572,480.57897658014576,20.084555542887376,533.227179412117,5.1680076486568165,57.14530410493708,4.46705458886945
18.05503505272016,44.89794950124243,62.37977105622978,18.27124039787966,19.427720868963856,17.537492621740565,31.315588267529407,62.86296457312534,18.741876341719873,16.8914202747913,6.0550668296104
842.3962186508915,174.24690105895132,33.69273041120006,17.476035358950956,10.540240672338987,774.2605423604571,186.43240369389892,34.07519910573827,15.712994533758945,10.657833807994542,11.05765272747327
556.0764869205608,49.44470542894461,19.8447395962675,10.930024758436415,49.61330319968673,526.6226568960337,37.876353120711514,18.79486944966684,10.230142382684996,54.51789358270011,13.584033153204613
122.47146713615453,31.012698723058715,103.53758926524067,18.5176780909382,34.165553409074704,123.98284619771056,33.31765262549126,113.46387694284738,19.172201743818864,34.242707429051485,4.731722678163843
236.5689309732202,302.33564664861154,724.687195402387,15.599701013886646,24.978275239914783,245.205624014456,272.3784260973667,694.3739890753545,15.780771559228551,23.75991798042002,3.2182646816683897
373.5540016805596,935.6273100029188,142.32858036144984,7.968262737000422,22.81281687089444,313.4754833053686,772.9950323505547,153.00666413043936,7.96570180609266,24.377028210388232,13.964590165279454
950.8497157965487,554.3868989669292,125.68803784335523,18.0833417907407,48.21375097773781,925.219892587469,494.1012218456477,125.96733695715902,14.631583407403514,44.690224445398265,10.426814325212124
22.154897374836448,397.7177824613663,79.47716981725583,9.144234337371662,19.365648840313998,21.571934674979566,369.6249602715422,79.07075373282855,8.501181092744314,19.87664735613925,2.092574794048753
94.07519547686756,17.5033049934997,331.7953252139895,4.349158064007183,41.649354743206956,89.91233015985277,18.14495481553445,480.90589344420897,4.515493286050947,45.087948155850704,3.0796234710891373
802.4191970796637,677.5187208238503,183.25425935139103,1.136785064652785,5.41722507659166,791.9011102679033,219.5031386083374,179.9403821318893,5.223344238765433,12.29166817087078,3.7942886795268387
50.81941467196605,18.573080542364227,17.912818697859247,8.74156256122544,16.706774683997537,48.04958525029691,27.40027956196225,19.168817647707165,7.320914096214539,8.950396024731317,7.007403751786491
296.69392255033813,120.14823094811676,14.57980996944797,8.792333823158165,3.7080069105092033,296.17402116546316,37.859501781200876,15.430256304362766,7.852045108857576,8.310853372682558,12.288655390998713
18.011270778437154,64.07940927780906,96.0359017276121,14.725839920658466,49.82372273060709,17.543824336852968,47.448799496592095,79.50481672707501,13.563506243653915,29.524257540504966,5.384836447450989
702.0179854860127,13.851575792775265,48.656151386220074,2.0890443814378745,30.13008473981163,646.4576153554626,19.879630874367365,61.26904825612948,2.2414756658936463,36.16599644382447,27.474526724643265
854.7008939533226,32.46006073010572,519.7690016005188,16.892592862842626,31.344166379139878,849.5804468791817,27.14542365531943,643.6389838601674,16.91617801644408,28.033683995157492,1.7642332181624636
408.5732165468724,11.85897757109972,20.00751574892054,1.2347781637831394,28.65847008588352,418.03977286726933,12.554081659167998,20.051234628026855,1.197808006354499,26.03230950493617,4.584684573676752
38.17997821722532,107.18012481609675,32.503503929176986,18.7848278309303,9.901175243936873,39.43342896474853,102.06505976212188,34.29458083400764,18.066508978742426,10.840161409192238,3.744441652858923
395.00148171466884,43.510886121803495,50.992180588733646,12.950482736265606,9.060514444805017,374.45490505745875,62.11403001789948,49.22366684306551,12.709045339050187,9.125727001481042,4.096737817258926
19.778566587315066,50.545284216224516,11.079335413446334,2.4311602836810047,2.352462213663939,23.727458172210753,66.85747962857971,16.41237404088241,3.0370295248622323,2.214726213705305,36.69790317135537
287.1020024401883,551.4085300953533,17.85481581656876,11.269521526245383,25.209599442849278,280.6575843280549,669.5877175369072,21.014615477730693,12.501035651495958,19.441550671176998,2.3314834197860463
74.87841941085668,360.88076727625736,84.46263296359285,6.330112973195296,44.77045331183681,73.92998009874191,388.0260497112128,90.61725703271007,5.940420123878635,43.67648292270511,4.321200662897675
60.94821229921066,98.6748582445488,484.98656370817605,2.020599084127874,25.872195373317556,51.44654026402174,61.767446327356566,488.89165928342135,1.8371354030031384,23.366574862363116,24.979134154351623
233.87679013835327,19.835338813330843,109.3454661457026,3.6366746590441754,32.20147946180263,237.16510321358302,23.911642777262287,107.55292417619846,3.697956923246824,37.72918408181705,8.987112847782589
714.1469943949561,20.86414805342902,10.470057575785003,17.193766444757603,36.32434981690402,627.3583645242005,43.84869639278662,10.324337092337975,16.968108642092158,19.43428857119493,10.395067813346945
452.4901073172699,78.11516624769648,357.3110531671068,19.634658564361928,19.122565586826912,433.42368614184625,89.55770610657785,359.02812921821976,19.310706151328493,22.895892555892175,3.5155199039823284
303.82314438412874,721.4378085389505,150.42643794893021,18.806148029317164,5.831706739121736,293.01635737654453,428.4631386117048,145.0462271405061,14.735721110644041,9.266375986295381,6.34886554276284
85.1476238900616,43.114881453993625,711.205847570237,1.3056035036077935,17.21839469377946,79.68613848990582,40.42291048688037,617.913001949647,1.5355510149702178,13.70098111199659,5.924113601043889
873.899897648024,106.60156556580674,13.999726220545753,2.5366177993519634,34.41404873328214,852.6010960671773,92.41614873323833,15.79931188606122,1.9461981399974646,33.50008665853058,19.523749151941
15.42132953095233,712.8099504488428,146.88431625370595,6.593267525868686,40.24694595810111,15.834354580120403,723.2356873290038,116.86013257872638,6.211844803926091,41.64792871778169,5.831373508520992
233.30982755444353,157.30952986551677,903.6635527053649,1.657450491470612,44.14371860866707,211.14978359652818,162.3491076005444,856.8290761525142,1.6722267793475134,48.74347743875419,4.859738950627487
156.92393449503686,18.367460202703647,745.3184708891039,12.199583219991737,17.252246504385734,151.57753093992588,18.171689405293815,793.198239276813,12.35788761447898,16.955688135465092,2.490957611950764
67.6966300772498,15.672013336585417,12.736672374362662,2.226020172223491,7.028097299918549,66.87095435450517,17.574529456290172,12.861839111051713,2.199753860767983,7.7023091884128085,4.495842197315663
931.8740116295018,924.3487533228304,15.250600803140216,1.9101879173097296,40.79590854391695,821.6746895397595,819.7858401729515,14.531799514309578,12.694647363370843,27.473970377013696,15.25282083987195
417.2724496187813,275.0239540976422,784.8152319877488,9.113292929404317,35.974467132408925,422.6599250773504,229.10671680036577,827.5751891799979,9.00242681659003,34.68332980348433,6.100183894493141
22.029948206322956,23.747874109514232,70.4067739422225,6.0171511939158275,31.595699827817093,20.320021114954066,22.05283318254701,67.85990802297384,8.69531976325557,24.958978050806913,6.64396553292101
24.468520972656624,10.658174530650339,29.07180538613158,9.664432054813448,24.726777477889197,26.539517284384154,11.657612530492669,34.082729983095206,9.559858438886637,32.67474278540853,6.832577223147572
990.3489771786926,188.36360950699537,968.4057478857468,10.896051382316942,41.07306368453686,992.5626921792076,179.0793225382751,892.0257615180825,10.92791670392335,46.73212183405383,6.2320937349603724
89.79370054816452,135.4237813112869,251.215975499698,17.802971033097098,19.035208974284807,85.88702624132834,105.24995146138319,238.5973854397518,17.729525986839214,16.61609256066546,6.233490144245356
424.82434409925736,627.9847992577601,18.703014651468077,1.0990811887417309,11.376002677498372,366.4206274380318,685.9285513036447,21.474795171928758,1.6857724692841163,13.01063982919004,38.07545736899796
65.70012848173322,27.24313317456012,150.18013722342985,7.023777315027519,3.730872045313458,56.88206440004513,33.14102779883163,166.82351476888363,5.142062733122878,5.234810718268451,10.667723968180956
523.8226929884877,631.9658411980473,376.3514453963962,17.794745590109628,48.496194859448785,485.3887663895354,525.5888804644234,356.5120578128338,14.490748936091547,46.54571070275189,9.59779698740639
870.566342390754,408.5009276316685,110.66416317271022,6.058443369374095,2.835875004444817,841.6121918970601,160.24649124550078,113.74501841251292,6.729379791662168,10.105029040919066,4.860248352908521
27.515443544093294,13.281033386109998,485.986086146002,12.624417042755576,46.59896444735617,26.570495543791946,12.84162953393551,403.05287629051435,12.755636016141466,44.37147911468834,2.7780541339512093
47.408512975200125,419.396095185752,637.4023029206552,12.468381001612327,28.888643799660983,47.09130839625669,219.19148027340182,646.2138936205474,10.092669187240265,14.160407488412726,4.910205304136964
27.81029053105983,833.8628933774379,294.1289794101946,15.51183548055656,37.533939145011686,27.241760520768423,572.8465165770243,307.8789251850838,13.886175767038306,35.1677025796486,2.7741144429648497
11.026500073893256,42.44340511929401,159.18910604485168,2.927502712813088,41.531947781317065,10.49432563494942,41.6117399484297,158.30599337765833,3.059862104115727,44.84978238024697,5.470490491359226
153.44016681133107,639.1342501815042,278.1295306774516,16.215870948455233,23.70449515543418,151.22967868157127,675.4107223917919,275.72389791499586,16.752904907260024,22.387937772502067,1.5408106650107334
25.721789274314585,10.983335721162227,26.614012791859313,13.710413168098519,22.2832392226452,26.36705101165688,11.04856873196545,30.063506478396096,12.986772657168208,24.262043357619262,2.984018488911778
128.9888867654252,222.80651977080456,336.1231706498182,14.514604561699329,17.81231434093298,126.79284702624028,219.4698492717313,319.8558441968671,15.717035089741877,19.85754267323671,3.74417320007461
21.32932761821635,17.479937800911994,17.222100903272203,17.14077958002731,15.665840279416836,20.6243403957125,22.28734207083486,18.43732292348357,14.32485007592495,9.759652465732339,4.811544329630943
109.98454448192743,11.705096629938447,31.32819255847933,19.452106789787265,41.04374985118668,109.22763179810262,11.092585880737973,34.37911496558726,20.897589617396612,41.234105499697336,3.7719183599047303
446.061684067146,25.064610870072322,60.564755752042764,8.495598917575679,9.335564091598595,436.31014353740517,28.733341772233796,70.7138846296506,7.702658097361467,10.20907654653582,9.717588753511155
784.6165060887571,65.13939063397268,562.5094500118344,9.853017973207578,39.71513898853077,748.6988459015062,64.65521805962038,611.9709159314278,10.927512488454223,41.30387313786463,6.625631398693603
178.2914629702834,641.992269950022,61.225326217135176,3.079359987045788,24.95446049826167,170.88985709641085,568.376097875191,71.71152854574795,2.987005565302501,24.920142363647297,6.751788510326766
29.1021344171097,133.52629724420666,40.520433406949195,16.665777795735625,49.73439042893603,27.895647600167127,164.45673595561178,47.76404424591385,16.311942562670147,27.981729016241886,3.3990880425291787
27.01611008040311,30.44990132672317,116.35639687152843,10.742420168582374,16.301901824516143,24.77162032470904,32.846165093277754,118.46569918624469,16.7038810606264,11.933825727026901,7.708680822755761
132.24892513314222,244.35305387953377,59.75900105290229,16.212322534079313,47.90462086875351,122.94254032515043,242.78043897313557,64.6820379140199,17.3057406309117,42.14454321708019,6.6335385869456465
65.50570610518288,17.16243987679895,209.69326781309016,12.251122252757053,33.09069813754771,61.221314280060156,16.254732254110124,234.75278934489114,12.916409004540323,34.02898623628642,5.309022835531048
51.438048299273056,41.620516734238706,31.949812113928562,4.29571565250304,47.4936856298037,50.10850839277646,43.06496824643602,33.52885547003871,4.026993119767977,43.864674049957934,2.4757761525784687
262.02391922656375,772.7658888335776,223.64516644455307,2.523025000799548,12.8891657853667,209.8877819919836,744.8388731770401,212.8258699447337,2.426452457350917,10.586023634355849,13.816622666467444
884.3959380730885,352.27790661228266,367.00267053765384,9.342251495396148,9.39476660099658,796.583068215694,293.3467494900315,343.5426800068962,9.74898453716237,12.3449469013395,9.517356690700632
34.29428204838865,11.653766859662746,12.680941141093108,14.205200001350622,48.71100060761951,35.86107408344529,18.922367377064162,13.671022128083235,11.157442872399105,16.880287049860243,11.112206687181938
95.29371307761022,300.6622301216193,34.491513441597746,3.3256080186695858,12.887331003698126,80.99991180637421,336.0426728956156,41.80789312184122,3.239514616050923,12.252352703112003,14.179506601100766
44.986712743689125,126.56622849298122,440.0110213405688,2.0048221432992364,17.18230842819419,44.102372257087715,101.73189283234127,434.73442552756205,1.632494764747269,13.338673981669713,3.2104506372307564
295.7664570485845,445.41369546171296,33.30502850680594,10.506424170006165,17.70974067205199,279.30480337124686,710.2094531065555,44.56236444274637,11.757806766510427,12.51341157504534,16.963080257909088
700.5452635096832,170.99509372302455,123.35183895721364,12.902310480976611,4.7447319245332285,713.0244987481651,202.73622742969965,138.25099716431114,12.910840766606617,8.194754264192692,8.626488765826121
59.05855592467605,380.53537855089564,956.9543845708843,11.004914410650839,23.683947087336772,58.76681088994078,245.78730533235986,933.8728370114233,9.873086831001475,17.689510132299127,0.5556183308342897
94.31886041959208,32.52376841670404,473.2798687768391,3.196891406669008,36.34708971605021,94.34795019140725,35.78309200248259,604.4145477124893,3.5472010277316133,37.87430336759052,8.367729544574862
19.058029465074807,65.2993940465723,404.90052342782917,18.073644004647875,7.560640781915604,17.476141010797786,109.65332644411275,415.5143120387941,18.30714511103285,13.393137481052374,7.626868812129311
66.71084403101419,25.600648052380656,985.2298714294,18.661754183030315,40.504925651647355,70.7139522337875,22.716616402132807,789.2906788310014,18.89960259344665,36.13160583639955,4.673868000818373
385.53348183507995,735.6357045538988,12.056407153046694,2.524826025858013,41.336669601770105,288.3982009290521,551.9261300048909,14.18615950071078,2.3740609317362344,42.78484473960682,22.59454243372368
137.483966939266,48.73901352842612,16.198919887840624,17.637714078647743,31.582382105065975,135.32250538366256,51.844463737780295,17.64577781035651,17.29253898111307,30.687436565812774,3.0666486654571483
177.0297701864888,66.89082841583743,131.64656677416318,13.257879937074945,42.718461025729546,163.82739852784476,72.74482649130175,130.7162776375969,13.204647133166764,46.499791742600884,5.649403479622214
132.69673329261482,111.0676766985912,248.52361180889167,11.036728041936986,22.048689827151733,131.9671308438583,69.85890370480698,252.06749508433504,12.845981990148896,13.551134148013068,5.105394220569989
863.2742270764612,31.588712843335625,57.951441538889625,3.082589152680548,4.517299173101318,893.1898655400128,57.92350872201842,68.31005690450574,2.9293638408082154,12.936292686201627,14.40644312121709
13.05795842991097,499.0715907327508,251.73919286707272,10.565110683168204,17.194893594280906,13.149917070796645,362.15668296174954,236.11339487882978,9.65929007160287,21.508252497591833,4.224247308565484
28.064584278924876,20.18156513179461,11.27749785451134,9.67363565813673,25.844326735643566,28.021666693238927,22.426494270831295,11.384494576607201,8.090081795248727,28.948367208840846,3.9161582684686147
425.8239330707849,954.1714409200285,40.52507565490411,1.9847015743258816,36.6423281357473,326.64905240886327,760.3854228239466,37.699793287238805,1.8887644636189755,36.04035488094283,20.632519396947142
147.68963347828955,554.9971893403084,748.1861070445127,17.17811487919349,5.21120903567069,151.73995530760826,393.9640500470598,738.3324374600453,15.655586262651425,11.751384734291236,2.343558407399125
25.3873422412349,12.869101161046498,19.001801030397125,10.37619899750112,33.287145010763574,26.246166615463203,13.46232805342676,20.518049685085693,9.963885297347954,34.27765539980251,3.913841738003155
553.0601317802352,762.3548312678847,353.83112395566155,10.449540925208197,24.170845338197136,515.945156750679,773.430549727849,335.73085449165427,10.71294795668815,20.84516291964897,6.120573744532052
452.7516419777274,173.83093877238773,72.81747465164571,13.585156416092397,43.32857546681972,445.22906155459344,180.50445286347767,64.44845224387174,12.90918511634322,43.428588846130275,3.043664961232981
320.697829106832,219.19105724629352,260.08234547798276,15.645844758965508,3.9014809380844127,301.01011404604384,194.57869044825824,248.27670896142246,13.877796175545916,9.648461320249973,7.695156326305122
782.7217189030636,499.3521237497203,24.56913683651105,16.501263103178875,12.905657321644176,721.7221773514166,598.1005832038622,27.349478682289146,13.852348666067016,11.789376839319562,9.268662673674607
27.632276361800436,82.68600260633009,865.0215236945007,10.886717437952724,12.21321356054056,26.91911318077494,136.42753786092857,885.5374972871285,10.54204168258957,12.89405069721554,6.916064674154453
59.194430675238195,29.7993025366175,225.00549151630284,15.462605839824834,31.96003603349128,57.123699669593684,27.31191036570626,224.4341094180003,16.264321283581257,31.42539450830249,4.0614281982122415
46.27072426303701,78.4181909045198,643.681026860987,14.688614646622172,32.7472008296743,41.95221789604138,65.88813471527433,631.4582245751734,13.297160136982965,33.20225781431811,9.291068076825765
54.30013721765611,526.7056414861426,354.04636382963054,16.0969403891051,9.69384093663258,55.280868254085746,290.7767852780833,352.4515921596307,14.147390794109576,14.049289632323632,2.740321652258023
39.866628397514475,646.2730544074639,804.3103536146746,2.5506693301493906,16.162299247506894,33.54728892683827,505.7653054220097,768.9671189956791,2.3210838771493605,9.57979945215311,10.077566734710066
256.7938894376231,61.12608288962915,27.43773639234676,9.816130418547928,38.1127291183225,250.41046123867488,55.33091966514199,27.94361025484883,8.994723409432458,37.45163475632499,7.518006524433352
65.17251878091156,519.0059285880184,213.0152108729837,7.313747307567296,2.980348965172613,67.65588092964646,258.9450926278581,204.70725662283837,6.23259501235772,8.662970429299572,4.314385922004115
596.6936424349484,126.81018403057921,19.543795964634395,16.03529806648856,11.855562913457847,516.4709877373102,116.50067213957864,18.233433959055645,14.390364857257783,13.457218779401563,15.600658486469325
158.20819976955968,69.99910194760658,26.740153968899072,15.476753494330055,5.402972945990799,147.00926857513682,46.82135239188687,26.345730991905455,15.203899080947911,9.411213984429445,6.608629547712076
24.84633057211001,32.64132041900523,529.8246969534919,10.109810850289538,36.41467650960535,21.027392848296785,29.397397885061164,625.1053384331813,9.460587181786364,36.13758464933202,12.640555095949871
148.47492944013757,437.7470997609905,64.66620869539364,8.73278327966863,26.01829687348145,147.9035892817494,462.0315466038751,72.55995212585594,9.788505422936318,22.417433309894196,3.1704203629347414
714.7619342461574,103.91705467910305,667.4472765647014,12.37987046912577,18.53528827296046,669.8125362909126,85.5613160198491,604.633163107094,13.344873533156068,13.648646934974863,4.586672147636246
16.360824625139262,207.7983019185897,55.28103934207214,4.5769040775480745,3.6867293582665703,17.853161241094494,139.2204221506286,55.396626638145655,4.1878265092657205,7.205539681955318,9.52254593397332
656.2100037173544,150.64745095880517,292.4580502997958,18.704398319051013,45.62253885446322,645.8367674940034,156.93707566064927,292.50742034156843,20.078798681680166,35.4823266909779,5.755482172806961
57.386829512884475,118.30551301994576,634.1965002723515,3.07434501578328,47.861840089686694,46.78174808431005,106.59373037591489,568.9079233488786,3.420454852564875,46.26678148407331,15.57750483265771
10.747148565074875,411.90780019930537,21.62967180838651,15.238871110444494,28.701108876318838,10.486650663564971,378.25499781312783,22.99873642700724,13.44535976523365,29.535268277850943,4.997549927373183
17.99049262488339,351.8429315932568,12.28813236529415,15.658624769396656,2.195690593047104,17.243313848792926,99.33882350065464,13.048818648012098,14.306339475952969,7.3072376982599145,3.1569179796946054
22.182593196065284,213.6158108789078,660.1560550602853,16.226767225399993,49.28586740879545,21.076495630171436,123.31343709740933,563.2520866912998,14.619177563629624,27.595769852335287,3.827733373091284
390.46052180975,123.41029434916456,122.17748757129999,18.07950995008976,48.646583295042134,370.4304747940367,140.8492318299723,133.47116311146127,18.020984945252845,8.661550301544526,5.576138126118351
98.8527484733096,231.73254543110642,117.61675278327866,2.3339371795605905,23.396331831840705,96.71947351921762,210.0243193731943,137.28956613733436,2.4897968817692004,26.563051787971446,7.890309197854384
17.68835166300158,24.88636650975616,339.34577614715454,2.8417562939969603,45.21334878153966,15.575854483777434,25.993442287635567,324.69505910051396,2.9218631331223346,38.00943838424982,10.2677237902113
40.439187400296426,25.78869402377796,336.47666265509565,19.337077947850094,28.956881037249026,38.31517672450981,24.25496571781016,378.34900256280537,17.441076909812363,32.48687965346217,6.657918510543434
141.42061061497617,541.5137562762606,31.448298897203554,2.060328997866153,48.2001657859424,121.2892963719685,548.8671749188436,38.93753726621883,1.9095495851812572,50.418153427721194,9.66192170436626
22.978944833894836,67.37974294515155,14.074825785899797,9.359625142587914,40.783197403523204,20.55476139215454,69.1849909267303,16.25239158908058,9.517298685219075,36.85081400765006,8.2967700393583
33.37082891111787,424.7706001032899,316.2986517806626,19.1037832612974,44.76396026516643,34.385863649977,228.07428164200772,306.5415843650063,17.290772762749633,15.587960756397992,3.3105313279636124
23.406745503059753,735.1701112703446,16.684459971760862,1.689035868771131,7.604567469751463,20.05472806869491,735.4341962090894,23.631908914873804,1.4131704027951826,9.007608636593526,21.54468055686841
14.18294066931397,90.0829444238259,105.02527583930333,4.424702056987893,46.239022844323834,14.238319002031307,81.20597329513942,102.5850067865739,4.270673545118698,13.50528590940256,1.3068970660405723
172.09483302914398,68.1452199531939,589.1930073373736,18.93091435496141,30.01989597870029,180.39462257113513,67.91453647239291,567.5000394970402,19.31651797310293,28.700013129658494,4.278917418448722
418.345152974611,13.389660986930277,278.3997729371804,16.777241631535873,27.745563623781052,427.8315930229222,15.932609442929353,352.0782248850289,17.576597819548805,33.010943965252075,6.62381249824207
25.567107217945658,15.775382875631157,17.332356301148984,5.841983757470591,36.252197350524995,27.705756030443673,17.305360169871367,18.909840219372406,5.114567649121699,19.043878278929355,8.907845322347839
105.63726999429458,13.052059163643715,416.20759909069517,2.062462908166476,15.98214712427054,106.95643699462134,14.213958683879202,479.7248022841299,2.0514332377449773,16.61594359538092,5.170556813175802
111.81500366932117,19.329076878973932,15.67777548945666,14.52439128645048,7.988357312842671,115.90117234269512,34.36022339443731,16.03911213490723,12.451333458115872,7.526581924868899,2.970475281889854
75.38030300767015,21.844119395741863,34.90875360342258,10.133457012899067,9.875113291442611,73.83765292765327,21.515053939120833,39.422122342285135,10.28695043427593,13.52114896287688,3.937238176305137
683.9036209908594,191.7937646123991,540.7574603225761,11.32663249467403,41.34978847079146,665.5191438812233,192.73494110541887,529.3458703821524,11.200890319023017,43.44187267723023,2.52678163560696
852.9772283418632,85.64916166889444,361.66365028474127,19.425296779433268,39.90925864368866,883.0032005552498,67.0396393983618,393.0155097391131,20.133782276225087,36.77392978332401,4.617618727522111
95.99565113576236,219.15454873251304,79.2500616702247,3.9374834491304993,22.405136130431256,96.02688414256455,238.33786670797664,93.48451081666089,3.9468911041447106,24.23230124996268,10.534094425453125
585.2046370075655,92.928563509521,422.31311273930953,2.3362786994846667,29.469072684074398,594.0506608185846,97.79085874647888,419.53521246631306,2.188584275865947,31.07995164466733,2.5203595435367254
11.702500400065414,13.664442255846415,435.8888396225496,12.552093105225586,49.60235188854557,11.530376926226888,12.453776778610267,340.6662888072292,17.88169042853085,51.90109249515327,8.847503775167418
21.268831428586324,396.01795336888483,521.8850899803748,1.5786814829291185,13.211533019032892,21.311314217837005,334.6198689820912,469.7455963956768,1.4881915178677092,14.953299668257342,4.984776913288497
529.9755614513813,504.4904740675423,499.9614860456915,18.683752200724854,44.530158376238944,493.4789247716428,398.86956572995916,437.9722013620153,13.814443248768193,11.955273953693457,10.542221078433109
699.8176696525119,97.7855956049297,224.13728713666404,7.8668357313631265,21.17990282520245,655.4443663649736,83.44955054504531,254.05679053711762,8.712014437315634,19.226146619670786,4.9266890705457485
34.69709529857958,101.2448726749935,10.33692186298195,2.565801149512847,40.86869774810862,29.42978710514365,87.80147945840488,11.474057706251298,2.511513005563508,47.590157899344355,13.697288629144893
331.72217744095735,12.139393677004989,42.245715822701484,14.004170786502991,17.822965178018354,314.87256592375826,13.172065558727791,46.79450043441478,14.296283743600673,26.256943826913037,4.595389499263742
180.17838396357186,40.06345461960127,17.95764557415884,6.115155784557647,3.928963670044175,194.73670483130812,33.27158672102383,18.833549774725398,5.589808434002481,7.746692409056519,6.17622096050717
866.2184874746965,853.4117208044914,35.385166976879,15.56254204324495,17.209044117436346,835.2242632230965,824.2311376344537,36.64859326592003,12.741622074538897,17.522683758098157,8.447474505414737
31.595486801768878,571.5294676854284,321.08376694960674,4.843187022956931,43.846741855840875,31.54713525607591,657.0723144337215,326.79647271663,4.806189745207052,37.318308525860395,2.3960192463504764
31.117887745568623,42.60668347846133,53.53050151518068,3.707987422831733,31.447250715290043,29.189569709553737,45.72365393454047,54.545628173844804,3.992680895646119,24.8228038258228,5.064940562074109
879.9145662681609,43.48343268576854,255.06199156340855,18.85866180669896,19.292867372342965,890.1720835403389,48.362573340128165,258.2482762250194,19.292842945017366,27.291753529005657,4.5081442331668224
535.6810644786669,17.718103133337184,187.1400741039464,9.727504625687391,24.59790910084043,487.0737849007304,14.082685293837116,213.5260600538591,10.221746786083273,21.503137901405974,6.5702896311601044
20.883657658063626,97.19303588261876,42.32811739442444,19.112298610797968,3.3950244055575687,20.31812712650303,50.720149363872636,43.969844226122696,17.510864661750613,11.86473065820732,2.1993100126640472
224.0079399659291,46.97048472977751,21.055585232146978,14.204203670866793,42.75312094781168,216.6713162676561,48.26121306671082,22.462996582154837,13.485549740909585,43.78221592349611,4.263056585135086
330.01725870664666,38.69090090098303,262.3464951803846,7.159107656848097,8.124444801064762,314.1511905312305,40.95924816764609,273.53711688085014,7.268030228398854,6.555745433019745,9.412985211900981
11.970273783678184,542.9769516002316,137.1747038921728,16.783793026886567,37.558632270133934,11.859258083094621,434.3203544616345,116.09159425012767,16.40296617886243,29.91122484713185,2.76507380996841
532.2795907556912,301.94906861257743,216.56411787991055,17.822007414196506,45.369105307508526,489.23031153304424,317.34908452129895,212.97759042737,16.263572693525035,28.333059755127355,7.536269842385485
345.86405309783447,447.0340618367345,30.85520660791492,12.686098590609204,25.498945511242944,339.8132802415602,588.6725067127326,33.168249801835685,14.09684918709071,18.79573928596351,2.2637305990553065
36.174723922622064,79.83082038064003,27.527405066586862,11.097972975445927,29.755526478303764,33.24401512849813,94.68943387511524,28.207387175709147,11.689024456773046,22.86616617469905,5.969019539967461
11.513788790197138,41.42262597852578,58.983387363607186,1.0571507501136526,34.70841022648295,11.41239215394693,28.279400301719082,60.76002130398537,1.2082815503754554,38.646952129523825,22.3793367419358
85.85783242980315,116.7635389483908,92.64780657130102,7.488913755427842,15.739439821188704,82.99188435317814,141.76895708668084,91.37967834286171,7.757767973002426,10.576288679469107,2.6376196019395515
154.58681116868766,394.33764125082166,358.3925437051666,17.507232094677516,16.05933141979362,154.9598935361372,311.63727969711124,357.69995568895996,17.438384619816595,10.71748212092418,2.5207282075272635
15.834736188142145,71.28770306896433,376.7143586330275,1.6851609726425791,27.134953762993376,14.526648306851293,65.49600612835475,431.3402955841972,1.4614501224643344,27.32214064528728,3.3470222219851276
51.132281417531765,90.90121988254192,27.0300585759926,7.518036626715316,34.64107567588305,49.96579857195491,87.54034523067631,27.466714301992322,7.4870136637382965,43.75696162478883,5.74083602862509
414.6934525207326,548.3395156314114,181.69349644551778,5.486142798727746,48.12278292346509,381.60083602319816,448.7268686753067,188.43792262461173,5.46279633943899,39.418191268292844,13.660573698492707
104.2078583284726,328.1586419376635,11.805594729678658,14.831059189874184,42.53343857542696,98.2825532527399,366.66201302834276,16.622628773273583,14.403853747202078,32.73765294899753,6.216048687388664
121.7999032008727,14.747976906993399,120.64657749706359,16.45089819145356,13.107245251761913,118.49702698742459,15.086842240404035,115.00379041615332,16.069378502232617,14.025636566989057,3.6724502050092136
22.773877414359134,568.5506923835428,17.32525882159824,14.486997891317882,13.728659587196786,21.167403490200122,371.3696792846197,16.79459321015574,13.79057886173786,18.65373240187736,6.688487028577781
132.19383076148154,330.08334717451623,793.956166530568,9.034438570423829,2.1645894015915896,139.04114827272585,499.49245911285266,778.9563274869494,8.40961218367623,12.022567360622809,4.508758851346373
551.2268888145957,322.80496328405025,93.7274751602854,6.0798982771900425,19.94158642033839,516.0397336339347,297.89941850389226,97.55165396458217,6.064605079002871,20.538751197091848,5.62865951610922
714.3285356640673,61.49670674041882,135.18603567160346,3.0129047828282696,12.837209315180782,704.5449518650182,55.97906468010569,150.17627759049964,3.0997411707390095,9.229370415107164,8.193951621327185
624.2115249273766,742.5486582066796,809.5380410544831,3.7521525855491653,27.897455252438387,552.3367097538369,721.951473401911,720.4049712527404,4.4416979536816,12.222739605654336,9.338182057545058
416.5896839700545,76.68814372360065,191.1864948468636,11.025885713987584,39.27267463948879,416.9393281465694,84.59619070237908,223.5007550069144,11.68257109721452,40.20776524017017,7.977991298992343
173.03155397721744,130.69719352344882,197.46187637201186,19.202698408975635,4.885676654953623,169.7929162637976,127.09767612204341,193.52159427753114,15.721304269738626,13.213974430201153,4.842743344015673
59.038218481472775,26.663130699630155,93.9325179276262,7.50250176944271,9.261264800210256,56.75624040556083,21.049222951262347,94.16772881603835,9.138555914548917,5.867959529099094,3.2518139377775555
156.79586466786745,101.51080010620082,19.97115194065637,1.037226064871233,18.099979983987424,134.77788333772656,123.36370646756583,22.644269992884123,1.446684470739756,12.010130501137084,12.062229371595484
75.43804391882794,26.381043718813512,23.184242315430918,1.185487309584122,15.7410826031668,71.92869027720808,31.58740933695538,26.73732085923489,1.0802825415714072,13.308886219549946,13.722115640849204
43.317421681676734,24.007581526650323,829.0619955748105,5.185813225176819,29.118812620558376,44.56430040310784,26.505497016820474,737.6287660808431,5.2783885682125185,29.692691331367428,5.845636549805615
24.96678843835508,706.1112682621845,113.4394476400734,19.385577809990146,7.860317006693525,24.567249368326287,282.34552938335656,111.44784108358024,18.372172756604556,20.95894599187142,1.1545934224516028
30.051695947923776,35.333746823471834,233.3074515609103,17.335801294255166,10.08120833074096,27.014916172048196,31.108706818400755,237.9877953182366,17.913207064104164,9.239192790967,9.272451322089594
17.111910757187363,56.357597069973075,993.9107458473387,1.4412978364521434,28.21502210354556,17.260728079081908,50.63583641783531,869.824972625549,1.2060223350858288,28.930521700877478,6.798146905864713
87.56425099768589,96.12203055350646,986.1136444318913,1.598327508277983,9.738350506113171,88.22299262632019,314.2122860978291,899.9594754087365,7.072645649386589,15.527502814974246,4.215043068102978
120.7389574508033,867.1860262757191,666.32259044696,7.690357646124184,21.66174356163113,118.5027896115669,814.3086811670704,617.3344514850775,7.029845288055154,18.698573099354398,2.7573531171777614
31.76138748394788,11.279788212756822,155.08792503375204,7.976732657677993,7.837335157815519,28.279917420638576,13.056499885221932,153.6239224781576,6.449742783268428,8.252258899714592,9.062787405740151
25.167532000889953,91.42717721626475,106.84368599206624,5.562073835615626,42.4090973142896,24.467308048168142,79.30876218113434,100.94788571421692,5.513592549863155,20.359592851259798,4.451002573723745
11.776008676175296,256.0991550749451,17.908678710965166,3.8214473034246046,11.97597587968057,11.771365657457771,258.0815085503447,22.70735306395863,3.701486810572709,10.37320285240673,3.733843947580071
12.185875631833566,24.808832523125744,120.22606478536098,4.55510210245191,23.772002992750327,10.330035015836096,22.04649466999867,113.49726831122193,4.015917286325293,22.241003434268446,10.502718117496823
55.92140327792209,100.64691123910274,81.96484197014574,6.795728210676445,25.086390864224835,54.33060724685157,103.09820496148997,81.50476191221459,7.107145093576334,19.473213243956586,2.3800125918439403
411.249179106189,184.18549948138994,219.42113168728096,7.979570536067966,12.323453739130873,407.8458536276847,167.2041825514258,232.29306250341133,8.55464157187091,10.783340343268227,2.2253384235525373
25.341393244436617,124.43529714388102,347.99938644719515,18.856612771302448,18.282412316752254,24.423740208631674,71.47539409427081,334.7504990188533,18.030742459695677,16.26742827789744,5.6422858839076255
825.558649753387,85.91751522788967,336.04939984135893,5.7505790660873215,12.087040266981868,830.5749517010206,69.70129487389346,333.0645881012656,5.991870818947668,8.569063988994502,3.0824526406672508
217.3929449259386,427.3405153427823,12.549165124476378,4.039014779941276,9.569984464425248,228.63982105468278,602.5170436706438,13.753827330745972,3.1790832050961804,13.725840010376047,68.0775563759613
132.65030609135997,447.2071272443429,45.717484135180825,11.047754950608224,19.15928907467278,130.14894292952982,551.425327652663,52.33965260106821,11.461333001204922,13.898256621855296,2.5783342164231646
59.25455108936995,17.535782545910834,13.672746790998922,1.0332953559714255,19.77844665869605,51.82128719751907,18.890630252981534,15.50961646200663,0.914085454692125,12.2110363495344,8.926986823106848
14.571688780497594,20.911933918158017,404.8181599778072,10.065977534219043,13.142297411878998,13.616537932392465,44.02391666085533,439.3533540177032,12.898695256337517,16.7970408900818,4.583201598776107
346.2337965243763,11.900490353502327,153.33693541982535,10.533470905697644,3.902960732483404,333.48722845971264,23.52763450698441,170.70861972550745,10.786899062546192,7.827255858154881,4.614240628150383
33.21906097379913,43.108672480328195,30.324498476280045,15.344456737270379,24.2759477107834,33.361040270490086,53.793595291262896,30.376499107520182,15.979489855259581,16.736574111527485,2.55979794454193
11.284566559587752,15.93737928090022,83.1918716129157,3.0124947389195427,49.78669032216826,9.868866979278557,16.612503500662022,84.68425299169114,3.2418734542964156,38.36634972775545,11.618011222872035
794.2702726258012,29.42676274034389,19.501334102212653,15.094652343762325,27.083692604801673,746.1339624606381,46.79596881286967,17.971051262963737,14.818883962523932,22.072300883563564,5.623985031615124
213.55873419623924,211.05967672055158,112.28700284376146,9.814511248233092,36.060822055938544,208.90320825321874,198.44592597865915,113.05853248789631,14.48079144152294,29.724502917495528,2.949355837298062
16.61380022837799,137.8660027880746,101.02586259578348,18.600498631513826,12.08481199671843,16.2870592813265,100.00041464038102,100.00449929869598,16.882229950233974,12.84766064025989,1.498952975765517
42.266318672761884,12.841271082763074,213.3474139010004,19.27938863635374,7.741938931322443,41.69626199942443,19.635950791476272,211.74877300538677,15.92533421886807,14.81046975658566,3.8341615083088474
18.154142151471007,271.73233000357556,321.2172306173015,5.01583431302996,15.599964344506473,17.640504940267743,191.54613306448613,353.7280867231663,4.429341816404896,9.193482933802049,4.336526120518036
13.099371040593155,548.9350996889613,113.951543417947,12.109415801115324,41.95209853068945,13.924180032310657,568.3408092827643,87.37007174519026,11.631949223754933,32.82016826417178,6.977430008056968
83.19408843423453,594.6086700206198,535.2546680361495,16.478169593451778,7.07606103502837,86.97044275320715,306.6074569588703,531.030509718921,14.117913966936563,11.483366272800039,4.659399016346743
855.025499065071,657.9474922191378,14.763961113750689,17.498717418723906,17.771418490315853,728.8853434543979,576.9007448758637,13.35830673218806,11.692385331062445,21.78055925008013,18.484041076270408
100.07038841665587,551.1524444993745,467.24043536726,1.1891702864121112,21.644243213996607,96.3113088869229,511.8698647618237,543.0639438851741,1.1365337071617712,19.744879228164134,5.5929826102281615
971.5313310679377,26.96272582790462,312.90325624840654,2.6392356005514856,5.704341068293338,950.0895600724756,38.66935512022194,278.7294523885389,2.733719503195304,5.830607946259469,14.778016788666365
16.541107428043457,224.18742944170054,267.00315466637505,15.700692972280903,43.54191430667181,15.311471398331086,134.14069569899695,236.83507817823147,13.269259447722527,12.39161918375366,5.009109331297769
38.95502126370334,927.0600696128322,48.6466669305183,3.541086045161837,25.098918640734837,39.08160356600938,828.2327738311267,56.072366305893745,3.334999436328392,30.248440183901064,5.258639636273302
20.694835581895827,155.418703615898,99.26641704381035,4.796630151850676,19.933770851319732,19.510179212566463,175.50414586574385,104.53959124539715,4.856955874992274,17.534265872629504,4.24100636673588
17.046221936501098,12.217938294595738,100.48006994616705,11.382251531579177,21.853335226985468,16.95277403212326,13.387763940859703,95.12719591705375,10.297017768423881,22.269261000582702,2.8020392006811123
403.5495877867311,10.717197809864633,89.32087180294086,12.865854067557663,45.97031831435966,388.9478196734783,10.940615330972655,115.02524165676296,12.075499295108125,50.719669802881526,8.139461275111222
408.2770030206986,293.0874595747129,192.73337097387844,3.8004482646586455,24.338294751974555,389.3112171116702,293.43624011467443,186.62510295808255,3.47891358823923,28.09299907380744,3.2757134188938157
668.243127499528,307.91928751707115,146.22100008674968,18.51019298228252,32.27431507159385,630.3745491403141,299.0005114213058,145.5183983701638,16.473286029228774,29.811438817794407,7.233923185134017
26.77091805403824,191.43496967327832,609.4081773541855,11.449764668033726,39.44129458466941,25.60707111527667,155.86553010256807,550.8977597751912,10.993317401027058,33.792861532845485,4.379873417515913
16.10961352083949,12.099877367295019,338.96987331762074,4.281602806052815,31.357763884050502,15.210882674934018,14.273283400451689,421.7732536244731,4.776328526695957,31.040002586675048,11.174572130222334
34.186569435715946,10.173126491119442,75.69180033739255,7.348726276596615,5.156079412974207,31.9979216105415,15.347161585640983,73.40102262813592,6.534118411727707,7.0102671958046505,4.78962882894755
61.992235385410524,828.6630791444073,189.16102412845643,7.98557352072338,33.17824746721377,63.61009272409966,847.8880512690282,173.0945985748558,7.37634621779499,32.90404606653843,5.79798398830653
434.7338340481902,177.68731140884665,378.66031436432235,12.744923513504908,35.26351782625565,420.5723536129195,167.95012284704652,387.3131718923433,13.405722284466972,33.698909401476854,2.4187360030377607
367.4881122824789,63.537714148365666,463.48478979050964,4.496578186985451,19.60963640957068,347.39750786738426,60.36690975546216,475.9400806152955,4.949009908497494,21.204387581305298,5.672716393953351
14.876062492401605,481.86023819942204,724.4591968740818,14.050190120724501,10.730394112230663,14.044012143699158,279.48974071207107,698.7920940695549,12.2226057587304,14.586586914708398,4.403955118124493
36.09927068976939,21.501760639057448,43.661091393980485,15.544475411179416,7.795632185976618,36.87676711727985,17.894010046248138,46.03593417266612,14.022322870026933,6.919894020056964,2.2738813830427884
110.71810657836761,762.0338251110715,386.98147284393,17.74588252911277,34.345473976207465,116.0339134736474,809.6927526711197,329.25399042962795,17.13536437457548,30.571111644042613,5.012705386861467
465.31978602609337,22.541502900663673,622.687307851569,7.969618440541242,19.884079321480083,476.6574631690734,28.912610358707248,739.2521589136484,8.693488432554988,24.089799865119428,12.568492209732113
590.0508892251854,546.5849336663159,216.67315215436943,13.628424404067367,25.104490662250168,535.7798467469851,427.3472482446609,200.38397835520544,13.1948329532194,25.9194639256307,11.76420109613721
10.371233012714939,146.1761427046954,452.03946246901467,10.36234922572397,42.77453881152902,9.99460141525216,115.88584716781905,408.55704777793306,10.05360615621987,27.887453674896186,2.809841953337801
80.35225955346462,459.7488556462937,78.12343497514112,9.364606867506591,9.547518184608416,77.83562601975858,429.58009692800806,93.82278145932806,8.985649646908362,7.443920118300292,5.289111076393568
12.938434987756363,53.55115125042769,236.48114039357333,7.49238161052474,5.183015245806798,12.685341372216135,139.19535054022086,219.7489628844435,7.646583590659444,12.986092570046031,1.8545343529077427
14.845040565317223,12.818465810086325,33.07337834114824,11.421519591178901,45.04638195749373,14.687737581547779,12.425516143976388,39.70203847357829,14.574606943473842,44.45474884502158,1.613628955343866
534.102144864262,659.5277731518742,56.82984345808215,17.895708172270513,34.14567099355395,507.5939247822828,529.7478618495853,48.68096472252377,14.566245738205492,34.74350790313557,13.691258707571016
17.966172178653622,75.77050084079609,10.140983420660767,11.305073477748083,16.318540300138423,16.261546295084948,111.67455794940896,11.364188576150932,11.420976922515779,11.72179583899757,8.47004800854745
250.11918211747053,20.499761551375485,47.80179394573464,12.419635919125358,9.822687054341802,242.8267769789181,23.171750864014705,52.309051480920786,12.365859584341196,10.186614065908637,5.238484545432716
114.31315569331336,10.471954754591003,999.5796442863984,6.4906144716441485,32.326442015483074,111.8273012788283,11.519755682543211,678.0400940515256,6.758408427362959,37.29270281354833,4.830955865230935
18.598514725469645,62.432334600103545,156.71370558352442,18.68452110388188,41.806764099118425,17.13471239738126,47.804819280320544,146.62041046215305,19.04324165928046,30.012248077374082,8.720062368950533
972.0511363798234,42.129195472680124,294.0411196308156,2.2339887250885244,6.215217157276665,828.3525033484381,51.85924677387828,281.2155440856546,2.150253713987609,5.264733051517125,16.092554988938456
19.61041824862958,18.803955479534714,18.1052886852144,7.613208083680328,47.62005357334731,18.30700195073259,20.869244025763994,19.149384233214693,12.670277336730969,11.318321537136228,5.0675508785388255
14.991390713098074,35.34243766608132,11.394393748790174,3.487616674515014,7.109410992059273,14.457951399112007,43.67175067820826,12.576371091490604,3.459771531179656,5.492589085689362,5.722295392358317
514.385918421278,240.27725343731115,98.06190412671484,4.767233160804976,48.36970850126312,519.2391624390541,220.38177031497148,102.21076904089949,4.699365946679022,48.60251613144649,4.4268790128663005
25.231349449856324,366.4931529404663,220.64995037278786,13.296563199488048,14.815397983184715,22.892862290549704,236.56530391374451,195.20979577291058,10.968599522190388,16.909969421992162,6.28782217703199
56.05337854835939,48.73224185624444,10.263109667919453,19.661892618108848,31.11227995390635,53.925558321573476,53.10765038002646,10.976003425290735,15.135659387362514,28.696736635504802,4.117817147641969
123.16847503652814,39.191252583165564,38.864680796131566,17.97825106749581,13.913452324913067,124.00208788331389,46.927864290468115,38.94452836730958,15.632309073140558,9.042408593588016,2.363904266320859
536.7118284913837,304.794471007818,19.200079120579446,19.093012334657338,18.83837188019989,494.912939748569,343.71516448743404,19.853860835992922,13.48153327376433,19.711090383005775,11.994354168352338
114.855306586859,142.88669834165273,55.62594077562644,2.780261965886318,14.326606550118454,99.895114302893,136.13850825693666,58.681816001497744,3.425209817847106,10.428930832342981,10.745533129492603
179.87701411870285,50.80042676300387,10.99810397711119,7.078518523105015,40.249752429672135,193.62980679499478,48.90367421800782,13.20173728257609,6.743287008591755,38.697916450376596,6.364450151497153
110.58783056811004,122.50288041173548,656.6001046648211,19.14123762960472,2.1164488986579557,113.20695289170999,152.72081155649835,688.674357435765,17.64580428769832,6.084376557825664,1.8052496925433485
84.06103940374305,841.1327512142266,312.059157345003,13.302109387500682,38.536607195708285,96.25457490042032,844.106298277778,286.43620421792207,12.821372346113648,37.93928388075484,13.312552665212142
437.9181591001832,11.392200558348542,11.89956855157881,19.3803148970904,28.676453487781718,430.319089716867,64.45448757580398,12.443719731566127,16.142729848617076,7.94991997693716,10.812030699042548
170.32773403300797,16.29832121922239,30.10118425010067,18.196421271046848,36.16632795203692,163.08054310487017,15.586218939217138,28.306635613225534,18.930067067768608,35.544130216341664,3.5987261107331316
168.26910958382146,267.27803094570146,428.71464665923634,7.278415131635492,42.16237002822964,161.1822455975545,248.64167150141137,393.33355686189986,7.2537588937291115,38.178605866845686,5.03228445725025
35.30305889438404,11.631078825023891,36.20008784263505,4.66589299337616,20.173804516856887,33.87386605439383,11.489934124635413,39.28455868043769,4.594687753941712,21.690190320884344,3.377549169886214
30.84293253718076,35.92325558184739,117.31787454107877,17.359553015600937,37.49766792624892,28.506379991018804,30.992100105227458,116.02676494045684,15.812764046970777,40.41293842132728,8.624472133115109
52.758205602785765,27.031585404662884,255.5084654337366,19.744986509597855,24.661674180577393,51.156483024037456,26.484201343837636,255.99845772857682,17.628773524372775,29.226020677181392,5.940393484115347
639.6496038406458,224.14059897236075,301.5877273455512,17.578551868277508,19.216747374306102,583.6393928028112,215.24121763531437,295.16656318195413,18.382506389315907,17.572397925884264,6.850353222002161
399.17859142791815,172.0195538761264,534.9013061575699,19.028019033109903,18.699237236316424,371.1539446002208,165.46453785752567,549.9345117593948,16.996280957227,20.832754481328767,7.314011285518046
575.9145471347043,118.71354480529659,111.76168562813305,1.7279917885212943,31.77743998415272,550.5973864226602,129.20844564779003,121.28194491791406,1.7016930420782532,15.938098652376784,6.094290612203356
694.7795025844954,207.53040127568568,23.931331994043543,12.249772917650347,10.658777985706589,663.1274573315023,155.0510364300379,24.750038311381985,11.012807599543859,14.349636224144632,8.907541731986692
455.74295695680814,17.727886475942135,332.5302127244566,7.232647576698428,43.63975008647733,451.85624903203563,21.73752265277965,479.2237624771869,7.825523001318547,50.70849333737988,13.616969373937582
58.09473346784648,29.73988450187167,10.783898315695064,18.200293336960325,31.010614160866908,59.493689908627054,35.54756074921578,12.170166186930986,16.083304222690412,28.04820132078121,4.035272402208017
210.44945668265905,563.1819894667736,506.0322941933086,6.288708097211027,30.03190621542158,180.88751343340087,514.8544122108264,479.7118309114372,6.041626549624617,13.709897835703313,11.549038923458422
493.9090904561111,501.62544778063847,122.02669338134018,6.194664218174861,28.820912578270242,440.9261174901259,421.0518881150027,119.12945910628383,15.969033710866121,20.693616885605945,10.052497776952187
50.38764487371112,58.24428632322286,65.73428600421343,12.55454853774417,11.308003531375917,49.53598860743945,54.12490202664851,66.74784746743089,13.360194894012615,12.33914116451277,2.185606175375412
968.5219771429012,14.485244103480058,586.6333941099834,4.684506970091039,3.055172249264281,826.914080166711,33.171191277646024,539.5778538965404,5.071158870272405,6.87098099093096,9.109745480468138
16.673265876483402,141.31630382560056,59.41851447570566,17.499485229906867,30.70341369953729,15.6974538933391,186.26937533911152,60.754173898358125,17.28837961978047,18.33780421974862,4.68668069463399
137.19909198955574,72.7308030334855,316.0818131330548,3.569196054754169,45.747076608928054,131.77498075499759,80.46791342300226,296.0697993990159,3.534106400440177,46.78177484679067,5.579326006425668
602.0559410582257,132.69008874858253,670.8392671681333,14.992847846776344,38.15280255588911,584.8657830745071,120.43120674039676,647.1248050193414,16.210223945037818,31.941757063065495,2.6268977463818897
11.674328436189237,819.3395477773189,796.0583058533396,10.679563162029778,43.952697826112654,12.022825951193761,343.5750736945287,727.9244562679612,9.98753857376848,15.67392026973215,4.487738655891053
14.407410037558837,121.64376865470739,912.5851080504747,18.48231027629426,11.052821231228625,13.862781457133114,123.94993165994882,716.5387377985113,17.84455958746879,16.276682761114476,3.78009257839685
153.25633001587218,24.698623879647457,85.32905959325139,5.879828138885842,26.893065225107467,155.71175316459698,26.234516074457073,87.50242325375102,6.132474307748018,31.86511724377552,4.238370117598866
846.0302477247587,27.740148158078917,172.04634853705267,7.240143723425509,7.856834017577277,777.4363832825024,32.36596858865449,211.26539732726818,7.43013175474449,8.720584199856997,10.504887049255997
103.13886724476149,74.58397635987825,335.242811191672,5.845596641617451,31.32854035885027,104.57471203500177,82.14499722165306,307.4753826869558,6.120129392684977,33.62857483521968,3.830946142678171
24.137148426350233,10.833425527621472,698.6151967296199,11.570061514593858,33.053762511134565,22.17739408549808,10.82688314737353,642.2543863458134,11.8264435973998,34.81108873857875,6.686965671897024
13.943099211669841,19.281049196841348,77.24415295626117,16.901705842877206,2.300727439932988,13.67445833919219,58.578086579786294,79.74154406160332,16.91454670843906,12.443993933755946,1.5109031141991627
176.42240444296615,150.6261168709696,16.765101002265737,14.258269788365732,12.1682021970473,161.0237827950158,148.81521438500567,17.564137899428324,16.90927558131594,9.28816543412685,7.010704239256937
981.2761083058836,215.32080367636127,12.868834425706199,15.678737621403569,19.33347031022507,865.9682239879846,263.1669875615172,15.665223831760068,15.368323459918104,14.806529072474568,11.499013297153098
34.1754962759997,227.3730544172359,276.87859061332,5.4478937372975835,3.91611581495817,34.64458557144316,199.53228179380213,275.8085660322291,5.077522693294819,7.971439951356755,1.9073680110905569
386.89931009140423,39.856230078718276,25.340456661773956,7.663945083122291,21.682424638206925,361.0859303508371,40.89322347829174,28.573513868929567,7.377235248237852,24.965324695329645,8.789605643755179
699.9628253561067,135.76860745383598,64.69044200734132,18.89909628144229,12.320851705851718,667.8614201247094,243.6752533454937,74.0039907777665,17.388680719329177,12.302711271100394,8.248185787922337
39.9545457994903,799.7036819971411,22.911544779458506,13.030732115201728,32.879130722277516,37.93068733047813,698.5108181002583,22.398782685346305,11.933156358345904,34.08757731197701,3.8127260085879597
236.62924841853075,210.39957206005363,65.1575239675513,2.001469920426657,20.86580359372348,228.3441830898426,199.26400333701127,68.0673910651758,2.787476180893326,15.652448100141184,7.447187362407985
62.43472910967765,785.4007536048197,100.55546070898735,3.233941340621381,16.11343641480448,63.71057027849773,758.73883312462,121.1602020303587,2.968639286572954,12.570640662382115,6.418871447516358
44.202525236862876,17.911297941692958,188.14578725904656,7.601211818305328,9.945140636646649,39.371450885610955,15.75305428288146,182.1830873254483,7.679569554249401,8.222419241027668,7.743286864114463
85.44471460619128,13.008127532779582,230.078198692297,10.261712256898708,8.414415191943482,79.37227867681403,16.706963625671897,226.72584270501173,9.885345797578514,10.680032345620859,5.359987847168549
56.57742683543339,30.45013143632865,10.871367847484178,13.460658768546244,2.5108148674709714,57.79419747653539,25.86388470848914,11.637451749750928,11.375948981517308,7.390921281894578,3.8810215447439655
150.5952005628538,80.13504503462029,980.5019940023533,12.66436974335441,40.302992083255994,153.7297143427798,73.2197622779582,946.0905514075226,12.011283511149356,37.878506580259135,2.820301966448245
684.4923771755291,25.405542863660184,124.12857801990012,12.874892706676128,3.6337713041187154,702.7766888097904,54.15256990031856,141.21262455592998,13.136049459672018,9.816471195528734,6.290890616336402
166.63534049121446,162.70295439660526,496.6386526696503,8.462612636406288,28.866543310344124,180.17399113901268,122.730428630022,485.44914050411677,14.32787500557081,18.785145027613673,6.2118188117437665
287.4814019328419,452.5590711793968,182.95052892606301,2.576790383499109,2.323495898302209,283.20436055550067,102.09642754599082,208.62796453434788,10.559218459614941,3.5824978923234556,7.510568840499242
17.29374519166599,11.221684578104043,427.0995203150875,18.944385448597235,26.228502424212948,15.982473366826644,12.142671625281697,510.24608376014993,16.13676958998193,34.44873514580101,7.860627099990805
75.02703228580297,72.95877576794383,106.94388506000136,18.32137387112624,5.778088210339286,69.76049614039557,58.06933858782926,113.56340507974292,17.000730147487175,9.83269477081294,7.025533756494581
54.5028829400424,104.05197983414361,28.51810421907473,11.277978558648961,40.523584099681464,51.91372696453946,103.09539062118195,29.318536136156222,11.052171343746185,37.50263287016229,3.9950845791677807
30.99338412060676,20.445646026639217,397.62286076351046,14.577585271729589,11.233236811629366,28.095011369807104,17.163513270643097,395.2918868856724,14.343697742336394,11.080410760777642,9.877111535483108
12.256637309873321,20.039951600751916,145.22715437119064,19.196948894548473,47.13525119741226,12.66254105929968,17.247629609896293,111.64193232664736,17.89537070297985,48.030716223528394,5.056380226227825
590.4694648086962,326.00391948462635,388.0603520056936,15.06614391652531,8.177595354903076,555.8106772995884,298.40696192354085,364.6868433597908,15.64803936565297,12.751681420488541,6.395281529668746
156.05700567968046,701.991741487222,441.30451111280894,16.049061834457472,17.389452646826037,154.89245832864887,766.0807953064146,409.47536174757545,16.707202230558476,16.818553915889773,1.9526169513978473
322.40954642050303,165.75564603255995,104.87426832827325,11.377617457291183,6.254610646211141,324.50989864657913,143.29196046508645,105.98762350840644,11.096429471570376,9.546100593589214,1.0621956482459636
98.60270331630649,54.71087118724177,69.02313451988883,10.195754805260416,41.71654158396299,93.4287609132496,52.605950023658195,67.7700302132455,10.362599775013592,34.86477631704686,4.141766635184095
348.9009477427321,230.09759529350382,516.4819748405652,11.817650337671415,15.22421525874802,352.25340324310486,159.39721616783396,486.3776324861161,11.520048918757087,10.658666327158032,4.930903774595159
42.94830520543452,286.71027558789086,278.51245348289984,14.406792788428424,28.92325043479668,41.0832930917416,157.53593291365928,273.2377997325133,11.670269675493067,11.506023464509656,2.8520312906917424
184.06478137679724,272.57203304689074,977.7709806035734,6.362200699522474,43.70225100320081,184.99264405088667,188.36073062814108,1006.2168045418531,6.313334197711006,35.20384991373899,11.94602188828122
390.7385161213486,124.50641873954578,34.18236813835685,8.67826249100536,46.15641664704367,386.58901971168507,130.00538510996748,36.30475051929638,8.268789636771695,45.249411034346736,2.234994428446737
14.926299743157244,15.02007842381638,432.5725864819675,13.319194572090398,47.52582945881486,14.293117134980884,13.557621927393367,347.96396536009354,16.87572985660005,47.03605933797208,7.590894750550636
15.13944921798721,214.99795577342505,538.73360995889,3.6871944724913934,19.57307178638957,13.965431433918512,157.3897583567595,496.51372999170695,3.772157963692929,16.387063385288293,10.781625546916887
22.4417225502242,62.03167845597105,56.309511894705665,15.738603849325312,19.375986648236065,21.512773948110052,59.864930731704895,54.56918073951268,14.229439043596878,10.088481472684604,3.033580231253578
10.687339497716776,20.47345386442006,98.88247192305273,6.897631521571305,35.33038466017043,9.920228688976437,22.330079408590564,104.4559762782407,6.093641197898422,37.87147895906494,5.165532270691796
164.8640809815654,199.2038897555853,396.5780967260688,14.493636501220976,40.0051961938492,172.6040775611049,201.81104055071177,380.63710321714353,16.39411008962348,35.682105723816605,3.594462903075809
28.024195859674563,198.1496297161992,14.113659080218873,2.969867225965308,15.292845196918428,28.40085102896041,389.566274954949,18.141783426314724,3.078580535760482,9.322450502256645,17.19814649718872
21.99638663832584,250.3502530033344,403.2761889146828,5.303110468876763,4.081273158368901,21.44101262240552,252.51952417432082,426.30342440275007,4.790501900872808,10.896876404943521,2.9288209490726405
272.0935339823274,100.73690255325799,112.60791678616923,13.421505110765223,38.42140487451584,270.3669995558295,87.9930962751468,115.26099913620585,14.716558153835594,18.08114671047404,1.442481566013826
512.2732298375722,907.6200291361068,139.9328296889733,2.14254129453531,46.20987874552457,406.7879919694264,727.1022696976418,141.61386624257153,2.1574957203621334,40.571697368029106,20.947136871496223
194.77574919622566,21.192476535095672,33.37715233973158,17.220534930188762,7.365581653940209,185.982597685464,32.35108531257361,32.55929077483243,16.730773969637248,12.11960428531091,3.6197935313777503
176.5629917569609,15.461007580388085,29.171981790421984,14.438199339874998,19.059181287056923,169.10032431908257,14.949445894418998,29.45409941831749,15.590549296255288,22.482022625015077,4.086983179021144
203.55687571361193,489.18512701274545,30.148475347212997,13.930131020941435,15.101015901312293,196.41346356594698,682.5289831250343,36.51386673923971,14.949161452744626,10.922750598888335,7.681974278431788
59.09332203056183,31.819321759490027,36.34783391366369,17.640148901924114,4.592409783574803,59.471724194554575,38.56105372313727,37.070543307546444,15.905464903759473,7.995295941110527,1.1727841887459154
142.37464746518177,594.3086270979404,532.2531056715804,2.6776379532763968,24.34771426389686,123.77767848506667,525.830795685929,525.7618942910152,2.302048149441849,14.477847927163566,7.4685288844701425
108.50826956243343,345.64436647554686,73.4119777734194,4.858880268389417,41.47450736818424,109.9217196519052,347.5117865657326,83.71104323397076,5.029845284702727,42.3254889300388,3.8390440144843914
319.96672262008235,127.50501774097111,138.48429631148596,8.907115490573165,19.630364067766777,313.9634908146925,109.59181714624563,147.10002579110932,9.798156399564812,13.421816944982314,2.28957732448644
436.0788174597545,27.854209310921824,113.88384971370205,1.7715586003750716,12.284279500806175,380.620789700589,25.69738392970687,121.91820858538614,1.8167747381533192,10.350328286293673,7.870038318339367
97.37735405844475,18.353898135874307,712.9139431846123,18.43167780938613,8.717024601236218,90.54134861680423,28.206182539293568,707.0621754098943,16.574430232177896,15.32398405433312,7.655141957114651
548.1275227641406,41.71807469231344,127.60983721327514,11.69514349420894,37.51862805679324,538.0109734937033,40.40943856902585,150.6542050383754,11.994694547950077,33.07900275835633,5.7508904336187685
36.886155412315794,16.94579086122642,121.50359313524524,17.411148510472554,37.98575181459732,36.13264857038445,15.804289785841727,121.01334453486366,17.749983592856236,36.54468407559359,2.4063937485055114
54.02298523758749,10.626794469097018,180.2617429699802,10.917923647073204,18.35635799709972,51.81719160985121,11.251244821558165,207.06660948428254,11.122048519487196,22.201188337674168,4.764866983859382
333.8102447016585,608.7977968862409,771.6212965062009,7.930368870232419,47.26570999711727,320.0833609953408,489.0198922117687,718.9407922391155,7.370694554626818,33.247216245703676,7.99238170216201
278.96128566265315,15.421308246450286,930.7752274408866,7.397312307046592,32.83593986178795,285.3108498027699,16.633277453495115,866.3775267583351,7.971335248276147,36.231346946194826,8.889882271577944
10.97119294881602,96.78458760251183,35.69034900949818,17.962725258194656,36.15215121572932,10.407661322097166,144.62905609825526,41.76014273493053,17.614594365604944,20.21428845539066,3.903953629905256
179.63820768827125,130.77066957225813,420.3564495299428,4.288250061757239,16.42965224536599,185.52087215741014,115.81462212780086,377.32053288455825,4.475556414006911,13.901178680246925,4.151960378708068
327.69943587567866,20.288396945375798,94.1481418441285,4.714487337214968,13.219151799174217,319.67516332534325,16.690673810319904,103.28128208490277,4.8243418148704835,13.470483235514862,5.953847552115162
26.296410372819924,71.54040139840725,13.255621000221483,11.907885273443268,22.662815261338608,24.432147238567378,105.77003786880324,13.940993760641195,12.25508309006622,15.348958617402191,5.280275447404352
108.94270357876395,483.32495513468433,37.772803153933545,11.543943233518238,47.62992872504868,106.89101278499739,432.31583111283834,47.94869536865757,11.158853624949478,44.19170178638803,5.205658907532065
18.18424315319251,836.5636648283846,213.30160998163868,7.450941178173227,44.05970273087319,18.01683085867506,784.8735498727541,213.0333973702987,6.897258848437377,42.76313014886824,3.674354382164345
678.476264798826,692.9390974766708,164.75221520031607,11.625249670319873,27.5500041051617,618.3043957482332,525.4865718149468,154.2378672362006,12.92775697031622,26.21660299519481,12.720303957840958
691.2381180637623,757.6900543130173,680.3557560849164,14.162137866792586,11.710416232686187,668.6083877966399,575.7005308777279,584.6922758447314,15.019357008468646,14.094096215208928,9.283206263123295
121.94335447161397,50.86991691983861,422.9225378716671,2.8796988816217786,31.427873324695934,130.02274946386896,59.19788399275469,424.6234849928154,3.115540014353079,33.25560715805861,11.714235570494443
114.34694319393816,13.452912052272621,424.46733116326567,2.734921893927611,38.94840963468364,111.22364321195502,13.713570375609137,475.37009731633117,3.0004222254367954,46.44328235236323,8.478157798543062
355.0302044886074,64.19540987738722,913.5027489431263,10.142847056993828,14.91309919124166,371.1939423966716,51.51519826004217,757.6577812108958,11.275387418142584,11.37348665671628,6.0211768174926865
935.8522567052664,164.86359803748718,775.813731638288,5.914975525357638,5.310620351389437,863.81866865194,117.05282149436961,682.7465061190809,6.054575499787752,3.3381814828900267,7.029645581238323
462.40562444172616,29.603183315159793,11.967606846552401,16.266267164797764,23.889444814779917,424.0775804863932,40.14565299322456,12.392863880054618,15.308183609240778,22.66386795995423,8.271103512040536
223.89155967806937,19.069859265489015,13.021913520651664,12.881804668258727,33.35476663881165,212.6093047884528,20.64598613623628,12.916950347300673,11.844978257586668,31.008871460631223,7.465422662565732
17.800152990010087,25.30110518267062,65.99473207815517,15.104941407065114,3.1681654722133654,17.214829751358486,52.85111513735033,62.281826447863,15.867331301412996,12.28962669227617,3.4358125756577094
39.19727235104804,332.4928544750352,331.0861140575901,9.369865603319491,11.772129374234227,37.05641789996434,218.61711899840472,317.3771595537202,8.536699618373026,11.66253311934654,4.955455860061099
271.95748143834186,19.759293500876048,267.26647496581717,19.015745032917998,31.752009120953485,275.5396383005187,19.082026130345138,336.88375804142544,19.737257201203168,34.213303604955726,2.910881601567704
11.738834398607324,11.184180395552767,38.62732334017635,6.120582444090362,14.391060951242174,11.963511313623691,16.269347268419494,42.85196592587981,15.16554219236193,11.308533754611965,3.2815123883816133
772.1132777483368,201.77012455059403,132.66807962644316,6.546471278566363,30.633229495199153,738.8836182717782,202.92739899054973,131.47174142796806,6.431647479577721,33.92004850397499,3.369818739292957
783.5330598060889,22.753347952611445,40.61248461010487,7.6184558891424015,31.998913238394046,719.4403732037575,18.825836244976,42.767902321391276,7.947067693846349,35.78538961717957,7.9375795228642865
97.32938746049658,123.57486145588186,18.762948811302547,14.26684825447735,41.74339952690679,95.16907572318462,131.66455408031175,19.90860113160166,16.389693222758602,33.944094221372126,3.03010850495806
447.6729057474742,544.2883066502454,21.935835108191867,8.160242650202882,7.565405348855128,443.1311255265969,128.5309529501266,22.001862822518238,10.00349643825302,7.971897861715755,22.921158919287805
329.33631091937525,687.1006440759863,10.829598915318392,12.116367683463913,15.054395746995334,313.54460620952307,749.8031114451281,12.364193492877611,11.992177673226285,13.02663415819655,4.742469214853593
69.96178912701026,76.23539578559594,288.4396922986099,11.800247969642614,10.798331084377962,67.83703371909083,100.26031959060884,305.69833279747274,17.135284183856484,7.545904424627709,2.6019703516628465
62.88809071729564,53.3285575813604,12.894076207425544,7.559180072295037,6.403909540262864,63.62290520095147,31.003555820392826,13.809494633219643,9.066325371499873,8.215022106418278,4.162598056449594
129.39030259706144,470.92793916524323,122.83439364075474,9.789661343346802,44.829092428873345,134.07500788753015,468.60344297090984,123.02993616844422,9.301456800631938,41.736221613740355,3.977931739381293
30.878258898449953,189.07014925641508,170.70132340441694,3.8799855556511202,28.681025404435726,28.86014583453864,167.24930921168416,190.177690698697,3.7102698856181613,11.26583450971168,4.968637854964099
537.2387712163645,60.56244919900413,10.498084160648954,15.964117878346062,8.399917855155941,569.68374291159,65.7078948348396,10.137099960902473,14.933281911996579,8.38323765976723,7.119281231758383
86.38754132771308,303.08018295197365,18.306400857213877,3.3124595441337967,12.772860990755913,70.75983741882823,383.64079387528193,21.07896949742614,3.1991441741686932,9.645549431429444,11.174990406156281
23.929124585697476,55.26662764817086,225.68998157181863,18.94061347598264,20.994987613594848,21.263917760142068,42.175354402743984,229.4791170864469,17.74283998083185,20.249849918763847,10.457139936784728
14.124242104297895,238.186919049827,30.691333369173506,4.849253670550196,24.231375432972232,12.726352685183032,291.4713686662088,33.30988315903989,4.5405842081806345,19.95948502871406,5.664649755525183
452.64123776437236,105.54465294674372,95.86932511749316,10.802057538372612,26.547962406863608,445.51475206479995,151.90514826466057,103.31643404558973,9.942402700080802,12.501435838744442,5.786922941014293
117.55850508748995,144.5151377812989,48.138361727284604,16.073521978344573,41.47999548841173,117.0616644282696,132.9265065164442,46.42243605908721,16.568826137141077,39.622807624530175,4.018534693629339
11.302220454489056,15.02779956321371,68.15048621921059,8.603506728473796,32.06511737817832,11.085854541455655,15.106150516096028,74.56175583314145,8.31233866601018,31.393291168324883,2.4379747990521152
583.2486833077704,123.45419059797452,111.23411491364402,8.044137739096696,35.86758256894169,559.5181074188182,143.8232039789504,119.51809726729367,8.107834582140576,19.088965860469823,5.773049148229777
12.523329676127345,78.81443009241521,654.7614836144553,14.522997857547757,4.4457909466953645,11.466170926355192,244.2656994544809,598.2202199165192,13.118042313903247,14.628107312305955,5.562792042889897
15.9887620463317,361.2865248764674,103.12784131089653,2.2104048247286334,36.542186284942666,13.564265844905927,415.03589133093243,120.07520027555377,2.2146367785919163,30.21766822417913,10.92523531867437
21.64623798712902,53.13891936795197,237.56022677729547,10.75975008960536,30.66948179722323,20.258469166194605,46.69773325306724,240.25565182500867,9.53969517163371,31.700268308121597,5.327892354533671
78.77608434005282,286.96411777137456,673.90875281661,1.979990139205024,24.062711488595717,71.12639122547169,232.9626063647594,651.5550765941555,1.900326387359612,22.789237859477456,11.297135331523572
96.47869757083875,99.3976903193543,864.4564563108792,4.508561170751682,39.10705929213529,100.1965058349544,81.67779186385884,799.954100221896,11.886488155502317,26.271082208267725,3.6446677056280454
160.74886403581505,170.21287522009908,24.259947463049546,17.303778575690224,6.061048062335761,146.60754579286996,142.02418527318656,24.18127553125464,18.1665735514428,6.130076873365535,7.313662622003634
171.07816317442547,27.415588396831833,42.5887947976855,19.185158196123865,32.24977016044573,170.43781739862266,29.33998977820939,41.57578722873027,19.16055379097353,33.16613104615756,1.0194090494436925
406.8137799455576,30.23458330794065,31.72508967134889,12.536382267650087,47.11423140100665,388.7415694729661,51.42431875230392,31.21911490601404,12.002515748951446,10.14312148475184,4.588509758899317
368.3953410497811,76.11738869537066,23.741765291146145,6.803052461493695,20.12767817197385,327.7102365295149,72.21856402214519,23.435335022746024,6.321328144869866,18.0131153295856,11.664412512139325
10.678439256725305,106.7885569703905,318.40240342449266,18.10336971049322,22.06949156687164,10.15020541223507,71.98990147108258,350.43832407872014,16.834341734858643,18.717802701534858,3.5949652763163122
11.272878005202871,470.3265570314867,14.239044691277792,4.697936020493524,2.1869190262943654,11.671547137854708,212.38985661948522,16.707253358788176,4.344530403380469,5.500856732098909,11.05067064646217
289.1442803272967,14.187039662834058,48.0607056820066,11.42903674209646,26.598236234341208,264.6829061281504,12.201063505354234,56.02988986607547,12.449931764914956,24.06037827979262,7.017840653526323
132.1501392261015,32.362286918372135,841.547754169677,8.855207643432578,15.028801603427095,136.74568130887752,27.720269179548414,720.128614569529,9.919441846395584,14.219147284779757,6.7392626002430855
11.012896808138583,43.36550113923796,323.24662909117154,18.583712802743463,34.782841670277605,10.331008718728008,32.975515245762836,358.0404248474459,18.713002729494512,29.87951817156503,7.188209338439617
393.79678571094934,17.404289349819145,62.48222314074056,17.486182805690742,38.06550879645677,377.45652656622923,17.009095220767712,67.69588018814527,18.21366525988797,34.674956997275494,5.012830811529142
75.60971609157455,652.0967286829896,186.5426737050831,12.53613204698395,49.74292274858589,83.43959910366672,649.9654237660828,192.1208131702565,12.463896650528946,45.83419445444916,8.692807986778941
10.32280386110173,193.8717280175428,259.55070355479705,18.137306171671003,9.42092529452033,9.780169906647995,138.79608280996322,276.11615138593436,16.495412666288637,13.513282733943797,3.7545451053639636
97.90283573224474,862.0074137911986,601.4599145503729,12.5811910682629,9.533038042198994,106.32597246267548,465.74298454296405,603.0898476767287,10.762312658999374,14.694501719711877,7.932200891008402
157.49277793048282,907.9424339960617,516.4268734323233,10.375021170900396,2.8876944127563124,144.31259375042717,383.55484995576063,504.43374798443654,8.08332441091516,9.909629604723637,6.446402460856334
71.46840890379727,147.737760897168,11.559482334711381,14.556932505896023,28.276017883736834,64.0771369466078,193.75421223702622,12.904907824269769,15.068802990175973,17.85095778444882,9.619508451072962
130.86111851820922,36.39821273848354,362.94227275753053,19.726942994638957,45.557775456033816,124.79177736195436,35.84233689022366,379.00030691535414,22.360552667516494,39.62348496863882,5.846416864228829
18.30049132506655,718.5534324654731,56.947026800344254,13.358540006765516,43.36089017062078,17.40797313580895,614.6490393082393,60.175194767486566,12.313989760380027,35.44833595707392,4.325801909993674
33.02412102041635,350.924192171815,946.7687179221307,19.126400247892224,31.075540400291356,32.65104532180601,145.943383513435,902.9562876749284,18.28625464822826,20.065947719451128,3.8906249032162568
32.208262019474866,266.0212868400317,198.37785237955035,10.674196053412416,28.641195378057024,29.278955512536374,306.77814957094364,180.50576987187608,10.241435182132573,17.300299421378934,7.0019134744479485
46.266653105160955,248.29899386753175,10.147913628662355,16.26115408537626,14.172276484159472,45.92820632626903,280.89266360945913,13.373747874672334,16.7211866770247,10.427302687687945,3.7490639929613003
149.3723128586404,40.95038609174129,18.193085113383795,18.14012633558292,49.09550905531933,143.62232325290253,36.83778309828621,20.433468513873326,16.858639998529384,42.06781533456981,7.472774772685936
12.430859594159484,217.72280978070194,27.466979541856798,1.5029172040034011,37.42428307343111,11.263898616689998,199.87825627533297,34.798924324177925,1.479576325721256,31.006426716076643,9.558327635250913
44.423154172856094,284.7931022876101,14.188250460180255,3.5879302894229466,24.06140562287379,38.237802604280525,285.58693402467964,18.126405427088404,3.810909804552425,19.83735004430022,13.417977903551204
120.3300573668272,40.182558346260414,58.45146230487426,7.268221225267649,14.554390862956893,122.11493541823758,37.484340184317325,61.74890825020355,7.766717760464765,14.933713933977838,2.3372635837512865
186.9623334047138,277.1660832025083,56.15280695766096,14.608324244089093,29.661992228997264,181.2869321168362,326.97949895289673,59.30565612710493,17.288440465853974,18.82498158866406,5.049694576057187
171.74404267457234,17.08823408553554,30.5344875934387,10.866264871021718,40.24839450642817,167.89353885868198,19.313524826332696,36.878927177772006,11.249040362155414,38.92575074381743,10.08825888757469
149.23988485867122,52.48282608783869,56.239185124750676,1.4145120582319466,34.236486855868534,145.89802071869067,62.337701334387084,57.380341633529596,1.3248546773305159,15.665639587499832,10.683106829890002
146.04604647184766,327.26228687563923,71.95310135336555,5.625120169015199,11.228069872553391,132.47115893096282,393.39898282379346,68.45245547482561,5.939548537478455,8.605109404523693,7.022203321814785
332.8742629988296,365.0604097770939,253.85613796512172,15.163170822038966,48.24512415211185,309.01994559904534,332.07625147848364,251.4449499661769,14.909879311569307,37.26937253729583,7.746440110141522
37.84997190199487,83.39399147237555,12.07985784200567,7.1462982280333325,14.587655271180054,36.46415920131154,120.00222150370311,12.204989724917494,7.956738870371154,10.383427502858128,3.448420728382816
693.1066638197666,10.916123919368076,191.33273729216026,2.8037409486089806,33.052231416727565,666.2319779837082,12.81748019236685,276.8998653947652,3.14349904122381,41.54146440144731,19.15173640518813
83.99154033479378,49.92105517862466,59.6817046476389,17.61771704370365,14.852228028367106,81.41309180451744,43.61141769430682,57.53547578468154,17.87172885745055,14.44687874826411,4.1965857605482055
25.304999402357794,77.77993026835611,22.140007938980542,11.371809416876932,26.772910824017004,22.957649699272157,100.89315450221744,22.77085621915256,11.547591732626863,18.97503277841104,6.621168937669995
12.139110397798705,41.16940950057666,28.84011073664873,10.178860086723834,28.674985217713623,11.692312141317016,54.21048772052331,32.28770256282082,10.364244314324823,18.880785029628292,5.397626127691785
791.5919959338255,151.61049887987699,32.257112467420036,16.524012059755588,12.507012527737723,713.4356432567774,151.4030012110205,32.41129549900127,15.574044717233013,14.2554532460139,9.491375169972475
12.198491194129666,41.5927201566473,369.0837393244075,3.252656734767289,14.552382381304373,10.929400349757529,41.33938036941863,330.6672498020959,3.25013211963639,11.329012044619592,6.478286591343113
15.867476686476772,265.0554626322672,55.24125692399926,8.32685982579801,8.276587485701139,14.821430986074736,203.87329775096728,60.691530914605224,7.832968505660849,11.807628912322453,5.078324571683702
328.7205410182569,34.97122602716501,31.01205329854986,14.681281094695356,15.753036842446269,334.0269287322896,66.78298028772075,30.31114206363223,13.327673232275297,9.132667395003018,1.6209137843053212
134.65836841343872,95.40204726886226,839.9146130763462,3.211797488867571,39.44316443273466,129.7956823788508,104.33624564062853,887.9817967907125,3.7008061727216273,43.126515917718265,4.526059057219695
97.01570939824593,32.20015109316316,90.49801603337919,19.114748191106646,29.24579359057341,96.21998483407586,34.00652477038995,100.14880411024136,19.80859337608339,27.78768369992516,4.649202807754759
23.172407310963386,21.77235028016597,22.830261221231474,7.285979011006924,15.46977035324835,22.97755803814332,19.95063527842158,23.156003226029593,9.905494274200365,10.712831587068834,1.1856860707164405
808.0748836602273,29.78356818413703,244.47866432337113,1.9002872172791023,37.91613990224068,793.6969579467274,29.63770872259898,286.4895337282167,1.893350850065935,41.281438817184636,2.4678954704343865
45.84569157322445,657.0423935020608,20.52833091793223,2.3601519128537927,48.79740968166491,43.163421071112936,688.2297915937321,31.973758472553047,2.3080463110312612,43.22451156136816,3.353290527831406
223.44297955541083,143.59633201113485,71.35127235359778,13.395336848696632,48.76826497666575,226.65742591955575,144.56524854058668,67.23323256674526,12.517273382728687,48.74685076904281,1.761423853536361
339.35479128371435,16.00200162091465,137.4245092512998,7.4787052482060075,3.7986557626491804,342.5511862908737,37.0256674102651,154.11487423175834,7.561289609503121,8.301287865432833,8.285646764579695
259.11775196337857,647.2828447752817,133.94885084574966,2.289126875175909,14.999620853451178,213.8977426927575,581.2068793810042,138.63662172848302,2.0088570663556755,16.769035535628596,9.779326386343499
775.110444693214,368.8341914255694,54.50160517112067,6.550530355871209,18.446566418020268,746.0745992505508,381.8410073337497,59.30210584524842,6.1466986712589735,16.578346136443958,4.82549566945136
14.471602196081154,467.77543136437936,116.10151681696871,12.496224023762778,11.446264806814973,14.44451275775202,306.7961782533654,111.86216385106673,11.551131402716758,18.19189254835769,2.879861596774075
346.4596329924622,51.173216109364944,32.989400711976025,9.652447204723009,18.060448009364826,306.2909306858019,56.985349408854404,34.3750698447215,9.515504743640136,19.297443951299943,9.288157812825668
169.6321074933748,75.94697793522045,534.1381181814791,12.28071999541028,16.78711747081766,184.01714022136085,56.74312784549079,526.6779566198801,13.514489935209756,12.478098334505226,6.45997312935245
370.363083522349,47.807463821520635,637.7689089420466,17.20307466686431,44.690161195886404,363.169296585399,39.006122851885884,614.1777940634174,17.855124595514066,33.54864823915626,2.461967172451922
77.95769055481924,181.70882466952108,355.14028948336687,2.229578305787657,33.577704789444105,65.84825198902082,165.0194407826641,342.60661710639766,2.4194407048099955,36.17582459984138,13.361801726444856
64.42811735050846,563.0009105280707,210.52901543692025,2.0086978164126466,27.97202992576543,53.91597989926315,535.5614170141203,243.85396208260153,1.9512644524940754,28.738666830847762,11.29394716007155
780.1424985691153,544.6854142102528,14.433238376783404,19.60613600682319,21.880271105614735,706.5338729801308,475.8647701707561,13.756598615343808,11.88932358449474,28.866016584459334,14.97676389467423
598.5877359212814,143.50809869872324,16.032295043376056,17.06670168307247,24.934125877546183,575.3597118641212,173.12390088417558,18.416967135609365,16.047398552257732,21.532747699088343,4.726329204211369
67.52339753928683,158.68996536530668,839.3490426180188,7.779807509886573,20.44254775663558,71.07897643279108,157.06293091182968,780.8336345859568,6.740887892172088,19.507452853263885,6.796040029377666
29.954770231597593,51.05957247857223,38.104942417445976,2.763630621023545,35.42962417979649,28.518202976642787,38.54515106464167,42.220777896886986,2.694300639251691,34.13378522977198,13.585513227215218
336.6364080080989,528.0462239454932,40.848821023231274,12.250116652554448,7.587914541600808,302.81270637094224,405.1672308036003,42.88787705532055,12.466597838835632,5.659175754857546,14.780311475386368
421.05787286378353,493.8799902125103,221.88006628855766,4.960410081453348,18.423711335574914,379.18473979455905,523.6681886215229,206.70153442008237,5.89316426534283,14.754693696752513,7.929204402663599
11.52396628884795,308.5946656747997,40.20532291914491,12.610344614075501,35.335808669110065,11.748046533615929,345.28165810497603,34.67219569959856,11.572617320304147,27.2763736394841,5.491240638354963
61.64226540104208,35.742797349446505,75.34689029513777,13.457156965203756,21.503703872093755,58.91731334795814,26.975872455675905,75.33334134144629,14.860254835638854,14.947351398711099,4.24720444091212
186.06442800332235,22.956191515676988,35.244954109985635,6.278375169725532,12.18849908294064,205.7620647109492,21.236925130517683,37.53410269623722,6.39081195501772,16.377644196442585,8.05404068596562
893.6559304332437,86.39111342595189,16.433816631692785,14.694046883296888,48.15047381520499,817.3189359408286,78.3775741616064,18.120995953942487,13.779780052571647,49.422450426398456,10.931366379653689
48.869555168880034,22.856167353924064,20.161924199367554,18.872123037545045,3.1180135379565286,49.09931230228837,29.466512563179496,20.901749106046392,16.155406744205514,8.606355438276822,1.898640101802844
66.94304525852723,123.17781636705827,959.4780165028325,19.080519831557183,7.386155838559354,65.66979536441137,85.4371030234749,885.0283803812736,17.466577637204956,7.769395540772609,3.0504627363287415
468.69807746767117,533.3133946852951,27.71091205731266,8.097420460602617,40.309688554425215,453.0496263955016,533.3976149944067,26.012144762246468,10.865848855110801,35.76270040417656,4.69900321380974
32.48572581670441,54.44123334473857,10.10171056940571,15.738442895729552,19.649926396472413,31.19168204048798,79.99827887477143,10.754811310366835,16.229347800252004,12.305057983042298,2.894171912801571
58.35554353876911,384.62359877830227,602.697337798407,5.65945802319159,43.256422351482264,57.410488769477595,349.65573874246473,546.8418241588289,5.8257070081723095,33.38960948622433,4.2486863489298425
155.40510303837158,373.95164178843305,139.11902557151276,17.169884247297116,6.06225075546487,162.46468182739565,285.3599333946671,143.01971832855045,15.275130636765622,7.5265728118273385,3.595705641917827
22.272487345469337,123.80631345229426,10.564516437795117,11.889425949513187,29.945770756836623,20.466792658067437,203.18568637700466,14.4870288852923,12.153156993469846,19.03412969464296,8.387404281856677
131.47498466218926,158.237325172305,21.578422564850847,10.323743212212689,7.177521224367232,126.11439583816502,63.71640389289601,19.806086046331853,13.45958603215129,7.118350822558844,10.520432005336934
10.474386832893261,580.6234440693943,784.7595399946088,2.1153939588693627,32.12352041886446,9.737276973773461,429.69600126803186,720.2384104801799,2.091955042035459,16.140195327111535,7.3053334783107635
13.24644808131233,268.7721096541705,53.713404602226156,13.294979874026037,12.644088252357847,12.46572316566925,219.02900508781238,54.63245493616973,12.093636846197484,14.258345036130622,3.7967054856756546
220.2119598728725,463.91048818900435,201.43648643936143,12.226007619399663,6.115577570768006,196.3719555473644,409.64736988933606,193.72218336509704,10.433909438368222,6.259416715145063,8.606163064981413
25.86250582285643,547.3912010130842,37.140295994014444,12.870927452286843,35.18632060720061,23.75091095575498,566.9826858049278,27.597627647407638,11.837180037355573,30.865313002219956,6.088839100391277
15.674031057857125,29.68993775066972,191.59111722718197,10.186037089620294,45.636741490651914,15.142621384070367,23.23485618510847,178.37328505058682,9.319050723978783,47.0481884451888,9.89688161558606
35.548926122695775,582.4243829349574,65.97202053615707,5.636336977195737,36.09943069113335,35.12422905085903,642.2656503514868,64.93478792341497,5.186833912917881,29.50639861447402,4.702188087067809
60.55151834359316,256.8288165880953,629.091519385231,17.53443984061151,22.14101448644775,60.999896772119605,170.07998442533093,612.6747703560983,15.681421114656453,19.304266976977782,0.951688294913491
167.02820018351852,355.5962555552774,234.7020709568349,3.9015571442472265,12.912843625604724,155.02662281510584,408.29819093392314,223.91763128410065,4.217697827295744,8.747791759123823,5.488060880817824
11.180032124795899,37.80711690982922,21.621878197246197,14.432584214250193,42.84641542685582,10.557193658929469,58.250831204775444,24.048303605590924,15.161547289570683,19.615248300592704,4.390448793089481
13.497054740679376,14.17303492562766,957.7458704304352,19.112081637300278,12.533366104375427,12.387412865150733,14.406690629085777,689.8192213444506,16.3766572840217,16.688013833628595,8.010797748998213
50.771368832816584,766.0631075209352,591.4938401022588,11.601106671085384,24.82344021415257,52.17119432568925,460.5817829082883,569.6132392589873,9.690055747186905,20.701405406068794,6.304732884618805
36.7462158685319,121.72440912866622,113.0294274201201,5.70042669932427,18.698297594231263,35.17624943555204,104.88266585482639,113.83154160188752,5.625306279514306,11.302895230787987,5.034083441384666
649.2636620059372,19.09831564452551,646.5771457617878,17.72877855232643,12.232739009849805,624.4170237404021,33.36731998307459,717.4535967334964,18.275408863911938,23.34392331482965,3.4365336615478914
204.02352006161377,137.72266882677638,257.42918362453923,10.536394766595627,42.67653009878365,181.0140268415165,142.23751848299926,270.6062639600613,9.90719793649882,42.19351453456257,8.432936534000566
204.9249912822024,468.469439283702,13.568174810488284,5.120340670529235,8.49393182432607,205.0041291656409,643.3899071990857,14.48942962545585,4.390011748323836,11.440671246954052,52.76692031350164
366.84523469671274,291.5256316899112,15.54478422490182,11.693039915529324,47.93725768184435,357.86250514575937,259.2621659079249,17.161128370691465,13.473108345545231,46.247909673538935,5.105195673333281
216.49201638250648,778.492750913314,114.16924398077795,3.924903287494611,49.82573562794215,194.19759683725692,715.038112090922,128.9515088658801,3.608711594789793,51.11087778630951,6.925050478581986
17.054039958183004,64.26669107253689,12.749435672648943,15.063864944302079,18.124316287541756,15.816865406975072,91.64842286100489,13.00358012818407,15.908666040360155,10.965560498879718,6.618776769345009
128.89734845359982,11.942611022166863,168.41681398427346,7.269222064804785,32.57160732632804,132.9636540226951,12.659092542345487,210.93938235444557,7.70081744307523,36.498490347091405,6.4996973746782025
38.7683330772146,20.452015706156047,23.298338328910038,14.682727980631629,24.46624940504886,40.48575984676062,19.203750659490602,25.03218609368394,14.165615218798944,13.100942533203911,4.581106316742428
112.16159883107194,502.1834187856583,982.3234582333733,3.037006071342672,15.026630375601778,96.48565515028938,424.03005969536076,888.6028773717741,2.5846163367808637,14.985713536391037,9.466079673494706
10.343075259866344,27.31527334284956,340.4337044901934,15.009026436930384,4.9764073598264496,9.47952977503423,162.06142071218386,344.8870830901675,14.709788148664458,14.132205400337686,5.676474733674968
446.946737069365,10.310183327138796,596.64152610094,5.987062982479235,13.491211439041763,438.43664586477524,14.428490513636287,618.4475793587251,6.130112033162355,21.262182896383532,6.183483469039535
16.768844059125318,20.57365460051656,239.88616529661962,3.5533740692844886,15.621527360262608,16.518884667466494,21.403328950530994,242.68389877527903,4.3954788098599895,11.78574816295183,8.960127918695369
713.272760228404,920.8455049130544,353.38345735442954,18.393822377225202,8.552203617161172,677.0297196124395,715.5093340293819,313.40899576847676,14.80622431882964,13.10074298263229,7.711186278354604
300.54442004283703,175.4344947573314,558.3933218058392,18.810214760278235,46.14409286360333,285.0745159795235,166.2208128303829,577.5473215082598,17.783510833153134,47.77653780093669,5.36889845700055
237.66363315851498,17.225130434744635,873.1825134390605,13.097300866410432,26.777090813523273,226.21737714422383,15.1836306309064,820.9358658989819,13.476592011149178,27.981532058865326,8.089914255690777
948.8723620088222,433.1274787660336,304.2490742520509,9.906426643265096,9.338101862064129,900.7031230153788,389.11769351044217,298.14752926696525,10.052265763732398,11.560494874129033,4.255879672441754
830.0048746797613,546.0933143609863,93.04947744529306,2.7466897409220143,42.33196908229526,763.2162722184279,411.3379584122045,86.54692655214441,2.1273772048587434,45.29773757963645,19.082383487631976
66.94202358658758,25.003844141828296,125.77291258206355,19.465286677956577,38.57094929008656,66.60522871470198,27.081623501015052,140.54644534937782,21.326147990135247,38.89681215627477,4.741006019162499
38.1810233413575,110.54753358957498,83.16877965902879,14.954373788963371,34.36179276581923,37.724433877232826,150.18533206821735,82.48425552682365,14.63329279636816,15.515226724768596,2.418153512510116
33.230112273447645,700.01628926034,16.960455965802478,4.781564713835249,24.41420698714608,31.37027644419074,674.7128997626149,20.512688259827712,4.424224878100231,26.700570939083395,4.4463339250968525
16.61852763851837,710.3042112197584,127.67229972190025,19.96214360521311,34.465580448833094,16.84007914103927,404.7814784540733,143.0636771199515,19.67442990924744,30.058623379523297,2.948207100089151
703.5032220183658,439.1434277560068,15.12941845638272,2.2777291709448093,6.11147930140804,760.4511456805612,128.0434045613345,18.163292675094148,4.001594045504207,5.902861198360231,20.45091917410491
19.500240682077056,29.430621611084362,11.846530463637071,6.701311390837016,5.0921738939802506,18.5858210209008,28.129531140313965,12.608852274406157,5.043898454017754,6.013105795983318,3.8867459985347983
214.909180441215,712.7392301115035,297.0967712733773,11.384674502629194,45.10198903287179,211.0605857147981,654.8106550137439,332.4084286805999,11.92573172137597,43.11277575842304,3.842837256278346
606.0091622801951,183.73220583897515,717.348791544325,8.50801418137348,37.21993345949075,595.4313039037506,175.488998009845,682.5563776826723,9.094347212568175,40.63447184581389,4.564313208949552
49.55756468906395,16.055154389338792,40.1917514702975,16.327420693696364,25.68701758491883,46.87089726854683,13.745384574276795,43.848502971482674,15.587130167816742,25.106443240877244,6.5819578196072746
14.327128868856374,188.39018008620403,389.42009360987987,6.367115543536075,47.10599009472733,13.697357995595912,155.36906486528918,302.8175704829898,6.074663286312575,31.40987543703179,4.29621001183246
12.567087621784973,69.4961995163964,400.5059647516629,16.418245181815447,22.14672763094819,12.13548760631753,60.86963013862559,456.9945280344539,15.943950255041141,23.764970459276768,3.123262260590809
154.21646558204822,134.42714512594378,25.52868861462187,10.336663101388108,44.20390522126019,166.7652709443314,118.01359790460816,24.62707142777249,11.117750372456896,43.89633822196388,7.623471647265768
19.00761573147109,19.21926697121294,41.81071413603598,5.067630185521807,3.085917481125776,19.818722239876283,39.399500256596866,46.36277952294981,7.875172985149093,12.037576017626444,4.97658485666037
12.471867566158755,114.26820369549232,12.863374019443842,19.560160530726098,42.28162282638961,11.764960287413928,159.92245503819518,15.44053294916311,17.94632906098111,27.399832294004018,4.240197357076603
11.731538384239755,228.12141046256303,29.809109677182754,8.755482871091724,31.911405560465557,11.721001088774818,285.0007994756131,34.846563272656724,8.769885948136602,23.808014396218205,0.9089897188676823
282.5761253291607,197.64794851068552,59.94874153717406,15.98175387639067,48.64426099514569,287.03882667890696,178.07979108233357,57.90453761672359,13.7403637441282,44.5687916639518,7.854481365504394
54.234853384319294,301.72043164809975,727.992478650469,19.322279845489557,13.405835950358988,55.822805762995955,130.68409050543858,722.6977417302923,17.288015155820023,10.730586274735199,2.2592710150004653
73.83371835704847,468.2590914845326,484.0152569798187,6.906198599922674,10.581683253905108,74.12326095357504,274.92006279838216,456.1630893839521,5.799398722571233,9.829284828282306,3.6773669259923647
933.5939571546033,488.1303034476287,65.34791759643319,17.64174727490319,22.82004399230796,880.0361134113391,427.34339355828536,63.247717654006415,13.86348063422096,22.234049801393112,14.948252263872005
29.144329187833495,30.84365233789285,23.559880809311355,17.07111983743852,48.862389879293396,29.661607646112405,32.15956442430048,23.879980095911638,15.110269208332511,29.844725835385695,2.0629771010429176
21.832701848202547,350.87171394823287,57.54524826601209,15.782695375991976,34.365690546779206,20.747369527913705,399.68693168997464,54.99281492540293,14.999713797046168,26.5535960741594,3.7866859317085098
52.61488505768078,261.735690338627,44.32513699237776,14.490625738718089,18.135618798685016,50.01580940988087,310.6880263390358,46.74254657119654,14.06597895315169,13.482526060571105,3.860901176382451
14.931959692026345,35.044613138487655,404.66149515277,9.353819755379538,45.62837264669357,14.186865424252552,30.04218793571494,449.3390906338793,9.200729681411078,50.490908164054794,9.144564883295498
72.94310306091745,116.49888785708396,206.29890978774347,4.114316291365466,25.64416073373665,62.21747298508145,105.69292309179912,193.93270884822584,3.8172704874967573,29.335917610119658,11.840646017913668
632.1130710351704,50.469540152408804,407.9495400711144,19.666894111564158,11.928552840685319,603.3914567258971,90.765368024744,406.0392044311921,19.56039974195138,22.64424144269406,3.4792664063798564
125.57162185075427,351.06037482016967,209.5607417762083,3.739579556729078,18.704167511915138,123.99758167574612,364.29079343517,212.13866970909348,3.7941545438664144,16.12441981500916,0.8360030129032316
119.46210619287915,882.3584059665124,97.89759883614812,14.418733573654276,12.19084740953986,119.65164012133312,618.1416481624221,103.87260518704184,13.68100585430248,15.442002817430735,1.9226635543345538
36.05328917221301,12.114600942818857,45.76701928383915,19.87743346810767,42.05234737065928,33.242082760665646,12.414586319383785,56.11284370239665,21.042534304212403,43.248791480719085,6.432282184516466
77.72189641594822,140.04559843612893,39.85466635382048,17.063692840764705,7.527485904359886,72.5530768976807,141.11266005373056,40.780657167719134,14.586515126178112,9.53850787518404,4.964022500151576
87.60374701946023,23.568067293665056,29.314659614811884,16.173447536203852,2.4989852922847278,87.36707092167794,39.18557348993518,29.911708922069725,13.491611184378439,8.267474482206065,1.7857283259377503
108.15553033904858,23.9340757298356,47.06863164147448,6.254607412463503,26.771441149373658,114.01473663088804,25.044882097474762,51.881587811225316,6.685342494813909,31.653462563019595,6.848705334960122
38.80894454461915,18.429942159288245,12.172107029763747,7.217901268033749,26.477272829836725,39.34276556156676,23.31365701521577,13.674483727444349,6.228917216695761,31.460118191357207,13.432731998299232
144.6517921842685,59.527865174142704,903.5887509470791,9.28746639869121,11.89609703010117,150.41094269824973,39.04118523375721,894.7667486455655,9.286285068152399,8.283495369598082,3.703767852040871
72.62837205615611,272.1087105074877,274.206466307592,12.833089604468597,19.448484467693856,71.76897204472303,148.67245439598182,271.33841941690366,10.195343227467037,9.766121385831045,1.8937104150234776
89.16719253495552,578.564292497453,263.22976426168475,5.097186444639977,27.87366213877374,92.69241031551357,555.9395796793304,267.85092610894765,5.23135296051208,22.969141574065205,3.452844729769238
52.49149400935835,906.186619273053,242.91672282649856,11.9900093451503,25.89942293863948,55.23158254248373,794.3517546173994,196.0641718538899,11.256086723687904,33.11846525441967,6.400517361498569
129.75109493806,13.035031106257168,157.00049664848186,9.153884007704088,36.034094251252995,122.25724895012186,13.883313373644462,183.01647274154135,9.83613184691817,38.721953204001366,5.656830089920796
242.39602888987508,87.52834722996064,133.44572763798183,7.34451780358666,38.991732656836064,239.46927955390873,97.02201361013603,140.9423019935609,7.963987960522284,46.414468221030525,6.027192081773265
44.84471745018705,193.446304467725,136.8086600433998,11.166658974050746,7.26983069653036,45.140713989104206,122.1405328934008,133.02709909634544,8.807477822491022,9.220541572912094,2.6027624348844576
29.834107696448246,784.0811630614829,661.2370276039471,19.60700611220945,27.390823085673052,30.50101863156717,212.1398256622178,688.4218453281874,17.7574791620352,11.194363171632787,3.093814742195314
544.7957754468407,246.93710380223817,773.453287580264,14.571444640748412,39.961953311947276,536.3059733135136,214.58303057265329,801.8484681314318,15.032385402327654,35.21702366072059,2.668925274024234
64.3039046825103,18.201878788534334,14.105105092275975,1.4380836589793144,21.78559289784899,60.81313797963711,23.736225293144653,15.466464114344237,1.5024890290595412,12.458018952059016,15.39874235014482
383.2304637859595,114.61167973405288,20.61720616110762,2.273894916213181,13.789259892187872,369.1884024504547,193.42675685501644,21.36632920685886,1.7885851858986672,10.454057975074242,17.980298211305488
32.205505026215334,413.77660516871146,731.4323096535405,3.280841681305846,34.14384703802701,28.83994033598373,363.78647403974776,642.2864309912585,3.375105274048732,28.20568015738715,11.420092793720661
942.5132064585335,28.901384191622963,196.63151913877982,1.7989017048917118,5.190671843041049,779.2861483403651,36.61013304730164,195.63614444686672,1.6980171734569007,5.887413643949724,12.871622606196434
66.92038310766267,28.14383516421125,75.40345608587481,12.29202814877004,4.163563360347743,62.631618428545984,26.725070466583322,76.5904089202729,12.280533422880234,4.089909471349947,4.939910129406741
18.10893658168178,17.759123217660356,186.9813663112395,2.184455714986557,14.180033183495482,17.21684322865194,157.39831233479774,168.8956906390087,14.48875855308445,12.676730502171003,3.5094711160842964
80.44971711246605,456.1459504874629,202.01571951009663,6.354354865282637,2.594354888911869,82.56432300560004,272.6494895393292,199.92026045158076,5.756711709210229,8.857561291848224,3.018943938015007
53.418143934548816,53.67968876381469,730.6035436849079,16.4958783238606,19.46822160089232,49.52260146118924,43.989653167348294,692.9731388633123,16.991608287418273,19.282387726312034,9.737042800476413
54.986605124975064,239.6923968093011,157.10497506117048,19.974970707143065,5.708565170207532,57.53880610263315,119.22327735648223,178.7954024877046,17.954213911063082,8.354091161312777,4.935975327203783
57.82325340513827,149.2892350749899,14.66133455784806,18.466366084877524,8.200351252151865,53.846787913414346,141.2414392761446,16.097675804058614,16.762606311516937,9.932010889797022,6.589684520980509
28.8708856042895,120.76553766109328,17.895136554284445,18.861387022325427,39.57146072682011,27.327589768674464,147.67211289038005,16.528361757561637,19.42775135930402,28.95612968443274,5.508129852273217
994.9808460794782,26.055193982460754,349.2177632861852,17.93814533251108,15.84469748709597,984.7781400477294,35.19596399266757,394.99603068048924,18.22755169263226,25.83467295628835,3.4280734786908122
290.8179564762362,104.82485682670675,27.375444693161757,16.88317767034598,35.651346240862836,302.7931510434443,109.77098277028303,29.98424459004498,16.58063268574462,33.47822968242255,3.6449032694952774
384.7837069732941,395.08853903707177,631.4987954024409,10.034194225051786,6.491784509818356,377.07466026094846,474.67702114217605,550.0530406816389,15.142428575226745,10.677962684799391,7.356608216897675
47.65041740316371,12.147045964062146,26.852540967160145,12.725884176275924,45.060283147428905,42.84194596600525,13.716998863452588,30.401322106235714,12.505350024029624,46.17743706160059,9.399631047192527
986.9423248445318,31.544433411492864,192.09151535101208,7.101416145481804,23.97647553639318,1005.0189676979418,34.121506753263226,214.86809752867856,7.2633482005225956,26.228006327639754,4.637121596657308
754.3853871305057,50.7705551874848,208.67713000019583,12.32989989594982,9.878606485852933,728.4834319009346,44.82896700922877,239.16743605395814,13.352965822214854,10.116148228610175,4.5178962531494795
49.463761356731304,114.8581649845522,39.682977803766356,11.312945601431709,22.73254000983372,47.42621790959399,163.3462235246842,41.27983902834811,11.921085555137514,14.141180157739486,2.88888871420288
55.44694605929171,88.08334370419222,46.701091274667526,4.542794108440583,18.305933431840597,52.94015364140113,86.21168909611698,47.65134186105534,4.639967259976471,15.53435068876139,4.045948321398153
583.3083578376867,352.6061508452919,15.60076931599472,17.80645966310911,12.904191916945893,518.2198492536828,485.7940324641228,18.26724875445234,13.992304234535226,12.436504614449113,10.324914777685686
107.02877084082817,113.48679639385595,341.3768543416095,4.129399647549037,36.31595870271007,104.96520450340137,93.4734175680716,316.1355261902665,5.968422473168854,24.301559778906405,5.584582481598188
26.47623267046261,206.1383794362385,55.54285530699905,3.7096756390078904,28.617328263026895,23.947298574600385,202.92729586195094,62.478802917104176,4.027081864064583,21.855644285517887,11.022935868957143
267.4565975837069,80.9745814754181,353.9438305708417,17.817275872514656,24.477992948656972,270.6259283809485,74.59713867284152,376.3151889487896,17.961288235043927,20.887657527065763,2.74880273196385
751.6511753304662,94.44447298517426,98.86591648397453,1.2703741838486218,39.805183859178314,749.6997748993128,130.04454700946383,96.53431108583086,1.1338355128642328,14.327577800179899,18.144786168601794
129.4174169897727,263.2196947177504,70.32246460583686,7.784665688219153,12.718553308643374,111.6436001855618,310.10495335512854,69.78301996754841,8.43639770503934,10.727687277446567,9.954244672288727
509.19369609863475,33.61787823971576,155.8613827433167,10.03983727579783,39.53096411763849,486.0674782626237,34.13847666261738,183.16780484378643,10.989283124994511,37.79651734670998,8.573454465005396
669.4737799515557,254.30395527366653,96.26884349721617,7.178984025529324,2.808537881542332,660.8196719813684,147.70042531501505,104.94569200291879,7.676290806789872,10.78661841265167,9.138157926896936
37.15475069276844,41.388523278434036,23.864394627039854,6.194749334658519,22.384125270177776,35.813379703821866,54.280823727786355,22.725022496312985,8.227151171407893,14.535842369768554,4.079238314797676
262.9777105326312,179.52913250327015,41.7443351406506,12.260838186687968,49.84473956432642,262.16945393147694,169.12239182658317,41.58735938586462,11.733575710149596,51.32118567400152,2.65425099672617
33.455486195798024,359.2445413053979,679.4382308887608,16.063368790633533,28.613988959614375,32.5863323537761,171.89443783362717,688.9209202253801,13.139247018334276,14.8413339773684,5.221620671515321
68.84381631050871,185.8644432759722,118.34127516001604,1.1159044128075748,41.37592400739134,68.96165991604151,151.16233179885893,138.29006474431367,1.174924817209365,52.784567086628016,11.893067802134864
25.20803437846407,65.31787485675339,63.974271212678595,17.150975828187352,24.920091477676543,24.63148097691303,58.98520767444185,63.573954015027645,16.201472413757024,11.087142198918038,1.855991424179641
15.051000731196508,359.319644738209,458.2855939373951,4.347919836592246,46.286830478338025,13.98762966289201,227.30461624454674,452.6206376067051,4.0415626845362596,10.437382829445719,4.296298930299072
67.99938183509505,99.90215660686734,44.59243773968468,19.052563977987727,34.61001944486046,64.0302641131471,104.1097535023318,46.77804974112692,18.905324686105274,36.5350983084417,5.025667525739666
27.514699671115665,235.66528691691465,158.76609181435117,8.795212392393255,14.472400387460707,25.35929888354439,231.2792409301693,158.5268733555821,8.163086634920525,14.365459074871039,4.908564037357961
13.510086626616975,626.533901028506,19.771906203468216,5.304814266405712,27.790897254603333,12.95283464066385,640.7935709867655,17.539890437016446,4.966379538534795,28.24346390876359,2.676031007769804
177.53258915009437,888.0396368470907,29.30968585331038,14.119190729039213,22.64557167667154,163.15846727326067,809.6671787197276,31.034142790235947,13.448014595159059,20.060268583469675,10.974477586743518
25.202787329122074,41.969517491404154,36.441025343192905,18.67210244932197,30.67553332364799,25.493842681273904,41.55211443676893,38.10614146069327,18.130143310536106,16.101814492181,1.0913688108125825
767.6643227065044,16.396016306016524,120.59445193791497,6.526032073771532,41.213939773837225,772.55583767323,20.251471730134625,149.78846287689603,7.022758270947709,46.867677446831095,15.840032180743735
68.89634878984975,275.29714368063236,744.5985550356012,14.617713550795374,45.906544255581984,68.33836165047892,211.82685746124628,645.7022236141523,13.192875324764866,36.78171155232798,2.351070581516597
671.1295624401204,388.37970383631966,20.763650600541013,11.500034709630382,11.053999115822288,569.8161057022702,186.36392152549016,20.02825992212154,11.55858297505868,13.220831167936318,19.687322876302158
112.17657710541486,34.89975285942529,710.5202541814824,9.366585660144596,27.543548449757285,103.73615201037792,34.83370707172205,785.1664007136122,10.056959762521565,32.8139186884733,8.235430019654485
21.389666396146833,139.6972825628247,16.04156693429381,14.732055903780116,46.80298271655177,19.61915152634846,195.32468680166173,19.03799363163306,14.189319238949333,27.06947812366864,6.545646172703676
635.4549372973047,15.09938134842875,79.95930750538231,7.484535709123726,44.232822968028934,587.9689729479655,14.9309258265544,89.22130984778765,7.638033821644922,47.17977935328349,5.180974291861874
679.4106047555365,38.23519804795066,89.90764317816175,16.711578432888857,18.384875060376164,641.9380952845904,39.84874187165166,86.64746544700802,16.9541956922484,22.070093575985716,4.824735553226069
40.10099082627553,12.401535790630243,21.867608564876793,1.7468896548828332,26.983566420669316,38.72044625673102,12.318783034562136,22.77801218220798,2.0525565711681266,27.19799292423411,4.507960762110602
245.75092725817834,49.141329216585646,134.4890139199672,13.104760848786482,19.19394613757633,236.93565652688224,36.42777287276504,134.9312736405936,13.75998832841563,15.888794263159793,4.398309482080844
42.18323652156705,12.64506206041563,16.718631924318583,8.30558318180863,4.905365639673733,41.41798348569913,20.427701918463598,18.26715069181183,6.89969602013194,9.359893208494924,7.730708444028914
20.778721806178233,242.24007699997162,136.60317720279576,4.323052898431964,42.23741981826577,17.599035924660516,241.70324645369303,156.40410707485253,4.54580077653987,33.35523383896526,13.892860672682803
162.08559620199,213.29815544945018,15.33257062761024,5.928359795343386,16.83081480602348,150.88678094214146,281.3379503300522,14.370086419847144,6.394062922442659,13.531679049475336,6.003513906937902
51.719538398498244,222.90636406398582,860.4379181845494,13.567330861555767,8.678777676203543,46.242912823641575,220.20859669894543,825.5249178930785,11.105586746970344,11.262311116715349,6.922619342605365
14.346730585431967,106.39471571689785,34.180047281792156,1.6102415536369676,17.470461002680175,12.637854690493349,106.484278240986,35.737388521855756,1.6826841598119093,16.118608825781592,9.152047960234707
467.65156388290967,621.8866824809418,296.30877365890734,5.078868279899818,14.4977152815905,404.0919558445258,636.4718308872795,267.1258257058804,5.813985424612665,9.582576971894094,13.037257448809125
344.41098420350244,396.4866861055521,66.98865129965216,12.92299297280112,5.028170952901342,338.5784040536281,95.0732412887481,69.36125891468136,18.20241481570694,8.305369149893934,3.0126315830316654
23.904783893144586,25.68853901964114,373.8274305773805,4.026646614351439,32.88548922352589,19.41810218977982,20.92970388004855,399.35712203257845,6.164733640121426,24.125975756017354,15.236437015722764
171.52433378405937,10.58752120567444,89.62004199747822,5.0001731311554245,9.2175852836261,174.43779008720435,11.296789038484395,97.32860634631186,4.9783810182853845,11.519840331575615,3.9573785246716375
24.85089511344977,29.352740038191666,71.47887998587804,3.299500458317095,21.673756270839917,22.701219984269116,26.10560312924579,67.09387007648925,3.6455352327642574,16.261830528473656,7.223233703907707
372.7930434001084,244.55629976801745,13.271342886341936,18.588887743338276,22.58291222341542,345.3033848516218,232.64169814286615,12.55338487313592,12.136731922375008,27.21751729708024,12.158101667371051
290.73912916365384,345.9631642136598,88.6711016247271,6.574145316504305,27.1485921445106,284.5816746161976,305.0481156775193,97.49769539260947,6.3553752157397305,29.55371636323177,5.228268770265814
120.78306120644432,170.8605739323191,866.8811655034444,2.8194971518997924,45.9869386905061,118.81240321356584,155.09819699123545,883.1807025510204,2.519898526215869,41.608415034294666,3.9856625387567797
11.21436967693414,26.11339917541491,142.0091102724352,18.87342939790841,41.05407725783149,11.155255487506963,22.999126954960182,123.9575207556937,19.164780800591377,39.49956231249234,3.791055090707706
287.32209322695957,903.9057697726716,87.41504047230387,4.155386378450984,38.731107228211634,238.6423594539745,800.5895697771886,97.13352270928067,3.9263935779093324,43.285475673906355,13.039883095686788
11.993826495444287,98.25484469810189,858.9812137565809,15.729093838417645,14.870451085241431,11.433765758173031,125.98179239257482,682.7838637779722,14.520242108998767,17.348320102222413,3.420366470369923
149.75528509727388,37.45289364627662,26.336658672143926,7.523850429545531,6.217804364652011,152.74525605176683,47.85068285995738,27.06216908988472,6.492216244847372,8.236723448035013,3.177727256666655
30.491808536426785,17.685745980644946,729.04821004525,11.570548328424413,43.40333105533496,28.53691512340486,16.410045737096418,633.3866341554858,11.837335943532633,41.67279230207626,5.89557011265664
267.94552941986046,160.26474092561705,124.34679411131248,19.18981633749604,31.53418093621041,254.13683546930287,183.0377193363363,118.61934659222847,17.068196982147505,20.440250423468193,4.901379858872368
104.14832981053058,21.9246580002312,28.25869115218176,4.849235355734827,45.48397533729031,107.63837982610411,21.498967073269593,27.146865990336675,4.915323405556694,36.12913771185514,2.443394243858552
119.49657324503016,563.2455159582944,109.05904178658017,9.710866738913182,26.83764685656284,118.92632781036596,542.696271387995,113.40291962263429,10.11849681281985,24.449393559172496,3.4595353489056784
63.74036182136784,248.0961923227934,22.4633980900243,8.026447304090285,27.72784314025263,59.19868635477072,301.5755471218679,24.486565990354826,8.02934922077626,22.409026422877936,4.752219084347893
100.52527217698807,90.02156422141125,110.74042070430148,17.53866691573996,29.1245401889947,94.21594157541575,91.3313638723388,116.6388682446469,16.771126079518712,26.40066062324541,5.110058927326313
22.240921768130466,190.3610510759263,417.4877427779369,3.4576219358078597,29.253868205938268,19.457309282980564,180.02562642052615,381.288932420403,3.5504118681575574,31.95560181131528,12.111685696969802
14.065085790716306,45.92149803092397,59.09968283044238,1.772374948243415,21.716659716799064,12.689881475311783,33.84673599862767,54.9835091361163,1.7515990024028378,29.23554582455141,18.179769850628873
69.12276817562841,26.45099350526244,18.079108795739646,8.219969495763936,29.639437043376812,69.70323860443605,31.665696624262427,19.39074376535824,7.767965631325968,33.55301460037443,9.374533378312266
17.465885819385207,85.69596040411739,20.158542008766137,18.637184259795887,48.76951362214143,17.0030382686586,112.4124510845005,25.6834235797047,18.84471321372768,29.649177486206455,1.9597064893911216
69.28024259490476,60.744768519960175,607.9953313218865,11.192808570421155,45.37984274374327,67.46412098191266,56.2696940801586,576.7498672852225,13.934386183071203,42.783430679377645,3.7911811766361665
41.947859044491615,10.48969682651689,24.435034708501377,10.741449340450865,41.79073488456288,37.26950831837277,12.165459959712063,27.340026792183632,11.052020279104726,43.76468080027668,10.366828613195612
114.43194520909245,932.5648547741445,48.587219840100786,14.945503612276635,41.89060698071318,115.14061298437336,866.1720219389399,34.50126545086734,14.548109245726222,39.5087923078541,4.6827205748384895
683.0923752392812,27.50089998381437,228.70390893135826,16.427537917772717,6.574622111060895,676.2559239024717,52.483901449265645,226.25023542271208,16.686658952301382,13.163667510555555,1.5815951404513842
23.29444419944427,542.1464537793929,134.11883430852595,15.021586867923123,39.96417819619418,21.66428408458651,527.1269425850504,113.6162930496908,14.228046877745383,32.38228449577917,6.1097371252122095
167.78826355310312,761.5862772443645,15.40480861252151,2.5268120730093298,41.300873222392454,146.5011722324183,746.2182958349197,20.850547041466164,2.2883651860408785,46.32785091892174,14.403437718876916
150.8390208497459,10.933323616951354,78.74442149353824,18.767905953648555,43.55025385023218,137.19933287855815,10.114358349037557,81.95699794860917,19.48601573493328,44.875150717777174,7.53544354081018
137.4306353649574,37.999977875324745,255.37272713550811,16.58122527243692,24.34115152467032,125.29380448944796,27.60279770099612,219.820824010533,16.825802959909176,19.474284488314098,10.173780764741453
232.4088237461035,44.60893709706412,609.9486826840447,8.559654536429909,28.466213839790914,245.83633200024468,45.175813467418934,623.4622639140531,9.529356420850707,30.43067948575763,8.206580896395153
12.788397096087635,50.80264298908481,24.351882378315448,19.090764382205933,48.189477293997285,11.889393555360826,61.98860124762896,30.19143940711618,19.69330432831902,33.10466545736839,5.968142493269537
22.84731837164715,104.46484240621213,168.89687338329853,12.621823551933584,40.50876968913061,21.81314108752052,74.63965165551832,150.23105150926835,10.889750777847981,26.280894298242597,4.172146317264663
713.4129297903316,32.79351869382295,243.13819102342993,19.758939779185727,9.228717787664168,706.736385131109,70.30920096219455,263.5307599592481,20.866550490433735,23.095579629411887,4.3921271095659815
836.4871721460861,95.9678031102506,24.03629071305613,6.145594018651089,40.30801986018377,862.5140451087988,99.76935558134757,26.003665428651125,5.317414800042177,44.48148217880491,9.688795150741951
45.734332130566436,11.097405568283172,29.478447635966866,13.889613154130734,10.263072709842794,45.80384593251961,12.519343618913593,30.21307374422397,12.666684392765312,10.990687006530308,1.9868281189422183
260.2825131978,15.970396457580973,375.56265082422635,2.153642728006881,5.993629152668277,234.78950816347984,18.312306810311355,297.08525586750346,2.0450250261247085,7.862204535934214,13.134718116159483
82.1094447837934,88.07153683828592,41.966097469642826,2.5496632784783166,10.256384540085042,95.88566704554154,74.235877912117,43.08859872986032,7.6743619725754995,3.8292778648443226,9.979734450998073
120.14852861286455,253.65811677492866,989.3500028692412,12.433047751996064,8.753083075597866,110.92374292532288,326.68858095324583,905.082117990462,11.669162772156037,11.1659879460063,5.42878479040538
178.63982255183993,96.53027464273896,11.13696848779433,17.903819904215613,9.08309009810446,155.11198862857756,112.28442486054938,11.67992824259477,15.766087295499227,8.325855476573357,12.827625450372734
41.67007759221962,858.4762713389902,26.93332457493953,4.022854834593907,4.185170818714987,39.932697087868085,534.6375300849913,32.0001203780241,3.7886808311671194,7.088700613162172,8.890481029921295
547.3668694046322,571.2280979586195,351.2093135284135,13.884095516118737,4.322222781158622,499.3726499590158,359.2814804528396,328.5719612910117,15.347570171792718,10.054264258907878,8.79291328726149
28.915486265127413,671.0957241598841,577.3711042105997,3.394242040179896,30.597331716305185,26.7309597185911,714.0267487152616,580.3730317715123,3.2521115870918713,14.435226937047009,4.255682434055128
477.35663491772834,14.301231589268008,720.5073036636289,12.859154813455929,9.995947733471912,452.04211446025954,22.332987273868415,717.9612100903385,13.854907219055885,15.267088013236629,5.8913592185962464
535.0756460099044,617.1356499664466,14.634700257008499,17.60454326009518,36.967690536474784,503.9367850046239,594.8828005238313,20.29541492930126,15.996081898788189,37.99535729620305,5.011242532342512
179.40891981610676,23.34964990864708,16.420192514493976,9.314625922445964,29.111761431812628,168.84754963086866,24.22691036879398,19.02830933705609,8.59861600475509,30.964694866915718,9.155182524633544
28.687425212297168,634.4777351283982,73.92859218498202,5.889119766916009,26.343337006588,28.004926191464946,656.4050038944747,72.08146475426878,5.2114860881507195,23.378782416282515,5.338561221243725
559.2793041162423,95.93468819871204,375.121226255774,2.2086225076518984,36.03374768099845,549.0609087321038,96.32357798382823,379.80634193630465,2.0133013837851292,36.574987976238944,5.078640548606845
207.3158669581236,312.4357836502654,28.89129978771188,4.158257654042343,8.457579157010988,175.14218517760756,412.61127381416344,31.54702194087797,3.462855926300991,7.221114516889952,9.70777132235266
362.56554371391604,18.452716424646866,774.21816307492,11.306616443511276,38.40295548436639,339.14654690461754,17.15181059524539,802.6267794943162,12.180216590191481,37.617214208088924,5.724784626581929
464.3243930530286,15.750087350796273,650.3153092917831,8.581916686139765,24.072915758155958,439.1843224291924,16.74888416605028,810.8655727290827,9.30108299589355,26.044399126893982,7.210059073721293
11.789602881712353,36.958466870750094,15.55080990866622,8.289027722103619,37.571177453922495,11.19220747720801,40.36557530828767,16.357795005703647,8.767216049126189,33.84779770122575,4.2377846781854425
264.3483062176683,58.54840119565637,971.897447154369,14.592553636316154,47.37424658465933,247.4713688239314,50.72961269891267,797.39443659318,14.253892151172124,41.36835794216935,7.101485551708306
28.772166809461822,484.85146882406633,23.535149850043332,16.011847514304723,8.437075120635543,26.891870571048937,266.7979310643051,23.546273367456152,15.002697439156318,13.656603067259068,6.046681301132817
30.11139578234477,25.129497902378425,23.47890543326551,15.722048121692579,6.122338338918185,28.487165440087445,29.32838573509152,24.727970098676483,14.214636937746732,9.769482778517236,4.885583800002434
24.3675498922636,62.577551476569525,19.815793913452016,8.821711941405043,6.604224312289914,23.302358637606208,76.66126674899574,19.989656574987322,9.492378512149278,5.838636785624216,3.5731247614279535
14.199243374828047,710.7314555995796,181.61233807099353,15.521399031875855,19.16419645698949,13.599295308151751,406.0951878113899,154.72039143251175,14.382162133515887,28.647857764330798,3.2464513019381642
24.270623777170726,798.1079879605511,730.7176128408677,9.913710520168173,6.944571339956902,21.548517317223563,343.0188640114496,649.5169049531405,8.63995306286963,14.843856474139029,8.122461644027076
21.89426023675243,17.366461752790723,59.000296842092474,6.431529600354222,26.5294275082403,22.584862493865486,19.269282265614116,62.129219020307985,5.317690240811343,26.978079259531903,6.26306767878251
577.0318454801294,95.52563242597735,10.26466743591981,11.8464495567938,5.317482229444406,551.3091092018192,69.86392531235263,9.978164699895817,9.54798774682041,5.746237375178537,22.25267129808134
38.09774327852443,21.132495315066244,887.9478033244901,17.420363913000788,45.62924188868709,39.215575389020444,17.737244401883093,581.7044091960292,17.618161665650696,44.03380338630235,6.657343912932467
583.3584357746805,11.677660309870777,118.68737940643067,10.29929206141982,45.72982184970971,560.5691772236526,12.110628447347228,153.22941682868924,10.904266297129059,44.79463962908973,8.21512331180408
16.56008341886801,506.033442934717,22.969374845038498,8.489409894563599,48.34977606104407,15.689704890603391,615.9474739639292,25.213792733003135,8.447690338585554,35.426586476597826,4.697089623419769
27.87302277784978,31.37974638304491,11.050489727123555,5.957039569941761,30.000691309480445,26.7321770066778,40.46484517152274,11.864675497972547,8.099879960748146,26.64358130052738,10.31657423230449
12.905974965020459,22.35027864198878,12.786858675917339,12.231732506108452,34.674297286376316,12.664583399446073,30.121732973598863,13.101845756159758,14.158409702605478,19.172331393486804,1.6977711008715566
268.95208245756334,336.21897979367463,137.25337053451997,17.83566350834843,47.81904858683125,245.9465327251775,271.5653895599699,128.84936856873716,17.0535983092939,42.542248762931465,11.97390656750836
378.46345511891593,531.5677331941733,72.2763512737472,3.016793911057201,15.51098611296714,338.6864166410975,482.8577833687206,88.35245581897549,3.3119879873043643,17.320840192889925,15.24710333896958
321.59071554193275,758.9232045140022,37.89920580457218,12.824319842916406,38.08836114961925,285.4237149006097,774.7487199377514,38.73534952374285,13.19435114467323,29.14890531443103,13.798296203819863
130.9820409091177,47.57327148635611,14.536173534263988,16.814022628258822,40.03138891988997,132.09407738942986,49.99462406495532,15.958934305628363,16.354503773153624,38.12154097126758,2.0384536250672958
14.204201054367143,446.9205321935494,550.7859367671542,12.982262813626054,17.873195469920788,13.284338279634806,274.4018384382153,555.492318928962,11.5078783716273,14.464908970651289,4.319770353135215
20.895960085545642,696.1222617905553,10.222051810648981,14.880377711825101,36.684573611749826,19.27578261853813,583.4753541204594,23.382823123836214,13.018415855314144,34.472147404565334,5.383574731735554
23.062634197899996,23.717171453204365,90.87125568176899,17.010335572740168,38.38408472640062,21.694857082837373,21.369322912249768,97.0852658648305,16.26953393614907,41.39815384423357,6.675264694660554
56.30620787989942,870.6904201060721,22.17453980411446,7.0736457849146515,16.110102604379403,49.826691395120335,696.8887799422782,27.61932280560144,6.517333762508089,18.338207823781314,8.182641385098467
806.1345761786296,24.59456676420422,829.389522341258,15.455937966102935,32.76539226201072,839.6332594428064,22.83025511116345,837.382145469231,15.70307364359172,29.529490215398567,4.560111056293717
48.68589318981017,27.1304924118012,79.3617327689955,8.91758099223069,49.258266325355166,47.00945989900485,27.13593669708615,88.19815244801451,7.939406447897517,49.86208870063999,3.8158051950629677
565.215483823477,33.92101417446859,15.730307614993913,18.242095096199098,15.190978035439212,511.4429613816309,79.98318752257444,14.157104158238083,15.333065135392534,11.170858726160974,16.711051056221034
15.084780294018175,14.282586096880125,309.2008787115381,15.490235400733143,6.535347136598181,14.47814228755183,28.493069309817326,354.80930200994675,17.68425858809825,9.273880823602349,3.111452648544314
41.736165728085034,10.690927413057016,83.17883688560558,15.049242288014336,29.744648353070072,37.63049185960547,10.058710299362879,94.07797223608091,14.719361470220564,31.138765846401046,8.969847401205545
106.51970364275236,121.17027297946343,33.23535313991354,17.927343508824343,5.233559655019876,100.74511870045076,100.22758169405859,34.26904833964936,17.98455929855987,7.608708342485125,4.6878725802228685
182.39108239754177,34.81595826551616,331.4760744705238,3.8847195549897697,32.25884942629936,171.13596187121766,38.93386311290741,346.0138710831365,4.310308394461679,35.16405425909987,8.121238339512423
96.81935755054816,156.6398993604735,524.794861177494,2.949836815210099,12.262868245504956,92.58544151915605,154.60257777208676,471.47710183476823,2.6836209087413567,8.379734314688143,5.6491743548157825
32.97688641217075,44.53752720060354,25.62880324721359,11.485884552144427,40.941267179293256,31.091649399175637,46.431155409509515,26.674343005671805,11.861795327602614,32.72720157588982,4.27281030918666
31.52435328441941,23.871306633191754,659.3224018893728,12.132978265159892,42.48023967739558,30.950822260709025,22.74795182184144,639.7767705469391,14.533960919807765,39.658599623305165,1.6476594445356108
761.2002614814,688.2126313158784,30.667257019049565,19.139767811866246,7.007342667281634,659.1513040352593,801.5514407449393,36.9901543952662,14.562195840950334,8.928083267154435,12.689423838312926
66.15803582999152,49.371937811085154,37.766195409197664,11.7937987504768,18.734509526977387,61.7206322874685,50.98034520923334,39.827312389471906,11.059574532551208,20.67010936935451,5.5086683943719486
19.369701809010337,263.1774047108959,130.9132131956551,18.260235001604578,19.17294310437532,19.27537721297014,233.9914336647892,122.81972892176354,17.592694392183805,20.736443571807076,0.9017316971927949
166.97626080477994,421.9551022174698,919.2270767700164,3.686746916983977,29.89864033727505,137.41563715948158,360.21085766599975,913.9306025487789,3.6150032406982513,30.78306870583666,14.886096893286155
116.64878435406003,22.15046846430407,11.322677313424634,2.370123423708569,21.504229047452405,119.51997997130285,21.432714152995953,12.695763860316802,2.361949898508176,25.97118922950197,7.2053965678416
70.61721675118292,134.99216230700446,557.452534814328,5.41927814710606,44.93991981552625,70.61873723800716,110.94287746869409,515.2947455498609,5.579137887677548,40.718044918647564,8.088840655575204
169.7026827258082,363.290345078095,395.2546641755379,10.896167788515449,5.436406834462161,154.7084726980314,279.3598798943441,359.87809205557767,9.287842431011969,10.527719413905906,9.008982310215908
85.64772286804785,33.97489779940346,12.870767446028532,17.02672672031904,12.776959307240451,76.01872967366003,39.292882301487055,13.974302702279914,15.302403365482343,14.701258861999149,9.980044897420782
12.858138513257177,43.72782932770759,181.0586332916329,18.34534859376131,19.174190588454973,12.307428386953164,33.988328116648105,185.28792397680047,18.492076938612083,20.58252725685785,6.609717249883973
141.08367244714503,101.76668067705266,10.499550145180681,18.055581998247984,28.10674258332803,133.41902032770403,90.659641793375,10.456842446064146,13.843414311189505,30.871328007922166,9.720886363455024
754.6732374215579,617.5088837404561,200.442729381018,7.178880123487134,47.27846305855204,708.0823293797134,484.7554342889518,194.48659655197565,7.368881734141248,45.441878828538016,12.87094395800938
37.78121622256439,15.540579000820992,34.64822327825601,14.96229713814705,18.807343678767158,37.33353348031637,14.009484895750246,36.51607774579428,14.32115889558736,19.196555665945855,3.070280576317027
103.58659650104845,629.829152484434,525.8632458139577,3.010059814619689,23.178830217778124,94.16497327545873,568.9635141932026,525.9757193285186,2.8203365668123985,17.920093550566794,6.289520297327941
13.783598538456946,12.129096337371019,80.25543813652608,5.143496250631316,2.3463956102416663,13.580357087029608,97.43787078292696,82.92376476063146,7.411741165702546,11.349732544256042,4.723839626666834
245.35632611551398,150.76185875326422,136.16380496551093,14.446373401774908,32.175482488777696,250.63631522809817,152.90769471267572,136.02170437886681,13.52574793596429,14.908592993885554,2.089608754232934
44.46183181049024,175.21072295298592,93.31481436323102,2.915952853737238,19.97372903315709,42.07488762217484,185.75895161832491,104.63649871277111,3.0572249152924456,17.250437064609052,5.69208341887382
20.322161460022638,52.28140056481298,329.5535377310605,12.24097748004092,45.794408537970206,18.981164041310834,41.28877761849515,313.3913868507891,11.314056505555751,46.33236324075769,9.191334370626654
21.01760746522823,45.24356045894278,503.8329243320011,12.133201747678237,34.1156603587593,19.011381744289512,36.73488726009309,525.8957673792328,11.213116021427494,37.05861669545831,11.29699350939676
837.8040973416771,54.649518723896364,263.33600036336315,6.252924379392118,49.87785728554497,859.3659393929324,69.85646353063802,310.76486146312715,6.337376459033924,57.375504895540395,13.486904341233522
15.787520998209816,25.940020757863707,70.05966696756013,4.346627684288517,8.46521719632067,15.205861368296675,39.33673881124331,74.8799874348213,4.960789515863071,11.9026692512677,5.121642405851475
289.20142398038774,20.0898547894111,18.49403369270487,10.459504404031922,24.799298689263328,283.95896806790904,36.93844240565764,19.018737438831412,8.859696684262405,8.899600617792073,7.44950855309386
20.754908706765242,208.6888898076033,57.51595815586317,9.983480815675323,9.398471400172618,20.222149984425688,212.94392038093886,61.30600793077649,9.232868351829548,10.45666996794252,4.693081636836055
36.17341749006441,16.500756451363905,147.93837575435168,9.35917865220816,2.9264404261400774,36.87868696299155,124.85806014236253,147.57776437247273,10.988826860317904,8.239875462664525,13.555534974855533
53.89965797619993,95.042638823865,349.718643712088,9.218193875364982,42.36209568792828,54.68632949094465,78.94752487154405,331.7247897223663,8.463692782612874,39.882835918652134,5.206788524308055
94.14971711105619,47.212347684634864,399.6141765494049,12.401483999447342,18.16967870633957,90.47352355734324,33.000419117024535,391.1071171405288,13.856632451578939,14.366229593708805,6.776579188103442
999.283715873972,28.706474813142616,263.2731405762818,6.797065035551408,5.944945697120131,894.1118839152265,43.98559966635568,309.19327169268405,7.074199796848792,8.103241680975474,11.76457577636783
112.43505547705607,10.838267682546338,300.44760951554576,6.70737214992389,22.487909659307387,102.95701461004796,12.612829019441826,372.50918819840933,7.088961211998501,26.31836071448608,6.522019871501322
15.05158502986489,42.711719242381584,204.09211337592643,3.472528155259437,46.17172951729605,14.220767425137302,42.254313379908,207.6869632732866,3.529364017443917,46.42068883374331,4.066446206434621
22.33540370455683,32.54864308925941,187.9341846711221,11.548686967258979,42.55784504428423,20.19602065139514,30.86974356187403,185.0897493636767,10.895939449296556,44.649387374840515,8.142545907309351
22.01138237168423,81.86855515942848,509.5233968578977,11.623800049335678,22.26689189023937,20.976990311395987,72.02690749376927,522.9751907087162,11.022816638378828,24.13273260897581,4.689355097579541
32.37546510735947,116.20911379952763,72.5950115351064,3.6681521508491355,49.06072463657684,28.002891741634926,88.43610517846189,80.50592877199533,3.5466033488408755,59.38247386205244,15.259171553764014
49.9908517146732,59.14590304946636,11.18020991443014,6.505871877725419,42.81736253539431,45.290214118413395,64.53626094387555,12.354500936877217,6.421592271388266,42.39672120347542,8.061403926600459
20.62855073107487,161.92787388167176,60.224292175221244,5.565429027757092,12.06057150030039,19.602013300260662,198.88555747413332,60.88374764879226,5.275639950757829,9.638378396072802,2.9635530342055634
141.53656146316266,479.5559049565658,209.1098546082817,16.41176352730947,33.54353610529057,138.3588912584739,497.1896234347007,202.36997432342082,17.94607426720874,26.873190600423243,4.632479043198693
63.50658162739488,171.74456420514704,95.41852180343244,1.5095337224958103,5.010247898027297,55.98317211840928,184.8865030412098,116.21391976232711,1.4277078491683504,6.1061405023292865,15.507680486485242
11.14593514916021,179.13564591947735,20.590643611233627,16.51273071026139,32.752857422780345,10.654981126009023,246.2075035961169,21.77739145026787,15.298600108056585,22.205073611508716,3.3142779534256697
174.9163739525614,783.1339295274154,55.39863566470713,7.409771935535405,3.3571286898501427,144.51062578682382,443.9609866950476,56.89617037440855,6.676176129444828,6.07472686248092,12.270373623280667
25.572999758342743,790.6002351552788,15.8038197225759,5.494249312126604,8.784948826682864,23.61452176965559,491.70349632208223,21.75367750756881,4.76808055696132,16.04888997402835,11.623141439787117
98.15155705158628,73.99536541535822,327.5428555589123,1.2057289506032478,47.44124566341337,88.08330530630086,88.11300255775693,315.53120932813624,1.4776716098168992,54.700625353493635,11.60342780207607
37.24349746090729,682.5956305351115,115.07050796711792,18.332921260934086,43.13782437570564,35.22975306016869,624.0891591287434,95.2896177821124,18.153073405040168,38.2306430517001,6.440389936165797
11.88070995405235,506.67644644721537,153.73438073735048,1.8707603653257072,9.612195098948211,11.637019939894541,540.1590377502297,184.31826739363038,1.7457017707897058,12.647802859972264,11.444344470108947
259.6797495882896,47.7086912677471,183.97144411587965,15.640625943032456,6.189679710124301,251.4093294559414,51.32678355223145,185.20128061590628,15.775094856519114,7.928002912171955,3.1674450017249396
15.598974098561591,269.5231543515947,10.018087050581183,16.097449001112818,36.93862545497865,14.941594188411736,351.0559804140551,16.175163008497304,14.591344634780684,22.2567944935566,3.7876796313233796
110.2213095137276,14.634206697469887,76.07518843106502,7.267160013222996,14.597379679924682,107.90658416450097,13.870558250073943,84.61279310217033,7.533862807486207,13.9972408150565,2.989195409792068
15.501170814651802,581.0869631184719,878.7397309699704,6.353061299849648,23.899224595620844,14.85395337727271,277.42078659056824,793.5053510010584,5.570730690383829,13.137630567933295,2.728448791511065
12.800856509696853,68.66847132681931,12.04471248889767,3.7864130984452,24.20126967550648,11.968395779884704,93.88277985884415,15.151552521531901,3.8149344608685007,16.674528242601212,7.204203955589071
11.247322967082775,90.0318712896552,591.8805983376318,9.860262726481102,26.44775764674989,11.15335118874971,90.2987725544918,593.9146885264117,9.547938466677353,26.656426014192036,1.244077411383311
164.0840322940609,534.4928221670233,110.09362267120135,18.322898619772104,31.115642790395604,151.222546774292,481.18432992263484,94.35490544616776,20.0847356712847,27.961862291526042,11.126367083946242
47.66659221782567,18.648816912778827,90.83854826372601,5.41267700185693,47.69947420803186,43.99839975684526,19.343214477227164,93.34502147860974,5.708318645716553,48.667565094247884,4.892688638366584
161.43274856266223,797.3572309674576,325.10990678701967,13.982353652430907,22.915556096886945,163.88560421270134,792.6975507239131,331.1100851639831,13.84297668062254,25.466592114814187,2.2764554240124486
255.64676366328652,121.56232755262086,29.641476209822535,5.584262787683903,7.094518143903463,252.3427087315476,85.2970212625435,31.777040899439108,5.835248239117663,8.125171752118872,5.569750088082714
432.9902646311357,970.605361418464,21.502624408336814,14.800722923830802,40.77826811341548,389.1387952674475,892.1977805956429,29.533584603690805,16.139619759500587,35.08741527942243,12.715046254773998
14.220881355062138,989.3285557685601,23.592403323265223,17.36502472520305,6.514890083847961,13.471738576458291,293.07039159138355,23.839513067136046,15.3125220899357,19.23326678114635,3.9294019835018212
230.97807227097005,12.988145101929378,12.9543941629663,15.0330806981882,11.924246496648943,212.88584271480298,38.39630055609869,11.999524875066589,12.917332489409855,6.994022830160471,11.339115093224809
41.92743462159009,854.7695597803786,941.5397221694908,11.802787760782348,40.11628205805647,37.304976809949075,283.3112036225066,875.5833995673606,9.066001775451069,12.773464296345159,6.7110551788875465
17.332698140656685,241.8265985583978,216.11656074500252,8.044019714016354,48.576137186215725,16.669556946051536,223.3582725909454,201.6511717905475,7.415178572620525,15.13323029957509,2.890324291498089
77.76509338050614,28.37565383423953,234.457135386357,3.603680324023117,24.658062773901374,81.17703725181813,31.486722797694497,225.36655889421192,3.807978005651771,26.33898972768787,6.838155138685023
108.7386783194234,23.86189205912254,150.73073373904887,11.876426278292433,8.22409236621568,100.84603457161647,24.318871053779233,158.46621347889743,12.06255794914929,7.256978228244726,6.26224661519115
116.2511656363663,184.16741710475046,148.47350303772743,13.040059047821071,47.215326634928694,109.11530492399775,208.36157612557898,165.716989256895,14.409914605533153,27.64083395051951,5.264841981079893
171.4357850468706,122.12623227047557,136.32465960756244,15.013725112626298,24.833020007620476,166.9177839608762,94.87550870074276,134.83146335457468,15.895314541873425,15.011141195902098,4.497258688684855
683.6532561789559,184.4606171065891,633.6999741777383,10.255994903147666,13.053943880587047,621.0990602561749,119.30305912898073,551.9892550993973,10.944635031471535,7.742658932697159,8.43133681819584
40.967647285175794,100.88487388442094,17.082823666363243,3.138042227885452,12.084263421267146,35.923004857898114,99.01147099885462,18.251782816453265,3.004683124902054,10.945367384485257,8.111620485100604
20.039725982491753,124.84564461533135,73.45715697542364,13.96443125856474,41.646349478314676,19.25647772040011,167.22840656524554,74.79656620646537,13.861932462083287,17.465575390629215,3.1634066881187297
700.6622143350953,851.4219857089554,224.586510104197,8.24908948743197,47.557896409766556,611.4960205549912,744.3807395775436,219.51926606663895,9.047864545579426,41.10843215937083,13.707404183295951
39.183578056215794,46.0147006295881,234.5850607047558,1.5906770702275106,19.74360837742537,37.841032062358344,40.12623471974111,233.4269027764211,2.405570403584625,11.147594312655345,12.151180305322686
746.047491102964,988.7807912331095,294.3462314982805,14.885932495009554,6.506016828219076,691.0945196496323,608.0317781500555,277.7230902761962,16.38517289651534,7.379829594699385,8.517630467461073
214.32320596084202,621.729373457933,745.1387885838076,15.574601710712624,16.8860135537449,219.16832701113148,397.72653805146894,678.7557612737538,14.964080771221127,9.946759813964444,4.475853275611417
465.4829391654498,140.56344086857794,288.3826056012198,19.41877910641172,49.88044870898105,450.01118635415514,141.6203455312094,286.03097627999296,20.78210774521058,40.43665220904456,4.126004863338016
100.22293472966905,19.073267193222176,795.6581676173099,1.664960444119236,47.49004696921873,96.38636977334916,18.97754437028574,638.5111427548723,1.5857338427785275,49.78650840767977,4.809846583921116
853.6011942404631,285.34820335324383,723.3780238598396,13.051623735979106,25.904515246030844,788.5490498669334,188.22952659321112,626.7524739828849,14.113090223322958,19.61693910019314,11.016478687738545
10.798763073630985,23.453119434423417,14.159628899101953,6.361225572367079,38.495890204050674,9.950607542025448,23.86939581389912,14.77954343354554,6.718000997104271,46.22170997358208,6.632020678944869
161.5606191855518,21.47458572386834,17.832174802899214,9.44275363600228,22.78091291129123,153.192431110927,31.222350731707166,19.963207743418334,8.654523349900483,15.548670460298668,8.914332661331102
98.79075039100279,471.4141353982124,27.790353097470458,19.96840216389607,49.95303070344723,91.07928548320533,410.5528807230289,32.010421293176975,19.898014213026286,46.109306945352415,9.476779924710002
10.38781062461388,64.37484803915422,22.57244838532695,1.999916952040564,30.84829885577405,9.00578396941019,57.0779080821919,24.289761234585725,2.0149552786193268,29.587722445573032,11.374448241094006
17.045064644594785,24.270519616973633,12.793050309185677,5.046175629756272,22.176035494488666,16.26717008508742,26.78928830448848,12.845165490588316,5.326158544968419,21.128928468164776,3.7346500215536684
70.36993513328363,324.44206084067173,657.7286148452271,12.169576061639646,25.922535230139424,72.77270032258461,213.74144643977817,635.9813680748584,10.750454360896299,22.028429727544708,3.207281940460046
71.93987820005358,890.2601070607338,35.01261132645549,14.771738324181621,47.3469993602241,77.92250432407813,894.5190671366524,39.61550871693634,14.110328174885133,39.489166788028264,8.380894218220888
391.84339138843217,122.13298043418456,44.10529815200236,9.41155769791186,46.116358626312795,403.564813997678,123.2430101611508,44.946540654626794,8.994714856725123,46.94679970609911,2.1268824700194076
727.3251920354132,32.51134188662664,464.8323142385434,8.211068150792995,49.94482823506589,668.5035142908607,35.5417547686595,515.6594345803325,9.38442914249079,50.387729835439785,14.42447435994308
507.76813133620266,198.87007598364653,246.16502361635568,19.48339069484424,16.65030948934825,480.9882017561521,207.43698365304934,244.97771822329162,19.182729190867736,13.481321306389388,4.211515005747097
74.32314053858282,77.91970952491747,110.76830568113891,5.003027080484129,20.631571297457924,68.10301815490286,72.64938954794273,113.08346241088461,8.251045090557867,17.388103052508313,7.122149965337058
182.49782417776012,11.915110257185155,14.2786781521,15.923370651925698,29.238775925907955,167.22268103398937,19.25751727458984,13.52448869878118,15.290418560398935,17.91555982782065,7.70073606765129
162.88093110744936,706.4181093593033,16.375373984338708,1.7712408094745045,36.900601509860515,138.28330484832674,696.0326600388439,16.760697817082125,1.5979674885009687,42.64814587555994,17.900656755569045
523.7800618506135,41.21890927200803,708.3981548030936,10.865565638089542,25.50620597792405,493.773731850795,36.681332924984524,713.6754374246603,12.189936477475568,21.648426893628347,6.945326749554059
20.567269790739388,117.71755343124086,101.85328069577524,4.209049402616593,2.975311927788109,20.2869044282664,95.29520462074572,106.79509665293507,3.947367047937045,9.26260694334659,1.597751986174324
42.864993898084286,90.26815489552598,58.11413124148545,12.125222228785056,32.29477758120172,40.44357797877973,99.5836175819694,61.14492213949265,12.217425863450787,25.630406870094227,4.174864559895742
27.471748212598825,206.22104964527412,18.38698987857975,4.68721348919072,36.27916355515685,25.5867113993956,220.5468962229061,23.746118033151237,4.788869731304709,34.332804899131155,7.05172092148241
89.14952298630668,614.4139422259551,49.20611394184721,2.139330692843868,24.42592976886518,82.23079256875117,528.1068217876573,64.12771738709549,1.9506768697590218,22.595479877196922,9.55169669815848
72.95530554783905,88.26314978905508,41.50435745690682,19.370040471224524,8.988721813375228,67.27503787398514,95.59953876830053,41.2880865637888,15.026429563639256,12.934087782287708,5.689799792409173
357.10731117173214,562.974596873229,684.2390776190314,18.726714448370565,45.467927828254176,376.54914198980947,345.29770796973156,590.9670859661059,15.49572813068526,17.616226012489328,7.448315076728222
85.75500699874205,87.17608477010582,219.80001994073655,2.152508460359651,42.948191074804974,80.79088971489327,64.65962889932004,211.52019201601348,11.379483414155173,25.51619724181646,9.154887482441703
544.8183164090564,29.011788595420168,730.4895390333046,6.98575403087364,21.915000421677206,542.1594314281016,33.74583652990987,745.7694683314234,7.334691047983408,26.491157208948053,5.652120836666728
12.551613674977926,392.23612544375356,57.976151389990605,8.825829247159241,48.68795143293336,12.399725041061036,464.6187008942676,47.57910109288862,8.707336857495974,32.28686238589822,3.407529645368723
786.9435137194624,114.7071553993003,899.074018123353,6.890874839511132,29.086106847977508,732.7056197738351,102.95835528689443,794.7280632989219,7.6800873392933395,35.91413230733353,12.7931104789394
11.134176999913475,126.75302710947713,83.6330463758555,16.141015676471397,37.761591399222674,11.041707688768248,158.2750339871721,87.18863067463211,15.287734436072556,18.115730786519112,2.6329044636221353
84.34476312432076,305.9064135324505,41.42144463240763,8.47394790041222,18.33617791033949,80.0897974802194,403.8192958761001,48.4404410522036,9.104313404667982,13.905616018396659,6.903094063581963
73.7064033007035,69.02690669838788,93.77032265718825,7.586255332898028,14.307893657534903,72.79418963664659,47.01194997381646,95.88567066220715,10.264800076133923,8.55598301787193,4.501401116469919
18.406312080147682,106.70759334949288,34.259762321633794,3.4051502810907914,27.28775822136415,16.74957377903282,106.85249689943088,38.090643751384256,3.55927444188352,22.37263193907377,8.12445271024514
19.235015600485372,387.68465868058604,97.28953885210693,10.24984623945175,43.20430793536703,18.18053956244317,493.02433457608385,75.0104490378827,9.72807036066359,30.66577365661337,4.143518345872241
498.6325222586865,26.44714978439409,27.874466781141532,14.090375485783781,27.96532888801228,469.97896565222266,54.95634926960266,26.420796455533832,13.227632176518306,7.769170668093194,5.73242647165488
193.38572332215276,10.985291083710555,10.697841973208817,12.851119312705176,31.757842557990923,187.957178250617,29.97746318871854,11.055364640771275,11.096509856145339,6.6458432500889195,6.7593742724025265
293.8853108032419,122.02307333319925,16.575781839056567,4.928054006178183,24.419500161946125,278.0429071536361,114.70263239927534,16.004004920489557,4.265476618513585,24.25279486795054,8.50068551910355
290.9531627796123,392.74785783883567,164.7772028382454,8.05244831047742,48.185989464272865,269.91589978364334,322.7844180284494,166.82930884850813,8.255135136168404,48.30993736256585,10.49218050364645
12.726451742734763,72.13543429631369,29.88254109674296,19.169435837415715,19.43666986854596,11.856790565915867,77.51831178527416,32.65513332821044,19.45098803507598,22.13194559990312,5.911532087924997
742.6153105296303,160.86021987864606,11.416574519968108,1.762665608072537,13.113792234279828,704.0340370073249,375.9285478681394,11.743076895586556,1.0735868167491172,9.0644804174196,37.74833732523984
198.36283446567137,15.382923290699285,17.59710183228088,4.628392316900536,8.382252344696914,202.77822670058694,23.33892230618674,19.952181207766,4.232925688598382,8.978295586129727,12.396941462421676
13.803637663260046,197.07041607982242,225.2772211638406,16.730250696530415,19.807053090790493,12.911763204698996,150.6696797883577,202.89209700598403,15.315978760353413,13.108257240582468,4.61737991165595
21.23797574549394,33.146579488279606,20.63765564402943,5.026903499928478,29.168125347342098,20.117656416897788,26.35820243191726,20.68886402314847,5.053329993788887,35.30675149610214,9.951953357005552
908.9658753522859,41.2302109933841,22.71769363935939,1.6151190982485044,32.40642857197607,856.1125500722056,44.92431320005543,26.230821893045253,1.4992053805034875,32.895696508597744,11.482271578328195
184.72592616985793,341.1453267499042,19.36125355331645,6.225338207057357,43.74892581136624,189.10872449987514,302.8258406384685,21.339932147163605,6.045261651515023,47.53659443764138,4.052318870293492
11.95467981491877,220.76236242723286,504.35951003323277,1.918534074373596,14.259564472466622,10.647750061073578,202.74381764506265,469.76059837353165,1.9917941823615986,15.713684097119199,12.396287058379803
19.623644054413266,160.15839601285228,695.7624805655372,9.317598974244682,18.50270951330483,18.1270456866033,149.25764370356762,652.5467868989886,8.620593139769468,17.28692672426036,4.884592802109834
76.39751633247985,672.7715127550637,309.18431285471524,5.890431426116473,3.9537047514732806,77.90486096543663,354.3190440424858,300.3367833026931,5.39716403252061,8.974347339724341,2.6864195677372407
25.944852221496852,730.1372952629691,64.32854975300869,17.864600021641277,31.045457823916433,23.439149043832106,561.1561534681229,51.384727357668694,16.950043841232755,34.488046253918995,8.823760922865668
34.77252630297457,145.2874525296986,538.9032438464492,3.765999459905183,17.23725449177569,32.50487669647976,143.7874083328204,536.4434122096702,3.6464572468511864,14.969734078108173,3.845566093283706
189.19107486663992,502.09434494016364,39.20772670157684,17.459174224555994,34.878706246565976,175.5630430765736,467.08571667043435,42.93072862890108,19.043647851730487,28.35776491020354,10.95315914911947
822.026174837514,24.921313884888463,12.15717636753351,3.391708454768278,49.8802447658019,823.8503075453865,24.558369359859554,16.416629587431494,2.706091113367993,49.3600578555414,21.052097356719113
100.12983472496289,45.29217037557092,55.129763078757506,19.862798721115837,20.10507865862949,100.87634566805755,46.57820240059169,52.446070652623604,18.31831678976228,18.367056556461673,1.9245758821861976
311.2850524004112,32.050583662733494,425.9468928958434,5.572407465064057,40.74319802088873,301.77943696555883,34.29254700184044,546.9295356915887,5.612057734852922,46.74448413665701,2.6684637594450016
24.83079802309344,868.2305545384764,669.5828452735559,17.16373028984472,16.570823180591486,23.714898566244987,280.13342404159414,703.6864785897043,14.767972834316314,13.139130177954085,3.7160908928332668
432.662344695736,886.8891409755852,92.78991495374807,3.4308589349069525,15.083653922004345,357.16077091352014,926.4207077061131,115.18563213680949,3.246104455815594,15.10643489335776,15.744485546441183
26.04587067842276,86.58631159546385,11.166594209234962,10.253714147763594,46.75411460660658,24.29858556230458,90.64681119499464,16.18634894784828,10.082557084450125,42.26449994842434,5.8022704322595855
609.3556889383821,173.29931009792895,99.51820339639717,4.035551488367895,48.21361685822022,649.9354256614808,174.96315439130186,105.91546143880612,3.795785881673643,48.60222967402404,3.9340381151827843
20.064600555961444,33.499357643711775,662.3015133819813,9.167496812712582,26.513032130527684,18.173299518055522,30.675045051610045,631.0294973512174,7.448470005871708,24.37649175348124,6.198223792234795
275.57889443535163,217.44419306911857,191.69923553145728,9.308179999014522,9.99566793788431,268.67956349750665,185.68436366402767,210.04119615469926,9.084306104298294,10.42130961278411,4.459382526293408
16.201660976076127,57.351695817278205,108.84024140089862,17.301502931376525,46.18726076764736,15.449820612045418,47.256828837876945,101.05737403758269,18.21218622451588,32.23607295687017,6.51702676505421
857.0159987295254,138.8394847043827,600.3430818126506,10.275931349143566,40.83064494420085,871.8913567483177,151.65037268819094,599.3989765128771,10.477262469184465,46.3615261784234,3.500360425647305
550.3118094245165,475.4350261422133,363.35911675072913,8.824903485932797,32.350144470584944,497.8165128907441,412.6249817755664,346.8210277853225,9.712050713234875,32.804605867132146,9.497858965438203
116.95580979516897,16.5838090352639,431.6510845800629,11.329700588019573,12.131045620959908,111.1012872846893,16.396746803906343,415.9845223103335,11.815825931718216,13.839429381754833,6.960015389157487
157.06539295289187,24.540492339311484,925.2720351879836,5.853326014904583,43.93607470268436,144.12688893265923,24.469255386888502,844.2193060363995,5.661466305737474,48.11539814521277,7.961222146083706
131.4764639348125,920.6380815193289,120.83379518561982,1.3205214791392654,34.124117703714056,103.62255931349915,661.9151351446105,122.03209072505287,1.174275590518449,33.70340791275775,20.237772079407918
665.1053386230385,38.89689892214329,705.4791809350565,2.036516474984313,37.17952131714938,635.3296300934159,37.383596654028864,824.3757545628174,1.9228243600396262,37.93311482911347,7.748301769091166
22.989029835159908,169.2777354426152,12.28728873774759,17.642094737345932,29.397906282610062,21.629009465418363,235.88105090475509,11.987373048269133,16.99765363002071,19.462187429059984,4.788074345667764
17.39124182010853,176.63792396884517,81.68150440788861,18.608388283122547,43.11228204687265,17.15313839884016,228.74899926156633,89.36387551992988,18.377105492359092,24.01374107364305,1.100892648347099
10.344184977879397,51.372282799784365,170.22893791208307,3.4653866113744005,45.03713178307683,10.063281849549755,47.27878899838016,155.49787922280228,3.5066956880158626,48.19173442721054,6.382627205148536
391.84941823092123,224.9164311971654,176.55800039389126,12.960928742436352,25.14258772371062,377.94541212575274,231.65695802369876,189.48873391579042,12.57469778615166,23.928437800952302,3.678458821574846
14.202331486999721,25.978030522175768,158.42502574698335,16.66766901971617,39.01513855392764,13.994590170908264,24.135125668966683,146.8261544634378,18.624618291654333,40.92940395926485,5.913902386190059
14.384642419137018,503.22431748859464,48.55579387147808,8.718305665477535,18.313332593002688,13.983762106210083,430.94574617429413,43.72109854390713,8.359293873244198,23.297432647113975,1.7916535026309517
26.054048304725434,155.6553006696743,46.40889277870295,1.0169685589318136,3.1661260979150883,29.844507992747968,114.69078038449715,62.10258043419649,0.6947704519756965,6.521476016587811,29.136049386719314
22.165515718946335,15.77483188604217,229.04311276922206,19.15901282914613,49.448749844824675,21.31440052139636,14.005898801996597,196.3867864371155,19.537097066378436,48.131679846800544,5.836958557723855
134.67823876284305,657.4823452328942,193.23520751253866,12.252709709297948,46.74239311770917,137.13359333006932,605.4791173630109,208.79771409275,12.691242721715962,45.312969219963136,2.579565254186534
46.05589827115251,90.8541092778004,19.908053090850345,7.754120003281612,28.194765831121508,42.323430274563314,94.92284013138355,21.74580960840181,8.1538698369618,30.867382307733006,9.428497604638352
101.08248112112426,269.82455492273493,217.80762824713457,14.150067024813374,6.781017829211357,93.71110582860531,190.56904707257033,212.38233056383453,11.74195808651516,8.7292732146155,5.769273385895941
275.6865181225609,29.43991684421688,43.441933848760016,7.696367788077699,48.74161282705023,262.92010784714233,34.95776867763852,46.839338651297886,8.624903262577865,46.87977356007998,14.450685950497299
26.0997244245838,817.9221066160342,506.7761521178725,2.278589487001063,18.878415965638343,22.747175427643043,986.6034369011965,493.5034221992357,2.2419813596432183,22.529512548790276,8.190988331927095
20.255621719938663,10.325803362556456,116.43933664762315,6.539220657450155,41.80916023381297,19.730528765193505,10.71020976936222,128.61404706819525,6.365893348519315,44.17189833741903,1.8628525099774609
92.79664987902873,29.9108800291226,52.549098333881055,13.152622494358543,24.67938166718598,90.67489735743138,24.30222918149158,54.84653098688019,13.770479805635606,21.388782998889674,3.1714483399462137
681.6589070531079,10.177612089588289,564.9754705433539,11.247043410918499,9.259976954792636,633.8070487570966,17.307631542789494,625.7897752712319,12.133865106934913,14.904588837115258,8.398398696895628
29.757684128543918,840.9997521936973,20.75949861156091,2.9979413040322718,8.608760558541737,27.32359426949523,525.643548573938,28.554846714489955,2.5984875908941354,11.64927302631315,7.050114776947311
356.6540824544468,178.72421850662087,17.277113152150005,9.554496644145114,13.549705754777772,338.34810704851304,165.05932246976303,17.797213404594252,7.77940726026085,15.094161501557133,8.647505677940789
16.2092727742303,31.184152279422324,489.94016953767215,13.464026315884137,3.1969560574260982,14.869110237911967,240.00593019094003,492.37501262982164,12.734950312191224,13.95994772169275,5.74513535562176
443.78244546282144,94.2685343646603,274.36219325882064,19.308176884546615,11.526484446832853,426.5589864393044,122.79116039806945,261.8378003251844,19.04874493237283,17.566690576794848,3.6811706822368992
16.899189705754743,81.1515351759503,110.13899709581236,5.924816693126356,37.03122252882237,16.2739981347843,77.25433940852682,104.78678922568427,6.169807482686325,29.179182643352167,4.6688637889175535
12.07370325174624,43.283958697806334,48.78994086892106,19.605418491999895,30.777427684600205,12.254387961480031,24.545099347200384,52.54237172188429,18.922649805330103,15.026021504181129,2.862778244418307
48.23383882630163,17.071796587095413,29.370502688144807,11.579947944559832,15.318366299030433,47.818388703773714,15.059532293824399,30.849659489125017,11.989136377283089,12.743372494580786,1.785295304617806
48.79740878167174,63.04850397937416,81.51663423379638,17.2078381262103,15.922686736669252,46.164862295955444,53.283245436998286,85.9096138647984,15.97327034019256,15.600724286581698,4.945024326395846
31.109325489102783,243.16075712574846,49.178201925434706,5.40561915354785,31.57603974434411,28.011501329976156,242.5798794775238,54.29047405678002,5.318405018075467,27.629580777355155,7.638059913178055
35.658469506582676,17.744241655471757,242.5439723502299,19.242840570679725,7.5778440255756445,33.08479703648424,21.918659272961833,238.79461803005782,16.94914691601452,12.635667591193432,7.9434083145300205
313.12794208766496,126.10651858684344,32.24256716476458,16.646459966301492,27.651177714960934,325.02597044812586,133.356377229025,35.20533906926517,15.63860018927553,27.297095341141677,3.613889929774495
322.58041819539153,86.08591416175113,49.28177604521711,6.546763962955557,42.23020835831125,313.36564496034276,82.98290310272687,48.62575314152763,6.499768909812282,44.40959225584323,2.867163699453099
12.718324752638852,15.31988895941152,15.008462825225855,19.099822937946925,34.834473978444215,12.109691222112513,13.795932369188568,15.594831201191214,15.441682423025885,10.48040424281085,3.8169081020781293
25.148361152383856,622.1200027042556,110.86445299929416,16.19132811624336,25.314863952179653,22.41113788674917,474.7490144502956,87.26440349195684,15.494717188124438,31.131531109789332,9.961212603106958
240.6797650056403,205.91545107073264,396.55703139300147,4.069385379805305,9.858713496416412,224.84324124286664,159.0021203170869,416.2900242112168,5.5476902283004765,7.49568391085928,6.183842929624364
10.161138352366368,467.8603438604787,23.375421863793513,18.85201838783241,28.81996977414539,10.475500136439708,381.6903834103363,29.5840396706738,17.903658635173024,30.872188863207473,4.47376776596355
223.45557660125945,35.00872864638476,105.43298280439792,7.355317319695335,47.00109427695374,224.52799005420576,40.151944636707334,124.78343922990682,7.5854073606288726,51.31357287695208,8.59537071024154
132.62609018417726,914.8636345801525,126.07226390423797,13.265580477948504,34.52362265197635,132.87386169173354,894.9663218107447,115.67372782449876,12.984428102956665,36.78238505593514,0.8835240551291531
26.325129029447755,34.74089020589732,40.58157854401413,3.997276759653341,49.95636951870601,26.52360946810148,43.80787856024628,41.30765125874061,4.5354878658830815,21.91180074937189,11.664598096237306
81.25501703731263,47.44639560899412,269.3544209401516,1.6275293192572835,17.417456760124278,70.23758162662536,45.086890264562264,234.3948473984879,1.8402926251043576,14.89124996196575,6.442626301598822
954.322438511117,889.2776871740605,290.531920224277,19.53144211681963,25.202481629993247,902.2017878028322,640.8231626547588,268.0131839841964,12.211962641366487,33.95804405806179,13.193100875542754
16.17856228306127,175.02454251896924,159.65117738111738,7.0191754256404115,31.567228994662795,15.743088867773345,182.93399513262318,151.55231584905326,6.764777256812241,15.009872198797439,1.9506661487215762
212.1673970356794,52.07570145659637,609.575688554997,9.056115590727623,12.078820759862891,228.4514785103682,44.965463004996,588.1993040060759,9.820928556769365,9.820045100128912,7.05983111830792
18.448636157753874,33.88558070205576,13.176168739524773,18.931474372882075,17.607938393100504,18.703228821348155,39.11247449387338,13.430479889323149,17.88605879429283,16.88581927638613,3.541850578577182
14.738436022373588,375.4065960497375,28.429511150801613,12.276029135862272,16.570975013349983,13.534643191270781,298.19344113897984,29.852603777909742,11.41263855598082,21.40978633890329,5.564582687505253
27.80410757516612,351.79516029102984,515.4551090051381,5.789570648212573,19.38023346472212,26.86135584514728,211.227372263128,497.18391119339435,4.866105503455296,9.844424904891184,3.350815668667791
18.357764630039277,971.126807025103,33.182668724008266,16.381127608738343,2.880926002774432,17.158929522676054,184.9622534093838,33.79915787264968,15.348513429889126,13.265279215937912,5.73695327788672
13.379254014598958,30.14749566701094,327.36511977364455,9.02109416156745,32.84854087558203,13.163367525915158,32.43118648453992,376.4529557369492,8.354525010398339,34.82364356159566,3.6256468976054363
295.9285589310238,133.0470072875748,150.65103326289972,9.125967709843453,32.18764085856836,293.07206371626484,123.17805601666196,155.22679424854124,9.901545123960716,23.01106451422379,1.1392783905016082
907.6823944323045,69.58824484984719,151.21270446084583,16.916713310936515,26.900160677673,887.9659968237664,57.048344671073046,149.90854724484572,16.82777808138871,22.740786143439358,3.585808500548767
493.09715250516285,62.89253377725442,929.9672615608605,6.97917920162309,7.392861901345562,473.70868257249674,53.532281200838675,821.2680992928684,6.734546617851626,5.202942344417238,5.150861215275804
28.098453607821963,781.4162288115347,65.43931215157755,17.678865074168083,39.335863041597236,25.24636289865424,626.8522216917061,57.98041679871836,17.06720125659922,38.10047466169605,10.009473678284103
267.5354158004069,74.97290510600324,273.58759508248113,8.368444166126594,19.855662256395195,262.7042273204978,59.493461093146436,289.52246933204907,9.24386718768015,17.137578229116126,2.6782060456183037
333.71628578938527,47.51959520442604,659.8254131908697,12.313098810179271,38.216918757545244,309.2290457083741,41.58349518719723,666.5753801641263,12.698950467709908,36.963340893423144,7.172920735188032
721.1175555530345,30.323775261714523,945.1803381554686,9.385654413690679,39.06105549787484,634.3185681548017,30.599304429799528,978.0239473047444,10.808620355047218,37.75617388207365,12.908222797917821
177.32699065651784,990.6433371782789,46.91469910398076,1.6738219657193842,42.364740238893404,133.96809012137572,843.333233312827,46.184308843425036,1.3899139001643774,48.499068844671704,13.396549829811985
210.42625777323434,463.88268886244555,12.148629231815729,9.628459519421655,37.4627707837013,194.58465160463692,417.02154418181743,16.651681473570473,9.562999885075582,33.166888606666795,11.950843707888536
838.2654739250243,543.0419556996073,691.347677992222,2.521474343238408,33.433825789859355,837.6885316475042,581.9545771504952,635.9404126538612,2.674536412201725,33.201957183631194,4.306120716542982
23.930001077504752,18.190431896729695,89.41489120323659,5.311277631966799,34.1510717447605,24.31457576502632,21.413899433901243,87.33722119806022,5.149301748806166,34.42907814177275,8.759826489270257
926.1721971628141,170.18099342055166,11.634584093742987,1.1384771768492843,39.0460079743949,715.0810723942269,197.56981783796147,13.191791596778376,0.7607075254874003,32.17497122918238,20.83610052870228
105.91579357896062,550.5226741772535,221.24507173817904,7.890628499283321,2.945328972734444,102.98582912851214,314.20002144115267,207.14049377404004,6.613632540294419,8.119917396880659,2.850935926464432
50.11922105143495,744.3601634272557,349.6310090746321,8.78747898815347,36.54938296259869,49.757700879582565,803.2995150253531,320.7460304036201,7.929449317236,36.82534535606287,5.665761667707961
30.214154736376663,477.76229352847895,131.78269774636522,2.5023734776868016,22.430320981380966,28.556278766585656,575.206182263179,154.77787812612922,2.452646758206593,17.74634095088971,5.136761224684702
48.663465189630934,104.14662642897683,179.00902073877674,17.450401402242765,46.20400795605513,46.857234140405964,90.04747001874416,179.56881242182996,17.050293269864564,35.14261002364448,3.843169753327915
28.130836336289946,714.9147766451197,61.698063145168376,17.05901267433271,24.03866332095752,25.984083023542222,536.8341305853235,44.151986454474134,15.848407653738413,29.217161238846682,6.612645142424893
187.55597930746026,54.35101448065373,172.52674761875912,16.769057478646506,16.19723628101392,181.323771756809,42.75846071384622,169.18545863034552,17.207998705304544,12.834673415300104,3.3822825467818194
77.07075705380855,952.7136348422091,71.9537606476719,5.196624979563648,26.893569797489658,80.01460863722983,880.1967173320629,74.79732975017934,4.596134529284198,28.55768073699457,7.780713204517851
854.8452174336174,17.202332144787245,416.4686264186872,14.396207832184864,12.164406260060163,821.8558767468498,28.32978397786588,381.4965369061806,15.495225354933789,19.598429941084625,6.694617015496307
125.44770954801375,577.1411544690145,547.2854269724886,1.2780570758732592,14.712353771160126,114.96739237903934,548.3946133704877,558.6648748201792,1.223787665866595,16.69600907471962,4.298728975140063
443.2820180710452,15.969082220017071,29.600815870841114,14.679731200392009,3.3934768041692425,427.5413063302388,55.59117573411339,28.45281071669834,13.623306500711172,7.08486720010693,3.971353815447973
66.426304472409,806.5574412411107,23.6874693677365,1.485383046038915,32.32071759957292,59.952981992474285,780.8375557919778,25.114793674637195,1.2515277944551086,37.84394522467298,11.46667712384886
49.77109332028493,102.45253898636442,935.1846280000709,3.4514945027978285,44.817149180868135,42.47341622980394,97.91433299177297,791.1529035382392,3.7889551755591597,43.52198847154932,11.699853976778995
700.1462976551966,37.29250837366094,471.08843870598554,17.974299877841368,33.25873311968198,696.1202335775595,28.171496548180176,558.3624539149054,17.966998535461325,28.79038256172627,4.313893420524492
30.8622043065877,790.9507165471305,22.120457750226617,9.616491489312327,41.158169623702754,28.864878260160612,792.8907801789722,23.72225166673411,8.873145929884977,36.91315841500952,4.320667049486087
572.2191560930876,30.49964715291034,111.48355898031689,9.410776324264688,2.758499637048619,558.1385235048269,69.35271252510695,137.45552058409265,8.629594956545326,9.47640205805922,10.061149366613941
207.00561294752552,616.7360717532611,137.18642681526566,4.616310546383663,29.123956774979415,197.52934738138296,590.1019107583405,151.26472888256396,4.566477844464605,30.90685120244402,5.079384941486793
180.69977965388182,195.23770331772857,49.072857145162416,2.886007071965333,33.412085576473125,185.22513939101472,156.49049248457297,53.41428303260588,4.628481679028188,36.990436816967176,8.902335409938022
34.72817338072716,613.0363932681103,71.11184222450596,7.228346693185733,26.120578368087017,33.36265625642358,615.4952770137862,71.79225708709183,6.79016248863276,23.287278159160575,3.168722544216044
59.38464921473869,82.86918532213804,360.94377129836306,11.675877899333466,26.05402408308242,54.31616163643685,66.444005930494,343.6827189379401,10.860131152048087,25.44481302251919,9.998756496568014
424.7651709916832,597.9119606665729,219.75269032844432,10.343499653712453,28.0108374915386,368.1425664420657,550.5208519942612,212.8102514020119,11.076506786043433,24.75112307729024,12.106093462873565
111.23118525302752,62.912897520421055,406.731588893108,13.441064914244716,45.587016849235106,106.55389255701883,52.362060875836136,342.658122524959,13.517435242986265,43.005733986132114,8.447672447086067
117.11668949004657,13.401188404345493,309.3793231981136,19.03065834040904,40.27918805292199,116.12705011326345,12.82016490934544,395.87480725171883,20.4898622247527,38.147242287761976,3.989156822502528
11.870107482764617,153.8424073820849,57.62527954927822,4.692640511056049,45.177413932428294,11.064507650034823,171.50004521310902,61.25725828184703,4.770839728960468,34.92664628622503,5.394582178636498
147.54739753214085,31.26752890525506,34.50874117141044,17.6362558103743,6.200859197207889,143.65600381721407,45.13695086140241,34.102058237515706,15.304928799225623,8.207984935851352,4.195965850786224
118.4949833738443,150.27453548507842,160.53621002352315,13.440134680069894,45.5910903876281,123.00612293012426,141.2073391007325,157.81829117486615,14.491159923327531,16.70755419470289,2.674137462018079
949.2997933016134,452.282058694362,63.17796445421148,6.454993929435939,30.97794289802421,856.1856167945766,360.9662951862427,60.437442588151164,5.9728048051754525,30.316947920044914,15.19026789838484
70.05293828928765,26.32565718329039,134.4453438025665,4.058835194810923,22.211707937706965,69.12363024944861,28.411736678377093,128.70819048538323,4.166502297338244,25.250519668306783,3.2001454424149007
155.886244958962,200.5229863244101,12.857042725596084,19.760239952834727,10.740230970237732,138.5603258603394,213.5880498392062,13.422428330621546,14.683177538335585,12.60560824930724,8.925987941434288
66.6975038575503,469.6717055973458,20.455932139519273,7.02756107900978,10.7097158231951,65.97171209074892,551.3242393653579,23.882678261784193,6.503365318293807,8.855305469740253,3.8805480728417803
363.17850250965,496.7325640250536,125.10528189501295,11.816793907849627,34.61895733343347,315.68811622215117,501.7112869047298,128.43281475353672,13.816147584795912,24.85176670924896,12.510136138244214
73.8592635449853,24.772571004081886,94.32532048986528,1.3918521064008325,25.2039655416963,70.74093283614306,27.356084130331247,94.46840350649997,1.3922656202537482,27.469672708614368,5.6047406078829285
741.9250475204332,141.758303436237,41.89358017223551,17.395939498061562,2.645560919525744,736.6915230536964,103.82497331902468,41.37703009128357,16.0202110509581,11.266811726192405,3.0713892207113815
15.567417833039036,61.9855977830923,521.3514978551194,16.307820633708104,20.895369287600438,14.686958398512548,61.77963536565764,560.2256574375447,16.138256731791618,23.746906701162818,5.317707349379893
717.1746252917569,11.71453939056685,35.087391028299095,2.283363567561313,15.601764987930471,667.7385350265962,13.085233087351957,48.966704678630045,2.5172258422687537,20.39961790996362,16.07166774471948
83.36927629748222,12.354183176535674,125.38445494511117,13.658416370700753,7.256958739071154,77.83410282956478,16.447768170391747,116.51707279881084,13.312745646561606,9.373154861851802,5.329602810645549
857.0073651998966,28.839905471165313,71.05999340723636,10.535586168398726,34.20562124327058,825.6006047296727,27.53660083528857,81.4512542330453,10.704477616351951,30.355418551231274,5.146781867385539
48.61229273021569,62.60940978269892,479.807493039965,7.873984702980733,38.50081244854497,43.6267514984176,48.85081693209603,493.7636079783351,7.2878663853949215,34.84490772849034,12.054094051061842
63.60707676081536,257.53821196858496,967.8560214378249,6.577430282104334,40.236173862821666,62.280780623572866,224.37806822030666,957.9293360761818,6.500265666042226,41.12058309255087,5.401770462795355
14.681419161403138,149.20239481726452,307.5555891413872,10.082070164457237,31.46536805365014,13.376473872440476,112.68749158652682,275.52077860351255,9.702165891317357,22.27883092681424,8.142074075697376
72.28720642201596,486.54311884875443,10.58768020315282,15.75396314405323,42.63935899576784,68.64789853549664,499.72888473489724,17.762110595955892,14.758845094782652,33.596068555859986,6.272062241703535
680.7051421805238,124.67016443764888,124.46214812696162,2.29985133767877,25.310292856457245,665.6616463346721,138.09505410218236,136.52053935393033,2.079234563992223,10.27157974673293,7.775661298308724
21.476062826653546,920.8240339292647,142.2501528159846,11.438558576700496,26.273320705551296,19.988404708850762,696.320778480887,85.75142199475387,10.637162274233308,35.663668242095476,5.439269240538504
751.5763028393959,10.632764610303397,443.7122287152053,16.1892902001709,22.274008060024947,790.3803626600466,16.0899625445754,563.7308789928624,17.27998439828645,31.191216537316475,13.235438856998593
284.52647266186125,23.32908079546659,149.8591092751145,2.6608741489585936,14.896551505904009,266.94344316527446,21.299338885663875,143.38340928578162,2.6894978514416406,14.05112213631478,5.113112722476191
57.685745445279125,396.72679211232264,23.355084800636146,10.490816716143799,28.023371929848242,54.96542656633142,449.5267717815495,29.354773561359615,10.26369491478946,21.41300487181091,4.457586376651979
40.890052970148496,50.57151766433869,959.3079373338513,7.655705591672856,17.842406403237483,36.91812302988188,45.89271296661002,863.0042972267086,8.412190861016978,17.72462053442034,10.73444266643542
660.3159685966458,66.50619595777317,29.711734574413327,1.738521565661875,49.082125525142736,623.6165956362397,63.583478642148904,37.17340741514459,1.5611825396179506,42.35479221263862,10.771414505422975
10.431278719440163,77.51436182934172,60.5204073732257,3.636808561273587,4.753917204681076,9.780297885690509,66.71682582477743,64.30114211456151,3.4425717060710515,11.389863850173047,4.02807155006286
122.9695625667606,46.50208222799223,36.41386480193442,17.065549901010865,13.856583991753478,121.1503640352202,51.48071341022216,37.08116699923435,15.765168174324096,14.44490151196255,1.82841928326933
646.7321157893165,29.90287079730711,221.35881539326792,2.4443913200719005,21.506428670268797,679.5525699024702,38.59306649328643,232.93616874197818,2.4400424423843408,24.9020954630777,13.247207038382117
627.4246368238666,114.27380108331975,125.4556321519583,4.943115141174337,30.180142468908677,608.493930366051,114.56110993086077,131.0738033309498,5.003584045956609,21.84536672179944,3.0686768309168055
31.45444852743382,138.21400916765757,688.8753038156673,12.038742853183084,20.10706024165764,30.75709412257183,125.96982270484315,693.6308670006039,11.076315685204591,19.749750117515397,1.788440880910908
15.138948847226578,278.4317142027637,83.89855104787753,4.0641638016384345,26.050149204961446,14.49717776788181,322.7874281739861,83.91067082346088,3.9578812380999406,21.736392504100717,2.1784426726336092
256.36951164185825,15.290639901631852,19.426996799213743,2.422536331092008,27.28606314804557,255.61989862932862,18.620877109676623,20.908781749740644,2.520319172433274,26.869661915757852,14.413138570179948
63.1248485683875,15.260977548368405,60.66134476329341,12.06792632888228,5.310789291730178,60.81832000899509,20.14640668204436,66.90240455120055,11.78643551612894,6.21431458072017,6.036654094941317
13.071411063043916,672.9636179812316,850.3993689578305,8.342273138982573,44.71244037207896,12.597228986683444,262.8269550600494,704.7755518152823,7.5753292680457776,15.357747804447481,2.385470303716723
74.49928706987372,390.3900757203625,419.35823675810315,14.640422889107294,48.68356399360673,77.62946057859658,197.24100604155348,421.8926533216422,11.836452494650612,9.536899976386536,5.0893082422591105
874.9706208014308,44.53200002556737,425.0835767775172,18.788640901316292,8.237544444976892,841.9471968934362,97.63593826736076,392.5724203081665,18.977791451043707,20.768553098808944,4.268419227398995
948.3587111026526,84.32025145173613,22.48993992926325,13.80170739020843,40.75402969316234,867.1119165200656,69.37638430479039,20.12873503853789,13.047442217970259,44.501304293675965,12.474679476633348
176.5346727253811,539.5168378314072,831.5504508123452,15.135597563146236,6.765351435021828,176.08930584358075,499.6433094398132,764.5651246161557,14.213257134197177,13.149961055828024,2.9934596592187264
508.5262032036461,131.6230978511458,203.8143245741145,19.65404255469181,48.573865180829884,485.95618863999965,145.9898027548833,212.29970500833622,20.844896572433292,30.493335442597726,8.446904042568647
810.9555710722859,14.910327663736469,83.2426178905576,3.1681403497094234,13.031384353569168,793.5994903942176,13.362011361710051,95.48685228527583,3.498801884937551,13.41336188334358,11.656112706198245
49.318586855028926,120.15597743209439,33.02911614558322,19.714634074471697,22.909007678834172,49.514898711630444,128.1067173322344,32.856410023732806,20.516512209572415,21.729011650567596,0.5077037178132232
39.25941334428912,497.69231617356706,958.1247233308508,5.977623034928578,10.856547932038614,33.293152512343674,322.4294741842513,818.6475325123521,4.873737599148639,10.883765448443892,9.508059601085568
30.760574725283462,16.72057020650902,17.627932340599962,15.238306891902152,22.61418700671836,31.72460349653654,22.05747179223742,19.478352968189043,12.677141217657024,9.114513708693114,7.034369939645897
67.60998244896606,259.8824459922299,314.80262735274044,17.722245528377634,2.5564541982083373,68.89291989520065,188.71799191141733,325.25606638012346,15.671076658921717,9.421627564455568,2.527110237636009
550.3972542531843,15.205458454500349,26.671806517637226,11.672653579707966,24.134424560302143,504.7968457200558,14.787400738518256,25.61917459175157,12.094588808755637,31.202685636176604,6.938548424190509
680.9024829558579,158.62461953038385,510.5503482651606,16.211140520418468,9.61408962711552,610.4960904280202,151.1777325902873,444.07273308669573,16.835571332113215,11.316327539661858,10.973566886271414
12.303339755234669,58.12343143864472,10.66456503960533,11.019614190879546,15.317999290268121,11.476674160583498,82.72593908070017,12.0754799002751,10.960507687370816,11.19178129952842,6.6428124217811915
27.228930685770635,447.70773688235107,24.18997951734427,6.44414286268562,9.78772732979284,25.113446397450595,374.70724059762006,31.21845817367192,5.81574954206182,10.71896750689117,6.266583286154259
113.07438782349323,189.28683569174342,404.9634636729534,5.406996835751866,16.673012300289447,109.91970558087944,163.8587732838582,357.206688947207,4.691954795118947,16.533672765687864,6.588258241812571
27.13990680420076,50.800486636496544,562.8712624422808,16.54152417314083,5.9665974000528745,26.53504723224042,164.42664883422455,582.6825059838307,17.603359068034163,12.367782315571663,1.5355657734820858
251.97009080974314,58.35509624397558,174.65259260437406,4.63824668846694,42.148381984124576,245.2211520437629,60.55380031357215,178.72948425231496,4.956798738807905,45.6794123138068,3.5284552411364913
43.42857157568163,791.8653181360255,15.72601378845717,12.301202173603437,24.04603626741243,40.629389066239185,702.2694086077471,17.051606882487576,11.449166399154338,26.638014594964012,4.252743865562049
117.28275735940466,95.68861176055901,120.14407642362397,10.23743095334971,26.857868609741722,110.98474916584864,72.34227399080457,128.9595822526463,11.10686820475758,16.260830868070965,6.447238594020622
132.21264370817704,571.2541036654387,122.30801637315533,6.449950912992204,4.975086656111115,124.39746894930461,428.3097008172718,126.08495380267019,6.86984402046975,6.232463202813817,6.334746371417331
13.97349296830451,110.53533470059571,14.345278609697463,9.899275687494567,44.07080125354696,13.825269582731863,151.47683335932751,17.381354207844673,9.59704967125609,27.6705567017713,3.020262974463724
10.227644901565073,232.60331283374222,329.199323167245,5.400866559666387,9.347378748466893,10.079608332906185,164.05508833185866,326.2958274424594,4.742336891078786,11.367115897854756,4.34451835038293
569.5773850944289,412.41083400490544,361.6472495533601,14.86702548110911,20.119443596165983,507.4998343913832,409.8902948961967,342.64277492847384,13.606766638473752,14.269924231362573,9.551149443697717
10.027828782205777,29.537566070405983,30.43516754412134,17.703692178036793,8.364890383012586,9.758499376107762,24.50613372708633,33.89631935068346,19.139483818615414,12.31272932077849,4.050491620192479
92.28122741324111,13.042835746082236,194.4639724495829,7.991815368210615,37.58843638207211,98.04659106545301,13.79739494991073,249.96038041175575,8.286463623598143,41.11852707374376,6.651156795129998
94.54415894487566,24.056325438579442,49.12667377728222,7.899721574863639,29.83083353476714,95.61903028910568,24.8036029465065,52.9696341081498,8.514517266095416,36.958434761612345,3.863187256695163
243.04981982774197,650.3864326166258,865.1368291044499,12.146267742726618,48.055882357360744,252.58732227026303,472.33749726724074,782.8039015884235,10.816035909842135,27.126940980753968,5.120139341936261
382.04486540311393,868.1001819827276,255.23189877392014,6.327171185128799,23.320662013596127,330.51160186279856,720.9384832731531,255.90089491557455,6.330132224341272,25.366335891893648,12.079568985026826
132.19599361595863,21.432308899609353,34.753998672805345,16.09306820929471,44.2031618242793,134.81179586688526,21.242914763948313,33.62334381714925,15.513515701563481,39.68301983096652,1.9044642736379613
141.35843937858223,145.60092908396297,346.47017546177614,1.1519262432614017,37.86929497276449,142.16667172702472,103.75196448536127,326.46222176701536,7.9945010061366855,21.191235366936237,8.199327264047763
102.6062536750808,433.8301521820596,475.03994688504935,7.704901043970462,32.377246773561644,94.3574579634189,362.21469728680665,423.61817116675394,6.738150034941146,13.678224797300684,6.3131741858197605
24.976616944283286,17.040538228470165,87.9444688119266,15.314939958021268,6.466653698204373,24.42087338252868,18.780250380743613,96.12458448066583,14.837923823139164,6.497339356277806,3.8857027438658145
96.20858419061103,38.247959261805434,198.7597738556006,6.016730968269362,39.25994468201208,90.22493667473762,41.16751323528391,197.84021405544252,6.377752738396442,42.85039654985395,4.491963787060147
258.34327737208747,172.01719944258946,10.232221446100842,4.50189003970729,32.50598206270776,251.61702516883918,143.495766421996,10.244260937556751,3.5362303209399597,31.451999095855186,14.672556047604568
66.185695877938,84.11050947529563,46.3108351644182,13.47318899439031,3.2075648276535382,63.58774750029432,57.023232454433966,43.72922776198922,15.997537127766822,7.544456742441393,3.949761827848904
20.371818604884236,287.426335753185,193.0280878643452,2.3263158880533816,7.5220551373857205,20.125504906081314,305.59821299419576,224.8720565736223,2.1906626458471936,10.800475657700966,9.463946070005642
376.6149647454242,126.08002635241925,265.02879949482417,4.860437645140254,9.439960780386114,355.926002519003,92.2153371383053,253.3952557890589,4.793620529150596,7.805095760812042,9.177130419747071
522.4395207527949,151.69605420858338,78.39908745180739,12.992625852326963,20.322117266179465,516.9817478727364,145.73601574567186,83.07434223872994,11.859542619272185,23.75072123181237,4.46536119675233
113.63130213723518,30.268139091775836,93.47030421505171,14.843525672496753,39.033565633206884,116.3919268605979,31.016764468607896,104.3985958633601,15.325121747879152,39.379330064589446,3.99657832138051
194.74411985814064,716.4478437544722,338.0566004019859,3.2493352035053285,38.73774485293575,158.05991684580448,632.2035332338046,348.22580033930126,2.9210429650393697,44.38857374364302,12.219667813158544
42.27033813285988,211.93825158387446,19.027836988784955,10.973086593188444,7.573282915502824,40.141159534735486,175.95182008560232,20.324273164424035,10.539196842720587,8.579228726506964,4.307368433821038
74.09890029207642,30.49461018299407,28.71494103934617,17.915994400809915,29.294687788968645,74.65088977105849,35.17023300291533,30.04513530475642,15.909861431706544,12.218258542783296,1.5538633790169252
19.400699646652942,572.9774883022982,15.566481718408394,3.916984919037664,27.624320637150102,18.71087252084292,559.3645042105594,17.844789502214454,3.8219800362868397,29.189227753521223,2.6725093352584954
104.66738495094202,33.19117897584633,45.785816347506156,19.59692959116288,20.821301984705933,106.76849896199704,31.45621502370785,43.94615270894722,18.37000337051548,22.524193717068975,3.757343969994286
159.9635010371699,720.5830228000092,91.6190041503844,18.33590697570649,10.826889522316048,163.7321625944641,533.3937980823332,97.77516341190862,17.853939724923634,11.614117887343237,3.6503526864437252
309.5441735987911,17.765494147105088,124.62471732327273,13.066500291698505,10.861037348629923,305.0989719064288,20.335706864762034,127.3489712126883,13.635783106301771,12.379574395789781,2.9779655198913755
54.30113201875114,824.6656227548895,763.7151869828142,14.108034095171273,27.211262707117786,48.4438806392426,312.7949611489169,697.8102753668351,10.780206842562107,15.213794855482382,7.119387036429536
72.76819343440457,52.99483665839119,97.98950444560526,13.727616363463842,32.76270635166334,65.8472131103371,48.027855587016305,99.32552223506305,15.256602353768695,27.953623293240945,7.675112558956111
91.55076448940198,102.97857298910611,28.197713453178018,18.592501022273932,45.89218842401007,91.85787890166534,107.42981462220284,29.83625929470836,15.890768038125167,44.85443185183794,1.3401875943942472
186.9198708835371,35.37557542529971,81.58335157556354,12.511652646671092,13.586883371002493,174.41423237834863,27.03912198879758,80.54719319581602,12.713561433718848,9.093881379287748,5.362809939966416
49.62667529240026,69.80420589159243,93.61219662586839,9.354935087051317,9.063825651954613,47.73028313774148,59.84293721617994,90.5932098038126,8.920272734451279,13.334428033774476,6.336312567184275
43.908680131724,340.74008901771515,535.779014276447,5.820959669432792,23.426015466059695,45.707437681564315,251.5034247229195,523.9314228366524,5.350578637062029,17.1157842809924,3.409400563629028
30.25361866633395,206.40676069948702,40.528184910520096,13.004154421082951,21.389664359214475,28.960284173719018,209.77654910587765,39.3110408981804,11.845157041856881,18.123765772114446,4.161953629577068
24.910217658616183,531.2123145639424,240.0359140676791,8.727625316849178,32.21925444956982,22.94926977983394,606.6113871052627,217.08011937433233,8.284899876272489,28.79572991346148,5.158365823198798
165.7008215324056,18.14183636745496,424.8926740635745,8.080154785434408,31.42745541474743,174.06253343773466,18.92672257120772,533.641456279783,8.679906873575746,34.56638564230497,7.8474144271550985
440.0799484259224,217.4846992892576,728.4098349854777,13.944441125482562,4.917215623784619,482.7520921817774,194.82116125585623,628.1601144047495,11.325197606554653,5.738047755057242,8.613384259133598
73.31387727985953,70.89572576887943,543.3074153979779,2.245580789180755,37.31508522714001,78.62228980859666,65.59192495837789,518.9747628919731,8.15600490029122,29.467125410865716,5.484010537391779
54.278623620618895,61.23634009935407,153.2749106107345,10.137438077000189,10.2820333329294,55.42256635948343,85.57737186030889,163.78621568097498,14.8750005812113,10.927595754845383,1.9067841254315512
12.593344676995711,787.598625325521,665.731047730002,13.894619701803801,29.618264701756594,11.776873248752738,301.3529776080775,635.0995260091787,12.253570409553259,15.159296960233172,4.2028295983750485
32.27142903999193,61.05358979721537,52.60502785938643,7.683720966635743,26.913026320461856,32.956297944697845,67.29809752433569,54.48614773844919,7.770072256662897,18.097909182665326,3.2700140099269523
39.14905442287515,24.023932855042922,42.447620097737484,15.96280348739738,16.30272495088059,39.52703925580056,20.745614573839948,43.21880072404531,15.289537717973417,14.411849306588216,1.7360369793595782
14.204076203031521,23.56799219780691,71.1608667201083,16.53865865712424,34.2281540801738,14.425265054805088,22.5927459435023,79.38303915894937,18.624532024843543,36.55591132401774,2.559336077472037
56.82036440288048,13.107986889579417,992.5963130020124,16.92700914933863,12.631505038330356,57.25166636874538,16.419066981832515,993.9018502108197,15.653100487226652,16.967899324035233,2.10115535194821
80.46585547671339,117.51034152116469,39.29624396700401,16.272487343889708,24.678119558625244,76.52620271032785,131.56699454507003,40.86693398217155,17.206834679998224,21.28443758291523,3.941920750593674
481.7670169833494,115.1328786506862,378.14811338928905,18.60075890358035,3.1214043011424426,441.4892815231244,220.37936453572775,324.8719871964664,16.342634395711674,15.394629049750764,11.637000741525021
413.53267021048873,27.631863198835017,780.6756108721652,13.359263609959859,40.31730269101889,385.1710862487057,23.66218534387358,793.9873035232131,14.007555602976034,39.12568601345386,6.977919309071414
909.5727602139798,42.84731778587844,11.745961024554246,3.7136296735319894,7.727456451736198,748.9415931530837,47.641758875502326,14.580316724916624,2.998415989721052,8.267801139489547,26.692015803515655
29.142938428415817,720.8288003195479,410.6476427259348,18.57389141094956,44.109122842204464,29.634655974723838,320.44255454122975,422.5781782545037,16.584122749436858,18.23573101767344,2.9768100449890342
24.45725879115902,239.67625100309894,79.16528080445717,19.689357918171343,13.83345903559726,24.12275552541657,194.6277781008067,74.20431894879134,19.364755280017896,18.870531411743013,1.4877994131626833
70.1523312221676,82.12787843893686,291.0369488699895,13.456100694583283,36.383747148883984,67.28664600287198,78.05398163805403,285.44884001730094,13.73834661564123,37.47797387424344,4.580348568710154
64.16456435042682,344.5715658585812,292.5415211715002,1.2336643916065406,28.534094987784254,58.05423717916543,308.1958030462846,349.7839649975612,1.1871402862795757,20.597209816832784,8.351686448147289
35.67916868790577,849.2543347733339,33.82168268654621,9.169183948100908,22.760748475633573,36.136780254604346,758.7711360977119,29.54698448362983,8.286046106248708,23.392503970118184,5.701693076590039
109.47702396607798,69.23084935132533,811.1934310637254,17.88562856666729,44.59469552861288,108.8880191721582,59.1970543480868,683.7623886288178,17.025621243460446,45.425483467889855,7.234929398802249
687.4902123656121,589.0973009818008,140.62843067929123,13.81172160386729,45.51527328413177,666.1237030361991,480.4352155888837,127.61270849446832,12.157971404985414,42.82188778222282,12.139379313372226
185.65978405225002,98.31155581801397,822.0499046140765,2.58070591184886,39.946300184847736,187.04275689136878,106.90641973104972,882.8036889014703,2.776065284901855,41.69220494578008,6.0668224028169435
24.462762304843157,844.0830470730929,23.21611621147587,8.222552236783915,40.3325762154866,23.126299266861423,829.0396121724795,22.98504677155297,7.757061405397499,38.275963783258305,3.512830971661006
11.849673758980268,202.56933954289963,158.33316378093934,10.570350180697954,23.689418986165556,12.080083710108942,196.24350120850406,144.56574353848714,9.649896391346367,15.899894634287442,5.089553253844097
20.52655979906985,13.393694164616782,287.5473786796187,14.378083600813694,24.153186229318916,19.14507497789841,13.404264393399961,394.32759333913043,14.616526227323872,27.177388140236385,6.303243538125051
324.2963118481277,103.28311728263714,72.36937117541083,19.92150845000119,34.034436078116514,307.57045983681286,130.67659510796497,75.54697706590534,18.763691603096945,23.428514772257913,4.31532657073521
37.45182712666159,54.7262702155772,68.25375169809784,14.740513264970566,15.44940238265174,37.9866595001478,53.70736019911642,70.89286421769755,14.667115674680312,19.091754945381343,1.2066480810278533
198.231681024673,10.023237772459005,120.14955569930548,5.679009494424282,38.552256800726155,184.6201527120833,11.467277560442536,159.3357513908706,5.887083225749926,46.891911267584256,6.276490294859789
32.06273204972089,139.43633056519022,11.31886255309584,16.747304624989795,25.72175036842979,32.13312990332092,227.1222158705717,14.770428494479512,17.370764550975863,15.37300600961354,3.474804979078325
12.574117983635993,45.2649287980311,549.1783771977942,18.42217513137391,25.539124028462417,12.142460633529492,33.97576747810293,561.9109057434312,18.463972979342238,24.460877340017635,6.039969842923811
21.7388979422425,21.007989217790296,40.18856681137011,3.753368980308457,46.2522233971659,21.49185772723774,19.13017452685187,44.35454631161102,8.86241146627532,43.96485600448808,3.3446138675176007
43.66324225428106,976.0124219575405,21.799545606991124,13.823596349372611,3.5072183466435582,43.31536417968503,368.2569288587495,26.119536085687063,12.517725483827867,8.027771383866861,2.318223864286325
230.58850956195673,378.27533621156374,78.47274183548241,4.853694488209911,18.396409719402737,210.83546261763445,391.0015230040737,84.81219742537418,4.796665978649903,16.48928884473399,5.871096430164636
840.2701582300529,195.9973078509413,169.3267147625677,7.293926791640555,37.19396719760369,753.5948704827571,190.06046563687556,165.47405809413104,7.376064948889281,23.845817074272976,7.918827944393027
140.78170808547006,93.50135056640224,316.4130238705101,2.84471265796871,22.554180199274484,140.7708606727128,117.65637162164865,287.58121512335083,2.5020474456481496,27.18302034097084,9.88972291341007
792.7669590191258,84.3516560746561,182.16753845404443,1.4419483623135874,15.378088666704318,720.2246794821858,86.61225446717478,195.7007111219016,1.364815381518621,12.776461549930119,9.859746677745731
56.748785598765636,132.06804844335065,30.763292310273314,17.62280907110066,48.0961534021158,53.122957614037446,128.62950136828178,36.4269150836424,18.15271592578118,45.960297775141655,5.822155706590149
16.99699343343637,134.1914380342907,276.7458450851435,2.118122209316204,30.69708959389776,15.685682428010166,139.48749905720445,251.40354553025276,2.2096525691837434,37.74555299094227,7.4222474055322785
364.60174732398576,23.51935874980175,95.53036857912747,17.988560428344343,36.885510158776874,363.6817520336273,22.55986681835107,113.66926628861683,18.169019360650527,34.87585487166595,3.1371969529692354
45.620322836464844,413.12718330189887,853.107345479374,19.39135661648156,37.80430879133599,45.91956554422676,164.6088314914789,805.1028177769252,17.702097872232425,18.63156378594945,1.673765831519061
10.04816213520768,11.124114551850772,19.590159952829314,2.935398050672541,25.507008499135733,10.070851116566287,12.359478382547934,19.395538913041005,4.788995898066041,16.489404300983363,6.724380490128816
554.6280451536028,17.499157851413525,13.260644875517151,1.520858572978553,16.560636441174374,624.1237409505848,24.767907775026014,14.517944561837492,1.4050517616720826,17.79038682009231,21.753972804370427
131.41770169922572,651.6740431223097,15.906983656319419,15.360150941201681,49.34215312175242,120.65161249655819,617.028160498624,23.205643239432792,15.024579483920325,37.96766595866404,11.827408613990839
148.9936205282109,134.98034279721904,37.237217725951595,7.621922454474474,44.788735418077835,167.84201818644567,129.77278666023483,37.34399952260308,9.803487600722061,41.001788075646694,9.51363617494701
258.02932213178286,43.72812958445503,729.1112314735109,17.501647181579475,23.65942648549484,252.11070941753962,39.0640152249929,725.5493404668978,17.861015969349676,19.954228568019435,2.3579345536313494
11.000633177506124,346.7889891152808,26.05491428104514,6.704871646848436,12.58125330698014,9.916441584704756,266.22968841564455,28.028606325434808,6.202421255745424,16.68684007968897,6.22382588061285
29.167070305395946,18.574342982534645,215.69137060052597,9.32537187521668,49.03322569605675,28.23921997899775,17.994070644954164,219.54301563329602,8.632931020785453,49.64756245948593,3.7013038447011004
109.63623734326845,939.4201827915837,11.487328943998207,7.663412607873069,6.664103350481409,103.41732545558624,779.8993467154484,12.37159467019426,6.6565359709408645,8.49502582888118,4.481358679605492
10.412756910283596,333.840491942606,52.55173709381869,6.490315186400853,36.18799396332796,9.830963472550481,379.9525669149502,31.942662015603418,6.459807782491763,34.732147666965204,4.7679696415356485
169.852587848998,81.11542544323842,978.4476924108552,17.39829718201132,27.24717833151474,191.53298017439732,75.09236788024656,942.3954142088859,17.23736828617203,24.00851940890801,10.131213229714566
123.3905068070048,16.26038877335289,117.17579384883341,17.256503751341956,37.97492619788431,123.964951473006,15.360960512411005,113.39997260869545,18.000139884111864,37.23493587536531,2.193173786895626
17.440799119918545,239.01853302544586,27.187065438251413,14.747932236421004,24.02593648647172,15.926507026074027,259.435167654635,30.75692909971228,14.184430509014472,18.643713394255233,7.164457340286925
212.7900962051077,84.3737581862658,208.55928083370839,19.86505890316751,16.096623446087033,197.39142014160353,94.93497159800245,213.98363002376175,19.272887805735298,18.829603189724033,5.775192531819581
32.965695903894385,74.6469008717396,67.4405154730225,8.597233527266532,22.924817613198037,33.877091136216045,80.3448695081556,69.98856013089868,8.513795245134643,13.318882710314792,3.298958185089636
73.91205867500123,46.813916552899656,142.21842562741608,8.118216145980075,49.41737404036994,70.98115198488985,48.817038941641485,148.02596054576446,7.33421688845284,51.7261215732799,3.2235677556003366
33.40017477133658,204.54477384086337,73.2251450024416,14.987494938882813,28.68172510473182,32.76763367947986,264.19902213197145,75.67805532760332,14.213398912072446,19.081601901284674,2.2905921112648624
67.35161973305115,21.572957047090274,204.8523173311226,10.295333697530788,9.029693479439617,61.50405545573237,20.311474098832228,224.61998682813132,9.777343203190322,8.329002754536178,7.0686667602466375
620.0069119407484,51.203131624687906,34.8446676532833,3.721257392803231,28.517378765821835,610.0883726848581,62.61271545619621,41.882658631753415,3.382445055275305,32.69865455497734,15.834889187515044
693.2705776757962,28.230172716156208,147.0295259703383,15.547500956798721,43.869496015783,705.6347080464898,25.71928863764856,155.61511172962037,15.790300838707807,36.50707777417768,3.744512424989431
33.70163537337446,18.437824753772578,423.48513086255036,11.29092656967601,23.9007791803862,31.941543111879774,18.564693738448817,521.5136600067133,12.580259724280321,26.758014819038472,5.324513532711235
115.55576999480823,958.0516615289489,950.481669505961,6.773611558583687,20.234039705018137,104.67923588884106,654.9773371829041,847.2038718994481,5.651054107417878,13.905127372953231,7.398526551707206
124.89000519353772,31.711570355779305,80.45323103398394,2.667017878570074,36.62096700434652,131.03822162136865,32.11215331464314,89.4822123833875,2.7800893651676764,36.02602482781267,5.402056187225916
366.97434898784064,481.96779845094244,238.17387762731664,12.24757592692651,6.437269533034336,328.028466111376,352.5857540792458,221.67082193865062,15.366739222285712,5.981836506468304,10.445353131815192
65.31541603754177,11.573691539794979,10.083933927932302,9.065446878823982,41.17515871220457,56.40383021488722,16.697155607358564,11.731260047122106,7.91509205155618,27.1991588049695,16.35759097909794
26.85893721811895,433.8172956877439,86.82928797020875,2.857935432418521,13.139020180006709,26.2144844966663,537.7283512324575,103.939553513452,2.6712329145298384,8.934888730714285,5.260377196827971
326.35870817614335,143.27708446919422,269.66002144242907,13.102558747229983,26.17755771714492,313.1473548692647,117.55713126108118,274.01646461579725,14.541155651362194,21.71700954766324,3.6305673060586012
18.586807425485087,266.0596941069435,174.8930182447881,9.164190153329788,19.86344248531205,18.031149331006155,287.74412310104793,164.77390766029268,8.346454753950606,16.54434177348558,3.315507975248591
47.65206483432117,186.93373507757232,32.8742835838435,1.529402035428743,34.37806075579062,39.77245086408594,158.9068034691271,34.98143144031216,1.4478225339893591,35.05917372161945,12.624274038973423
169.7782888592514,680.8042582001381,10.017190659608122,4.058107748090033,25.712958922252234,166.78541482673452,569.2242833552069,11.171536794634454,3.8015884384401137,27.39227374105864,7.02264101174232
27.36696976081193,18.670627681037768,20.65000321740054,14.284510547602535,43.761941977878074,26.732294155988164,18.708226767344716,21.436294815716764,13.767000315499262,17.1744843248408,3.261135258769217
991.3306722541543,20.884618826276736,24.014772327852462,14.200945122741027,38.45583799063478,889.6561618908132,42.07492080597501,21.493623782136456,14.435748935700982,13.39480546180046,8.867866942186243
19.749983861550586,745.1692528546021,75.12908064315799,8.283076632770786,37.02491401651413,18.255889724511707,735.5588390159354,40.8483018875085,7.923255312708068,38.08808324200029,5.8220418437144525
103.06706364666883,12.411692534821,674.4990827470509,18.38013202277682,48.89574975708346,98.3733950246983,10.824694138163599,465.162189181975,19.320865134966056,42.49246008644573,3.4603971806652605
13.055941531558956,21.37413003124978,883.2299884216161,12.84818028073609,41.89208953157147,11.862914221957986,21.984639896310963,628.3600339411107,13.198845606552448,45.43571356057571,8.152802723843424
22.33915700241203,13.36014264167375,119.7548190867538,15.40683324628398,33.62255545704213,21.255061661245847,13.787423121128397,132.7874279598155,15.587470870878775,34.29564239353309,3.718502313193349
87.30321858132251,20.73403726996654,114.88075159151377,1.8710551998131693,21.877071966685115,85.65836896513096,23.225049344681057,112.76864499678233,2.0782275458788755,22.577275471878735,9.28576043110069
958.7888970797127,549.8093846697533,95.50748400610564,11.754602531699096,33.51996107432277,901.179597426218,449.6868464315692,94.03789542019761,9.99834882394327,34.65076941820157,11.95565872571943
26.699320646210126,175.4474486708712,261.665008745712,16.911082857019515,45.19337430062318,26.16056456671469,96.77880829743017,236.25048213425293,14.757018052848547,17.115065886088434,1.3880680548327025
108.09719007433465,97.35303073515983,94.72732375126921,16.968769969594945,12.299927818248046,109.09582283676245,96.39673639765975,100.51988730471751,14.680203430017489,7.869854750942824,2.2719956941888797
687.6966081943839,262.20140927500506,730.4632728346496,5.587244912094974,40.540729747378386,668.0769365798102,240.27725301245707,747.7410487374019,5.7810912460385415,43.050800537543196,5.2823516891303415
97.17626693130175,62.98969557392628,89.13011237732105,8.301721522253779,5.509044318079227,94.9275350838269,58.08450669803011,91.853205321024,6.201001845309475,7.965150286133126,5.443708786231609
132.1347580566945,92.31769408608942,29.65114336683812,15.201739171485064,15.9129803021565,123.2783656448996,96.41740908293028,31.753016178219326,15.591465478778352,18.105563627879732,7.585994453180178
247.77104709078372,517.2614586805884,188.0941744285702,5.394406711878824,32.967495291063514,234.44572700917652,473.9654004849699,197.79697062560564,5.375878124370402,39.12827853972231,5.699997365849153
12.813865044207661,206.3720835586998,312.29976441986986,10.697843713717019,12.938064333137849,12.486687998136755,190.59501275554618,296.5952579967264,9.911029825850651,13.172645864338055,2.3585672327784915
225.32585236511346,49.39543998057084,23.351515235830608,5.5165871921890295,6.430998158474812,228.27979690186737,50.70108239667448,24.397303363769254,5.08007810889253,7.511346971004665,3.7393555435522745
581.3877266450188,15.90410146651659,110.3456740020983,9.355751981781108,40.004359446412934,548.2445300195802,16.00348798721291,143.08123376970167,10.087759013274288,41.08172941510143,7.946741817730464
17.16944214376349,21.613699578955025,19.66599934764612,19.469771197713747,44.34401895921522,16.608651450015827,21.80500900920645,19.545168521190643,16.251358781067463,14.037357831206798,2.7464725002840127
593.0072185594114,24.986125369455504,130.25773664882803,19.707614452291992,24.607676906305613,580.9085844991599,29.218521800359362,155.173091635402,19.26199037338917,31.874737722590027,2.876411277658012
739.7700976300303,313.1814775226762,594.7148805296409,6.244282686690891,32.91537996063034,703.4509072968939,294.20039364760595,607.9535994235771,6.573457535960499,37.614486089672155,4.97420716690824
136.51509940089414,24.48147078906006,784.2614345013011,3.581433905319396,14.14436837355187,146.04168057351197,24.01390511472362,742.8257722251327,3.680807541598329,15.263350880066488,7.12843423418956
11.93018250030854,49.2578567273295,861.1997899553219,11.234759312033137,38.938106989408844,12.629270904683,46.31127961684426,706.9107907521259,10.973434326788176,42.134427447246,4.71769595053404
16.60265526448833,107.7750147160564,99.76836794158277,3.1934139303875435,35.542138689736234,14.839091229258598,97.42474112124135,107.80093110817182,3.1865479796268277,13.622267173866687,8.54834722097723
916.8808288171082,45.14652225583002,185.62663802108497,1.911025286502375,29.302528768933694,899.1129739689167,44.834479386519654,186.73632375413038,1.848079514207632,29.70035932100258,3.9715179248096546
74.37623926485425,215.79556316577452,222.515955841884,8.52812107128692,23.537149964716107,68.67645071502983,202.72058142180623,214.2845638162484,7.56531778848438,10.323116480113416,4.919902079517664
694.0616652853646,271.03584436056275,359.1485335739339,9.70989780233758,10.325570964213407,648.1548919194178,229.7010633474411,351.71225244104437,10.026705542605812,11.409050063879345,6.636385692693983
24.415101336000777,800.612322542829,18.89748821761073,7.306663341247166,27.293233376487684,23.310964176081157,739.688592944441,20.0930008195582,6.80528408842362,26.36671574866202,3.683691873048255
27.770500138321946,76.02712143959809,31.757011203938394,4.6002068813822605,41.15326263138478,24.382642202962785,56.52973607539258,33.309125418517525,4.359678167091335,57.61736612584963,14.097216082951794
11.220967911703696,12.922336675160379,144.33333880513615,1.965089690895052,2.3013064456792485,10.09931846083379,127.41093437208484,162.6732631652602,3.8836551038301126,13.409663409600629,8.117100192624003
115.85289410841612,47.68633091315485,22.06812242966438,18.488205106333666,23.573088682682467,110.09327921377898,55.376920927402594,23.791235942290943,17.75053802765665,25.31016168383182,6.412754791038699
328.3302290426956,267.47333361980674,10.764907881744753,10.423510228201158,20.19896142347393,316.0031835985732,240.73192692474888,11.851374578988741,9.137750251802544,16.572474763773123,17.34150091392649
39.88754123068706,271.9446062925742,10.570996335952398,14.15571075741918,4.829604278789603,36.08107827812997,177.1458091690709,11.769983816496339,12.849002437964229,8.388747586265433,9.083041617077068
248.8669582476919,397.05589100611303,11.083617561424328,13.221793789060891,17.256297504257784,244.05953312565825,551.1961079526291,12.22552573323122,13.10328001680992,11.901913100589598,3.7801946336424668
15.099065961486605,245.14590254979584,19.369936479329716,6.458700527822427,17.492473892753086,12.184061313107286,257.56413728676046,23.961898040933047,6.022145595629006,16.15962032354078,14.004540069829183
523.747866462913,57.069102942822504,505.17792590684496,5.592292361641487,31.69570937294325,524.1523759299138,62.23669269698274,500.76389005598367,5.725316735414279,37.965734895211924,4.384377368271367
17.53924742401295,172.9697078644593,36.60914837951003,10.879221703092746,38.863369419739655,16.452786383926572,208.66456912495048,40.65146803022154,10.180107100382667,29.03549596370957,3.97622918905337
67.4407199619829,293.6101375774217,127.68190348607506,3.6330679934550956,35.81548158404538,67.15878851097031,309.10457128006766,145.57436080545455,3.5738587388758734,38.49307728274592,6.37045196781574
199.64626904967838,794.0464602143811,14.168338535403263,7.826288573928556,2.418305471683217,173.87381462257395,329.5195941393527,16.244973807078743,3.949161204201004,8.538584833706231,9.559466746399497
15.74984112176559,47.56574133758404,349.6955625846865,10.730293199202887,40.66452218180962,15.23538330304111,38.863140966118635,381.5926608546765,10.176316778654067,43.23763056071678,6.873081433014781
646.4639252443279,377.0066851745493,632.8591383726839,16.8341370292243,48.75177774016756,637.0154638483474,359.4163168381878,550.6465000769058,16.37714152568044,38.018479704463346,2.677245110812009
28.9814288695152,860.6971017847649,20.310155808913812,11.72670371590591,3.101795722554698,26.443802029929447,295.59152116459575,23.265650296515073,11.194664889046093,8.404922798212029,7.270369998196466
103.42266780557448,14.420005609723566,96.73424116447435,6.620571084510222,27.06208417458302,107.04931909165282,16.940581694434194,110.11212972738764,6.908505774512015,30.737715899991713,8.711033744372942
225.67578461600507,785.8219478551598,34.352178972568694,6.42994084589733,33.09847451734168,203.89282523893678,710.1750273075726,32.93369462673996,5.937519639876794,29.258497031345662,13.943796592430097
138.96649301046293,31.11500469733538,67.91729911592512,12.59736928170586,42.7815721883346,142.46509288119137,35.943507822456326,80.34913135739752,13.000870706892812,43.650679909034295,9.670436763552958
56.31587702879973,736.0126972338508,225.1721106565952,5.641508132848648,45.58861975363691,61.035108368034244,781.8081120498241,232.38252936110626,5.28713133955666,38.34935557655739,9.935687824639682
98.14477566150815,395.2142432516612,616.9297250804328,11.414840210342588,12.301277603150885,104.12656245496858,235.87633601245724,628.1870154791156,9.16292629108295,9.149846675188337,6.832000463571106
79.5701382621565,137.14236508605094,451.4705507005277,7.816003856205697,4.940383139039195,83.99763135821566,255.77772251924904,450.79421574014,8.236639111963779,9.391441537377851,5.824954030859674
364.34064117778075,20.71388397554883,113.8257345362967,1.792297120871178,9.12896562661963,308.5818563442911,19.203702944501604,117.15521805712075,1.8561189127178184,7.694988718321925,8.281874625851295
19.204898903358472,150.75759607254008,41.377013186976036,10.58035851649225,14.853224877707701,18.436582814950903,177.43539137821722,42.51888272081411,9.978398720694832,12.337681659273198,2.762532206423532
50.25609405231555,410.0904769265931,724.9343926942109,14.84462364305192,42.86838370702072,50.20241147910433,219.22238005310385,659.8959457229761,12.146004404472324,19.240012582721445,3.56577099790779
18.308263089893597,17.847375672173275,10.544589363945946,12.214547028649733,35.73501715284321,19.023601475028244,22.29250441116914,10.839557661805722,15.210247314815897,25.31591011853801,6.342163982569204
30.79002216430969,668.8730078740977,704.2859084557728,17.023134829477605,48.95381267669896,28.982389798158547,253.3932525446458,725.6833991963246,14.072389220827462,12.690386327514956,4.98511753301072
595.7595225945192,363.97480922129813,799.9968870212908,17.64060260216728,24.480927811786856,575.1867926535231,282.60230477156665,779.141381455892,15.628534994835178,23.64872817089844,8.14931523869846
208.61494265858605,721.9011500591629,88.88427219809213,9.637738657214667,46.98748593507582,198.69166111807303,736.6738714281171,93.73731794683292,9.56182123296881,38.89714510252751,6.145085555272158
531.0858287901557,234.87501386201464,62.363617298944035,13.99272138190422,21.583765426497187,516.0060417916275,236.58613048159827,65.95579893128523,13.535283165432602,21.937458179962913,3.2337580721664643
191.8605452591421,90.246873901646,134.7137214201853,1.4819473938496528,9.402717472544024,164.38630108322798,78.78016913360565,120.65959534816726,1.3664187409248807,7.035480743942642,11.93967855525015
44.959778777185576,801.5927902381679,22.22922020919678,5.355081441353775,9.60922608033544,41.285696553730695,522.064285813745,27.925201519045036,4.797984975994979,14.521915288495117,6.67043618794338
518.8020580055239,217.07123043004754,79.82134801437137,15.6347945156955,12.188561551892107,493.4481407101034,204.66024846735036,89.01248939725359,16.047167367739327,15.889343536036506,8.019346922106966
433.79739733539793,11.66386506018847,173.35116257094415,8.600265944033014,41.40067105602636,404.628879579033,11.909813984884613,292.4410085536567,9.312148751669099,46.35067124685174,7.942113550715664
606.1713445749848,20.27649792974309,12.725445637188292,4.8808417570601454,13.36906838972722,521.9886896589351,25.27012594692257,14.619195132934392,4.241733189539288,15.933959649243416,20.069817613872374
22.959003996070184,45.16251179415544,11.448475314382785,2.4270560306718987,19.093515311223072,19.605560686786283,40.81389391964947,12.688043124000272,2.273522670566571,24.463267523952,12.948314667735303
15.652673915814642,988.2249655208469,10.211761984848176,17.005708035809683,28.797953856614036,15.133886436705362,618.7357619345078,30.76928885639599,16.00551371956981,37.793459873292214,2.3003924378746263
312.0950668623054,48.158872160571555,132.90977480780236,10.899627341703148,37.904102962478866,302.5177366012233,49.256320825172864,151.48409539935884,11.760557105296106,38.16041448564659,5.414508517961317
608.4328587911003,23.022381890281054,581.4369930501605,12.860811775875433,11.634404329648584,596.9928222141169,30.473998734921082,562.9666789375311,14.346559532651073,14.396149808137308,9.042706807255595
10.161640992685674,26.64300363805063,22.929170695997872,15.844785828317178,30.707842837367377,9.762370430363303,33.915348659307895,24.752755079942173,17.778146547132312,11.972871562395438,3.7891044554233893
10.81428702591833,37.687344232418326,180.23357217272078,14.371026070118157,16.698195744712972,10.806163960706984,39.10336200053594,183.62301288233675,13.58885150059519,19.71878378855823,1.3569382580313416
210.08590318342468,45.71617159370597,98.35882752152044,8.408073181144477,45.36760941817473,203.6340578301107,53.078567340090416,108.87781401937335,9.0206052804268,51.10555137143501,8.855491066988545
788.5410946677968,192.17617896343194,92.39203411029091,10.779709096823112,24.00760658199624,762.7577567019985,173.4314543444719,94.79340565063035,9.971604075169756,25.350473294763916,6.6097309616500715
12.931099240611953,85.71191672352315,829.9063884854824,18.17687432613426,37.634966706132005,12.712554887285934,56.597065713023596,654.3318243673486,18.286083673118164,30.041927736953205,5.134061601003617
11.457881715303715,112.8847032605019,10.859104168125274,18.149202225784553,20.221822040299777,11.220041010562717,133.47434641832297,11.028864185818382,16.86267173145446,18.04772292575923,3.293237407476331
111.81548755165495,36.81312882938102,873.4757268487876,4.677814646898807,9.362162791789803,115.75752659354922,33.527251833964904,774.9693491228738,5.356293240857307,6.514178034799401,11.961231743488828
11.652531681374207,205.83815570417318,23.817097004625673,15.057300798590253,45.62344673277225,11.352117283544475,283.6620990143021,26.46680934119934,13.40916149612315,26.548205044866226,4.611569093056593
11.016715148586602,676.4684275935227,388.93289148703155,3.5623035655698665,7.859821097252269,9.823933560264114,446.10929233318296,399.2264882597541,3.5124385148827217,14.297561798755519,9.720266913272166
59.681484482364105,205.33081459223362,676.1380382259792,4.001322623636046,16.932933975150465,53.907489773581,192.16119226358344,646.4536807402288,3.7574565062024523,14.429958263303586,5.761037240809333
659.228945542793,686.7618074669042,247.60819166922244,19.59054315168282,17.785774860195975,597.7890079186708,504.7814127399664,228.04856927824912,13.377489094140783,24.98576868215959,12.485684749889758
45.02366695701916,16.503177280832062,285.14414877556874,12.280644833802915,14.584922982714597,44.291550330800426,17.410625739061935,310.3959276665064,12.788417187278865,15.766793861903658,1.1685932965052581
925.0239077098507,168.076192268701,19.11426349736136,1.868446610086972,49.666757502355885,871.1759077289774,160.7835491464196,26.923716868284767,1.459535258496391,47.353731083077335,14.79111706262484
137.271471539824,422.3765887434208,581.8055853628573,14.74837664202323,12.62255438442275,135.00401932837102,301.13490745972297,558.455549186751,13.28944731549862,8.880069133951611,1.5549439334847874
66.38541322276502,12.54186841025106,716.7958079415638,14.175434178421622,29.002622158750768,61.98916095587375,11.478610926553301,707.7304708405293,14.135852629630051,31.362424710416192,9.337920731065346
439.2753064592363,44.185824376962245,33.084457007382035,1.831595839249523,36.95952052515729,397.2562190877589,45.563371631129435,36.4280220999,1.8482874148046413,31.70914961241669,5.7547026621461255
333.9820431668457,50.48493575951875,758.1652914157868,2.410260097907672,8.188580058718642,326.30198745703206,57.017918033234636,648.5100597794839,2.3921073585563986,8.19020710749888,5.02603488857696
184.56686757286926,11.780402711169614,129.2539020083839,4.5018429461176,6.046458724133228,183.15920034908055,15.72882188853469,130.13905040554522,4.493506345485443,8.712181555940157,2.1628444450062108
56.95345599446577,33.60061364686928,977.4907976161929,11.082879558729426,43.432762035701025,55.90144991101342,32.63140480059462,911.7711701389248,10.683185317304583,46.034721831958315,4.1088922316818
57.98430608250251,22.772157378265835,11.713985316243692,8.579046099461998,41.59116674181045,69.4021751628293,27.596011271643754,13.666522046864332,8.11605749839114,42.29664384432211,18.779157577310617
175.3232164172038,402.95662967584934,22.51474625175459,2.6588902416939653,18.187444790678708,162.755036787967,355.56549512459287,25.879942568253714,2.3124609724223184,23.492409948998638,17.995918739186322
10.733810446352036,165.9090748445377,162.55801775061568,18.078281799022694,11.817238917790148,10.521617010835,126.92211270465059,152.74110527479218,16.41354244984695,13.120971168797416,2.4769246819935367
26.25770492406354,247.5714594388376,72.50062806360576,4.743162983397712,13.522136717649971,25.54793132396036,306.09885866957114,77.44674203267087,4.55894991279511,8.752321024807767,1.9437244960732931
14.872894038559565,56.08644057967305,41.260854905069024,6.661109688400836,40.073654783604084,12.485823765521866,54.45865200145204,48.19051835188895,7.03479899254164,38.03020977882417,13.351860631693025
390.2829227910904,39.76125648411773,53.6438222442902,6.827053396318096,44.75392475779501,413.13780806515246,50.125295883906304,55.34175899863377,7.838833819983845,41.39991839309891,22.034346826963517
12.20555134779114,17.312632988313975,17.056663584649105,11.254395723932229,44.77645066813009,11.60871592494686,17.646006165633757,18.34604480921617,11.51714756874721,9.490960582773253,4.279462943755986
37.909946007008834,342.28795841778845,167.44573791940692,16.239112146340414,17.063386370880842,36.992998713326266,353.113139541245,162.44456689345688,16.187809279098747,15.410716859551439,2.340356904678609
92.37001718863685,16.112975608007904,544.1785660638079,15.712135006364774,48.6668275895105,89.34898827773824,13.60960846238877,450.4511960917054,15.469766071698066,45.93542732699894,7.27611534480122
226.02585777582576,431.0745344441217,35.11784781216558,17.57343195479982,45.956799147456415,200.65132900883359,388.33495337475216,46.08368737733923,20.295736221234225,38.80835636535058,12.6534309823842
67.71738509361485,17.359583393117163,199.9606007153197,6.746318821347559,28.342040516769387,64.37821845323484,20.130480360668727,225.94708886898505,7.174531621432703,31.937751504218028,6.356014288703807
108.85401702210957,34.1135583427354,302.45708254305896,18.89227902484609,22.696241546110077,101.02252575138627,30.062070794106745,276.465982939794,18.98618353669871,22.67564555372603,8.273951974101678
805.2763597212577,21.82691410943325,11.045339785583879,10.636201552028218,10.202798118952469,744.4044861679067,72.53710649149093,11.208663799179584,9.23878508175295,7.2243933259147495,13.335625400633289
83.12228437171204,637.2183165091654,10.55191496832006,16.250053409711153,21.575257222874235,79.63682253935227,605.7317463214507,12.731680245976861,15.700461917780666,19.20616977153492,6.996530922449566
14.040883116170859,163.04191562237767,406.77690162442235,5.918827590524583,46.809626582037836,13.519694034809095,142.05524166500297,315.32094326968263,5.729064317096834,35.95864507889901,4.043935534891029
167.79887794974888,43.348203118932005,200.06394703661846,16.114552885586043,9.590212137323135,159.23657355968723,36.92315143213184,202.51054715165958,16.41476373193942,8.223862728529195,4.095611164201134
311.999378204897,237.27549237276006,11.097320526680964,3.9710196097387835,8.768564456919734,267.61176691737063,110.59608636090037,11.994952495120843,5.255902937071333,8.699034526719016,20.920194340151447
172.0862110793649,955.2359483759427,53.31884180096042,3.9228242605548593,24.91628154321117,154.1587992896124,830.2841208089596,60.66530389715368,3.782563968037168,22.130655111646718,12.87287808678661
255.11535976035597,24.911101033604062,10.08888845612752,12.611411881863708,24.389801958214715,236.89851801732075,29.64784662227401,10.227745905567467,11.906421228840525,26.15329649461888,7.407926928228785
248.08151797043402,106.98233025573924,448.44140318304017,15.594440868368444,26.15044473495663,260.16119544157397,90.00327125212603,481.9949356063446,16.620588250409693,18.839422059515762,5.963953432644091
115.25828771313994,49.983844535767034,131.08341492032739,17.747138060094247,8.228397563035646,108.54832626039304,48.77598180223818,139.53550085871646,16.896445095287625,8.920741576731954,5.096403501455517
550.967465142671,40.84719270065159,15.508303540043824,10.909001200090337,7.917224881702556,531.3556899647156,68.65804642909495,15.71285409359436,9.750437224612424,7.470121367060795,7.9684073119438565
333.02688580982976,43.16105095385501,35.68031231347791,7.148837530850135,31.901363602896488,315.49524607188175,44.18530816898273,37.69747532989818,7.101845457802001,30.689356421211254,4.428276498305227
140.64677934754482,94.95275119063515,313.04802458379027,19.20699244521543,14.097401661919681,142.81421211108864,79.52039016083295,313.5925114460909,16.959625330286524,13.831983136036499,2.3900838689800934
64.27583196464262,218.30121849764123,125.3876588646502,18.806360448044398,27.85861300591805,63.1630526901049,205.85655905428547,123.05217759658919,19.11928536720403,27.17883332031981,2.7102529601923733
243.1399918101373,20.52731943486681,84.25185140915035,12.724028167278822,14.460491876110579,228.36484914955156,17.05770066023499,85.74728599893588,13.499220099062311,12.668695812881207,4.250161113216572
272.2420284210171,674.8363825732981,266.5462536735421,9.808889343100223,48.773217871236966,253.3816122698339,623.8704768030371,309.7926344956591,9.97729564395451,46.0804896908749,6.658904344156601
16.514249336605776,57.47031572785947,789.8413993074996,1.0223499778050096,48.619873248480665,18.57026979287029,52.69061105237792,767.0668250566787,1.1331093014268419,64.31844603799189,13.236369457564159
877.1598668679922,82.7069115815433,94.7110552133835,5.809787274625472,41.05419503666012,899.2905711016429,79.56197533921265,93.93189178728144,6.105397097647295,22.987229759604375,4.441074251732853
288.75146066299345,15.14786542264435,24.354308606081315,7.54763887460633,18.269003496697348,270.2848929156264,15.168746340118012,24.508256696369248,7.260369240245239,22.135688018643705,7.36921449212994
123.16629225267961,57.32532179183163,45.6934071447011,6.677553488929219,12.749791386814586,122.24989975287876,80.42369277238397,47.336957999909025,5.801991559684974,11.594018303989259,7.896952873899268
12.818331731016444,687.769816140625,295.64710275296056,2.5615042493666,30.196235550089895,11.618452532187582,761.5597933467052,292.76136767452977,2.778250039469316,29.601078587031257,11.959675627907426
381.5472170623529,183.3957569691134,37.62492484694922,12.155516598967822,3.1936863367355754,366.2672605034348,83.30207664241041,35.234371827178464,12.01601558180836,6.572852974802062,6.126004778736532
738.6943192227048,101.76851093590655,474.852306804391,6.3881638573962976,32.42819187606729,694.5875024328744,105.70934870545835,473.3372493673374,6.757545007363516,39.42765818498803,5.73953419363205
73.84099986083042,15.102117769896935,51.94038014200514,5.251113077825014,45.984642674275655,77.0674802542399,16.01690060491779,57.77162259002421,5.202402418727271,48.17091587082041,4.68685763716594
268.46280712372004,541.6816855375748,93.96314900378086,10.128402518577257,24.796992313414908,242.0159392587995,489.8325303404526,104.72619023196057,11.023924488366939,22.533217617156716,10.013696110190907
382.61631025498156,413.06484092883113,11.113782105132383,19.0081052635295,23.403191691448125,364.33982109538374,389.1931200029559,11.414087999868878,12.279269743490499,27.97434844142938,7.985881212626237
26.773487812925865,24.90472364000694,111.57435420347811,3.5768999159507415,33.64572134812882,25.739141729240064,28.734698317366185,102.91738843310068,5.089926161504615,29.859034780716023,7.93080404868179
126.16360745639962,259.73963066848563,476.0639321073629,12.201332367557242,32.01388551862742,122.29156713129461,205.83866603601965,435.58538169591117,11.660427691878226,36.5058599427658,8.849198229755677
75.38129614624548,182.1976985792108,874.5297518252979,15.590308569981804,39.42552465848885,78.0638730364076,159.11732454364505,766.6652768562374,14.239170920579188,37.31096472470024,3.065799306872743
414.32940808146543,711.8512018199777,138.47085793557855,5.637101024038011,35.853100564701265,369.9865696423064,615.9092945838221,149.18285846546064,5.9814875766093865,37.522145995706815,10.617373477837598
27.400075868557337,398.55795736451955,907.1525619027699,1.983117525963657,7.278741281119754,22.90089205458218,476.8074710897491,863.5162767931299,1.809851108471208,9.843482254087002,8.111125932373032
110.0635862874826,242.63953037838644,13.263563861992015,14.52630907104671,3.084575782374076,99.29949092849516,76.03655136867145,13.648602491110793,14.604099237132083,5.705485162187545,12.400852000386543
376.3103428981937,26.492014432701325,715.1093534625292,8.164794904326225,23.69740999532067,400.7934245857926,31.09957065314374,821.0784046200534,8.967754688678875,25.968824435551305,13.993477481342309
19.883513374657557,41.97224064362596,988.8202007472071,7.933935069449962,32.08308479473155,18.56468654582097,47.93034771323686,852.296129738801,7.299424001156798,31.666925467461844,6.4506008205530545
355.3905443153525,502.38952990046675,494.0837221106028,19.797121716710148,19.441388193437398,348.7234532048835,243.57925056633653,432.1793760643483,14.589777998934325,7.203344437009568,9.40151097598566
362.0057168558819,179.13516346356388,67.02056226871092,12.924175857626462,14.120795826321167,358.1042106143255,158.6836234539663,78.89742148681812,12.533061732549058,17.195313843014212,7.7954396722400165
39.69185347037251,20.834829456332134,121.7500363209714,10.0660987326606,35.02103051615186,37.98804230247465,21.829609764632426,132.49785489442596,10.131147274189802,40.21114911781712,3.2426590967932296
134.16370194067352,20.55451092354683,57.312033640588766,16.0599721783259,46.93151639270672,135.57476174063723,23.005989407921234,60.46135338563536,15.743573054354629,42.26536661851421,6.4620257609061
137.10255822340068,89.03957117769585,509.81171787807637,5.566875734687884,8.078458405417779,131.56387276540366,63.83138185214298,464.4064015125131,5.007243605369422,7.216141411084576,10.603214159933476
70.31777923632113,94.66397990562622,14.433671674332585,2.2079664583011573,42.960917117408385,59.396408401471895,86.49177625929156,14.654203088687751,2.0688953061828053,39.22362040415746,12.178829870542485
18.44485669809398,141.6744211414022,234.2258037221483,4.6571823039177165,41.46895907653013,17.124831095843206,137.16525073753962,202.07705768952104,4.623695670306412,32.63894339715397,5.977893898747834
794.7026282601381,354.76701814520106,23.26204371905715,13.603853639945838,16.66723496022833,726.331625398402,337.7169726802111,25.943757346025716,12.137704400486307,14.095208844107058,14.482777756204168
132.35339549771425,29.9773974324882,44.39430718840103,16.409745448016395,46.94162001989867,130.8650279400153,29.608024395802307,41.19697033704823,16.21159890687297,35.440483571541755,1.2918625290910564
144.14163880162192,33.7280996130806,10.028923947304586,1.1289952442218054,15.180208641003867,118.01565225839171,39.95009964052117,10.99347776052451,0.9827569431957475,9.856096136445426,12.280436439843232
49.64554701344334,75.56512126150763,41.47025800633352,17.657680710717145,29.647740957596167,47.844413703109716,79.33164207842238,43.075600094903855,18.474955659414945,28.27203129015611,3.121798351529812
502.7345167825225,489.4964881073612,22.062081340872844,3.3131819804907323,30.824494243850058,478.2178403825678,487.1304237942163,21.846324466893105,9.116327430694113,20.333200902616976,12.721690707121565
109.77805756705096,821.2519940939507,14.65050316993281,7.509148859014366,13.615856015738895,101.42109282653796,803.2477214086388,14.547971178043912,6.550334200242092,12.73370023744811,8.299097234491267
330.1533638573265,196.6886160409016,237.25860309297286,6.9521995771482255,48.410760752712314,315.77991285525343,212.85480636610515,236.1064703161155,6.902990318096317,35.48525254284145,4.838909775109929
15.176027926955651,28.30465826603688,75.1074697168741,18.968179384664996,20.15887147392393,14.70805980301787,23.454762898270232,78.33862400394965,18.24489732470799,22.58589803174095,4.576779183311088
158.4273933893606,342.0114330776782,239.97194684171924,15.58608402450095,39.28550742164245,150.57337604442816,352.3163221514338,237.9324900530188,18.641508602108534,26.91795947558045,6.635917849327694
99.7300796330578,22.28277143728981,218.23851138366493,8.101820654189526,8.381067594831254,90.39475249318642,21.1586274973159,220.2792186011405,7.757884159955891,7.4678701400785155,7.241222544647568
484.54519737231203,37.80525789029283,10.48165658884708,13.746794708933967,29.011009138448514,462.68304439680287,46.584160559891295,11.04255445573657,13.322481501007148,30.650555979911715,7.529035984298426
71.89479298227788,272.1127362602618,22.555017039060882,1.256514195503914,42.56532848561086,61.64576009723486,247.8810271083568,26.577434868612514,1.1300418526680118,49.29749135300267,12.517164585816982
68.78613686029226,251.9472373771559,35.73441706236745,14.75241079241766,36.01819966723647,63.696943036515165,266.0062011731907,36.987186856806304,14.02925056881304,30.674838986105744,5.957323626174743
23.04522261490892,26.095698494431414,62.31155261818177,3.2435953311624695,33.64784044540904,21.695145539279242,30.84468590408376,60.21588570462103,3.232925034058591,27.231848627657623,11.03619901166143
10.881238779862308,620.2485486723704,24.219805954877828,5.1128427479941445,39.529479896110395,11.122688608367095,663.4270073529299,18.579205163972784,4.8638652253097066,39.25256859166349,5.69395013324104
237.2459025147972,29.47939450707583,226.35521220948982,19.20380884350883,4.593120773881779,225.9042541972147,64.7054196814369,228.8309147763167,18.29699961567858,11.27777835754816,3.945500207092917
13.512288546636793,207.9415865764913,223.01846555910655,9.344969154578258,24.19124748905242,13.124651146985563,154.8964987287882,214.5800937544847,8.469270395281098,12.353743717130403,2.156739476582966
270.53183195710756,369.73200464466186,215.78050417193066,5.58364220755649,26.10173970253721,244.6782350188842,320.56066404536296,221.48974474549573,5.260260718809839,24.070576304789004,9.211460172877402
18.239819098917042,27.911137857481705,13.99464793635715,13.245029341580382,34.29260973829161,18.171559135616416,33.53346128503552,14.194596247935921,15.422284361717901,21.294893463440772,1.3856169972102554
306.2938944011753,146.53944053769004,692.8087055511102,15.346544857335774,32.81537239032265,330.711882981502,126.77766903090226,723.6360315844727,16.29314981792601,28.69619029039963,6.179983231096006
79.82381318984935,47.71035183264578,149.68146327718227,6.293047855566566,33.5341302845114,75.21095012365218,50.45754776037406,142.54352973793516,6.494519817342649,39.398844990871936,4.459613252991373
129.63765774162766,50.4662910497045,46.52070857273787,9.38825147060613,11.793483990659434,131.74619409623912,66.40869350722683,49.93202082109578,8.21767675657534,9.783869648762549,5.500297973788569
168.6873798390028,10.368336061735802,119.93264645905883,14.547210847416816,18.888423430715367,163.32466929588506,10.069129831539094,136.91721560202393,14.855897284469009,23.213671632243045,6.373220256070352
77.17306547629927,529.9580754178114,189.57489937663485,8.040886348642786,15.01988014660006,77.79804724494566,603.0971315994431,209.7446633170401,7.483554736095487,13.59157574460533,6.3065124011391775
17.76954789953243,607.7483316504738,188.6410817274301,18.952319960601663,2.500273546239695,17.24943811924783,143.50253625754434,180.5266563363157,17.391956482570386,12.26738836216385,2.2475380854804867
28.289615404911693,28.74575420827346,120.7788754154868,5.284279344665575,12.911922986347156,28.39897921175046,76.65445071113544,116.39726075769474,15.138825391980873,11.089571337873316,1.3313166983476588
448.15782889071914,657.8125525897126,145.09357818715563,6.494359514845209,27.671853793784553,412.8915711115626,511.61254016670387,151.09747051524937,6.1517218523469355,29.514144588758388,10.99503396296303
121.59954432544394,172.01844712038107,137.29220292842797,5.5745017929232334,42.129912952457154,118.84406968250477,132.07283291060557,147.00013864849802,4.784210040879505,37.522319534767036,10.679751791779731
272.44465703047973,411.9677427797652,994.2297176967629,6.630879083212133,21.58121365430154,270.96741068077506,347.4126934641626,920.8915022008946,5.5784680080956,23.40209223542375,6.853598869322078
79.04410853210693,12.116985966815083,39.01340183893601,13.225712236285919,8.04398534972635,78.63652317942984,17.964439025144866,39.83596434615336,11.61575159523346,8.654078566887916,4.44282124838583
56.765747524439504,881.8456644815029,90.4513376954039,2.9301905201197824,42.04587122760063,52.706982701853725,969.9763730026779,114.64692615595543,2.802251856136915,39.52144266684957,5.274796002774615
971.3701876981237,242.2473305300038,27.010644377469742,11.720785923303874,31.61488008658771,892.3527328203529,233.70100085177515,24.84505274280993,10.848963650701258,26.909540701848794,14.534616754224894
365.76811159226014,18.615571920443596,21.344494086533818,16.212855608860153,30.13913944034519,342.4311801958039,34.897431325590475,19.807999376365338,15.082326533071566,11.64328996194075,6.583371415821442
754.8633995539799,58.24860090976695,16.733564781933524,18.563440706091853,46.20634183545008,659.2885441509223,80.48983783794819,19.932249865588137,17.877583890738727,28.817608419977315,11.45002573296007
278.83093033324025,382.0699853599078,38.365351050007185,9.326863410289048,37.84988786617011,272.88668202083386,324.2551121062854,38.9480760446195,9.940184193939102,39.13279371059316,6.544263192423484
51.51546802102743,597.2928251557886,264.71622941158745,18.157734292575146,19.144783731349047,52.86542244885298,499.34621589509504,246.47085979275874,18.11335939784024,22.440112389502417,2.266022615673583
63.725734518984105,86.54815808516301,159.70338171424916,5.614884373751053,6.125061738613875,61.74204621735908,122.27589505159852,153.5984143428896,6.455632583015073,10.367208549698953,2.438026608444341
31.925848182775894,376.30431852899886,80.23790797507027,11.548277781039213,16.179511362600355,32.18076324322185,388.7446890588607,78.59970188077834,10.692741536750596,14.307355546619739,3.2892098922154043
104.72478759919925,41.79054401712046,234.48254923266745,10.687165612472556,23.188721492020075,96.88903365680082,36.474507006900176,225.50818169936963,11.536922665893792,24.37204494584957,8.886205590630473
111.15068947793121,300.5626938421505,53.82213932540725,10.084479235455449,27.24926988755369,110.86678068867744,313.44046276130297,58.02063804451576,11.1279547767132,23.121575274384966,2.7210513907945186
162.79641970836263,42.41445316279644,51.95954239789151,17.978696051114888,49.29561479842863,165.3164905225678,38.211586642618904,51.72881179082033,18.07823820096581,22.077464190847735,1.7678527555795636
170.7384757752159,22.008102911825276,134.86561058889063,11.876179766643146,24.367287343098912,163.0791721980115,18.796340823463044,128.1335696011986,12.244090687832758,22.582348025691356,5.103442033649892
696.5363672145487,62.897553223602756,13.359914691272943,17.757628019015172,10.674110336710529,610.4698684517923,78.1041341871362,12.228373495433958,15.737782840716795,9.908056689883459,18.356256149806736
370.78554158169976,138.2072538615926,123.78079514590948,16.366727331780723,35.41617380720913,349.71088114413186,144.08392811448962,133.27707177544178,16.54518733149955,15.813209665981086,4.706322523621002
147.4369991200466,17.58510254792067,707.0155137931749,13.541152252862268,24.659472744873543,131.85676278081934,15.240037084475295,674.2348517248245,13.977736464597951,25.802560399298873,11.697654063118335
107.27840463722202,42.80781129543902,13.70507476702895,18.324219997693326,33.727827297367575,105.62522952245361,46.69523199579641,15.162886010392318,17.447070162670716,31.768918983548563,2.8499478886577467
364.39667360786564,308.96879851369886,455.29780457502903,14.89538336109467,48.872268294332024,342.89353191208636,286.3287538556087,403.1329283340518,15.666920319169765,40.02352127298201,6.023716750163182
10.717600221107343,124.05965480957661,16.548841725755008,2.127480126152419,17.711088857859092,9.74179898216326,172.35370024649995,20.086034989196698,2.0194655109469806,11.12105556759654,5.621277420074232
151.4601297172901,112.1991699079883,11.112003783996938,7.265104289047874,22.300516304199483,154.19763149529854,116.66376226089925,11.811383008897057,5.896866286588087,17.99535708976759,11.147738295923721
15.033078416281072,21.27662478694309,50.61659410667897,14.163593268381112,14.836424927376518,14.66824364421633,21.381581978734847,50.736587018564556,17.920657777091968,17.868434406616405,6.4109777723939665
62.019332977234335,239.47248434830675,36.25284167197271,15.29365790448341,33.28819334152696,57.94452634112759,261.83334013597,37.19306556725539,14.529201595095774,27.21920315930209,5.330749244892903
15.412935526482192,207.04742805272696,43.813286620755065,2.543550853111673,46.64991463135412,12.049858064217316,179.60081975904976,55.08651274701659,2.6735066713101188,39.91265499559517,20.592269825006042
166.95130244816897,13.889309597642223,41.248150857031696,5.125398898817309,30.043526273390505,176.87911871224347,15.654637791232535,46.52012425783231,5.364840231938236,36.292999584615785,9.490434782489988
549.5983872073454,179.14624280400253,21.441713920979137,17.911035930664983,35.64323809653332,537.2917267990016,179.1540604806084,22.36329065902615,16.16033009242746,33.854619593032744,6.3607719520529376
62.40367423794135,876.3123386256805,963.4889040087875,17.500914264938462,30.783486421797488,55.67080151872559,255.00774851403264,861.4827783317908,13.943059505189623,12.088048013758103,7.963435805953434
824.8107441094313,562.0968271973821,10.635377190276365,12.443245164515009,8.823729011787773,698.7065107318908,119.14953374456772,10.92484182223685,15.046492444109132,9.27583921760371,20.887325281948304
357.84366867377605,195.03658122481536,28.428316623540944,9.58624013529777,18.86539636452712,343.0184488653818,202.02626866847174,31.417597134209164,8.26009765959684,18.34796309883109,5.506074065442068
16.946342818578238,74.68577627245116,121.05883704526983,1.506518909630456,16.443923976128993,15.85651600667913,73.73201243156196,115.64383764801593,1.3278547590121965,22.86270801318644,4.524969149930866
75.8099279796532,429.91600305879194,32.02369829874817,13.325290912794236,8.369240079614592,74.73770978123267,427.2253235663301,38.56909820768028,12.248168868361189,7.292114713270271,3.611630376183735
125.93103880702357,137.86774876303312,601.2383016427012,14.728152501689264,21.026053160723613,133.05546329339245,123.80927961776975,572.3623963562039,16.43335021547395,18.08221453139702,4.214924154859551
82.91217861765344,126.2320292036449,19.95849891927807,6.682601917399351,42.29535480903825,81.60643734999103,114.28964307794024,20.6644967720202,6.434705063972707,49.232523851776655,4.924263420811391
28.203100027229617,394.18125471066264,498.4254511829844,1.3550374147362514,37.36326911826902,27.85729372350681,360.63310499407777,444.40310379131137,1.4335683642052681,25.268393842030587,6.465114383388948
69.87512327319688,131.57274053021035,763.7236883580613,2.4208162246032083,5.964643694154523,68.16165737224071,312.9807738610572,749.3943558533196,3.29235932905111,9.774923544752353,5.668487955488531
73.07933012058191,179.34564631387693,145.2687314409656,19.982390438792194,15.261507977990124,71.93576716034971,102.53164668362811,156.66121870079854,17.742558796789176,7.096627600052244,2.477443836589701
53.54485169320363,657.5814976113109,258.6954970884587,16.800992354575143,22.311060038213046,51.530475719816614,562.7272163928023,231.10175217894442,16.642829332866924,24.784176047367648,4.529265912685091
194.97300814782298,21.59370688153695,399.47999178552857,13.492641850779403,10.87609540278147,198.43885499267637,26.51509544956084,381.5595570708093,13.332221162844109,12.646561308881491,2.261519685084114
46.47857779415353,42.677285844912625,759.8976102723217,12.28206590618108,3.9981836761322724,42.05980933880542,255.13788391308364,707.8308908057285,12.53930166062947,12.797003290488801,6.429653388247429
603.8577080580689,276.11866081527296,26.60875830216482,8.310436581196122,48.45561032108041,563.5783215998331,245.00617435506135,31.7884453894684,7.052562699164779,43.20329856238881,13.203987088974761
256.3486559202182,80.61986278437197,22.858058641306897,4.269098111285133,22.17347271469396,231.80297666236052,91.19159151139675,21.388723992018146,3.6459923285122953,22.44156080012947,8.316329527344891
23.098251510305335,447.7969501409918,50.443681382765966,18.146588993389365,44.47700866165075,21.672129013856264,503.5275735786326,46.5554806423099,17.369575644072803,33.24885926146172,5.232180018459441
41.74568760975327,469.2168451538905,50.74416630232684,10.335625021975199,35.62499310963107,41.36051900582668,506.35494062184506,49.99069910045194,9.576854681576792,29.79959148550082,3.5444589361339673
31.031763134400936,55.27259808090252,36.9398094047027,14.317463553797015,7.275430243517686,32.861764752475096,58.96670020616454,40.75229407154649,12.349649047681961,7.912395854993912,8.432085480972955
155.23465001398063,30.773613245662826,12.225742835154639,17.264414387208337,25.630720717929453,138.76342769769198,37.012267733352175,13.576359307582829,15.109722198893664,26.58129608975885,11.003950178139304
187.1902864153508,14.176958759168402,805.7830964510947,1.988906876736284,42.12204355824417,168.94933120667105,14.39585699295023,669.3526536539864,1.9784438974343854,45.73551043518327,6.520991167902018
106.88905094997587,571.1169386451874,779.5634857563072,19.562438586249865,26.685555018101947,109.70756405130638,228.4272737337644,781.6929328354582,17.983322550010907,9.883834891587224,1.9509714234726798
47.63624321791219,142.06253056284888,333.46064392657365,10.705868185032307,33.063259929486755,43.74320393551635,121.9101233004461,334.5698978844524,9.884187624547097,33.99049864014341,7.353111845522983
73.4688792328421,144.9692444141056,72.44463001814077,6.703279782083516,39.9629695928684,68.4179392641567,126.14407107103774,77.3028764724995,6.751692574751631,59.08254661476776,7.697585354792552
939.8456004533999,66.26749651621734,24.663311182307744,3.254759266754485,19.779770591750893,934.22977206739,80.48798976624704,28.928908651049944,2.8714208384980524,22.295947230882618,17.075184591657067
17.847345675766924,379.68834809099695,160.81257861054158,1.7942717335513505,8.03641596684854,18.59139719664768,418.792851215677,194.20972760101725,1.6285432978184204,10.915202977252612,17.291914803055885
10.120692702474983,37.289469259557094,12.381131634413098,11.32969045901666,29.23674173930127,10.161885950442725,50.47349906014726,12.443023930671501,11.123415232140106,21.301729231156344,4.1296172543026834
57.14802785174091,83.83383872298647,11.170026130198087,13.706928329046864,35.806393660848464,52.34711231127761,91.29380426789123,12.2490666483315,15.38719102228698,27.29968902205086,7.759680312477267
63.18475935245252,258.218423552342,45.601151750144645,12.398411769800791,2.0640767410230065,59.72836191664433,120.18569671760339,44.259991694902254,10.127237149395723,5.643800784163339,4.066924571255172
15.245275099072872,803.2229433877827,81.8979256782968,17.987199347669065,33.46905660505097,15.389054792795188,561.7256923395909,64.49451431446337,17.910291606637657,35.544424388274095,2.9434964676258875
28.222447742797222,280.5591934505187,472.8974330468278,2.5349219148183986,44.339730053029015,24.94647673516882,265.4954576877038,379.7362162136974,2.611647540015087,40.768428551397754,11.539074403736672
85.07949816347157,216.07991339224785,137.78891108813949,12.017622587048175,32.38327231870493,84.08762958243706,240.73915276250344,145.56384049623736,11.806926473558402,26.74018801407139,2.6372618706586572
284.33044933704645,18.313502351025427,119.04648168111649,12.877418308435773,43.516705174660956,268.80815836299524,17.460003970830684,118.03702093134811,13.442599472889745,43.287005644377714,4.157369377215083
12.804599939081443,559.9203585148853,251.38470002249963,15.551797538415656,31.636129422240533,12.001213290519628,340.3601138875387,261.69035134231495,14.436495524691889,22.916231765414775,4.81070750487751
37.46901002925679,229.80064462556933,243.36201754528793,4.548143749866014,21.31784354019042,38.21965191511438,195.21564077328156,242.0403264103728,3.951780517003207,7.887066594181525,4.86064577686575
345.85649966606036,16.870323887850454,50.599122937688,5.919876009064266,22.938372491753068,360.74477476374744,16.064408513712266,59.103235709881176,6.603196221258717,27.264402702713515,12.48237020725115
29.926967995020668,34.671886691844925,21.48638918897558,8.458165131050993,11.26559414958139,29.165218924144916,53.487470245887046,19.901973622728875,9.411998872804709,6.584236199044776,3.7773859712166895
335.97810763282763,724.4471274414658,99.05210413819887,13.216970043475817,43.62426927712189,289.9955947708543,689.9377624492192,100.59909943588536,13.731458770859605,32.785182751903676,15.37147033553853
60.505025420573254,116.19176194410113,308.9341626116788,11.39945417562275,14.85588839143077,59.12059108870778,113.07849437313989,293.7365431733847,9.600514312693765,16.139034212976476,1.9426221934653234
15.19032339801861,254.87400680160314,242.90264518059007,13.720010626566058,26.775072393545685,14.21730553402583,199.39330010160037,224.8347057816983,12.300068923079928,14.620600890660771,4.199379997449518
50.76256250837831,396.12188752121887,35.57047260694638,11.188081113823474,19.337358106517087,48.051072896401294,463.8985872866006,38.67508048577901,11.463754150002583,13.958480339762218,6.201245773037577
28.200352047818676,16.649413624806957,11.100829798495846,6.37095022076731,34.60012602146372,27.328484777310337,21.288210325713138,11.852933397796956,5.565797780054955,36.40401580889907,12.749158245191586
588.2127060028391,32.80577287349609,60.190165580358986,4.882624989990786,35.536116791066156,586.1707196667177,38.26915457563696,63.75334740432291,5.265765370053255,45.56884951871531,11.71330248618983
297.20557380927187,91.55571264828477,110.33223509778725,3.059173150701341,8.616691571903047,288.7192786076023,86.98950667699224,124.28474535559367,2.6557465720890883,8.856624348268328,8.687088327859682
117.83525154930729,33.7705607084738,102.76556325258694,19.103784305900607,23.75201917418978,116.42642942716395,33.21611677609146,107.67304916327181,19.319122723611855,21.99299645309658,2.102067209459181
38.77262672193009,443.4765126771462,13.065064308067162,15.218625514583898,14.50893279924911,35.422785076138396,388.53732138496304,14.461401578119956,14.39711888860281,14.798120337770877,7.488817616616138
33.21848124055963,221.6103854735877,828.7792984205932,15.341387493772816,7.958834246438993,30.556540551319898,224.78584901211494,824.5775763991298,12.392261560488247,12.021593740371992,6.9554876393224285
844.2810921164141,303.70004828732715,50.66296384781827,1.124591199410482,2.195656754367544,673.9129557479997,70.05720902541998,57.181442522684684,1.9190544299900691,13.263830217815624,15.716001620190587
57.774522882318124,443.78104277662146,19.74852071599136,12.154676345863788,4.9605535720019,55.24515034100558,255.78306138610887,21.992256552973746,11.214048439353656,8.705509549759906,4.61668406834672
38.38623890632909,62.46273278368158,521.3589717600045,16.907881325418362,43.31820908419454,35.996778745961336,48.47944788820028,470.3129226212242,17.752052136056154,41.767072390476336,10.691814468421745
182.81294057060902,193.0439697845047,42.42795722162242,9.198459336827815,24.509475321757684,186.34166918587246,208.74273167904002,46.30210810208332,16.23904325147143,17.969538826893395,5.3018500103438795
79.66566399368388,22.92323885661751,308.65882051331045,14.26087880388686,27.549926672103844,77.82145719221192,19.414033667270875,341.07998014655533,14.76611193234534,27.372098375978002,5.859627924930524
217.19197792089287,46.182025873325166,14.622985779088037,7.116891192834735,35.147550397000145,231.1824728053243,42.944911262177726,16.931088438197285,6.631105041095034,35.2380566123898,6.828302935349708
18.898205922531144,13.451884777542169,211.90588850843469,18.3916249540685,8.411013014405345,17.070340630020386,15.652115333662826,223.8132523109888,15.91113102292546,12.974822760541365,8.624107177847932
461.0291249022387,63.87362543829558,15.184164473314565,8.095907721188116,18.706214352307036,418.3011518394537,62.12445727763724,16.00168197136179,7.878766239024471,16.3051951965709,9.200214969883486
355.77620184289736,72.41761469574566,261.13635507075475,14.048756391311393,33.165461311773846,369.89331873902637,68.27277624408462,293.34399212919425,14.69868070812059,31.5215455043079,4.394275482153727
12.152549684535792,225.39462107362235,81.42156325538701,13.371943388565693,46.84989745437641,12.174880345705374,300.96589653313873,82.51637107441373,12.575941698601385,25.26302683608706,3.567105560866398
212.1226361564809,805.5641877666026,816.2209963452781,10.76663279882702,29.316368845152358,224.08340599062518,477.3242830766724,803.5102794041735,8.471574050325346,10.216710521743744,4.776139357011018
611.0157893502561,16.515560931583238,284.76758143938974,16.282212524285878,14.546299722172838,595.4493516810165,24.872439716481882,277.05901950607637,16.95073034179947,24.411794964642088,4.162700793918336
12.022952838425345,57.21689635991047,129.58829601932936,1.0917092428705235,32.62416882396609,12.069771525096213,47.25745598266056,138.12326256773395,1.0875684727112809,43.43108165887189,12.979883932591955
562.2093674945575,219.06774552052588,21.282741050843573,8.241834603379866,13.33651549563705,563.6507809791318,230.57049785922618,21.8778193039698,6.715322574501354,13.474367748291842,6.478499189223648
996.3737371574175,18.400087221497422,78.84110888011493,7.120012580944773,41.979101396461274,917.5381757916033,17.40738384180044,88.51732880921331,7.125942082624086,43.08018860065342,6.631996259609211
654.2478039310545,53.49946370283081,141.20296759162076,1.5255402658710775,19.13783959964692,600.3343373022801,57.214244935280774,148.2503278809855,1.4984818464450207,17.145716872769516,8.499805196172481
385.68649976421335,17.536172288997733,142.85883981743146,17.158624672629575,26.32227667715432,387.4939553432138,20.56423424489597,156.22514437460043,17.85056247894092,33.260683527424646,3.826752536584246
181.29919579422545,156.85276177344957,12.855442531398898,1.0984532468717938,4.7726727005508565,173.07793310384636,24.66914750127623,13.807149555902376,4.125713201804678,6.952807666616774,11.388209107026343
112.97454921633471,292.1092923784486,13.522100951433663,15.922917748131018,15.592185734407202,106.88131659616448,393.2843351722081,14.604797330765884,16.78849200807011,10.357006004381965,5.212940998990585
12.253267974348518,65.38749330948117,459.33878479906576,19.52841189942298,35.61540415822472,11.686555056017639,37.95115538969041,469.3156215890259,19.234688616808672,27.03203754566588,7.175566319777536
770.3713078246536,497.6223799614351,43.460294075462784,13.146569723262951,9.044317175012544,736.273896176858,227.14209649983422,45.733378275396994,14.503248165569316,10.911428925288444,7.414610472373366
18.099182598703017,127.2922584585051,12.077077117507644,18.861387196531776,5.177630957785734,18.022261935738893,60.32123095338131,12.151187697466753,18.39613351811172,10.364585450464611,1.82973482328971
584.8747929346553,247.82947735801667,26.790302036323464,3.700501138962719,42.45501201473378,542.436532798277,237.45781784655284,28.79557476948487,3.1361526601738032,41.03690746566186,8.591555379997896
12.619207698991417,255.4909935107528,69.39928637816922,13.762533974404123,3.2298122034357286,11.77603155205462,74.8645185300601,66.1011605597591,10.832636984538983,11.377170375922743,4.568294585330991
35.213099841871475,25.080625268620217,16.987076114758988,9.322904563366194,28.081055839548718,33.09531938955203,26.579845499226597,16.92657763566228,8.43706559886742,38.379244040183956,5.818602961223193
17.22906464667845,89.26205947565859,150.50175559417784,3.7858397144227016,22.734370735091755,15.587547708516183,79.8441816138623,144.12129318209293,3.607187192625651,27.521444329237223,8.723694094565124
11.411601105164628,153.601267723353,662.0633265915358,10.325148286871624,16.098169863127296,11.399956294928836,182.51032972092358,633.2036236334434,9.804100500782498,17.188830868097835,3.6638609562500637
323.84120067093465,130.53373826359376,699.6549661199551,6.103778439626366,25.82837935534335,335.3800737183057,137.58322528382834,651.783629249539,6.358727626958244,31.30391783627404,5.838059022584197
314.9870726619,12.101383279669372,21.213778153156202,8.796286654108895,6.712088890350939,300.91706056896857,27.203430915229987,22.68065977997975,6.893967866230242,10.69700065743604,14.100028710842535
205.30729597317128,22.916893073573213,12.254125538127226,13.2692034379894,24.34765382019585,188.84976218468697,27.54391562384742,12.319900500803026,12.494974693325288,26.12413045933947,7.670297255369002
228.81358987802372,141.1432545274374,965.1673929730179,9.925810972621981,31.723867403386468,243.80862049031293,119.96271751294763,903.5825363047749,9.837721243600607,28.951846938763246,5.93782250899366
99.3883926015863,204.52523488424717,510.8514292894797,15.873875525131767,43.14754461231431,101.71973834691491,185.96150506973652,471.2772578395506,15.375002164760405,40.08662864994779,2.3187219072980385
392.2509598266666,922.6106906358698,15.969658952223625,7.739048530759641,29.427837798660473,352.0735343794086,786.3995737419021,16.54059113487889,7.798812454741765,28.480417807045175,13.389233949438589
75.1586906934221,189.68251465520166,10.106890143411661,19.87400146981238,15.483026526279449,65.09973325994544,162.63976872683787,10.824390664878088,17.758314002598276,17.330087340544647,11.01680194449631
99.70327392501197,59.22698030772552,34.20491122296693,14.515279633311131,23.134897580122058,96.07043988173028,63.17517175381014,34.362216093627566,14.00518118662472,31.32201783189913,5.2113074444833325
410.92826891399693,24.72937166362686,18.537048237777196,2.2673180542466875,41.19695341870162,363.14674635492696,28.489662402907655,22.261583691180096,2.18966915639888,36.6559593843341,13.463924158474647
10.288814909824588,98.66954254879995,208.9119236994705,8.383044294679479,22.484852218721283,9.879185426239328,78.76537541827965,186.28479962820032,7.942522837926476,19.074725728365404,3.7236906522353244
29.27928374655263,13.00202997321321,108.38947191251181,11.351478244303388,35.01569782711008,28.036690171226436,12.501683878884203,127.67145341398773,11.197263332698459,36.9370297894726,4.291918101889474
16.13402950648027,47.515143803974325,880.3475401644342,11.784104060764042,21.05143459652145,16.057762099405007,45.46094955709473,793.8109980401998,11.433659715139282,22.56968314168281,1.8822689424478727
254.90721803554433,231.13403186740553,516.2461276846013,9.445919180047763,7.828559614759751,242.51288593095106,212.0898802934582,497.8737785547717,15.141723230021919,5.791157064179896,6.673090284892287
668.0800893991342,12.015552494342552,237.43270007774856,7.732986064509238,31.609521314046788,612.8108428309018,11.134229357199759,361.8280606848756,8.20246418206246,32.29851676095894,6.533297790022771
172.1745731261955,323.52665697655283,552.9864161659973,8.778244128443562,16.01769595347172,166.6131781819069,302.9184469235044,496.3098839119674,7.518317240762825,17.24437525059805,4.117336437265791
71.88322633799864,264.6205312557692,245.4520139967595,2.401024102093157,38.89501920486559,68.35817107443194,290.578334309744,287.56631206993677,2.23606741616501,14.181619518966952,7.855213355525971
118.70758725166134,26.87553068683463,249.43257520908026,14.318676625942357,5.145564999706425,114.3795220309866,37.099811331117365,256.57289177677444,13.39847373990017,5.954864273280355,4.7756762054133155
126.55361752401309,83.83436975728894,59.0649421344638,11.994381969997821,29.331482560864437,132.76124244673065,84.03751339961032,60.379161977354876,11.109141912441325,39.26807325526763,4.153495995844823
14.352165044902108,65.26580019187722,346.50759688302196,19.852482672779907,2.558837657420158,13.552695057269382,82.26491729279407,383.3489308337385,18.13349991990966,11.919878504771525,4.189602490317173
20.86799765691406,192.5486684681599,18.483292350757804,17.742492874451138,15.558078132947745,19.678463055034527,185.92821980599945,19.959644978460815,16.84005766607347,15.19321358996886,4.22683048334314
12.405038446826962,955.7466305770607,16.83412158562868,8.896757524537161,22.04278311507115,12.379138784533462,583.1262634489455,20.272042896799313,8.737614621910204,33.45422498172642,1.0527387705981843
44.52013932606094,65.84088032545336,46.287629670336564,11.5639497664706,5.171176579451909,43.17647959876475,62.08745067817207,45.74265320281637,10.388157881307281,7.93793004842791,2.0264833831785176
390.5205098221144,14.114629933561158,708.5241235823898,12.086184154285126,24.738669734589287,377.7216131972494,12.712601248177744,810.6803131183939,12.775342859783272,26.053720423425624,6.579856588978396
149.7602589375365,937.5461284346358,122.84875515356532,4.692828341083905,26.197043513930645,146.3676881828325,836.8933666044057,143.56822584586217,4.708366359873219,23.19737459469811,6.5609369595576
292.28829788061813,304.9337049905335,30.736377538793043,6.042659088632261,2.838114447307909,277.94197939168794,41.05183220351154,30.974288188824676,8.090665461618078,9.849269481786045,6.171984722476119
16.880543141253234,87.34107610267606,521.4671097925127,11.513532633947634,24.666546443775285,16.459876983126907,78.06496848197636,555.8525334463804,10.974883198535293,25.683238041525417,1.979693304764821
848.6896997776429,234.99679228431262,231.66755442156722,10.870534384717075,5.278178960179416,789.1932004270436,245.39529168121626,246.63419574100016,11.21247341610312,14.418963909534968,5.998763881023963
105.79268144042054,633.2086017137835,27.095867720742334,15.844683349490904,25.084152714841363,99.8293323489809,618.1877259837283,23.584324095008196,15.73045121741556,22.09309318800779,8.20024246290958
16.19363586006017,17.602188943402993,180.7578690315195,12.572128726594679,15.66032474372396,14.76612615513106,19.657985913606762,188.5130055435302,17.819085179919384,13.698703596718042,9.013162916487989
153.03733183100078,10.287083853587209,86.7076709215645,6.448136002548514,9.387664142634886,143.10131298083027,12.552953521813816,91.27921856109927,6.661423465717455,11.817895262905958,4.2578664853678765
13.646110920232536,40.94733754721714,414.73910719530863,13.650797591190523,13.45086083217866,12.722489414727345,64.02108953786887,448.34209933095985,13.136756531848203,16.652178325292926,5.020974930526309
98.5356026043861,52.63539874470494,426.0420203883814,14.816744643313868,35.19237593488362,92.39900682164738,45.30701218654904,383.51036445479895,16.486807866787533,33.1502379895068,7.148093234532732
46.38981794315331,83.98980372839115,828.3670134329388,12.550132230733563,2.28811185135371,40.03476704999933,267.0066062898809,769.5482678589574,10.180381262497908,13.428702573931737,8.72285716516986
142.30430696170708,56.5724942637936,36.55402549760441,10.344557919028285,14.161541578503163,139.58134902471434,64.3404068696451,39.708520837439416,8.75007519669778,15.72461487910389,5.240893365756992
17.215047918453322,143.14478567496312,331.40706599045177,3.2231342533812635,26.133660922999308,14.701304201043916,134.40174585865375,294.24688794459865,3.3647957352566693,30.564178826333578,14.861915510897383
73.42029865875863,944.3651242415693,30.41923740131583,1.0938770342006654,18.918410828292057,63.67076625034506,893.8450582485456,38.50291228664117,1.0232492515735438,18.127403095820153,9.303081158461692
42.68529835737174,57.11714535391587,36.8944825798431,6.721226270053569,22.491930593187544,40.50128013757723,65.59669508310998,38.10449530270658,6.973382121219195,17.00003192377838,3.700454715171517
277.9157841629281,214.8804374023857,111.48650686504078,2.1345702479751747,16.654698689406334,252.6427028063655,197.33206827122964,104.6281566899517,2.6186549928909377,15.480085765647964,7.545299056593055
126.97950061722659,12.679738732980455,61.49540495012097,13.479744973374059,42.69435577899782,121.36333715054518,12.895871807923307,66.32012487019873,14.029304377881857,43.934908255836426,3.5769764325234723
397.9504074280465,55.82761367690787,32.219919221691704,15.114605296637558,39.88764516835434,399.6617049354168,62.01298887905912,34.38265576695885,13.241497574220272,33.505553359587324,5.6422397070222186
142.45978777168673,114.3296763624165,30.57430022026028,7.055533409237084,10.204764901095325,141.78889988541292,86.51877794998005,31.128121060709795,8.17928572754415,8.237674282200382,6.447200331468042
46.29806773358492,403.54835735461774,16.895666201440548,6.234143884300494,27.585203475072202,41.59222424871869,438.6342769952997,21.24362021492624,6.159684383803135,23.372635789349303,7.620543093137379
251.43527694332064,503.007974038711,21.082928180061845,9.362756397656172,40.201934608248784,237.7192839307696,434.9156059560444,25.261394676085228,9.47018498239434,36.49383808433671,11.723622437851649
796.7662062671326,11.743266683344993,248.20422073493324,19.057219866779263,39.8311342284968,788.0040006234261,13.355940118260731,202.26196679300992,18.52190954545211,44.885697855482825,3.4287066838565265
179.43987339800856,75.25440541354276,32.48363099485832,17.9467351430851,23.21622178667618,166.8236849595842,88.12438732955935,34.093809850250175,17.971169746498898,25.645260212492797,8.016246480420937
49.250914567686344,60.966628480690154,445.0545938204028,1.814665051757452,31.477442116080617,41.53171771745392,46.85026925559321,465.2442612106602,1.8314328399760864,22.954791126666695,14.87643434293964
83.44776604952105,64.56642454151542,76.4047326867231,5.03122298150094,22.193085044194973,82.36720830202472,65.27249417678223,75.67225614077198,4.8313358162540005,17.595861342065106,1.1501085491686351
13.487555338215625,56.21426807588864,72.38846449262843,4.275817300769655,19.904570138529493,13.213848052113025,42.770224321684964,75.27429789270059,3.982930859885755,14.394412556852592,4.262429882439924
25.775051570943216,35.541882441638904,15.074523958967932,2.499992691711719,13.609107392072026,24.088708210463107,44.21614682433931,18.478204963073747,2.8728873589839337,9.778328852939337,11.66445179038401
51.89217241517009,211.9019937017221,633.9425666763046,15.209067052192982,23.15822712470628,52.68086109871616,157.7975721698273,599.4103041093222,13.059303474434138,22.15794110551606,2.279592879039036
12.051739770143216,56.54902897239988,108.94651235656805,18.452664200197365,21.5986206934814,12.10399506227129,36.90937190295291,110.61414914274462,18.051190954803587,18.197058411393552,2.5937401821503685
170.44306140769632,10.373405680952736,33.22783220130845,5.92485661707048,38.52282547844853,166.14504051297902,13.453107584581211,39.32187759547507,6.047842030898653,48.539290825237494,12.314267631917721
445.70306429390064,146.56258235395165,14.881599815051336,4.177843702162606,6.424568793267246,461.83337483005675,88.40485435744878,17.013908768484303,4.120106522701555,6.114642101210704,14.38707396049907
12.158501783614353,18.81983670985669,10.060007587241685,7.0753847497405715,9.996907283300876,11.536544793352322,28.848984536062787,9.669249832832516,6.794294902045862,6.9755032618069,4.92273521317136
403.00976548231233,936.1935207725398,117.49527710029977,10.167195591097762,44.17868796166182,349.26928454343266,776.201087500038,115.07377567981723,10.030997790402262,39.65372812599296,15.823477845028892
36.15889535120089,774.6598203714873,19.497644801904634,16.89376266360868,22.75288841319717,34.72706258106967,581.1889968957345,19.962682180304746,15.378718076956119,24.584763043414846,4.939545840185338
835.4098227405807,18.81353601869331,232.0613823882536,14.690696374598332,42.72734100882854,880.5648257561011,18.80352195649781,316.7351014542315,15.058854574497806,37.0537492449156,10.660814076724218
300.5854869101571,18.28586474565426,17.68103188366833,18.623688469123653,21.083753303597152,289.1030885734423,56.26822584032611,16.482212569491153,16.195200929430005,8.422882422401019,7.8372643537779885
11.12572048635116,32.43023502191539,265.10975122673756,18.627145382122677,18.6187537458739,10.422563750333229,25.75217675057824,323.24515654385414,18.83187754642797,19.549390224196525,7.725311065087759
58.80404335436623,28.083037016323207,261.74574090606376,11.177679181245757,30.00205168294107,55.41428747237892,27.980870416318023,296.4038233964272,12.014452571848118,33.90428873102468,5.251947147791788
374.25924016636213,139.77951758158315,21.402370674704205,4.280932323000515,31.4878963932868,366.11366915112546,140.6525437563232,22.36973183219489,4.005562609262882,31.373923768844293,2.90769931305835
410.4000444948022,36.04410092007939,221.38361924888173,7.983588791745775,22.081762282237012,415.72831033593894,38.279219176837934,232.00465456047925,8.034803306850133,25.64103722531534,2.249684385108727
439.59318274411334,152.18471589079303,370.25186746723347,17.575898040459432,49.62230914931694,434.778914691151,151.96448417330845,357.9267454799045,18.88076287722168,40.989984284747635,3.2836178855103038
18.85251814081493,20.076942546612553,467.75539755932164,9.214570755668376,14.693496099504369,17.559927898445103,36.616119440440684,501.3924982276,18.975388272524455,11.278383801216206,8.250585007470333
26.160755292478186,61.52315725950408,37.385975325883656,13.114258978530588,41.19529288590101,23.57910820010492,73.66897326283583,39.0228108145631,13.181820250186094,27.411994500449946,7.133923390224921
30.655060946736644,301.38093443217514,20.306845350290263,7.137165920413216,3.710511137283524,27.42028151526379,138.04073127600535,20.32802497015699,7.601971078602343,6.3807063348488,12.243595563852368
18.564890363488413,307.8573156901107,86.74890372390388,1.880071472179985,49.22429633324576,16.515118295439976,315.01950535283163,113.00722771796332,2.018785081311985,36.07109239916071,11.498044951932455
17.25727875709225,100.1364318335408,50.937818655216766,5.45744368314688,48.02907858395594,15.207722657966842,82.30298829910117,55.135852200968095,5.481922220089159,46.233589357636866,12.496197664896771
205.2230605465957,85.26564311558036,58.81205032333997,13.483504446959314,9.093401095774352,205.54348906851422,90.10240178942345,63.15551818358823,12.022290748520382,10.99038422090639,3.3922542031920675
34.743904941782965,125.34834721017756,117.2441359091287,3.4903660880664766,31.457462864800974,32.17370704042871,113.49690278436886,128.87397004544215,3.329690545744331,11.84584209143935,5.559403867809327
68.67560993820514,175.47654763862204,45.0162201219674,4.351419635824536,32.955722056301404,61.375232900421835,156.62052190560672,50.32741828879067,4.318439199445537,39.65335340798172,10.355484545439198
11.4619260477708,10.167958922928822,48.47821442257651,14.444405933563205,37.17967548774796,11.526327198023218,10.129853055944366,54.79474686589196,16.076269087560878,42.54866041837667,2.3266247681568095
138.4319043730024,13.212851171358645,16.597113609341292,10.037427606208606,20.802541296795052,130.06763020052466,17.410250950858458,18.25347643178806,9.240052119002295,20.32747133250014,9.758774209302453
66.00981731315255,181.1672666296325,205.26181576192977,6.774227207590843,30.659562315712996,63.49193403744841,181.52187747544596,183.04918750307206,6.4464323010502875,17.678385094789583,3.5156130945617083
519.9292877134781,56.79692871492633,848.6640468639257,3.2450330540870995,42.14982553450314,490.7587576871327,58.63108867089305,863.4163121871957,3.3765252177825227,47.74656168722687,4.792442241031275
32.43795379011698,115.88520558968084,51.73544530287338,18.248863613655637,32.287839883272085,32.18453988061572,122.83245611693359,52.20478383636251,18.980599858974596,24.90473211858741,2.189818920193479
65.52954929138878,103.8117833360795,173.24149830803304,3.7818447885854924,38.209582235562856,55.24239269966187,101.14554686268366,163.98725720819118,3.891122945827501,36.48562033251314,10.61789802895723
101.74220234234376,123.21764902237152,295.7267915999258,13.340211013932846,19.20304324667848,99.78147975854712,114.40273021299306,278.3896622479384,15.589903112786786,17.74491612075393,4.486924678107069
843.4079061795652,413.7109521106834,38.781284084712425,12.04955388505843,7.767796267443137,820.9297866616906,166.49646072000448,41.1641030778752,13.477171167408175,11.16413673404853,4.523684435261071
19.742495054100733,36.87200777920372,756.785039652064,19.55094950927961,39.279875146843594,18.032504637762457,31.959466814488582,585.4797754566347,17.77654471926422,38.09734238206123,7.972663533499402
852.5784861913218,607.4352533714127,950.0834281078887,16.782620129985855,46.744691364881305,869.8064187215231,479.81101882798487,826.4177250300814,17.177434624624244,29.768049024871488,5.33903977474046
138.31581255516664,554.0016450235817,42.79561680257664,2.2521747861681165,28.316920743374883,130.60783669958374,496.5061841522891,51.64724322395923,2.204591980439318,27.776734814878655,7.686438594371052
169.2614134749787,17.77928355575868,34.29016058632463,19.519015266635083,36.49604234850991,159.1912097886814,17.623725738464646,34.09338895677419,19.53259452599253,37.48991558658844,5.093804638053139
17.532543532768624,215.93145387834105,688.6773969771682,15.616014997296944,35.45713064566186,16.356705914939678,108.93768789513227,645.1901139326063,13.46652993680156,20.796294504073302,4.475321865291275
14.225678323241848,410.33605925284536,123.34025166905111,19.57586818739949,36.179984686205536,14.456440945588222,333.39553853056316,129.76853238565798,19.31929834326439,26.713342730166993,1.8717669415468208
687.060538507534,143.28212091024545,166.77048877812481,12.804850626337814,40.580862049764605,666.2902746883053,128.86386247362267,187.74559264065658,14.192075215277622,19.550787007818496,6.868982018529475
93.41506131583884,50.37956002175,651.1332932343835,7.457327683697173,48.929473044137424,89.81935998642741,55.27289123014018,681.1501184931769,7.097702166478951,54.907187523037265,3.291906333360513
273.09298417942165,394.569270431425,34.65652675216273,16.865986641920678,21.938264351935903,285.645741604416,417.0727998259718,36.402344693117314,15.7406572300362,18.82578114799703,6.087393919201597
202.79223359432436,22.932683181515188,74.9860001318479,17.731067013111403,12.340697268143138,189.09573569232123,23.47334322466252,69.95508024410486,17.382593050213845,15.01073521747047,7.769460523745654
350.4275917694506,137.92756089017504,169.32851579214582,3.0551785921274903,27.45495332203128,338.64066267690714,157.44871241369083,169.1091975580794,2.832813380476304,24.98524669342145,6.798207480999436
114.78303896411029,71.27090660438154,547.8974552586608,16.72397984488562,20.821472593616804,123.98622944564855,59.74719052088004,557.427186091672,16.679155284119584,18.169726636037062,5.874234804969187
12.336111397927953,115.42377354624172,304.14348237580293,1.646793842612717,18.015938774841654,11.224563891401694,126.98576749034632,271.500096971344,1.706247014960243,20.375989977481485,7.420248795412318
10.71621321481927,54.62124698244985,29.744472170182416,5.785860021679595,3.991075110521337,9.871609382440196,33.900510335887134,33.4919705867672,5.645828066264154,12.854930746113865,7.843774710491081
37.30630202093602,141.48932525704828,644.5328601505586,12.185718352999448,38.19230423965055,35.725061317192065,121.8748466944993,604.280382402667,11.850508755786057,38.81720953366555,5.688921881858859
30.698431841930514,492.1766197024896,12.378296665531028,14.637814657333188,31.56252429039648,29.56228029208403,515.4773975209964,16.179095847987625,13.25522998879849,26.311091224242087,3.5426656953974534
49.07228561125516,25.15690106712765,188.96715772040025,16.288424390327922,33.03617979012954,47.372778702269954,22.66387810151368,186.692275114737,16.29971578986961,33.187593233926464,5.252995264724935
66.02342046651474,309.72766628633144,939.9602362389822,19.76867806735942,24.744457347801518,63.826375706822496,135.33372289201313,833.8670705563686,17.021900475131716,16.93076720493833,4.970262519103954
94.98915862756583,346.2707561482731,374.27480267893384,12.352597946751356,8.399696614874715,91.6837380551581,186.99013016049958,352.50876702715266,10.176132571317973,9.664951395225687,5.321943782563146
614.15973566282,164.73796893483816,422.86282689099454,8.001132603147145,47.92256834182949,606.2057412534176,181.39225092565871,425.73250074926716,8.148106235201334,53.34764484605327,3.9821135863231105
171.62733823885182,302.3056701140445,20.782321752090684,10.171450025132359,45.60438817859493,163.44518419853702,264.1442042657548,25.609984857198558,9.613652283519805,46.70074805109585,6.199079819473611
14.266873102479215,20.59597128384621,74.80598753887793,10.17354154475086,11.862338519235722,14.622374985962372,24.45785034579121,71.19991349519012,11.320042245318497,13.763929642002683,2.4015883820315533
493.4698866248341,19.837782028546947,40.33007492125472,15.464833774539,11.878336173895672,460.51332166761324,24.413812037289826,37.960667682006516,16.227259380098314,19.679081737504784,5.615919960233016
80.58904046448559,25.679899113600978,217.39523323721866,5.4945143114498185,39.19447577819205,74.78915574419811,27.10282281357533,234.86352408769983,5.906505639008118,41.28133777728586,4.934865773983406
285.4806623377096,254.4983935782566,527.7374301686318,13.46718612294014,12.936970279137286,301.85770740350625,162.50389983298865,480.4532280350513,12.92069150747328,8.616846770927358,6.045278310047238
281.84548946241546,164.29052989577042,45.06706969936275,2.4493487544638746,46.43851817743606,272.3892806107591,143.30701292340848,43.22009463952966,2.263810696137983,39.5649808288077,13.04348835337609
79.0749845891052,34.110578722323346,169.4527871248584,16.430429363254444,48.39815565262219,78.54184800407923,32.347970978934036,156.56330155260676,16.75343485472565,42.103669201179805,0.8621443223849026
15.241155017996746,17.55287591655076,10.896170705446714,3.375519731330906,41.53027880941298,14.56604834391373,19.244455224452448,11.529590483267132,4.319696736414947,37.67195868444495,4.981440146939937
36.78478545329754,447.96909292439517,678.4905510746755,3.2072460840140784,43.46254106342572,33.034466342065784,412.2883244846067,578.3387936963469,3.2368603444266335,28.611182780935582,9.510201242290997
160.07003677116384,350.6994023743085,10.398842941891884,9.200088789167708,15.935466502507406,144.4788720805401,469.65114098280475,10.764266195186083,8.82073328308429,12.074261668159005,6.2571767632591895
50.90499672319281,25.180103633812287,18.699285304074074,15.031464329193547,12.200719568633627,52.72248235609643,32.91733092763098,20.269884383309982,12.983854900915714,13.70101298230064,6.369851710510295
116.58859421872772,79.03153736066632,804.6226630427782,4.989867790307726,40.868570692297595,113.62119193976169,82.82516648861498,838.073064165641,5.336998549350174,43.492771100727055,2.1654245522551743
60.380394980834964,12.860394841902503,28.999495452794328,5.961424695502877,24.292431541638212,57.76241778852486,12.645181100928944,30.570631798768094,6.180320175824114,28.282753252379194,3.279790191266045
25.734439399065195,20.64529396140861,35.78518528059731,10.716044758738391,21.99800461374687,26.899590962040588,17.752327648268626,37.72339504517925,11.408947608157604,15.717739170659978,3.8065755941109822
340.94199479050366,184.73959459235272,958.7951765955881,3.6159317833331004,27.825035460459663,356.3522055269332,185.24160081825946,870.3407992873778,3.8900741269982118,31.298762929257517,6.059599167582978
55.047619831972206,110.47365066917256,288.142812017763,14.89148236178948,38.15276380645257,50.39933687920214,96.94171905772785,280.84268739393434,13.885636503821619,38.25126707314716,7.856317502272052
497.0123354246553,136.13894738204795,12.640903939601623,6.096827438223815,19.430301488463567,442.86832857392545,127.52197487332718,12.129181346734915,4.830786398126752,17.249467276065886,18.826502301323202
47.71833544275661,148.74290057639763,10.562577435985352,2.7377090118644487,33.21563655979942,38.21538948189577,129.93675850718097,12.105254000062668,2.7535161027448583,34.4170503920057,15.598088923890785
339.133250315871,811.924863319693,152.5030289633178,14.094732594356367,13.899764915101985,297.4084939060781,773.9555475162981,157.5047788787331,12.80142660350643,11.632741753192514,10.736913548614952
13.040201043402405,359.9031682554315,429.6091043473723,17.25921593023564,9.805943808177823,11.692912496846972,198.83310437719894,435.00270557671405,15.53065421433993,13.778146836889315,7.557510647751621
58.418320613847655,432.34150994030085,126.9642386728134,17.794860639974637,31.089725046200684,58.4396757502341,453.15463656957667,129.8132085561957,17.495905191068804,28.04910651856309,0.6952438050137013
856.751104858642,223.26445537724996,580.0914965570555,9.330319590470191,17.0434064482675,781.5618289651911,156.4786513018349,529.3688623936417,9.618825095547882,12.726763923220593,9.939970434726183
11.794618561926834,222.25239458734745,61.40178253099973,15.955613358626621,34.23960733441506,11.619672332187095,277.66021285691465,57.9777899398496,14.94339384302706,24.782120997051408,2.651890245795237
36.51307326117921,743.308454700422,208.20904152175004,12.81247664955653,28.639156450313777,34.723437832742796,658.0787277866403,181.1079521684875,12.002332666514995,32.72360018250903,3.4275007590488356
10.126556774036871,464.2396125007265,431.4751905089933,9.842243982659294,23.716905135695388,10.276563377772812,273.9804506612813,429.87963794810867,9.234935510836056,14.676470551962792,3.4204973717051668
83.69826896113094,123.54451712353905,27.25802561196461,9.058858544219246,36.47655218739882,79.3616480919553,114.073624735402,27.565567158005585,9.146437952339868,40.96035195223556,5.130817650119755
25.917234492848117,30.49895808905999,18.705590145271906,12.016133799590184,6.475766612130701,26.400506426698048,28.218679675512007,18.207564855619623,14.239699107863284,7.033447819661453,1.4983195367931263
681.1300380369422,457.52207461834087,64.94975845018052,1.7630555229912472,47.49647619947629,631.7182007664189,394.7831826123787,68.98029154758633,1.5538687126082877,49.06904367607348,11.317936159352556
104.34419574534584,63.27507841559662,16.107205495374835,5.765298819851539,25.054005386904173,98.08264571387308,60.45565324518205,15.750031514373452,5.209880146338432,23.702764308206305,7.09631786425634
71.04015085884141,318.31016101552063,56.002281955873634,4.521132202542174,7.087856515990803,67.49581987828051,309.5067492831588,60.90076968617547,4.667107003204243,6.593267196349125,5.7362927222887174
10.809910825895841,91.3479302067201,23.64157151090546,13.372936461613625,28.36054379444733,9.998587258057277,124.42847537268825,24.901472911670268,12.995709299969176,18.771850108953842,5.321655224419109
537.1417397888455,23.077059723601963,113.06065587197166,12.256428499199252,24.89641940682645,533.417600543524,19.452703177557957,128.88818457936182,13.250230039070928,21.697013826855528,6.1890350878439495
14.0792510966552,29.123911451827826,172.71433518587187,15.84476215118816,24.764512206445684,12.903282722759329,28.49020274814009,176.09901925656933,16.658661916386055,25.041284030212694,8.065867646203694
140.349581726494,230.64564776276595,10.631275060395751,15.782423162675254,10.400938356187623,127.45718346657236,319.9271919300921,11.368662780365844,14.608440498721457,7.502042994243466,7.209222699095638
21.6706770274509,37.28936211424071,47.442892873900476,3.010594301385942,26.08663112365126,21.018260904889964,39.13241187791455,55.023149928810305,3.412106424042596,26.506211446490976,6.137409749141038
19.96104889354806,77.8217837556326,20.42062762061849,13.366442125270268,19.415692800288188,18.202030279026285,117.67829349866017,20.55603232065076,13.202688980877651,11.587841446543745,6.395885783192842
29.920473629110955,171.74468573585946,72.88020150947874,1.4936535109271158,43.555491227886996,27.5484145555298,186.61011977883706,85.28862639850135,1.4669820341786695,41.76676737596007,6.863723850815559
51.197986485420984,187.9579118913545,124.64336367698915,4.41391874053736,37.267228041873736,47.147730116474726,170.50831192376756,134.2470862527012,4.546037304198325,37.49237209889283,7.9022728210852895
120.71486908513255,552.2403213949557,136.60951516046512,17.991458189758582,41.955371084498545,113.66465748605255,514.0414727712562,124.46153046093148,18.079932587365278,35.41736302242029,8.04193779282429
784.5149967082641,745.5212509957554,179.86196781363287,14.53440910381712,47.53577977375511,754.4616716439282,577.8769193188166,168.89787444969497,13.208499536702314,43.13988899518495,13.489843652498049
14.764797330232703,214.57638102300035,245.79271899377906,7.455144455856694,6.932649497471502,14.212063999709889,177.38190435302909,235.0940796352295,6.9013016560331195,12.673099461695287,2.3444380405858154
28.51883820343347,352.60549052539477,17.03051270120568,4.699801385233559,18.826871383018773,26.991191693216358,408.3905541375827,21.743624838831302,4.515015967224212,18.22806709990632,10.577066664689081
29.15684785205582,571.7281414909949,12.926176564063642,11.59876750712961,21.067397648722277,26.9746435802609,533.3898558788086,14.585590982087208,11.088592909818683,20.674971891135623,6.089041141622017
401.28364138589325,166.4537667961193,371.59791159272913,7.432578157465316,46.83357308239132,387.44268106990404,179.38859165522575,382.7566446848924,7.410907586100836,49.68277347110811,3.737180370966301
29.01035932822036,12.155489869515785,71.53850261268089,16.96135444783548,37.42384443080377,27.531537576738273,11.313852861221772,74.37091038751515,17.010260999420062,38.27209217334939,5.33128782137327
198.38861762118083,24.26267822272088,82.74445810495799,11.136351320827492,18.01485873378224,174.8917574643045,17.01299856938523,80.0315451443139,11.796364614497117,14.483786933192562,10.253108809400777
16.20563469493148,10.07265642749243,179.7248721626109,9.952206889945034,39.94537456381826,15.656428249321,10.349288715588578,237.6508505651904,9.79792668862566,41.07845227082329,2.750084427942228
123.61081854994879,987.9107054248564,754.1888251918829,3.8446916526934345,32.517820160546705,102.0799157922638,810.1873510564259,769.0813466638425,3.501939354501111,26.629206024805622,13.053991504648657
233.90810887904283,148.78045739703907,412.9854014236991,4.522104864986201,8.361522570916879,212.24944228045368,120.09585308311473,420.3129504813878,4.6281295145176085,6.071955410886169,6.768624151418734
134.798389030305,119.03997372195208,22.202106075787345,12.355125210237018,29.233230745159478,130.39701714044406,114.49984724361204,22.496259795305743,13.00354129571985,27.43562186638337,3.5326237147738997
188.11113145911892,732.8327685878965,10.032462305054585,18.117857895787527,25.889216943537853,186.62601093405263,620.8397576111337,10.100015475723064,17.935041231273583,23.786164158866754,11.557519624601301
240.36644740160264,14.574629447584714,50.37496096366791,7.398711260045631,8.755030776657389,235.8034116113165,15.92871818106251,57.447093322911506,7.25263894247359,12.124463712230954,4.189086104430575
295.73740947908476,281.6901075654933,361.28250532058206,2.379603049598195,26.459736028061698,306.2583460211676,253.09684786912626,343.9409438413972,5.952735117211059,21.120872029617093,4.572490321603803
56.87646480813758,519.9090483793206,144.90133399331927,5.95185023213761,44.824679873143225,60.92377122806534,513.6702452081497,151.58861916841934,5.763630463987122,36.048923586182525,6.843944184732341
104.26453388150641,33.24462624848725,45.87621293493219,11.080537748464602,33.813998833786926,99.60236158208502,34.130788070899534,47.94255406915444,11.791889459137343,31.855276423340573,4.115441877747932
13.544844398479492,134.91057814250703,29.249521993776362,17.42978216811393,38.84746111431862,12.575862237954386,189.2306398223119,36.80155326223464,16.859453829863586,23.365050520643845,5.252342171487739
67.85653927204422,68.18358980345494,141.08435491226166,1.3711967349004894,40.926643731014636,61.91619411212599,53.97257187574282,142.54834472114328,13.730394475942491,24.346977797623474,9.432372963247044
720.2392830456373,47.990347856963865,193.1116241729387,19.87311817793448,7.226863404037627,704.0108657306562,99.98266634120118,196.35092109317338,20.565076395746125,16.882021265797775,3.881838722182751
68.00249566030404,12.54608541279546,55.87638189288905,10.951306025635107,6.8802513393783675,64.25733679196401,15.632339608269064,63.25805549675157,10.810228977015605,7.646318850463822,7.605347222818532
635.6028197088461,102.41615494655089,122.67593920306179,18.79067498553771,3.295357966159792,607.8508928188925,189.6133400976717,147.95075932651986,18.503787575414087,9.865254277736913,11.650579307202214
124.10657897537818,41.178758815940824,51.95855659729908,15.09829124482847,37.658512285464916,124.73338726435301,36.715136389227915,51.27429484430158,15.787732437724202,24.583411875498253,0.6930737637518534
96.59793489783398,796.7517159655828,225.59064203946315,12.12566555889823,17.64285722640665,98.10425648965747,703.3529054821942,219.4436448015019,11.536012489404802,18.87788221113552,2.215286802367962
17.768440277394077,11.426757651398788,27.115527782470945,13.934113803050112,47.85356014556847,17.392937816988905,10.897979959322116,31.24675264764181,14.299862422130667,43.02152336210192,3.1582196724937797
236.73121019506263,856.9563020889268,895.0940841711039,1.67935296771071,44.822485077718795,178.2412675240289,729.4635023282748,714.1556847757327,1.4045393352262865,13.455494592634686,16.57198683738501
140.17771785257807,254.6630543909221,51.68750551266611,16.79430451678942,39.073508737374055,134.18673650608113,264.19034599258697,51.506601606083265,18.882252476084464,30.493724892957236,6.323261031537674
176.4854410269671,56.7435996334666,411.76012019564877,9.589718829774515,48.674633758773034,169.50239826301683,56.87767838242046,390.72542349822317,9.172835482074516,53.13718541822368,4.795102782401743
891.0978685160349,32.36196809640989,281.49613540647016,16.120105091300935,23.17834422134629,875.8347502022455,31.77245540563118,288.2679590199762,17.002607318270087,25.7150046902451,4.140203664291229
232.57301102204994,799.1898964619552,869.942257097994,8.686151511670701,37.09659040368802,224.70339837143513,590.7050195714836,818.428837871536,6.878159804621353,15.816437756068044,3.3502263178110807
297.0114933328946,14.11904412772445,69.11088850934925,2.6004438938322125,21.040625977615843,284.15847142147084,16.174734138429056,74.72813419873737,2.679500133434686,26.84399968486309,5.822331535183762
30.267751756831835,36.75999728943854,23.098966723546354,19.522820325678715,39.489670269401806,31.090726545312723,38.669502916568376,23.17886359631977,16.364042933003304,33.23211558482762,3.0293237663458648
658.9330024596854,255.84609452343804,14.32085742914444,1.6964934162142695,21.169607753086378,606.791443915697,352.8735863646811,15.928249552976826,1.2941947680381591,19.796143938591996,19.090823006206243
927.6219663168556,20.24864037569517,85.9657617875974,19.27325689120792,42.91325562357736,847.7977047473738,21.17772202658901,82.01315335522409,19.080429349756344,35.69027346908556,8.614356940928017
449.5723027038125,610.2323910502672,109.14709820047634,6.441643323761859,37.206521466245675,415.8793566009101,510.6487416858987,118.1155416530849,6.6156878623164275,36.1923866938228,10.299828321932045
413.0352899736496,17.563836552730073,17.607119485660874,19.942881442334865,34.23357831478378,401.2964811309535,79.93397977600327,17.794431907504865,15.793831863159664,8.021356083013103,12.558429392914098
38.53005092879806,13.20661496481724,68.99005163976611,14.65279514025613,6.038790493784431,38.56870134599525,16.818700546831494,71.61252934573184,12.734375299017149,7.016862036191427,3.630046557809015
21.469582144010605,184.06470306394905,63.46209787684266,1.3307697447757685,48.556643322895404,20.011117003570664,203.21876480299474,79.8826420333871,1.3122795306497934,41.970755147454675,6.120601550524326
156.96406373309972,647.6384281938412,52.856017699728746,10.364819152789082,43.238420157424656,151.42937192408348,618.7060796578261,60.502174746553344,10.357109033605543,36.06512131110153,7.747992373818972
246.6663708584332,331.4722487008872,18.299473812052117,6.59573426378704,20.243740917370626,241.22690404301403,323.22534461478875,20.38816752384896,6.744909158953811,23.03502848153283,11.716523832246573
38.103938787615895,12.90127863621918,73.77720784229889,7.002214181203093,38.54085332862742,35.60623581502377,13.39854071827866,86.2815536034247,6.9808657350913075,43.236891883419254,4.434478097496395
83.18298392498714,38.27341316950334,214.65168511470836,10.896412826717704,29.430949040510367,78.12549338671758,39.415530548300985,213.96059704723646,11.474364823313465,34.003023260748954,5.2944427249891834
155.7246898775795,47.61507132641583,99.87007498049873,5.5530540660888015,18.235899480491113,151.91968086418333,43.16801690924543,99.93296715198687,5.694048436296544,19.883083977854092,4.97131216450785
439.634345963943,26.387193872417207,435.8651019288461,9.583022522215808,12.84959731975269,442.41645513474145,26.22298547419957,470.26701788047666,10.116296605058151,12.44323057394558,4.824466402284412
17.83928650045512,61.40389658114022,21.545859252028652,15.57114311638649,35.37049456381658,17.068193819297544,88.4259883210466,22.625217890412756,16.12879725302909,20.89512467493105,3.1524053078282233
29.506729115530273,18.48588050858784,12.893050660509154,19.557154729793005,27.76528770850931,29.294614742207415,25.736600221948347,13.585849794714793,14.97875494755548,22.694879682966963,4.340744205601125
788.0290605646832,45.790379116534005,255.97380872564102,8.252952798048756,6.08250675241514,748.9272850076621,56.12632060703532,317.37588705259617,8.654578207737877,6.776237728074758,12.13282869540472
27.469164057898137,643.62014753299,24.27412007920968,18.601384694520075,35.380663985153284,25.91329898795494,586.1519962932065,28.478437328337712,17.23631708179547,32.83106877737037,4.374762835927473
62.641724743048,35.56711640059639,22.473713826310117,19.032096712932145,22.38493107575298,59.75268816505657,43.45065418588852,23.407528514961218,17.019659419393445,23.371837244555817,4.999963230944504
49.38181182914287,22.52064106375437,53.66873424256887,15.75778314475744,44.63307963487772,45.57912260300235,22.421824411636493,57.502678944385835,15.283018714598748,42.925990931892265,6.425904253525212
35.71293826909066,205.15591766053356,81.29825445591115,3.767170269584528,2.063269363997973,33.86621400696753,108.53135805205882,80.31078528270703,3.6698355615161136,8.629303255111514,4.7871707634536165
125.51424593684338,15.592877280345313,166.9516529569169,4.456083399602156,7.192017960490017,125.5634032960162,15.886733543300751,156.43113394845997,4.077350818079115,8.120208557249367,7.23719643148621
14.789364279233512,470.14472659558317,734.446310179636,5.29758890623918,27.190937005241775,14.172801851266007,224.44118974083383,661.2812548696292,4.659250490530035,12.457465846768075,2.2493069834409294
434.0006689863082,878.7952281216849,95.15742783281041,3.4313198833542984,6.240242137491824,312.25742707222105,721.5193755280307,60.73252037510723,2.6449240457045935,3.5705359211163787,39.08463062809183
386.11409335643214,547.5482553020944,352.09876161690266,3.012573080061811,5.1213920313761925,332.5280265496454,468.9483419075609,334.55138878731333,2.3954665746920374,8.355460324273464,8.485565404552641
11.708743471637995,177.20697684666055,943.0501411501584,3.3428134326324686,49.94500389682116,11.555859384515612,170.21184686195295,652.5328439592865,3.60542790569269,43.27166489426545,6.0777208069566875
149.66114469917903,10.325740188706646,48.5300778104209,14.384867100179592,38.014940529747406,140.8749494096549,10.961371277500405,55.014012047224895,14.791672879061595,45.144941412592736,4.378385202969358
17.20316047198127,41.98624189732039,319.02574161460547,15.721465683497737,7.24123909796259,15.77391048032049,131.8828691997419,316.45160347222634,16.610082059588947,12.587421409771215,6.4773575927568965
167.9518390980701,47.19449013171072,296.3311169609988,18.83130053249017,17.17832732219587,174.9708121871787,49.0463691096338,298.77975452457474,18.459603725520825,16.43648143573762,4.213309939295223
12.33461839364888,638.6602607736726,10.992860829625423,12.448389446033344,15.227657311052821,11.363536529152135,380.0733932528022,12.921185937019644,11.67573911324689,25.661042931797866,5.544588307637434
50.83480836626156,431.01835066039473,201.99506555633548,4.974243837065388,17.770962294117147,55.02443414127148,501.7447122791943,215.83764082721436,4.89936870363688,15.015936649516725,8.694265072146965
440.79191724540266,21.40986224703718,395.2805769931878,12.155790637835471,15.889759197722878,408.76582790869156,20.857986380429995,375.2786575118808,12.944056084177099,15.386231943033502,5.374427926728507
73.22351819472863,16.488194263305733,20.279469415440207,16.91472856425425,25.250444441669654,78.17328639665992,18.173137790061343,20.723085278249727,15.563185728239857,19.328429217899963,5.199259235277352
14.85680391213454,878.6034450892986,27.7478198539852,10.595552192278854,19.31703586041577,14.722018209969926,575.3600587844197,21.705715317919488,9.943192605294106,29.887292925774023,2.228074399575162
71.64931036033828,25.17476236502298,558.8297173224283,4.829562625755468,35.92060239083924,67.94176958475063,27.236564389943936,647.0021420731132,5.155912566061116,35.86072773441193,6.561164886393018
62.14677299543502,12.369065053666233,19.51595254509343,1.715509212161746,3.1803175826252574,67.68781574742358,20.884605990186813,21.056494409982797,1.2898717204080452,11.714076409500871,13.530296214579774
55.769889820138395,746.5854304108611,46.82923806543545,11.73306548735567,18.606343323237127,55.16969695329395,643.1141552313371,45.30533051461046,10.978117827387166,18.76751049791182,4.443220424805531
67.42168928127467,20.889532124424356,14.252504926782033,9.148740698845591,17.941909453717663,64.21526508856387,26.82106156902853,15.727077409025828,7.926880643225892,19.805583714882275,9.365769821185898
57.365685570511836,76.52652641323552,353.0879971711567,12.376671203092235,14.971772096634458,54.423634546957395,75.29604979179257,322.48388571760586,13.640389599569435,13.411354132143106,5.439211670122704
166.81679085221967,758.7235821638745,15.378315974301039,11.10391202817539,48.01983845249116,154.86458403056264,777.7551985409197,29.288815616913475,10.757837257066107,38.43213136758518,8.153604262954344
991.70196284035,12.972028348908431,42.24421259480389,11.511349115702147,12.535298005362634,904.9404897807538,17.08852335516921,39.63001141927402,12.002547032858038,23.366860957208047,7.8981049674773125
159.08741588184748,288.3066129108825,300.78427839232785,7.190497100346295,43.39855995797165,140.41314056295164,311.5616746531486,254.44859144715207,6.6771270701385195,12.821238955952735,9.030138028489544
10.425797448614807,289.3377815221045,68.10891123221222,5.9983905191666125,38.204140228101735,9.942792830522185,354.45794321137026,51.19915927150758,5.952779154247382,34.57024106356219,3.2202815565340535
11.43076650697609,23.401235374676347,220.03671471187897,15.401025848671352,14.79984748011404,11.189502807353321,33.43422767662808,248.94801735469701,17.484842256413987,20.2012197654104,3.4857504352861453
615.7587599717194,42.88673275622198,11.53937233640414,6.857791328156456,11.826653241970078,649.0377904000827,63.1110940928331,14.91682714097094,6.2990885085803905,13.406113237226482,20.727452348051152
46.033554857909344,465.0125891306437,21.212279202664362,10.201310201877623,16.490949048805696,41.481818180644815,507.8279012782715,24.915700182733747,9.926284793842726,13.211742365283735,8.268231603365004
605.7740928016077,252.44916500383388,709.4040419034596,8.103338630666942,29.600120034491937,582.4746864828535,224.61335965692572,692.9492394374768,8.716653241159054,32.620743498397424,6.901544922013839
576.0764568041286,506.9740231370523,366.35938523123014,4.545253264171473,22.976967300439238,521.8277266915884,509.1079796471182,370.9327232316519,4.497672743697819,24.695213503375665,5.9755323987922795
84.27816523181062,27.336481368970222,12.588122421720707,13.42040226308445,34.12222556708148,94.33051885349914,29.62517908935987,13.461382421208942,12.374758054517052,35.437670136681184,9.288556439173497
61.489037194391194,241.1192816396123,38.833232442376556,11.085840314037942,40.71985722699613,58.32848274701906,227.28467219971213,40.86173857903859,10.704260809272935,36.08278436702703,6.155023551650065
152.36040584405418,40.18542622047558,11.661916381274686,14.995185265855403,47.88639473357842,157.5108794003886,48.16940078548051,13.82779231445491,14.394529668498006,44.57681529648369,7.571667001973499
80.28729251469005,12.53656980112392,187.84471902422155,3.9715878786450856,33.53442948102251,75.82245262676538,14.92318368787221,258.0260117193423,4.184113087053855,35.467007969231716,12.687847817850717
13.54403713694474,165.92857772469966,380.94239862515803,3.1784050577934653,45.2793161472815,11.760904988923286,161.6159705580855,302.96744085918755,3.416943568065472,37.83794276863073,13.866779842943885
98.91282400294885,255.705316622814,18.285843793504718,8.734886686332878,36.43032965479246,96.16152985773371,239.873468963417,19.7034926477597,8.434289905433593,35.57979094115176,4.138082314138928
15.10046567543856,774.0480340967612,11.20496310100221,7.527565535536024,20.683288972852107,14.730930688774125,611.1356652356545,14.895520452025346,7.267628212811355,24.261398264373675,1.8925872052656396
411.4237305391075,334.9537677634994,86.39840841559108,8.320246987758452,18.62473211038911,392.49130150319195,320.4548427843195,94.55297162227535,7.800748502100855,15.260118140615756,6.773632470086293
328.14024582472865,158.8441374945869,27.318743607041352,15.207526230684767,6.255445603578558,311.84463179039795,69.70320223791704,26.933039011991752,16.171571029045896,11.747988882454322,4.385177795403718
19.69164702468393,19.609425319165886,485.7696149153625,11.302749909968314,39.46087458908248,18.0294602866585,18.00065832440801,510.90082478745666,16.22721785839011,35.345953731875085,8.483741310264016
31.931854070500485,241.1058520438284,295.65374446471486,11.098843004824376,8.268103432418483,27.931837999331723,160.6169141690151,276.0190585830894,9.463093434052958,11.871277574242763,9.307048767246027
635.8844743099932,18.05238742874752,387.0747774554822,8.291489130264008,17.807697778717223,612.4564813499081,20.849303684266886,431.88243062932673,8.771948721737244,22.400186354928294,5.453888103692246
24.427287277671727,132.8235607659813,316.96049179300604,10.373011426231006,41.93384711742632,21.04191247203511,102.64310967557705,276.03413651462176,9.646685643135974,36.41165490473124,12.76727674418301
14.96892681678517,29.616075966648822,101.10157710075437,6.217003559452607,4.761964416671451,13.996498352131264,80.2838275412403,98.18869689749842,8.016395456337223,13.532024672955423,6.5874580653599395
258.23502105997756,37.28644231765375,55.23128906200735,18.060630359397738,4.012389151444911,254.0519531403446,63.13963293955153,56.58579323219832,16.845503008062636,7.991453251649615,2.051697945620569
250.96675918466534,24.596163384278068,163.79522423936572,4.970746388129336,19.708443562060417,245.96848331359524,23.7190464228675,156.15692000350853,4.99558612036124,23.160968185362567,7.961676608793403
24.86839009396129,60.9374305388288,57.62365281020218,2.444415337138767,18.03527621969496,23.484423852857923,53.89757192516186,60.38156463777992,2.4783412791591015,12.416815459735105,6.350183154897496
274.52698613236345,240.15880946740128,98.35903041901541,11.770094522659596,24.151590389549444,279.1445723520666,222.54466469826988,95.87677514928484,12.956803914055008,23.582712390328297,2.2803089790413575
17.5203853359289,95.40716709416228,557.0392112309701,6.496184831233217,27.829014885928572,15.955134199443028,85.51446581762141,449.237054364971,6.189815303767304,30.79550353915444,9.45043681582391
119.16459019108326,75.08054060555526,173.96291569717368,8.245606161562382,20.74806619021502,112.2810186372925,60.01828212298937,174.758979599821,8.623964707524065,19.421390562655137,8.023522695599269
848.7501980069695,453.04357294436767,122.08749578626153,2.542139806665612,34.30070994064125,858.4808298594052,357.64680682149304,110.49163195361122,2.45094161022984,37.89378274317038,12.854218210663692
56.66742765676464,18.452592055280924,786.4674057207384,19.880108609848048,7.433518949992329,53.43141474403797,29.047417151004588,812.47089226862,17.49667320966437,15.568803750862788,7.862800676076041
122.41859688962158,47.01545945357799,441.6730955113084,5.151213852925336,15.979549691689838,130.92052606568956,39.47066530040371,413.9398356098287,4.937789876049499,15.920300233794045,9.308414591017597
32.365538391300625,17.51483020709052,27.211180907561022,13.367283969361997,45.7737300805367,32.871958525468166,17.47811840851072,27.83212607780269,12.99716747868068,40.35741467128371,1.81474177124906
37.023286706384816,78.27953609495901,91.5923563666269,19.732977248599568,14.704720573102167,37.21679680572597,52.70544817377233,100.4790451940665,17.257792350157764,10.434708709789287,2.0832939206811494
985.6336396835292,44.72300479664901,949.5909936023719,19.69797770130954,17.302670773486163,965.9094767139385,61.780370164780926,1175.8244401083118,19.079435472980254,27.896346315115558,4.559393486501066
32.10355063978095,21.067562874647255,527.633183666602,11.323230383292856,18.799708254088216,29.734357385264612,16.216781454892704,542.896717243792,11.721037115749086,16.698984156780906,9.547691909530636
25.831085412845542,139.25369432119925,50.741271142898796,1.6492138489632706,37.76767141080881,23.409700422431953,139.42995099838035,57.243059674513425,1.6370875812007082,38.227671620408,6.514918508531059
745.100250540076,23.374116977710056,21.09132939799064,6.559224693264654,31.14987987245662,750.8282820678128,37.49687971244972,23.840090899037914,6.392337192566888,16.98623414475503,13.180005580909576
553.916674327785,127.0059533124478,216.96761098202978,7.017166371806822,11.979941048511577,550.5705101300535,117.46620624155194,225.49753322037796,7.008921537541224,11.752141136231764,1.8766876012873048
15.983557904856413,260.2174725396208,17.37268429177933,1.8038323222769783,32.652857747802734,14.053753204519813,272.01397539376825,21.323701938321495,1.7092516801904711,26.830355870770777,7.371752583169282
50.001067223808796,660.5443027464129,631.4685972340872,11.238939509721936,24.008021782214275,50.84091867494775,359.0998152234297,631.7238790522846,9.394173749573001,15.860126066850784,4.859311326834329
538.4649683837025,645.3379602651462,820.9202677184134,7.21040920511926,20.92400762140694,514.6716695763398,584.4007460246155,670.3535954512648,8.025502178402093,14.866504792146108,9.113259067626625
481.8326410729383,82.23081660669727,684.8418406412073,16.99240269764976,27.386512627903404,469.21781201552574,72.38557061090177,681.1062638291669,17.580745834203945,22.845487721957213,2.227932150639525
21.075188764459522,56.81808931264594,167.62595295567226,5.3045140270307725,24.27021065105561,19.469320049777465,51.44703285829006,158.2845685080139,4.8350840545134,24.138694633931767,6.059446297948988
224.39574133487682,103.62674472954942,181.924287103136,19.94667267107861,14.01103592769424,203.64436293219768,113.22094651634634,173.67279700326614,19.63984100640825,19.961423428916188,8.076230596321391
329.3194196057129,49.775431925711345,19.401086647314305,7.759071498180984,38.39143442233189,336.95745505951754,44.523946716787975,21.526701684320233,7.055512582667474,39.337146554796895,7.9561602765413495
28.15415848159961,725.289364538361,453.8094055855845,2.330679922335219,33.04538457846408,24.613640104844286,872.2912089148969,439.5324427545974,2.3509317553387516,28.523648644428366,9.031663968609603
876.2586799571541,13.966720362296675,747.9122173468113,6.853565372455108,49.16976213596117,813.2287409792115,17.677803799908382,646.630218703933,7.636011955690839,55.289801750758215,19.1802067492202
48.88425905898189,103.75141817328301,27.12244431569923,13.483576264460048,14.455048685890661,46.06492168329606,174.52167747415044,30.109611536563104,13.913936296275743,7.951489410170103,5.26990837906039
11.849725151935267,20.667746678546177,805.1800912387081,11.93265953339803,25.470086013341668,11.724682002443414,22.592132362820816,672.5955741542814,12.523673457713532,26.52823961919571,0.9599792247156738
12.12161722232618,31.34339771566583,372.3335344420611,3.320495318389423,34.9269516022425,10.250058480891784,34.036467965002096,350.14199929611607,3.5763941583069925,31.450477653623206,10.495384087817254
14.342278473926967,30.065657045967683,495.17051509467206,18.888871136931186,48.59160941312847,13.600760765949842,26.18955130735821,357.90822644542936,18.482421399990475,45.456759357402404,6.0954778659506985
31.827314343022337,78.05064705758008,31.01721968396297,6.511943638128357,35.97516519893195,28.08178866828289,66.60073006970076,31.811065065985673,6.771755819618431,47.61967995377577,11.170783254085707
529.7922272807788,54.17078495840113,54.99826344944514,18.07989893530502,36.1927116101189,523.7691459466222,99.40062156940503,57.89011077790416,16.688710291596795,9.711730997215495,3.4131326727140263
114.6374483861699,17.580015079043058,31.677216409657944,9.89826278931475,14.929490265491053,113.84103189110132,17.957244183127028,32.72490790479594,9.271856225910543,14.355545046348901,3.2893230361536325
11.440466906978743,317.57683705018525,10.58395921486465,6.503663045284345,29.8202082786297,10.995533115791064,371.12459510044283,13.345124483329094,6.410364160363957,20.423661218349338,5.976499199955885
18.009451812969253,24.317400855657098,110.8082144259936,13.548656169579427,9.924812686956855,17.938687952222654,43.01945890213598,118.38176103888883,16.303727355702218,12.871552642130377,1.110885576427967
14.655087704980877,116.18737961779979,789.7119092624893,7.375746653408053,18.088218953619283,13.567409104107544,122.14464043292409,660.2694127582573,6.963904466159463,18.691475092715695,4.927180234400596
33.733966130201786,23.75292494113814,12.046582599429776,7.922869953036614,44.19050587454997,34.080786510078894,25.01471148962362,12.770956300586397,7.417176565592645,43.29828041525531,2.8450278399903315
225.3561077707372,21.968444528055446,68.92090197799801,16.983902535965026,26.544579792707918,217.2532175349846,22.1212996269854,72.88047007349552,16.887793151179867,27.78136444634131,3.1891184137983726
82.04584329255374,387.3469766571626,106.00170824866413,15.838699389041533,42.162938813126026,85.03483118928538,399.63175427206124,108.6626571507606,15.542357195658205,34.05131169814967,3.727093205224387
189.52230712908172,200.81817133452563,39.38323391226973,14.748713007242692,34.714519809224434,190.24027776699094,176.34267425993835,38.279237342684965,14.33421772340179,32.031532441979266,7.475792859834003
13.519858734303426,32.33450816214307,22.275890049241816,7.581650173158471,49.50716215530354,12.565364484412605,33.88179365110565,25.268331675561946,7.694766088491602,42.341988440879305,5.517121349288543
27.55104026124884,398.56817871793913,857.4325885184119,1.859302100594842,19.663619503595992,24.30180676813639,302.64520320183476,762.6532408631375,1.8970115008663884,19.39714473938285,15.341572875235984
48.35026505152288,128.99047117577527,425.4584204285166,4.692996171412121,46.45596134203307,44.272566094069305,112.63317975503809,396.70929194882626,5.069601404629688,45.48043793722644,11.07822484062667
262.8177063660859,66.87480521555312,609.3431709635871,19.204441845960734,39.999436206085086,246.08083058852367,62.642445582329565,633.2087802526197,20.68199775823409,36.380006318454726,4.782884457366363
55.807552564107,11.998595739016288,506.0994939958725,16.12063053647455,4.8943042058087185,51.06886404287919,22.643363752060033,471.573199111442,14.856571608581925,10.496234070826468,8.066393056265952
807.4555013877645,523.149855315213,787.9253282154039,19.839936677755258,12.566210159975398,781.0864373846464,416.9892768579597,665.6503868238128,17.44502737791222,16.281613284363466,10.446727676278075
957.6029557739951,17.571933869416608,232.27997155918104,9.853847839786816,27.975001002104957,912.0942673924833,15.298589582022345,261.9849002307657,10.733664838776368,26.26790015824562,8.201136904567015
918.8548134726889,214.76082274714645,13.78557205208816,8.437208025823075,22.22903693869276,821.1507812181401,178.01414798790336,14.307979062932969,8.534690116314305,18.36517482186915,16.980273130071737
25.458895950196812,666.4125471568598,397.1289658508767,3.5319617441895867,37.84279406200633,23.223519581722588,758.0492893523756,397.47196582280094,3.673792640503621,32.00576831859137,8.35883665175606
878.6665279070957,38.36316608251779,51.75644003281097,10.822162272877653,8.449704118111198,864.631673806326,73.47067512920968,52.09331966137916,9.817947140296143,8.72737289881249,4.735942133466836
119.57163807108036,254.36003208538065,104.67362590491466,8.964191745519697,25.700350133972034,119.38633685393967,299.7096060234085,117.2774463694485,9.778117513831473,22.246746683004943,5.263291176397108
806.4157349182868,214.79063710709437,782.0363522832242,19.287988420913152,33.21694224670287,753.3106633801643,225.08582510607516,726.1679117423197,20.01097214623837,34.83975446010143,5.130197650853657
147.7277709864858,82.59041343445921,324.50430772000146,19.10617924378755,25.619192471197334,147.02517815064178,83.98463573399597,332.08604886046425,17.69398817829648,27.27865404002419,1.0223118685798234
36.17247276145806,23.38786329286568,798.8926007620585,3.8384843734153504,27.20283263156895,33.696347536968425,23.1936202189613,784.9072040525987,4.428210005464598,26.411593249923015,3.650314799943103
206.70811115292918,46.024896933073,41.70136601942456,18.95324507545205,23.07982186629959,200.47449431390703,71.57031490603912,42.6051133420926,17.902267763180465,13.361822267011759,3.742553088884024
693.0650497626465,13.022307468834956,69.54216219586343,2.1286611589615227,15.096902033479275,653.2290441036636,13.561406687516149,83.85306767664427,2.1922440229635725,17.137826056608777,4.70977470371373
607.433710201819,26.585656034417706,30.500241866256346,3.8391388583019395,48.06498555979139,549.7031382203455,29.419221063851957,35.65843826463531,3.833107170018498,23.536471141367883,13.25821997924453
907.3847079561499,100.13902085615868,259.5234054533131,18.88586852431349,46.37579646876226,938.3035405565896,78.20634129974785,259.78611550154017,18.809651801357937,34.417917258002994,3.372668010807826
28.31663709405156,287.8759221634915,137.72940257875854,9.481875877384908,9.624936514332155,26.34211471227067,258.40950978981465,138.26965652623653,8.783352110563147,12.223817673944229,4.357361536817246
272.83569544129557,988.0518484042196,57.141867134532404,6.211072757456694,25.062636003930113,227.12237281391359,878.8833888324908,58.38959809847642,5.491451973428914,22.833125997838234,14.70858827081772
134.14038759613496,116.57061712659234,75.52518281544721,14.543806929446552,9.466868156738073,133.40349940330233,112.54830085422476,75.32077828126287,15.575477341209304,9.594283204354221,0.4236108127352546
28.048257596627806,38.067789386280126,512.2314517376552,3.315971379329282,35.51676004101842,24.731121699350282,38.699792998066776,523.2778176262503,2.8646580087945344,30.909003640724134,8.93548790146135
15.978533530672754,757.6009246408414,13.653374894711503,10.007068102628494,42.33204899013497,15.950542766013221,651.3780962922474,27.9352124626601,9.281382669701273,36.892712480194255,3.5940547505782634
372.0785933996302,289.2079872707576,228.72612324171862,18.721109368798484,16.304094690176914,331.2773272711398,347.0316847354039,215.46219021425225,14.884936478332657,13.580124053539969,8.860993882418937
701.025145008456,105.2120287911004,37.579496469753465,1.181062908830052,5.225875137108069,559.7892675720117,97.3429341520487,39.73828633464828,1.4439654428521942,10.344760017576146,22.344743031519684
22.28192309090231,69.41386996043057,636.7136973992513,9.602514655160508,37.875515477193844,20.881470686389672,63.77447767660762,683.6976886994792,9.343901831084661,41.2564908895128,6.746457381276537
48.02354619719201,242.13502526682348,12.259219653879846,16.76959406808225,48.16760674387649,44.51412976341853,269.2408970239601,18.43052819447457,15.908311818504059,34.83808342733367,6.847346623699877
12.032701559222689,542.0148703554989,53.623675804643455,1.082908808779592,26.347240522919385,12.567561952701405,570.4105842526593,64.27728962064297,1.1184308274188521,24.985190423273007,3.678509095144336
12.965291964899516,48.11927750490068,81.99078043852592,13.255257823505834,16.394697796621,12.475490572758313,35.928131804644856,76.23282974316159,11.317759417863197,15.193671471706738,2.9984856495832757
132.65995573030096,15.71071614397225,24.392804146410977,15.605053408316179,25.72267317348742,133.9986212553317,17.020884327562964,23.135241251616026,16.183008559615388,31.45649059201986,3.5201233107222945
89.97224935404395,40.479835954940796,145.68672506433015,9.226282750585304,29.925625761986083,84.0690562364777,43.60174967620521,145.89904921437605,9.78487775662953,38.10051176283016,5.318218983958177
317.8058003520916,393.3837503589553,19.05464522258339,6.798146616216414,33.14491285484596,317.8343844500843,401.6643933210873,20.218301975159797,6.569772385228654,35.18844399915573,6.341763644190578
27.275460964881127,368.7409925715431,82.01870613253158,4.711747764145363,31.995120761247673,26.79065157017353,416.49241148554495,77.57835872410892,4.575975765307914,25.40733422781045,3.1335885480278716
121.99633240124234,545.2036725591553,965.1423525996754,11.462205119729477,46.61615381549845,125.60981327163843,391.8859028817654,903.690046436695,10.76190934776724,30.464967955160482,3.403001119857243
26.057830935646344,19.412411122542693,42.27232597587256,13.895085765251851,4.752082159635943,24.88616007250732,18.946674306645424,44.65185028279661,15.075408054998652,7.82576611808001,5.00962148795059
13.517857265549065,340.07587346462714,589.8869494529603,7.414962839245726,24.203554977810267,12.632707345128624,194.34204647169344,521.814657793434,6.7731680237588,14.835447012681525,4.498951653458431
10.175819173633212,687.5197919415165,46.02410896150598,12.824913259211952,48.759495954280396,11.043963053072215,551.6130113387055,59.902022293379986,12.049430364612368,34.36037948410468,9.47915281632406
552.4778702601952,178.57010035634502,24.96816855624911,7.597239470507342,9.21718733412908,513.8058833705051,208.33274681760977,26.07391921937033,6.788234997337532,7.457074650862443,9.57977570259138
98.21282973643129,23.72275807219886,699.1735790777506,4.220055895439819,26.60235595340881,99.19860568031568,25.259842082571428,708.8898434157016,4.710474692989584,26.941178670146947,7.2808408361215795
689.592377454446,31.387659264855024,78.97029440748787,12.540681294832444,10.946409275647518,696.1765705040243,30.791466023798808,83.58622879701036,13.526942351250664,10.825429773278879,7.510925968765475
170.175691266692,225.3566064683279,84.05236295959901,18.775799020689448,8.078502519625816,177.5738542116992,217.74839808308164,85.41194809486363,15.162213886059096,10.247274794845461,3.6023261934772677
60.82538640180331,410.72612153273394,13.397598719815065,11.441310787898226,10.848352843893148,60.22683041313861,478.3548047004554,15.689646258331067,10.91493194909505,9.447053804415974,3.5245252058225223
410.2309449702785,352.56910190268746,165.5051890834356,9.92251382834236,19.102712034177433,387.46427144041434,319.5553212870942,167.4593518158878,11.578471748604786,17.589584091158688,4.776187931248111
78.50681836941227,177.84630875629216,15.656548679176904,15.094114943167465,39.00269750476052,72.68952902519084,188.13632386912604,19.57107509248824,15.298658664867542,31.97696081325552,6.5569810332268785
62.163762964810246,964.782560355133,45.140018739397675,2.652050771181905,41.35737440992971,58.37925581388844,1046.4242435665246,53.66508213854544,2.408236732080525,38.94094078905842,4.086547257255866
58.4393799244935,200.00106444051238,20.630403763655124,8.23425616392496,11.990539337455703,56.754731281802215,225.9859486669206,22.13731659839023,8.664308421097132,9.898085868053183,3.4424413863693757
16.124939641861815,18.30111192650223,278.39711134859124,10.447280690005355,45.49240502233513,14.981915229090626,15.792834774318699,298.28481980822244,15.491366615028765,43.93986440787662,10.989344254761914
434.3304537324845,39.758043351728105,212.68325980662274,2.579812602260728,43.82140715391251,435.3606333648165,43.89972595646393,206.66140368991785,2.6584915632649637,49.53880588542085,6.40649693900142
284.64069578443514,26.322693383910632,205.51060952212603,15.248521068514412,4.847895954798437,273.3392534347343,46.436780500512015,209.82110010172232,15.360723568915317,9.534499916475708,2.951234963055339
36.29698589679241,217.55205845113503,10.235859914269902,2.378471478540983,31.964750550165572,29.182777981292972,182.8573687458526,11.29993569775612,2.3462478112220513,32.537743817171076,16.1233769538874
748.2457768031225,16.719791285990468,20.291138594694033,6.262415068339948,39.409547364474285,784.5097458318986,30.36116442563746,22.496729803581164,6.598407428639941,20.506123520707558,30.620883195565746
70.08397032488467,57.69810803243337,491.3957257132663,7.809824816347731,21.184100600921298,68.25685503922391,35.40933319851961,496.13837601268847,8.776536694194293,15.175572983955517,10.141254144196939
73.22693313300222,450.2252409836989,657.8123754105692,18.710094936491867,29.086217879810558,72.97018356857077,220.82681924811754,659.4481774128514,16.801620227928666,14.338991536405064,0.6405339545862794
30.389671475696343,47.866314207108445,44.35885533839955,6.238255982971329,30.141550136209325,31.44745768676558,40.25540932982677,46.53048918446593,6.13038101788916,15.083320080757174,4.313757149607617
30.573346933707946,82.9838596736225,18.309077919200877,7.470459224691998,27.74509987130376,27.253962052358677,87.44635537458933,20.215173647193392,8.291556306052772,28.305327996717487,10.606127234407195
619.464138557628,295.31875422694634,98.85524677943769,8.748202278177406,43.212185530183945,585.3880193047253,256.04076926669103,96.78408882846591,8.205432176952344,41.39035267916677,9.67038158665495
17.909077554098726,433.54559753172487,237.84586366401646,1.5795964571221444,18.108696772882443,17.940869010928278,527.2585874799234,299.2441979950412,1.566836056283139,20.049581239286557,12.195147510813623
22.678520321289614,521.009538640336,56.2998628877043,13.155105402670292,12.248561588639236,21.64224763597379,360.29041998065077,57.35220626069376,11.89456706213546,16.09564850145535,3.0741883708542455
839.5246253939591,193.5751572273882,37.37407569013633,18.992575443410107,21.079772827945177,793.7882069255897,287.84023007140604,41.556380418058104,17.2507140000835,16.608279687973617,5.430527852849554
64.46508816815083,38.4689011584167,54.69991126358738,12.45266784322729,16.419846798873277,63.262677497165065,28.58552540282177,57.658142398910634,13.21222948383808,11.102165499698485,2.9859823053438066
17.153078161450352,725.3071139350417,72.96893217144589,4.600919363651474,23.92307998824414,16.380072713271293,626.0029614720244,55.1542735227827,4.176368164706553,31.89082302576317,3.485587234059759
10.530415427377049,834.6791135205841,18.818790616814525,9.128313814327461,34.28830931814691,11.462820171715702,532.5621712111957,34.33078145002316,8.66974768329668,33.80301871774334,9.18364462368576
148.54231242895733,11.926614031973143,321.5887075995585,5.592586682448344,40.25963425470268,147.16735079654094,12.452550445164157,410.6619916854564,5.58238422442011,45.719379550766426,2.6053621793415402
35.42999290481301,125.46997261479933,125.68041942781853,12.450172394189918,4.663327353167106,33.765150769386956,84.99124803049841,116.06771120263022,9.785836189770787,10.471301262412995,4.113612274630216
431.04724294785655,107.53842747243189,13.155269495556402,16.17012031104294,39.840233071480945,447.6287185378048,115.30706446599072,14.941863227362942,14.994472693725031,36.71780609961891,3.4165701489654303
395.21769094327794,52.82674050964026,70.18112986584343,18.791376831966314,44.81141076608082,367.69872727199134,48.93760447067106,71.77502079744555,18.73048822763912,24.306019714112967,6.402105063816253
45.664311771946736,35.101412282114175,917.9543509235086,6.180576478935777,8.620395597659874,41.414385222867416,104.7933332821498,712.1272022199181,7.295117917934063,8.989960537464784,22.279888386699838
553.6362997138089,149.099564478381,10.819148562315595,15.99009534033529,4.480505143618464,580.906707528672,53.16962631943667,10.603707671026475,15.612901356475477,7.872741490307731,5.703011474798138
12.978676550896187,13.610311070080686,435.7971134498553,5.5001903134083765,17.78423286265963,12.590380837011026,31.02748019546393,470.5091150664679,17.235331322691774,13.750372664518403,3.1118775570756174
104.03501786883,195.5324916497041,14.116116329799468,4.8496569275796135,45.8490367070127,96.73766944036979,162.74982242370572,15.59034007654917,4.688685527828041,49.76746186110523,9.47278419598694
423.2988768028007,98.58734200310218,22.09892701365107,18.417826168242552,24.083776740052226,421.61119047118103,126.25094740436666,24.934593147387762,17.06377525969093,22.735617516940337,4.321712766749621
978.2245301653145,593.4014293514684,84.47570957539271,16.32511737207213,2.194573216001478,961.6536809021595,153.42571265353882,91.307027448884,16.73079472515831,10.238586273468963,4.781924633399112
155.65679491155552,203.09457875787842,607.0384137019713,9.633051182734718,7.404730037465089,154.74020313669496,298.7196224591465,576.6804824402979,11.175001440532936,9.628839280966837,1.8509589491068184
63.85195531814231,28.593424621749485,11.020096775828375,18.581161869985213,5.783399961656032,55.8283840761648,35.346263492354254,10.973191225436628,15.542599895253959,9.218389670216352,10.666933292633288
619.3207823904324,22.94918664652123,97.22643789041057,2.8208630843944777,33.22254138591893,687.4228233373482,33.11054799262854,108.01150933609127,2.810157327761427,43.24694723615667,22.340189080540117
91.04389337621215,20.291418614960893,53.902536496000224,4.586773462813728,3.711716927491972,86.8102042719484,27.901232002840533,58.66929680040665,3.666945308290256,6.320509644988682,7.29481158021243
23.94532066452827,21.99671881712095,12.448186421065271,10.582923072926695,5.801794873792732,22.944604644846322,19.91812961286097,13.665633148332063,11.407499410537573,10.298144397664238,6.978968939910881
257.57662114161064,17.241984285259175,124.6282435191819,14.224142161990379,3.547260139022685,249.2259826506218,37.229715346638436,127.42558391791412,13.82552411728003,8.030294283672411,2.6596638580144205
64.91414367908756,160.24963937994974,16.019959043221824,13.297502605861439,20.94553157288814,61.06637877414413,269.4314742448534,18.160850802139645,13.890610241390814,11.052841232026664,4.613052231467641
196.22234404464166,19.918893200443893,14.059153143581147,1.133388593927521,48.20692442383645,165.88154390943097,24.489009157205913,16.312891166841865,1.1261282720051264,32.55413399685559,15.940874415507416
53.528901802042796,130.39469703394917,886.0246972982928,10.426810608099814,38.66431652536656,57.72757617332469,100.46854822966694,888.5528378344219,9.495403537313036,40.80845236669226,8.381186019503156
140.77579797689373,111.85885784641782,21.133284994722583,1.2522631839436045,32.949903830536904,160.2546637716303,125.16148245318833,23.305222788576824,1.5009906060624425,33.49687777638678,13.721393295006306
173.5758732166529,45.676486699549244,68.54071606624575,17.688143641805624,13.810679514855531,184.19603206777705,40.07376094577099,68.43014122538683,17.130804167429197,12.814453162490391,4.672855845432953
74.93341530963343,113.77344537942844,214.56663951143145,13.044585227071147,21.22036780940303,70.10706784146576,97.79554469377987,202.12279855783274,13.061618783237442,25.738082973192153,9.01513354769781
10.598862108056636,161.1931856494021,167.82707955910553,5.450581597719149,9.77536429506354,10.3926523229138,148.41119218533638,158.94003595092767,5.156031295026622,12.458132700564043,1.5980546843310912
888.0726216401687,22.229434276790073,27.318866268781896,11.150247375289192,35.79879570835482,842.5548194032036,28.969563581487954,25.43124816808214,10.331760748605038,21.967164713079384,8.61046383576147
242.26542186274818,172.76572729306702,972.3097483468375,6.901788661281339,46.825270054732016,250.72702225435168,170.26522264764046,938.4164239158264,6.676596056180177,48.705749639531014,2.8696361874005905
57.23038190914092,184.44563550735947,612.5408207137184,9.25560588923246,6.036943382060628,62.45629660913329,270.9832063600582,629.1200049874565,8.712803314093795,12.320082828915982,9.540509645737044
538.8999353965019,16.203548044802016,459.821092898104,14.590482250163772,27.944754796447324,529.1469517927253,17.908130783037155,507.0586109583727,15.314365322575208,31.481538509332427,4.414439470179876
24.243837147365028,27.643679072837465,205.1860155859164,6.492588051125643,37.26680627746784,20.24745137657147,21.780463291775717,193.03642305195834,7.169580724832725,30.66997511075743,15.441381017166659
75.86161331841426,70.18989595922004,123.55614735804578,18.336795339851797,22.697215933905536,67.5358760804502,61.76493336832539,129.99017426784317,15.741501155586812,22.962313745967066,9.570427082508163
41.030629018859656,597.616219496452,66.29881101197851,8.141863296180412,45.8752997232,39.61758660628664,679.8731292395753,60.84328141306744,7.8861031232236165,35.01828400163646,3.770653796796669
100.01667898589875,12.905776013565555,12.016312257084238,5.320427966834123,42.45302132525258,92.93050204528393,17.62743862138804,12.591767059576515,4.557243200781979,15.135992042931372,9.633677280503571
63.13924720438588,146.47104505873563,134.70582914735516,4.054811198963451,2.712279077533255,59.8753776595247,136.45882108675363,138.47163764722163,3.542610637363715,9.460588261706715,2.8324037541705263
132.30521687050694,806.2811566159103,833.9288885095359,6.403513930803616,12.519432522148394,119.34503935631676,485.6872327580095,771.2415511027742,5.380711017733623,10.358795174812693,9.002728276576612
280.5075805241066,47.707776650519286,336.9812249608167,14.837678441472521,30.842778872402505,277.5660012180595,38.460502133051996,327.3077989199955,15.210284391230678,26.720865934520152,3.6516610943970775
413.2558270913599,50.72130763407717,17.82409129930767,2.503840225169352,42.465378500179234,381.7567084125698,49.780437644381465,19.29732375659777,2.215615321902794,40.84731200025204,10.45201239460293
141.16544122586453,211.97823355579996,336.7587301001265,13.549096389115844,14.003972976233353,138.7286739780238,215.79469072565735,323.9969319356432,15.592607479509585,16.17075097506248,3.9768546132797575
524.454745438918,16.939086089706265,175.15613849977504,11.778451206300115,34.10229370464152,508.83772328016846,14.58038616532484,207.55569019972287,13.114223639342896,32.813946546538816,9.1349245039212
221.82084726459766,551.5058489296016,30.276387592507497,5.358437078038761,23.17743563901337,220.19334768594155,541.7334495376202,34.11237410975207,5.165310216700479,21.320071569863117,4.784650952368557
584.5891964520845,67.78352513147681,157.37644735892007,17.6208007701757,22.436453060270217,569.5396352859101,56.97495697309253,159.47699768245394,17.68875089733286,19.804402617860976,2.992305711048851
15.353376262645087,18.711578547738647,99.99826382252931,10.308355400298542,16.52580929392473,14.698594869846891,24.33871492328689,98.97607902832898,15.468034055110579,16.18779890050813,5.039595313670269
209.90793537261393,11.35814872753353,27.049898950277903,11.414804042580574,7.945713991411788,202.04400831363557,19.50134695812131,29.744223267507806,10.706020404455199,11.269305164088943,7.537167729948914
142.19883536008518,279.4609867092112,470.7703104598452,8.7736663036181,22.302429222186923,137.66425516868102,284.82737482401717,428.7308680380353,7.924394424292592,27.869777999562906,3.5149315286706764
268.2571936190988,307.2465731038067,850.075209749726,11.400912867298395,30.296329015679504,275.8029792210842,281.0963020715855,811.344961474884,15.195819505058125,24.74302307310505,2.899835273376883
16.827014225832766,256.23128205450047,76.1642238047019,3.528656676504802,20.61914395820358,16.00092964384691,277.7650047718067,82.57155246967707,3.427055524471893,16.581650018369828,2.7123053054828437
95.08828555090375,315.98780452041825,26.171606196108563,12.570217395969308,14.54496982879691,88.08262552535132,445.07026653864466,31.719425279157434,12.2213205528525,9.127778847639584,6.375530057786662
381.05923362042176,148.89145767895437,324.3562411830505,1.1569241959111571,12.394137180766743,314.025165783282,134.68259097660757,253.91425508999453,1.3238543268273786,7.846889375561936,10.80482500825039
86.67096034719582,17.131974233368194,584.1996780633938,19.410772648343336,31.987270564670727,80.63559995777094,16.439043638758463,665.4051790492254,21.289706115969587,33.092049061554086,5.678916558677334
120.55638062453211,37.73975467930713,28.177463634142384,15.832544747958831,31.56921109169789,115.05284248194235,39.60980932632694,29.236187819071414,14.364557402224557,29.632411956209303,4.976535714915616
709.099479877976,11.271141996667833,245.83147045911204,5.668170718524141,12.225495680392887,696.5934058511566,14.3384201050757,273.3449839040664,5.731062008684914,18.28808760619768,5.771850024582555
294.48231745093034,64.95883878496042,13.145624448221193,8.501457782847801,8.300181796753709,271.2190610020351,91.70268714652252,13.992603097027272,7.128605838172731,6.627744044354558,11.28492186550193
106.11539310063668,70.00060787704801,431.4122749540575,19.495212344742043,7.123050289647139,108.38387737532786,66.2137239780339,403.35794404603257,16.00217584235197,9.392609478956809,2.697517388894115
254.79357649658928,69.12413749078885,15.066328544753585,17.189132823960076,22.40484152706877,232.9006538564282,78.97858266839681,16.904506942987176,15.77101892643569,22.972161162772736,8.80105583899969
256.22200638958486,670.3804086083187,98.7954333029144,17.976685476494545,49.265593373046364,235.39488231485993,610.7605536931331,103.61219977345756,19.581598841317433,40.01916382176998,11.32957423000678
11.787092842502892,40.21121806145155,96.58548004545341,2.64152446064415,25.20982211507654,10.235249703584532,34.99676702132601,89.76796142739074,2.8242309719953336,28.13351291857377,14.734104970799933
16.69876637491472,10.963652849829348,652.0923629992318,14.524567984308076,49.3887418874992,15.204953079006765,9.509123256970257,361.03318270670843,15.03744853625345,44.7458724246923,8.926198682528954
137.94946897072128,14.012844239114433,368.8983234600148,6.69795981404656,2.531415030850747,143.15881527029035,35.27754003274158,340.1519425162822,6.800812622407768,4.45820319741105,12.08175703890161
79.44376307094112,39.46246554573975,39.716196620032484,16.195315025091734,33.82540742719374,81.687870161335,42.98844882419784,40.11324853784068,14.58563668366303,9.276268551613022,1.9967375700644097
887.9592026421531,41.180400082888646,26.027664896639497,19.696329115092443,42.063443341524064,770.4191820098152,121.4631345405521,27.30053324129029,18.270751391365494,15.800438279087428,11.494783557330065
37.44539939739195,979.9615025150923,158.693855837383,17.270710992963565,49.05440033151342,35.03135259206878,716.5914350184819,159.0000522829342,16.56841315456977,44.983233485665416,6.985659353321201
28.86685688349698,236.98711452513174,118.93018318617533,8.67463924793762,31.524488776000094,25.99970810686477,274.23150770660425,128.49658858397723,8.568581847691386,25.01404756325308,7.183709397423785
701.2776069825683,52.03383265973889,14.660406010947117,3.951385205989546,36.286159808479006,724.0088174979438,64.02214526842562,17.448922010299473,3.2504531125154412,34.29784276302445,14.123795492255114
15.945825875367195,10.398968827336324,224.5984214029194,10.515189320445161,47.69673952784881,14.642171084132258,10.601093898150209,253.5091620132882,10.54212440960845,47.34317398925928,5.969998008645248
31.261912885706252,974.0482806723568,469.15257539501977,14.702611222055348,18.986794818604857,28.87997534459058,384.25297104084933,425.2676545008318,11.86117711695357,22.649681328205137,5.30632802559131
47.92238611788703,305.5375803200485,110.48173481314042,16.8753490294825,34.229661998880175,46.341292346721076,329.69920669962795,114.29326978129788,16.16449760350798,26.861797130467636,2.3571448390804886
17.313464036694665,45.24345448384364,52.62774033067702,16.099384005284147,45.780716728807015,16.960661277719215,34.45336701584913,50.62082249231035,15.313475878055847,19.479417066956394,3.6491958810573037
116.76177725651557,73.85898634901126,766.2290031998923,9.315188789730978,19.7318543374756,128.2330940375071,50.305047683293054,733.828644439439,10.351571051455759,13.49995708778326,6.83875313886229
20.520602613776045,45.584749686524496,51.84783085698809,4.919889791346957,5.611248361425799,19.81622387027141,36.58072040177303,59.802966401649975,4.475089122357859,13.022298382764067,6.271616413323487
38.377245564170416,470.6910730353668,377.0179529980892,17.754722234691293,18.405066802940222,39.61866447470309,243.14366364940145,358.02370151687575,15.326196284158646,14.908636965454184,4.559374907342419
699.6240479820283,603.4844748264202,30.943315276527258,9.128672738639464,21.853898691203533,697.3741951763336,524.9410959964142,31.4498566460548,8.85751156022546,17.494006995027213,17.198349896917026
354.81700665375695,460.3198195651157,191.2763923306711,13.09271397099897,44.53204773239394,306.2980889485583,412.63808695812764,187.36073391797865,16.538342730592092,31.331447790450543,14.658681709960057
48.12706360017952,12.636046910439353,776.987840827009,3.6941845721795614,24.80249604229921,50.2199458422745,12.535234556785134,677.236198879985,4.061595712075269,24.69971907019031,5.606780687453311
999.1508167766879,842.1278309133036,72.88133640255347,1.106144795400965,21.090054229244863,990.668881273035,797.8891989926352,74.25843749205403,2.7782547999442073,12.626103777606723,22.31215193047921
47.72336280433962,10.810604668672232,54.26918096922532,18.039047355721063,15.19097357881706,46.24052559112942,11.840655348931167,60.40690094112502,16.071982891736077,18.58342690934653,4.735454697498444
98.68299631249133,211.2494537078398,181.30473089160648,19.60320583280736,38.06931461650355,95.4848925023374,142.65222852989157,190.67390306404292,18.099301233165768,8.619226242089384,4.604345063868743
20.48874427510985,117.43466303139463,678.4060554195146,11.781514157437144,21.067198470695555,19.75104840834679,111.14499776996244,714.2185104495429,11.068058173898232,20.415974104139412,2.4887099064077898
10.982910015947372,26.63865630268361,298.3886525635131,19.678373214768786,33.8885250029078,10.179073572088265,23.690827392538605,325.75116758453714,18.43260859436714,32.31313485546033,6.02076823076652
115.89234994261992,24.019859403559757,440.7864543342734,11.082513506639042,17.135003029369198,109.96522442490947,20.28328501551614,427.6811004859852,11.86307583696276,17.000323737505404,7.670101795709316
510.580657957729,81.96316798709367,31.454182456936344,11.751634560711732,25.181242401235025,481.4706083072811,77.87839904308422,29.62341131098522,11.04017052849477,25.110455174221258,8.211360866476024
418.0932043277841,15.893720843644008,11.388467894097618,7.267699149872573,39.80844049825965,403.6417858561961,16.15575333423798,13.339669364939933,6.467938091955651,42.36553754503658,12.672887652479584
13.090411273089527,113.89299264445329,456.45875044018754,2.9401845915088987,6.75590598239685,11.786380398935448,237.1640481125424,476.8414288203928,2.999733669143794,10.779932906484062,5.330070314348453
170.10597729410506,475.846186391251,220.3110809704473,19.313679253325333,46.086986447943225,172.13126586580725,412.78459492212903,223.64611390548157,20.652894175860776,51.01019036244932,3.4834192390903067
50.28207024194297,10.006220850603247,11.388286378797568,12.521998017369073,44.048074476830934,50.96797139312955,13.783503239431491,12.059798803399273,11.21924412704952,32.0565515000282,10.323873410978308
102.75341870876407,577.6254518040831,696.7733755836314,12.079668483443928,26.65442573519834,105.68321418861817,277.5603023654144,703.0945411507065,9.614883117846668,9.680310266230174,4.164385605972034
15.119765782913127,14.63755495337979,51.51256878428935,12.585916902720202,2.44741135133528,13.983536155430123,43.52659866095118,48.551171930780825,12.829691628093123,10.88072634479253,5.334499826598329
759.9235370881194,15.178333345932991,128.2524060237231,2.3141172660702667,19.85375778709964,759.5848985879869,19.12495352558128,139.92259634950332,2.5405643769750594,25.15310459028973,18.41718142045461
336.80766424198896,221.10344470655343,133.97293971997615,16.062756505816214,45.353081109957635,333.36440088955993,226.29605918077465,128.86890362454946,14.174170200741678,35.34599579122999,3.9974842971117477
75.56375118216677,131.85209518791078,391.517633784507,16.79000910211484,25.013622078119376,73.99898650766922,107.47634364654267,359.81218336294137,15.977362137821018,24.63547685286783,5.156260859373709
332.8036045629822,147.40840478356296,11.824120406929705,19.128998788088555,18.17674691267087,311.10306752246726,200.3000183748722,13.478071871338859,13.429446350026865,18.104949772985584,9.608691300007596
743.2332459131076,444.51271407213295,815.2867391996823,14.163804254393224,11.754452218082394,724.9901030191545,307.9398481313081,709.6998751011891,15.34424325943571,10.15548589398435,8.666612356686517
352.46604310009076,38.00219939628259,39.4494212690381,7.9525607444914845,36.729473036910626,344.0213430372107,52.13892690012386,41.74850053998678,7.780732913304235,12.703472216948144,8.400123130511444
11.105532622746594,66.1938030097728,783.817764426917,3.309897428144004,15.552424564774789,10.21461591443185,61.03471606236133,593.5638202154419,3.8001000594081296,13.694831723161998,12.962738335789565
25.47780909003209,49.63041786324321,820.3860235316029,12.042760170423868,40.800669240111894,22.40173429474165,41.49410830539573,774.6101052243076,10.435339399575424,45.03182443271648,12.440041307862506
916.6929075762562,22.49503326823316,24.293259067297242,3.7660711499424813,29.36926585754903,770.4109969503021,28.049155675953948,29.220650035859222,3.6528515482201804,12.224821345343544,19.39544276577529
178.9304397091906,41.2452049686469,15.164229534275455,18.28267311058125,13.183989008546131,150.25848745065014,58.75521290381443,15.773935718122278,16.11627295631643,13.232864458796444,13.809753789518355
65.72298760078561,112.54227570609685,11.35388692422336,9.852212299946313,30.354413024690214,62.00009366629401,116.58661621806164,11.855528784967303,10.286168053085829,28.636355841020766,4.40480181132983
115.3969802051548,535.9001156062232,13.527227316957251,18.07542581369168,36.08551591823184,100.96180377466865,527.6734065696091,15.811719882488536,18.168031630399327,29.378284763045862,13.353672143273043
585.7981014551294,24.98445018657376,45.7867937868588,12.545566019973116,19.909705590484066,528.7589870119006,20.79250611925724,43.430798167666005,13.376334863176485,20.611705830194072,7.937684000862926
73.82562298224258,235.8384205125434,27.3707822236682,17.269918553191662,49.4683689168849,65.6284010964776,237.63112658283984,31.329987372210116,16.479671729385338,42.84955548807266,9.24561499733652
698.8533482914353,31.49535442335217,25.301323811409627,4.614284189064817,35.468114424374896,621.9485571077223,26.016046775390436,30.273223471438516,4.423675708784166,33.87426036919215,13.863271638084665
170.67188694240096,84.90898564297032,76.22153539514863,15.806194253988416,13.08210724729256,185.3896152938735,85.9448718877536,79.33343753726064,14.311484999272121,10.227003049539853,6.270459621233668
390.45401792031134,489.40307570668756,96.3685470130715,11.090283813237845,10.840958130126689,352.8137947437597,473.1551917213668,109.13869385477045,15.184173758051129,5.039058121306935,10.46003123980502
20.320161961168175,70.08106048915653,173.51501093220173,18.725114865851815,49.079414985585636,18.51582386044759,53.13586891913144,154.54316280103617,19.22679650260258,32.0262722325153,9.756951198880369
323.3746946303176,208.92711995182782,11.356642230675664,10.944275220936653,17.85387853733926,342.42419682245503,194.61404661029047,13.198606835919684,8.695658925886123,15.886950523087682,14.725628123795008
107.21123603434235,14.650696322223752,211.70297097587203,17.517157359490145,11.448609694697831,101.84313897993067,16.556678331694737,190.60200782888333,16.896558743717538,14.331478264441776,6.719037101420647
82.71965493328861,440.0925302447426,55.92916793110903,13.431803007342156,28.744471287696594,81.46073513504525,419.02969977234346,54.31655237074099,12.950071692859675,27.530533363897234,3.231978835265583
96.99509971568537,34.196725986674544,44.036982425946604,12.945759095002689,22.696360001047196,98.05971972807681,28.49597557730576,45.84510157593563,13.816965918586066,17.604979771505946,1.4452984241857199
20.171841204354493,561.5441803763943,41.90832247445445,4.127512216889854,27.363913679142264,19.69806632708988,531.1810046062111,39.63001176267736,3.9270546268592894,29.414859168580907,1.47503247623972
12.773141712004744,118.18701013859098,23.47111858766985,17.78449555426468,34.909499421381355,11.85732962703333,168.81431678169352,27.21964940118529,16.93682328952773,22.82167751143813,5.1891726545157235
483.59799971824435,885.784642531813,202.67940655517936,13.548592531374014,27.343033175874005,400.6557183398847,874.3390102209355,210.28920370470854,14.437784345680958,19.466363051653452,16.015758536705462
42.59164758665338,367.734791224496,191.2119730968186,5.145252783319559,3.404095725237704,43.63150134068344,235.209388874929,191.65514733967174,4.661385460524981,8.171087867488037,3.089479148503966
87.13921913653049,734.9519352980263,188.9099388718878,10.171442240291361,21.574879571753936,90.05490319497335,640.7872840027551,179.2711517635454,9.634543396122316,22.800037828168254,3.9369201835242693
180.51507473164995,772.7577551260849,12.052541245008369,11.762578281158023,9.888992945293529,170.21148535590606,730.7215619406602,13.071120783357484,10.770079483194921,10.585963674212847,3.950364151286445
87.08247990785672,11.387779892856786,224.81225591191566,7.530491462944321,47.56413507707977,92.50983674572666,13.456163684538092,283.69985926170347,7.6944114331550555,57.453845475086624,8.77695819963583
58.25676790356596,32.12685609648064,35.20783507383142,17.57813654317732,30.326505515722967,58.42439665759196,28.791665824451734,35.42364935800407,16.862992343752648,13.322795749857246,1.369310921293252
491.55887391414444,473.66683502929504,85.59073981723019,16.41890771391494,30.395030386009267,477.3223816382247,388.6659263054132,82.26757510887697,12.264399278854253,33.80819008418905,9.346413245996851
148.2395407189434,590.1836119468034,307.6274399325806,11.548980499516862,6.882426998488672,138.36979022948861,423.0566844777052,286.722688454002,9.96678359047999,11.428485113076807,5.337443993593314
32.46577200720389,15.527878211808599,45.85431842831833,18.767658865833987,35.30156295533128,30.472174092116422,14.60033760306548,53.20347901590836,18.02301482523696,37.04977161861083,5.852302212468648
19.597666786217633,70.42855950808904,68.14465922269002,12.411796691293333,31.225741656767923,18.30112874351137,56.81570427871464,63.1178012916942,10.026737489633078,10.884143967915975,4.817929821125528
38.67912122811526,47.81866573224242,114.95782193836347,5.826823763846763,30.8467646208415,36.998868005208834,48.911550007774686,106.65660786238377,4.737735041048561,29.52140794738906,2.765513661147427
35.71552163390419,927.3174401388637,16.940229214607413,17.33234077187097,35.57261057715566,32.00415664838683,712.661890477258,28.247133566458935,15.83506232318122,36.42398651304061,8.626456906340199
338.29541356528125,38.95204991564364,48.24335072110895,12.450725835771602,31.880054113914575,304.38244299987235,29.486747004812283,48.321066316327844,13.420170994609911,18.91475950518787,7.284764194098965
82.29632202474524,312.8617937373435,638.3529977177004,5.997183102041429,45.27083018294448,75.87959552671026,285.9771307961908,602.9651244815361,6.180709979266533,41.93296207723349,8.169831877864734
17.289504071848388,333.2866304996301,26.07835582457872,17.65970963395112,13.756702992838186,16.561678563983392,242.90254576843978,28.41686427937782,16.06341705689067,17.04858012538861,2.9035082844077214
582.4304012297756,117.86047019054895,10.49739671899197,12.984273183023017,15.863045179448296,520.4895849543395,123.50962474403448,11.662414834187187,10.621979175137616,17.399075629835988,14.848657741583224
307.90522174551023,26.43404986063951,711.3012744738045,4.928004468961854,30.857121538330897,296.3811549102751,30.428775428422103,857.0147178614967,5.099639672474192,32.8181986673611,8.23094418482868
50.59119730102558,636.9919531907943,123.45012816103932,7.110373339410929,29.736616319896655,50.95030384972531,637.860504813627,123.53807078987354,6.421670642612887,25.811719559299966,5.216295184132683
81.1498273818223,36.28639620689904,10.109864247469979,10.864321453870184,19.505780543679094,80.41923137326366,39.4894388225964,11.348992905682845,8.841026989186405,20.70736344106757,5.8402415611306
139.09597575211708,198.81420665904423,186.91212712727824,6.228502757942456,49.92314292923578,134.9345068773008,179.35220315374178,181.613515521075,5.455128609845194,13.376539844677794,4.9260254212947485
613.47957745311,41.444476279480675,49.59800119518446,16.161926291193673,12.875245450735662,587.5316454312815,67.92825120541393,47.12331040996722,15.422487718794448,8.500062360633455,4.193634273797413
93.26691024745791,397.95147649370267,88.12368796627399,17.150034447788933,41.011556466655854,90.31470082189684,411.21254510732626,89.03698572671303,16.774527737773024,33.72918689573155,3.686044255105446
25.182833721842055,955.1156144596324,339.3577013606103,1.4200372733053517,31.508134341853072,23.461206180642915,1047.5061674767762,365.5912470201928,1.3970935299502034,30.761131258609495,4.4514663277681255
305.42603800598624,111.69209871609002,484.7900084036437,9.556921578470964,9.801714776699258,306.0280433774863,85.08657963753724,493.1970272521138,8.561163982843063,6.776578283530911,3.297232063406642
157.42413673651285,800.3198376136954,38.57462180911787,8.998755229616476,49.82371207337505,154.44541828253134,819.6587061327692,45.64696811539139,8.611629930332429,40.051597264165224,6.861706136036115
519.8099290195771,50.30521241485286,218.26722052525577,4.298263741802756,45.42621035582304,495.2198786936624,54.92103591237201,211.89031702021083,4.274568901281379,54.235169830170456,4.493959378825762
924.8348813334468,71.78277380642568,28.437707296118408,6.05566664908475,41.654947030855126,914.4910087549863,70.13939225530112,30.465405292692353,5.257116428185959,48.43308522293002,11.570425278545745
221.8701292609395,75.86484786710226,394.44425854105043,10.677015103799222,15.716213700730036,233.63921458705596,57.06141610087428,395.15452223661856,12.129841089044795,10.748802749765831,5.407039491123764
20.23362828824099,25.80164210120102,321.79020373608773,8.25236593951345,22.973030249368577,18.43217129341768,22.8116271049983,331.31732496210293,7.688528835959989,20.43874111728814,6.947977486573064
666.8899295334417,19.28303200795808,16.567612733531277,13.97674117222962,16.670273690030378,647.5017530280451,61.090820804370274,15.481323311637645,12.867338914862867,7.954253180673418,6.761971088893887
121.06308266550265,14.042570911296004,268.39192348925195,4.083173156091862,33.97733711608401,125.09089662988018,17.163598056729423,370.3183143964707,4.334417569753508,36.42083754011575,15.567208529912799
55.015619511491714,35.18933736003487,78.74512520888884,2.2865522924002573,27.667623491393712,56.24171698513575,40.503734558571324,79.68766984154296,2.016759865746353,31.718174829719114,7.282684674405754
10.480045268007325,16.23496849358869,19.444227130058348,2.968020525887105,6.933391015645095,9.812159780911776,14.486560098274966,23.08420105181197,3.2687547213374866,15.695474565508714,9.23242766035251
653.9024056991656,19.376786294626967,764.1320877821618,2.7381740399126957,10.256401729647479,746.9422908332293,22.700335194035933,530.9766741412251,2.7858579178407297,11.787886974533746,12.113666617349542
48.48036012322887,174.7000645745758,13.020499668785765,13.288390050240773,44.03603191812614,44.11543798133511,196.14102163589783,16.534281622047178,12.644695359288253,34.5627866071653,6.837608235271114
231.52308708525246,52.931040680506676,26.53374312856229,19.590093855026392,19.35930477496968,195.97593494979577,82.41299964742288,27.996985347919985,18.10198124791759,18.243888830513143,12.860575703450625
110.66752179482154,281.6857936174359,10.498080245694183,6.536665389651755,29.217013975513424,105.79283818769275,304.94782077871884,11.19774796340527,6.571070856602042,26.574391502465794,2.892137768031598
80.20301766446991,160.79687938016593,35.401576536883354,10.45316885782718,32.841872986691854,76.94423151895116,151.40495252469591,34.50256440702705,10.664697486999748,32.14478324014383,4.872857044357695
237.05340791663886,187.64014802670096,121.96868885161402,7.8659851373705525,8.475852229291089,243.9410455691665,157.3002590887622,118.37593802700202,8.049909918333976,10.721761164805079,3.150978862593748
101.19557735859233,36.02309543301591,329.4697236078358,13.532315940974238,22.55423531073342,93.02941332511386,32.063405398802615,318.3084459568197,14.177160101429198,22.628182511243526,8.169262238767033
677.6483878846021,10.224856108324722,75.90111148548124,17.84775359889504,31.37144817868602,645.3342827486458,12.444836553048088,90.42011659366223,19.36671816411024,43.653766308307596,8.873522618659106
511.8995128583054,24.85218437758045,51.097485552690806,3.3247076743305226,25.773881045643815,530.8271470326091,26.808005277328455,59.05688251306647,3.5386644481944383,31.942581732296237,10.045054921232872
93.72494866778094,84.2648728557801,133.58682553197184,15.986583409436273,8.747984151525582,86.19767443958337,62.782313010649744,141.8002464488487,16.158657335187762,9.555313412843832,7.950388646409613
171.92495569925055,227.31140001424907,311.50385791104156,10.814915592017234,30.98934391897408,163.12799807272387,238.3029610376242,293.7358029352018,12.119465153278824,36.45918867690545,4.389236825367356
759.5778401734301,46.17445770201971,147.81381496146673,18.13272079695664,15.93112678161644,738.4596779367738,50.622960236797056,148.0390504079772,18.22740120026978,20.025674213066537,2.6512793317463186
25.11417061856694,272.073623598328,316.41697963624443,18.14372042248377,15.184779430626943,24.057555169640274,154.10213462314275,299.1861722144103,16.558264535819458,12.158079981822397,3.2281611546242726
11.106523337985678,48.2764411924749,85.07531841555095,10.91774351927213,34.49783759405986,11.102528909899586,34.909037317518546,77.83331484637009,10.171617485565491,30.19634434629396,5.354400020556816
183.3371186491784,119.23692002691082,939.0334683909244,2.044501707203043,45.42094559491079,167.65223764624804,128.77791344841526,927.9017553712677,2.0117439112800315,49.72485916160665,5.203241409428049
10.465333616778988,267.7041250780825,80.37918806419925,1.3079327552734568,46.5524210096618,9.929009125275947,277.04480099615176,109.25661506966657,1.4002934877644693,30.70091232521522,7.86464337506597
30.26345331948155,490.9683254140576,12.030344096982903,15.67219024863636,13.071479840194256,27.865309615920104,378.38364499366975,12.72682951539478,14.746333642978005,15.04676441743168,7.147823136100739
702.2795331946601,233.37594821955764,135.78094385634176,3.2231480605454785,38.02136752302435,767.9727031489787,243.32571772823957,148.2390173507246,3.000393975564934,42.168494718892866,7.072454499208196
440.25399020434196,21.53088246061165,11.593995007342095,11.94623716529592,41.95794123479502,440.66302073958445,20.77394527994807,11.084226760819751,11.394201375239659,41.38510331712111,5.477123362543679
45.636524475545755,268.252258176551,33.733162018714616,15.444271682543537,46.51955230428492,44.1487838078463,287.17532283627764,43.02666568835054,14.533780403340359,35.58300423658042,2.919595729383221
27.57003128802332,307.56796414581567,345.9498374342703,16.786260431343017,34.884622572008,26.80819514969113,159.64929766248363,324.8822775488619,14.0322091217156,12.010121162430641,3.460320655394182
13.840802893884689,69.29310367782142,24.723087899346282,3.9624046620335065,34.701363953108235,12.203575138631223,59.43743384248585,27.84944502515428,4.120815275977982,33.776966638954576,12.076157025124818
560.2407423740998,239.22464195013583,11.371226262321725,9.961078769470545,9.33682665566889,537.151713853955,154.17582886269054,11.100363738262853,8.503285680503398,10.570011844904826,18.358392040682013
542.2016473765362,244.32907668406315,54.368045469040105,12.921012821786324,22.288102573003755,535.0784652496574,249.57186309766172,58.64124786330702,12.037014399130104,21.641813913915854,2.9559120851445893
138.7605968623932,213.95621000290515,628.3510596804642,7.354481775205216,11.866708156631107,144.442954393538,234.495406918488,585.7985232596623,6.212031637601786,9.818101157836686,8.3884147201145
920.5868851197034,565.5111846634192,12.76944526041617,8.965294021307097,42.744516214112636,839.3973495233415,567.7094369633712,16.1166781549334,8.29226341012201,41.556333817405914,6.92473271394412
57.302921748700754,937.7280060530635,348.1179150831704,17.3555327228864,21.53469613337419,58.70408053470361,639.7497001067942,307.42533847765037,16.367830573521097,31.68776478206339,2.8932657880497294
606.8972283741513,684.1711245925751,411.11025452643554,3.3192406557339607,41.28955941140621,587.5179918584753,615.0931615044831,417.1367455376506,4.729308347741582,38.95007376586197,6.621894954192148
74.76346109593923,822.6680896396917,104.33225147296103,9.920301102297346,37.821143048014825,77.83806035895718,822.3395485537378,86.60338071852173,9.164277051715946,36.056444936571914,6.471879029513215
945.2267785420156,374.7452904123526,12.64395056283495,7.9170421278630165,28.861803981657633,814.9847871313632,263.0724943897137,11.555900496843973,6.532008231074256,27.206450346498215,27.16404190189009
126.55102426990611,116.9683497608048,79.57865056208514,14.579486150408828,33.00654651095443,123.02741608047728,114.41481392399778,82.4550241935163,14.366013378186786,34.12321724235823,2.4318217675174956
95.62808461219976,369.9810327459603,16.387433817089725,12.744553390869125,19.437346145756234,87.87146138397642,443.33796374127604,18.111830435697883,12.312293688243741,13.661937071145143,8.81412641293933
18.47942477519018,615.7748910415471,18.25109675449039,8.508653146555352,14.091252343463822,17.924446602654793,467.5171629768259,19.01532156936551,8.367416265533427,16.521510940480894,4.287968793799381
12.842432447218275,606.6543776226059,450.8837991771135,4.593927877119863,24.742663515959954,12.36155620769628,417.03444146627294,457.97438893263006,4.312459590904066,16.350009589129446,2.4971318425016134
359.6497041355384,41.95618099868469,16.07413288993998,14.197281270226261,43.40565014430838,364.6395297068391,44.203235735070876,18.18286324511824,13.178542207754047,41.34114652211649,4.38969586578948
435.10842155138107,523.220518937843,84.63548755561703,14.765795762482705,17.29316606142918,411.3337820058719,497.4544419060723,90.8718587811262,16.041846555304417,15.732264492789245,5.241049719121601
361.9159471688075,164.23376285008928,445.57778293355636,5.423183736410218,40.16324907667837,347.06324064145304,176.67475667798604,472.13954487233946,5.550364917945199,41.530985406115235,4.6013851400271975
16.370112229760387,17.667541682411866,24.432149670305144,3.1616759839945563,9.830851057510614,16.557760105979153,18.707262766840827,25.502874448092022,6.9632541867104045,11.89391513688353,1.8999881207023925
43.192492498651056,189.96733735996168,87.22033278380518,17.579775108308503,23.0496396304785,42.85736873557002,200.4932289135708,87.6288379023376,17.135332312893045,20.77579316707814,0.7823728767400541
15.522684264781713,265.4618114935035,285.59291289673206,18.391204026109275,26.891868432864968,14.488231744039629,155.72862083370032,285.49926583347144,17.081368477376564,12.77210429431037,5.073818946524016
43.719358591606635,43.47642214535178,15.594374359723746,13.925108860153776,33.06042757425446,41.63758151123333,48.826794440827875,15.314195291490332,15.521500238593706,26.297110301758686,3.6738875005944
159.08399031697036,236.9961575428331,401.04034716100546,2.822364758418248,44.29355204299568,134.44487426497483,220.50655701099168,411.9787020131942,2.8808366152439127,40.84186001190245,10.602586107498329
195.5560667077271,154.80824689621176,150.71703700698092,18.948844948576937,29.34181893456193,186.74792634832983,178.45478793365498,150.10030440205165,14.551394536473534,8.554467422254037,3.6633584631705904
23.048687201511044,20.291380478128193,21.11737679459871,18.660970470025415,44.18100894909956,23.46951530499677,21.981819376012698,21.716545333772544,15.017946756064937,10.04644646828171,2.9375398933322088
30.314898333083946,19.321629511162293,357.71395366133953,4.76588031704506,45.710634902282486,30.007523177362696,20.315310619249665,383.0202971165725,4.897327495357512,46.55821305272043,2.878324242198788
189.0488534685799,107.12219008854608,503.58637851627077,9.19583245455864,41.34688501494717,193.78964734453135,118.96930487769376,515.5287392004042,8.902983036630227,46.37789072849132,3.7085232173678437
169.28018508651323,11.653836762335532,13.428064647526625,18.82832004516485,42.239255016270306,151.65863006863594,31.69441446072708,11.958888846590433,15.870885254112395,7.4856532227847365,13.028451870665291
371.92097890360117,369.4025071998968,52.219519842860606,15.380320170792416,6.2735808437132174,358.0551182126937,208.16829484632405,57.71567460701996,17.653750635953553,6.8527313948797195,5.412940174665976
35.41250901439828,19.825902600305998,573.3554752048212,5.418064360595004,31.053694003924228,36.236748870262524,22.787342373327576,569.6298480810358,5.382760355666145,31.810147765174868,8.177453647717154
53.25676593249038,13.601355980836537,326.9801371156413,5.950884418939456,45.36602035771177,49.31259385327338,13.419277160249086,398.01852387083187,5.970187484032129,47.19301663175959,5.397397323641501
17.685667562772863,813.3672503746999,10.787258774974404,1.3150563232111847,47.04359827569256,15.82381398894092,834.8246254546782,31.8374587929522,1.4264183771475312,38.54622854607621,13.73979614593589
48.94400809966234,265.7262082584081,32.26430647900407,2.404813589309408,8.886387486453975,40.56362768467945,240.06256190420106,33.33018219644526,2.4887615446654294,8.195330644394488,13.846201651288384
167.49375482157905,100.88244167726964,341.57116233162884,17.440501213679955,40.185687746017116,163.96548606268757,100.06886550037775,356.85166819890344,17.643257055468744,41.96935143267754,1.8107629094498172
187.43934719504065,862.585288934517,64.98927977150761,16.85858514620079,36.45662538880532,169.44088466282457,810.4455096980904,44.53387223152004,17.12652375902435,30.25188795360329,13.494812766903372
21.01818050870973,168.8201818713449,648.0890997191589,15.064822935477663,12.058737408774283,19.835549932641456,179.0336707691306,663.6512248222369,12.67129175998414,13.16105059209285,7.075869856619295
110.73448607760002,127.20560290372191,26.514424526217695,16.569564355348113,25.93280184282206,110.01730052376799,133.6185629554742,27.782429953249,15.335680889158704,23.47330870181849,1.4836843610793131
14.01988967706665,48.063354649304934,27.37064057395545,15.319489786768271,46.86618991228041,13.128887784812596,70.31295482651342,30.416194606198378,16.371960465737637,20.899606322131866,4.953035113813668
130.22149838662565,14.114391901746275,349.17550379500994,2.710402841760931,32.229450054053004,127.74429074223359,16.215867419948264,403.2474398707778,2.9801854233851945,38.07357703271584,10.799282948381004
59.61407856399674,486.99394531856115,438.6558527527441,13.604543168945956,35.07725040195654,63.25879845003154,301.84982422606726,453.44083991324175,11.407797058873895,14.741455831336472,7.3974524117118925
739.0703046531472,268.03906168715713,367.81943942158347,9.723653619184612,11.632817172640115,683.7606458647455,224.14744773822136,359.3544012734981,10.056695421285768,12.783465712112337,7.525387512635165
358.6627343101229,95.3672992079574,935.5787283800639,9.834495667679406,48.94001499554432,385.82838385497405,106.25084608113417,818.0074685060382,9.109125384816013,54.47304704854525,5.354161013819843
34.7146134113759,482.5638548390486,188.81175220247854,11.014173733241522,37.81615232517544,32.60499773686197,552.5471749131216,160.11415782130481,10.774104547579396,32.62925006195842,4.7344592570343815
11.442700113378876,160.47786855384626,186.82825839732214,6.581845021783064,31.648148727449044,11.421304742017787,103.55371340790936,175.5432347373867,5.904963426043414,10.857140971236758,2.1928925962357924
13.576773040984115,531.0013201643545,468.8785833561446,2.68964611795537,3.140312309944953,12.202263161614407,506.0322818217896,490.5372932265822,2.546027880085808,11.671140218750802,5.450680853732028
40.7296827676554,22.941557141642086,168.72827846622127,5.340292962631115,30.425943184877497,38.72446803934582,27.349015996980274,158.979609586961,5.318179086637285,33.29648219447751,6.880896138490444
620.5261656982037,58.266789241206475,239.91125603857864,5.367862206381543,33.28904226377784,613.0996068006573,66.02922545814617,234.96458952926164,5.294526019572292,41.461657289960044,3.398916869262461
309.09473889781367,152.84102229129945,210.6410393316018,11.650335477893655,10.453841827685268,304.2063539086208,111.78217874388316,228.44260071957353,11.993626900236299,9.40150648896739,3.780283139347647
299.9268643417248,166.12429938564554,119.07870421584711,15.291622649915858,18.956815895907123,292.3611541185778,159.4528263892522,125.21975548648638,15.14361131197711,21.11746551614118,2.739819124347999
15.937208518580453,70.23671921939153,82.06968059666188,6.326498984754092,15.368314769003344,15.003121932884397,58.625528580550366,85.79815131195097,6.207354297604883,10.626872760011578,5.080621459006644
10.008118693427045,140.17900788273087,15.475862164516673,19.981554510332675,12.117610244282334,9.736156595308652,92.53598945261159,17.032610556175847,17.855321132381416,21.745965248051235,5.430258651692343
88.27592446690426,347.56211445285305,58.42342670560903,5.531131250895048,7.041554082436791,84.21933369745332,333.3425671459956,62.14299382070497,5.669319430098363,7.001099412979858,4.744300474478702
26.90072693409431,25.59582582391081,286.474918831217,2.0055603390993704,34.82548668313264,25.057015692346855,29.300858507132183,292.168568114903,6.303071503036076,28.81748870999067,9.116916747766139
93.89700968758457,47.8043922759493,44.0569919151037,1.51899003718996,34.24642563569828,95.1032488579957,48.69378333596828,48.88833507042273,1.253809031935486,17.041902922102803,4.721785700801036
18.01325808792655,34.98179808972615,549.8901756706149,7.668800376591739,23.20461597237768,17.017118004420436,33.89200267215273,557.6511780886132,6.534096594825412,22.40869186278309,3.8126476079284584
308.43241788066547,240.05256996193924,488.50960233540496,12.531730527405216,34.04668127997261,296.6661701663372,200.22394269872245,476.4563449965442,13.269239603626417,29.852788652908092,5.902414629796303
25.89206932403862,996.7218137572182,76.99463679921023,10.721002653108654,13.267994643516994,24.662137870120006,602.763971284102,62.44143752884315,9.653074570273642,25.50971688583792,3.59983834687128
285.78271095338806,257.3782346563737,762.6750594337407,19.3777583799053,41.54683561064505,287.62626847808525,231.3861902851861,767.414481813004,15.354360330518384,41.2215044620895,2.677730151461673
30.659840274893423,69.62292017059885,114.49938003035511,16.428763404583687,31.356163147427093,28.87997671836436,61.97208435862401,114.49908253254766,16.22043145031639,28.77855304373907,5.605392964906304
34.454671585925105,48.019915785784484,398.2862810608571,8.2834999337261,46.78827264557554,32.353309928648656,33.83163858840522,418.8539904643488,8.330180909499765,42.750675041472356,14.545973159784841
379.96086053734,234.56642168480894,129.03913756472642,10.274870432708914,21.89370339541417,375.4836298824359,208.74838272282707,131.2887229588733,9.578233450170412,24.84830918799833,3.9310753946145742
47.19040400251348,29.291620406669697,45.306075128146965,5.0854120795566145,7.392565714795826,49.8394925254796,31.078899514761712,45.6675335816333,4.082117124914466,7.835925314594217,3.076831935774202
194.64341982151188,113.81923495639843,254.6865575816876,17.084671678343952,45.069215053507826,183.88446288645056,116.55321300287288,272.47698571279074,18.386182233037886,42.7531226909705,4.580639306177056
14.790380786616137,329.5971498915465,60.477946056078075,6.095266365300135,39.05554994415144,13.368336841007912,376.7313737875578,49.01789023850577,5.935155806689574,33.63558976515363,7.193844841001222
138.0771777246793,39.52161787474858,183.64539931568947,19.091149696201487,46.41375529520511,137.48130729203416,40.79133422822387,193.85501800829567,20.83676879138201,39.204273169073836,7.059472948819419
213.72621289519702,29.552078685065513,40.479814425746994,1.2776928696596437,48.170982804933196,186.1140148408704,30.19498473087836,39.76100995627969,1.2672839078746942,35.860429320670605,6.626768943966274
199.9460422100564,200.85855034093737,941.2789802333368,12.570415707681398,28.219394471715038,213.11971849305428,165.73386042008718,878.3811208006405,14.950657494252033,24.207530630335476,5.923376875825116
409.99380316343405,24.13687328200221,558.0702221694635,17.743048573967254,30.65852151814203,411.6020989361489,23.198653309143936,634.7021683965207,17.764580917249027,29.665391041967386,0.5797034293675224
589.8502889421337,513.0265728384742,45.87715087576539,15.142464921240432,28.855556233722755,578.0284506067827,426.01914903872796,46.483410716099755,11.459333146105712,31.842397050349614,9.657207810820207
10.662833782967304,550.3490753893702,17.828467821777743,14.17497295931591,12.355021211560274,9.867674405545268,282.8949665443612,18.766469370966522,12.807405819439415,21.663378535829658,5.136287791158612
60.11963941040956,838.5752265882401,16.33119075218258,15.812356711999122,19.46218882627627,58.35065260323826,601.5421944553159,15.745929896166043,14.781757332746674,21.264269767018778,8.212615014930353
109.40879334352613,33.84819163496319,445.93974681893485,9.354216416263412,8.673043900242606,105.7101419897969,26.924089956481872,470.7710836144063,8.770396579407414,6.893457599935174,3.8851295917768174
112.18583982084121,29.840767528460248,230.89653023053853,15.205725954297995,42.710841466851065,111.27952745575364,26.640007587309338,230.72099103705477,16.12401546327054,39.36101729249166,1.6764912871315083
27.288593681942565,161.6095767935944,15.66701619556873,4.354072226311567,48.259048775226006,24.563389139568457,147.47345567744836,23.674702963241998,4.363532763697403,48.108148679712194,9.247889838234382
52.3392385701726,932.8206512281323,449.93765676375887,18.323116171303063,9.000003661563545,55.128975109380185,335.53580714425044,428.19902631321554,15.667548706402277,17.236089029385603,5.96776479072022
29.23380130808702,17.349966792788134,31.530535816861818,11.144287103898028,43.0778324322433,29.475563194466886,16.500038871906604,34.56476308311522,10.540354830783462,42.454881139638736,2.160571318386932
13.86704211845172,41.62187298770502,125.11383878251294,5.2328581505067255,7.1283103348768835,13.201199531839507,60.924431322360945,118.99593793618045,5.624692535314841,11.454326489575905,4.441163602728839
98.59956814193887,97.21988725054617,13.979515731174683,6.986585035481175,20.948203348432596,93.54740167336071,111.49045530821786,14.347234151348175,15.119470818233804,11.09175280296149,3.743050675340088
304.2036440458393,148.5668781438374,476.8988751353488,8.212341551460728,33.34867372871284,305.49891815448774,157.16414985706416,477.5517546374225,8.719756890583428,36.34403546167319,2.5337279122985854
22.19333969790458,240.93972669026755,124.75659538220405,12.415887158451293,8.64579904803765,20.703781105992935,143.4314204782168,116.33281161732167,9.841997805698014,12.01032142134251,4.755728341591165
172.2278453375968,52.469585742490686,108.32610726647499,8.087018562537304,6.355507837194657,161.968753244667,45.24623540095555,111.67856571735558,8.65492778051434,6.637617404410547,4.428242901178981
19.696342254430867,38.7547056547587,620.6774490760025,8.49717626997114,43.04396526687149,17.771676632813104,33.823209644153366,657.1783518141486,8.224516485445085,45.91798665757024,10.983581857328703
250.88257749691607,846.9286075893248,11.0628428048849,6.220775307260319,34.25164995083391,216.37579583892276,706.0669609227759,12.13144048976499,5.610166415073094,31.46926569441991,18.392110940172852
969.2632388533486,403.5854408606189,14.116807081744994,9.525945920138051,40.9576303025832,876.8578072299055,364.65240493224445,14.895097567117798,8.059714422552709,39.25685043257989,14.202996365023568
240.50982005274568,397.1010646726237,304.83234337015494,6.84786881769478,32.243145914805616,203.65566531403638,431.6772505035624,303.65866001518606,7.0612195083002245,24.46114193825347,10.43868799331469
500.27248020983785,88.60478219156631,11.510940241588537,19.16343442569348,7.168705231046767,456.11131796118576,155.98278385736333,13.067628710165456,15.354373293823768,7.998587274173354,15.46766253149732
299.7885804616455,57.225814354171746,282.5596909195309,16.48448885919472,40.25329463877037,297.50106926978907,53.052582671750514,284.59087098011446,17.383519485472696,34.69888912508029,2.3301858698860536
11.300319268523275,98.26997312183799,20.212920383380236,13.774047408405503,46.58768451824274,10.352410015563331,146.69599945618822,26.625234713478783,13.842110713283756,24.533224680581657,6.520522351614664
15.474014876382022,942.471928812718,368.60048124110887,8.136225006939913,4.406542963716946,14.822172988150479,310.0439011266862,344.339668559705,7.2541892747192085,16.24155380580604,2.6692767246375344
102.58444620936268,271.3968936137074,627.2590218770395,4.549002439879873,5.354855961480906,97.49575420850043,331.3941380730635,611.4243263033818,4.167342221201034,7.874548816157437,2.8237694583930812
75.8417488015581,46.29785313710894,55.019257039466865,16.122528336998986,32.98264492052142,72.49455061854877,40.969848420633596,52.71788430348324,17.558089029262458,21.445867793299794,4.093758862034044
54.6063894445812,81.65253998565149,17.737199698465098,1.3920514726184008,49.716342548821565,48.461374006775785,72.11355792685686,17.87740428197516,1.499596463751702,47.00202961828422,11.886377829005307
143.06085255810547,288.30940329842025,138.37665537584652,17.991917921963,31.613045796123966,136.72570351055106,294.9042189703797,129.7192864343532,20.408013615379584,26.382579059006503,5.789162038700728
369.3239280472859,894.7258418021509,467.83499581261646,10.901012663876989,40.84837726165172,338.40297159933147,751.1084599845364,538.5961249531719,11.018164402657849,42.318572911643386,8.878358865105893
128.52658078691405,216.44663222299724,204.20694594540993,5.068794688529321,29.957127721907554,119.73936422846124,208.94625005855747,199.30149340582224,4.9293111504108165,10.619942652474032,5.496640874867989
266.3413309480127,637.6204997829009,492.45915401267155,6.3212267428177675,8.222410416016404,217.167418892669,541.7822667769648,421.66744710771695,6.101302483382096,8.798994801270629,16.39472989830058
156.6795848568117,104.21517103087255,602.3669525396422,5.345566881200271,5.736135289376714,172.50658920754353,131.19133094491616,567.4698310522339,6.123585301817669,5.364234304232431,10.085015986939483
57.82338588405522,23.837709566402822,53.40721148592343,19.691257990967106,48.67359045561866,52.19148269496591,25.40130703057319,54.541981125297156,19.771338038786503,40.49535878707852,8.505773714543245
97.5441203728515,686.6131373232877,12.593803709623682,3.7020289091024106,13.16697538294427,84.35724525730517,829.4325808854115,14.81479107578125,3.4811989521261175,11.220649211556857,10.120661973580145
33.41369910980967,76.52454924129204,41.52478846769556,17.312187863083818,48.888941878298226,32.573082710843934,76.79638938909751,45.18866530418622,18.26121268812734,37.8288608869577,3.0248186869591067
289.4535147791576,421.78721459961787,302.7615094047559,1.610039219783573,37.30033475269848,280.7396822435989,351.1984130927976,351.81763819299545,1.6865047767219634,42.90422465236804,10.723301497986721
446.6344472405115,25.692858875208884,20.323842888922957,2.120401073857604,29.934515834917917,397.6110909645639,31.975880814710912,24.912553094121268,2.068972033253335,26.0882254706802,17.64821517849459
34.65144839292625,114.86726040087404,15.318158544600998,5.763805648685105,3.1704066650867,36.78658419982709,80.15002374102316,17.357549603978885,4.0641024904836005,4.515724992252594,8.43719688386368
41.701692376411415,20.683157496964984,62.46109297484856,15.173355484761927,9.32293039195598,41.778444447479714,19.340465647921775,64.45596937155402,14.135435074549802,7.861788985296407,2.218017403347047
204.2751286408015,658.6697869327616,712.6030718448493,1.8064151480709016,14.870587347934151,165.14106178661038,599.7016501259515,601.895014313672,1.5049878679078736,12.48573949309331,11.835783537386911
24.365885332708835,30.919608811771315,243.7821511250243,11.51322797417276,36.959073109271536,21.515417768607982,27.461217224922205,247.0119359924449,12.647521100641157,36.86368735315195,11.805760905525782
21.893592049436368,40.23836423058006,509.78815074749605,19.129000188601285,46.74989101281957,20.420061833991674,33.42966162436189,408.64330138811545,18.54454387755004,43.06231734213394,7.811879907834501
185.45622091441115,700.9308482979276,19.70073680314695,8.379794711850714,15.725577337423953,166.23623271967918,815.9450936907806,20.375295345905272,8.065719111997275,11.988374690843887,9.416878112206955
144.83487979354135,51.291966839518246,439.61748873848677,7.714889642935792,27.458162500608452,143.7535212330074,55.526691241071376,416.7615354745333,8.128238353838967,34.029142802533265,5.092947166398776
318.0733064160325,184.56487780209025,87.9515876463081,18.279170572208777,29.684515905572148,313.8110266394337,174.08469583314087,83.0331381523803,16.034760616254417,29.829920589666823,5.503916480162947
209.54804394007556,837.4255828017348,255.14084147693984,19.705095421528085,40.075762569478215,219.16357693770257,720.7037723961746,240.251289834814,19.51748448183964,50.839384978399494,3.4930890406737567
14.616076533916756,338.07330937011585,50.19954499414507,15.247524300752152,10.9409343311289,13.613876581275367,219.32327925094043,51.1951356183204,14.024700508151275,14.018931273128327,5.147370669167214
637.3991251142442,27.136601114067332,205.91651819091274,17.686299057731155,12.584962748111954,622.5906457104115,38.70115267218179,209.96438873688132,17.677486582982258,20.571758007624275,2.7227499314886274
11.549756155058391,42.7665397252544,233.1670167052379,2.7726026142101605,41.21187171930859,10.674805128676017,43.162602616332165,227.13516715687408,2.921566741290937,42.56761992251957,6.111034593630891
449.3490712449502,619.899867722493,19.07647720787441,11.52668672724194,7.21163557450129,407.1891700199465,137.78402374420162,20.708015280424636,15.42261469952385,7.102330309998017,17.965665283230074
778.7516972015698,285.85881557466564,871.5811129282088,15.38123003983144,48.98055992513922,772.9130189082991,288.40249965436794,803.6694492087454,15.602220302521353,42.06508983908526,2.0417973457269696
101.40124610345863,841.5985761440426,197.302167792488,19.233173111177724,12.019932606852235,103.1269050598749,467.3739649228092,190.971330064666,18.599822356524488,23.16058228536177,1.819812101088003
17.100100438587997,298.40211091583956,251.53933839346269,16.09063586432725,17.60918304453264,15.95421043450673,193.64387744133919,229.67068139948972,14.361668773904908,15.047180486766258,4.71545590673424
246.2377044174582,12.938978536670614,13.520269717167979,14.628053668826674,36.81631218639532,218.38783507619848,33.09481342525532,12.55126696355232,12.84350890418177,8.389534482188203,12.267638738561661
18.676165252326324,14.37168530291344,27.452455478109236,16.620173867377332,44.38763450244161,17.63554252942011,13.96072019729179,33.54776721921048,17.60550053198923,41.55817169387226,5.370916566903566
140.9631321153625,489.3246361715777,47.23656378870041,4.8834325039568105,25.27535808156352,134.25800325177812,523.0906420507815,54.61694832493147,4.995323449039246,21.124567994962533,4.574293075096024
14.451257843503855,68.81733789749242,183.90610582630538,3.939157685808728,40.62026475318578,13.66739792867508,64.97714881026444,175.95776161788578,3.7830534284856374,42.3233053551418,4.663313534116367
49.182323215298574,245.56394489156511,15.292405665146099,9.21658691904176,4.845981177193714,47.12863853402339,198.0394765285882,15.495662508858004,8.96027473236693,6.157132533102512,3.1269579049674254
584.0908770224369,25.630658840179763,14.191207877922997,10.356275902899048,29.378752566346094,530.5176740393293,24.854436577491487,13.529363556267423,10.262364239011585,35.968665656738345,7.86941617560922
310.6050154399157,346.33815152344727,280.68194519510405,1.4651853878845973,35.779357742900885,286.6010660677501,285.59902721144834,307.11650933095336,3.1323438640190493,34.04275068144191,12.27479487400866
982.3979033565134,169.95695209114814,294.62280401038714,2.862604003542922,38.50154291908478,909.8784426328074,186.51303775867666,298.2842066934636,2.6875816279016913,45.18201370314525,6.56661547771797
73.59481121273855,69.66996285647798,31.84224229063294,11.936562589707277,2.713921753446602,74.8788815169282,44.76443186366888,32.77870362238916,12.194548562969144,8.39194697453962,2.7074755406341864
47.31116396446918,41.870685273546,16.548838046723954,3.1981329848419677,25.79341581920537,47.3153176359013,48.37305355975053,17.85276798259209,2.6817462252663486,23.088855712799003,6.8163753350241105
837.5910630242258,199.7229004998886,785.600025039681,3.804922553001763,3.9470517323651295,719.613315247408,208.03218669519077,682.0519542951102,3.5348088685401504,4.401833092193013,12.869018878992417
49.03465271347402,23.05561140952534,42.374926405904276,4.141552857115464,9.864530434251623,49.522375670497674,22.726247879820942,44.16427354049543,4.136466381924825,8.597482592064566,3.1431514620986984
227.3656350167713,10.508541237439575,59.46587449021206,4.422586035073727,10.677359664353942,229.37225577301328,9.805465215074612,67.66491863236563,4.498966954686585,12.4786641014746,5.056007271732184
20.04470566639214,32.545835947353225,17.28883154955233,10.355313395341517,26.620847318877846,18.992674013543073,36.348401661767696,16.927556237905346,11.092986801103997,20.221124679988886,4.165773395685298
575.8526099216455,263.6853845656709,81.86209637616709,2.390135859653681,7.72895881050323,562.9635290302369,205.58660911292435,88.29483368197573,2.854680031248653,11.2818481260411,8.975411492905428
840.5761171680933,349.66776920896035,134.03820921442747,7.568469754934406,47.96925423314178,758.7750584500485,315.25901099642965,130.67640376740567,7.397968916504274,47.45184838823988,9.574129385834182
468.5241581875768,30.50881031261568,151.54517874687502,10.980666297983003,33.6281781387021,461.9703708403184,27.82959802447135,176.54195654914446,11.43191658344788,30.692115725463253,3.1140442381606213
584.7511473244869,22.596816524739072,642.9765930231104,1.0439193011425574,48.27576188515133,497.63293959508815,24.19422785485584,468.5885977792227,0.8798649541347063,48.40053099618111,18.342562857609508
14.434878758859217,890.7216381402094,97.01104536896854,7.775613311000666,39.30610774370838,14.610421239163966,686.8719078883319,81.72048115408843,7.284676337540004,40.39827030789034,4.053793144482238
14.258193547116829,522.1732309529184,67.59228475349389,18.5601789983799,4.254155641422747,13.618534221843579,157.87737123741505,67.52225092029735,17.376020618984786,16.863359455550608,3.2056735490700357
25.73190558039128,76.1966172570209,18.40691793611687,6.702428277135332,35.82214136365878,23.57565437140797,76.54382576349246,20.377443656003166,7.165915976281764,37.74786745554411,8.304163881688469
433.2679133588429,459.42600027171113,29.75087211820096,5.107233662702653,5.34082863995785,411.33006216492447,57.663150716119645,28.936929772369524,9.175291269460118,6.595306355971005,9.513250348640534
483.1440549950807,25.502428372533736,11.64972050871254,11.314321236702089,11.688011226973206,486.09622114781604,53.93294407159533,12.139290029032797,10.504545653412524,11.30997747281188,3.6355528123070724
71.98952367275628,884.4096000822522,216.56809416645692,12.53558770539917,13.380984886348303,77.76985834431908,631.473648627897,217.83937740265043,11.614080240200414,18.732257813396785,7.817085811354191
56.383377114423006,26.188499588434365,105.21349518262872,5.78485741206844,14.90584261633122,51.02605364489465,22.08308098939159,98.10429192308821,5.4074968244277075,13.83375887203974,10.473482512599624
79.1220318599103,33.44276899925647,30.909280097331823,16.227251961349488,15.41437172593856,80.10289678318986,41.384281553250304,32.43970925046124,14.201793123330614,10.806080603977414,2.313311558172942
69.74241116416219,16.843968770421192,193.3712973394446,7.502754044537715,24.351859692551944,66.860987693323,20.28326225618379,219.66922723181838,7.656203322671017,28.970163495171022,5.255053545110896
32.58534665592941,180.58508141539392,31.536626550027353,2.779272029794827,45.11691454503108,28.234926838101238,166.7244590737703,38.74671532550803,2.8052906430716735,40.957350690604706,11.143375197068428
195.47598505156276,195.3941384224418,236.54334132895823,15.700227304145006,31.851206191292388,188.98241539917538,203.9754068025091,222.06441777472986,16.87303841661232,27.698540742545394,2.652436859936719
101.19377681996893,39.285333948150786,32.39247616583625,6.339338782453202,24.132518947712676,91.88890601629497,47.50505558614813,31.45562518379373,5.769760741239322,22.194669122314718,7.639996052283765
10.383809896623696,112.79572727849882,12.516668371879328,8.694493608660379,5.155198630429387,9.652891006502411,106.13277843989043,12.874196150170704,8.200130146687252,5.5223043199482005,4.588782776064047
60.47253200095055,17.23842966694182,36.97438721189299,3.6563865937561486,17.617339467208982,53.60951496796847,15.386037525446866,36.64968004368002,3.767292660672027,20.01719598824607,10.006339396665723
168.16940126379632,11.963026412017575,17.96864119345852,10.499191743564586,37.82426832717877,157.9735980201239,13.35144614455042,20.085753206112283,10.710268860190713,38.68639424807408,7.567743519842603
10.565488012190984,44.48228275676047,56.06084983377855,9.967254487977325,33.43122585538692,10.739410657397196,32.85134355974265,59.10785692946792,9.376329823990504,21.13161830241349,2.217144487256285
10.991997680139486,53.3001176576558,190.18012514550338,10.909340174924568,34.377879259927305,10.9949117981411,42.4015664444315,173.59012822401073,10.143850488997945,35.50695051660911,3.9388203823108983
405.5716724985231,207.7900689950338,20.422742512059667,11.63125847142417,44.53037584670247,420.6289678259416,206.3541137602953,20.538146820924062,9.685932813356319,43.08204768277663,5.7676040930288925
441.25104785732634,34.0600650804773,172.35366637352394,12.577852400342584,4.695735521405851,417.3534433989183,49.77649998405684,188.37872650973003,13.199817381917695,7.9718303085445505,4.554409707296352
755.1269491419107,65.76360945703134,292.67310269457954,17.167862446233787,35.19808460330435,761.6822379687077,49.30517084775996,273.50537186191127,17.80704710283177,28.49093187715326,3.7519903731857505
726.6005158939727,223.58037961110963,520.5763360592766,9.510257597826756,8.81724630998829,662.1515505547231,194.79069453740723,499.79486245605756,9.112981048585738,8.109316189334896,8.378031849725659
22.09888235945362,600.0306304193642,670.0971587377451,19.26165284253644,32.14561118223125,20.87185357824348,183.27455171968478,652.5073170986359,17.763821960563583,13.497496556569944,4.707560413647393
433.7374163244566,38.52043893419344,24.646703471624303,15.260546870755343,7.763116656984997,440.4043635990226,64.7972405292333,24.19438649252531,14.448030991237903,9.456717383859338,1.225758650587363
20.749779244577773,990.6054998976339,39.774049489330515,4.880657780659114,36.81453979050959,20.469300065633405,983.2611002236545,25.880310779407377,4.343909091304199,43.48296979994074,8.167292640873777
10.824845332340807,60.30487147742076,48.999227817613495,4.367252941736832,8.87663033472163,10.50979966403171,63.41733278221882,53.284600949605725,4.391359984387292,13.705007447654866,4.618343180035885
57.2053495277449,392.0996933322567,159.495444719957,13.981729684457704,41.40448257334788,56.79934349541671,405.55425975258765,169.36479151255594,13.628679553257214,33.397377348688934,0.7920761630547464
19.953435734825167,34.53957929863557,63.566599004817355,12.834004097188725,38.878261297256,19.51214216694466,32.81619713155208,68.16596383160909,11.554414564061634,40.534513123782745,1.590981387428588
96.05814667651994,865.917745148851,46.781206479633596,4.819541568205961,6.14430966844135,80.3699933736923,474.53222473491263,54.42166479273805,4.7775414150299955,7.821457905777653,17.40769456841175
34.153307418686346,334.62055422424004,39.47431827127264,6.99642336150549,35.371389144331715,30.595132247175563,389.33549327060905,44.46985540810886,7.189354223622978,25.963358650736012,9.31089254104606
105.15679150264171,79.78566670209203,23.742345281606042,7.9890650529925304,17.62646196809222,102.30459452680535,76.89224449669035,24.824649754402504,7.355428514563381,17.195020499026914,3.5447815647333174
23.342598105940073,34.76703632490694,121.4914834195219,10.923545148494759,45.484515907010255,22.126887481057963,32.0494632077739,122.39503216372452,9.991857678157073,45.139237256354306,4.728817744758016
30.502595310846495,67.97145896575587,254.41411504386787,3.2182970452334927,44.52261530845778,28.109465835308203,66.23267256031173,259.94582276553206,3.484681344571393,43.10475480317625,6.489985950512114
15.271340211947205,747.0390576491997,10.233205130749939,18.42940285240951,8.26859504990288,14.591256292551437,292.03312800654936,12.429220474369947,16.40110714003188,17.659968566206178,3.9109212924560044
362.3306186622045,539.0722945076946,10.63521686306928,16.390256563217633,49.097910516771094,325.25807900329227,554.2240203822909,25.455064387909438,17.243716855762276,39.017990010762354,10.029883127548272
22.61610467176704,15.201687297646691,550.4220120739915,1.450351982014873,30.626762856018512,20.60617476636846,16.651653708904817,605.6680252173625,1.761472338374333,30.75705611618817,7.491551787998121
383.5059839261079,13.835379743953172,15.38683861086085,12.608096359443932,30.59343186364311,382.89912186948834,33.7790865203858,16.02977973021987,11.939092919836915,10.601273803361318,6.892164291276565
783.6556764641667,999.8941807119343,334.5496094611709,3.054435111280165,45.14938209596717,800.5065557938715,877.6103650308893,352.33135466093233,3.221145520214991,34.650622819148936,10.551918661258513
380.0248213070975,13.455965498458442,32.19453641440197,5.371959927089447,49.297498984074664,365.995333172642,18.318199620948246,35.02147601100788,5.570317654092862,59.10273504067464,17.802495913746803
26.870836036280732,24.467776802921442,907.6519326723633,12.038825842526162,16.978475774369176,25.11724310759025,19.47960239737947,828.5389715731319,15.948477849006606,11.690223861386075,6.992244890269219
41.497187592472336,69.88815899667568,23.584383850526756,11.593744725735704,14.380945503799303,38.966617210178256,95.13581459344799,25.363563983682724,12.673081431962544,9.401331421363802,5.099130785535582
16.71494806064448,44.01444082685081,138.5068579325551,3.4789073300673956,38.193239507273454,16.191960633391428,47.8589182868716,157.347871934933,3.5285869817104154,37.80663024618577,5.467856464892692
168.5836864708945,52.3867084170056,931.7110880157243,19.11069542194554,39.37353129484161,158.85128667731388,47.906341074066255,767.6314042598334,20.049381714224907,35.310002869003796,4.660046166089668
43.53779893948969,24.545059715971657,330.11626291290054,15.526218227288863,3.519533217639074,44.099728815102985,55.72618144504193,337.0178576664135,16.86988316446492,5.571274542999541,2.7898607301947735
31.385064860674877,176.4800135186275,335.6940986578228,10.614436709619339,32.78981193296515,26.340523511091565,119.78512871812252,291.76164139463054,9.476327386541385,26.37524243605305,14.62941532489624
777.806514971555,891.8738596006581,25.885212936592584,11.857203477543116,29.63591160164049,701.0068310116274,769.4747135762187,23.76483753403039,13.025420477823713,26.2229534496738,15.002228143323808
59.427130151326566,66.26811077197175,160.75703985083774,8.895125635272493,48.11422247911356,57.55931029711232,61.322214471918535,172.50923669753783,10.645776630414609,40.7013270418041,3.762505479019343
765.3350971915029,183.66065666901895,251.0411637128923,12.098914128665106,40.18051053620775,715.7867914895562,176.53695277846325,273.1144950956708,13.250485542291075,32.434931306802284,5.612581618884901
17.868446336503897,19.033041702815893,30.495718346533785,17.4462022048742,9.973439955778312,16.614082498534305,16.67897322263788,32.164855271333785,15.901947733981753,15.092532066760132,6.80898721336385
242.30747432436834,884.622882813699,50.49972035990945,2.1276683676580106,43.34069077153501,184.50807289630376,761.2693819685228,50.75704491514984,1.9101702350897856,47.13857300416379,15.25183416386899
695.1339127007374,450.77110280686344,577.6790962547218,5.839012576894793,14.80401007193749,684.7400683506704,370.21718053180354,567.7915220993689,5.813872641540361,12.759938671513172,5.880552024533727
402.0419948252484,388.70224972975893,337.18820837490154,7.427343101913282,13.601792556674866,363.1627912757177,311.1915135749716,321.50620509887153,12.158077446571045,11.342634007408831,9.355146137625171
214.12413996383384,34.36789791593917,398.6056567410134,5.295325663489392,29.120277245259782,201.56582192849413,38.16340354662418,408.7774589820399,5.554994518379333,31.50624265380759,5.582660125407727
189.62693861699142,659.2560516316537,314.50495320696473,17.131785829794826,12.168849222416524,186.049555538719,519.228359202424,310.2722236048689,17.49428407393517,18.19433580123211,2.7826644894277472
296.15712128414975,318.38231568872595,722.6306359439064,18.368114356641,20.202883800319185,311.42888254349344,230.23259730780026,699.0342322221045,15.439518082438253,19.784289188727136,5.862707552300506
100.23451750160508,139.32806493853133,14.115802415917104,16.07221953983209,37.95541216343559,95.76964542995792,151.91652422517885,15.257094596647304,17.662756254131885,31.932316106117995,3.7314051797231675
515.0722897143127,29.061423054250145,860.0075677859558,19.552877177404003,13.72348366106651,486.0436760702051,50.762848000604244,922.7534763234685,19.88244864751084,25.553904760515017,4.400285747752798
259.66910873347484,423.26575603149325,32.11015884620223,5.362772655597155,33.32675069445772,264.885879195326,369.89450167546295,33.99598543188864,5.754041133250888,35.98570925415281,5.188070902573478
365.67200617329945,142.484813686147,242.36347810727383,9.667211489014376,36.963172753477565,352.60145705939067,159.5328069932292,245.74260366796074,9.86747869894229,41.58583688539764,4.477323489495846
116.14101544044834,137.75522245716053,189.40034370076577,16.705016100061957,30.650650678185364,106.55271716467983,127.5102335435076,181.30541706660867,16.279186413901847,27.63554452893991,7.389445268582293
211.00673580120463,421.1257783833194,15.236213280577177,14.762587258071424,39.52258662434603,198.14104892569728,449.2734131741459,21.8518262073266,16.374620559291294,30.749074127146567,7.5106226272598535
900.1105769268507,515.5307883376122,381.8631202409995,15.690431395028558,29.893955336159085,815.4618295646899,501.09679633401964,372.7916556128008,14.547257675628899,25.80813898850871,8.578449321041754
793.8571780033006,12.323020447388815,11.044587490421518,10.923061781995054,36.67719645813355,775.4412596116514,48.2412905871425,11.185480192931696,9.901837572346693,8.600616297118423,6.8050733207330305
41.90435613400192,143.34532116012196,46.296465830032055,1.364876814600271,22.9214579501035,37.59737302273724,124.9887553534072,49.179608698482205,1.3974942200832203,28.09614519264457,10.412141402793136
10.760503821787788,29.699358641586226,100.27985936320437,11.270865185884576,28.514469886978564,11.233509308159466,22.504867540966742,96.91178587938987,9.793432352085032,31.398711767770312,6.001864226342537
141.07871336160005,438.75421705544994,94.40583090286793,2.35226581187658,25.520926129058758,133.89520714646508,377.2954266142384,112.48415154442247,2.22130769359337,28.395454893819604,8.994608777110365
250.336146112451,349.4591175124628,303.994134224802,1.942833978130256,29.433568371337646,230.91444623644475,322.46339085571924,344.06480383217615,2.0479341429081024,17.27548976860486,7.407450784764377
456.5520975260562,918.7891491753328,613.776782016944,2.9288567133532166,22.878417658243404,385.7572319266627,717.2563277565478,599.3872343075296,2.666302383292589,22.58351891534116,14.902575568959698
31.87140598803161,19.072750840270984,258.3977172153818,4.197371603894042,16.022066777030947,27.591303170466546,17.353185937346133,227.71555628248683,3.4825588703781123,14.931902058341514,11.005567265449926
10.624265871761517,375.0907233015973,70.4755682603736,4.355138355481968,41.43245837032779,10.754824244666835,416.0096493943725,43.08221967937319,4.231574644010118,45.1938251209995,3.89588732329849
47.367629124318235,48.3934619656181,714.8631763483305,7.304250595103951,29.09637266047098,43.36595628465508,39.187892521064846,669.2541816081847,17.02746440744385,18.906281458292735,10.556037711071161
448.60811930956,189.35920488673926,20.007036693416616,15.394798196320796,47.471362683778146,460.89312094628133,189.68209999700048,21.130121055769887,14.414467012166698,45.546303824874734,3.330112753518423
80.43965380156845,42.902175240584604,962.215242426494,4.836265096690806,40.86850499009556,78.32801735239516,45.840994599851236,950.9828059795278,4.863286918813779,41.926556821024114,3.432866364667687
32.24693881494897,137.85494636493462,502.7424635943007,18.140700068072448,42.36553886783797,29.14151872442142,106.67401526833589,412.0909255468908,16.878145908590536,32.43013833135118,8.599129750639936
41.74738021387025,400.2729411744105,113.61849879680697,1.9542991447668123,33.00241894527356,36.64068674374671,419.7041479422321,136.00311198162163,1.9195990998428234,29.47091177407607,8.104152561432297
236.81467381283244,653.3923514438194,140.8222739415573,5.909790209631575,11.083488218772292,203.07850494139993,670.3035679960628,138.26764871257393,6.130877772656551,8.879971446252213,11.778625410263977
17.885406400683003,12.367845653367608,640.1109698513156,6.988031349484784,42.13470858088936,18.28734775580988,12.48374622877861,533.7486407520666,6.98257422339201,39.65097190391249,3.18834956264281
718.3808671359067,14.588360392228891,22.120912192366937,17.455370769137165,5.798797979683243,668.2536544922732,61.55232976590663,18.57188832509534,15.604554887913164,8.339765017516141,13.04804494075944
244.69817137639149,20.988541049077185,92.54702805051635,3.2569851139959582,28.37111746987195,250.73767994117748,25.25269999474388,97.5859771960317,3.4102205049610927,34.27710256167231,11.000884313950293
204.32841014156935,20.8315895480707,566.4148695414411,1.4011765394874267,22.204489373497186,191.93236290968395,22.231935214512255,564.0006472075253,1.5083805112285318,19.84051398612641,12.227602250711278
295.76824638138675,17.38899285204645,216.9642337443945,4.389415883419833,7.678888555900465,299.8254657795995,21.14425793233032,208.1611121417711,4.561009018431247,9.83159587308775,4.998746335394291
314.7453731113793,868.9879582866341,178.76912962697938,5.694852344128693,3.285795759127833,285.8297502448113,488.687557429426,171.15604511470252,3.910465370757369,5.137788666154525,9.427010402296396
41.323903974995204,335.9532201424909,101.46822432615144,13.429987783904494,2.2973254398559444,40.4931609328779,90.19121096235757,97.73509729329825,9.606501218631292,9.620496561800989,2.495517330027082
16.864587775297274,52.93658633084149,63.63026515463484,19.91120203632359,17.406879932061543,16.571687442100508,27.98257436186356,66.6793117321068,18.306993468899908,12.742424449989588,3.92077522997309
40.81734467173089,950.9940416143173,35.15272420938939,18.47275823101734,43.23198644774464,37.474247886659846,750.0671241474632,48.89737535663344,17.767910658654586,41.50630650031642,8.204132603802679
109.30857164839298,12.825354878080963,63.850969352399424,12.070975859327694,7.936237859381393,103.92849085766306,15.594938743741535,61.28421870428388,11.766786555625623,9.207821890427207,3.9986002059645664
687.8192191791798,655.0484861937589,13.978666643535913,18.418970293387755,10.729518989647078,571.333948027189,722.6396317757008,13.893734117538651,12.961182021596256,12.35443879864987,16.185760770259854
155.0507478862648,18.752078389877326,739.0857340510019,13.8501880200055,46.999508835768665,149.76097329409305,16.251439382210066,576.3641347405081,13.938213373744226,47.64463864341954,8.04262751224994
16.65757636358663,406.89262525916484,191.914136677488,7.811775311002985,19.203774805377602,16.037984122759454,428.8249923045482,173.8057477451722,7.317530298415843,20.7345435001041,2.5735839938881915
12.631965923681955,67.59481834296261,174.85314758056103,13.427408388476401,5.0983041756572245,12.066955533838314,129.47838866591735,155.25616514684182,12.26257754194414,13.07330536424757,3.5315680063810237
421.20958743309683,84.69457788912547,935.3643553603049,11.914773745306668,46.98602584755345,435.4288813908487,85.87552495288676,855.7872791942735,10.71380450653675,52.9884334635643,5.841263722956716
258.617465234249,10.470412910914636,61.34113962396172,2.0260410131507234,24.02603328078208,247.743225771179,12.539940777854182,63.20998365697217,1.968050789893427,26.761205903479617,9.085735380100548
174.3283808199828,29.69688930736472,184.13551718950433,10.850366230647277,5.001738222359436,165.03390693211335,38.580197146030834,208.48178841738533,10.898886041337606,5.93939400280256,7.012344054488355
45.93794443017607,13.34439488926982,828.4433847227654,13.9328612705035,27.96112409300316,43.29336374135277,12.974434094683478,789.5804910307172,14.03538824147336,28.951250717792572,5.570916033688291
10.910579727142633,47.478153284379694,97.45772590849023,5.754452486827807,42.20729222762285,10.937133099966454,41.20040144112937,103.67668870242217,5.664746758256981,43.04205101403909,3.9462478981524085
229.5095479069097,10.117585465518225,37.64571480629319,5.449214675581498,18.616497309392688,227.04532900933012,10.442357699799983,43.03619048218901,5.866695913694471,21.93195535202364,7.129094172168375
19.32408907833257,90.8581265249818,114.84788395759372,4.963988187638136,19.02719391603179,18.252736144985924,69.44772037954498,117.09126273766545,4.462913966375677,12.367754002219906,4.113534865809764
30.28639672547978,158.01386012452193,11.68358121577469,19.662733926918317,2.502196861491445,29.351188638099718,62.32854559629354,12.481343406428534,15.224737866997511,8.86034088669505,3.6716152767874584
143.38212638271574,372.045722771967,121.41064193475799,8.019638321980565,45.37906594263525,148.493710696206,367.50221354277943,128.06468255066264,7.7811165875508745,49.9486785767144,3.943130401985684
48.81822995267595,70.06393452486367,60.08303415924557,19.594529114304507,33.853477172230846,47.32283762117622,59.40833581691794,64.23178381519413,17.297062964822743,18.921049997760964,3.446788787695004
137.85475885724907,264.12953425767165,48.75152378756801,11.276872349171876,6.808753143889764,119.17228108037833,285.67898970111327,48.90324368082377,9.838577776363309,6.526024838793374,9.5588072667818
197.63405172972233,428.1172163103109,576.3109312575845,5.208861846370213,12.298866048559045,172.1250797598381,358.69264899143195,498.4929167395284,4.558165941738668,11.369867075322166,11.749633753857694
75.14616258523583,71.63103288389333,36.60253243088217,12.877797054661078,25.333400026653642,69.53866081712071,78.99255247465723,37.053293483936834,14.915503735192603,24.630257766410153,6.108589187066584
84.0341594268156,45.06057235136175,40.8282931845482,5.766204941447322,19.5222678504684,77.73441564514711,57.316615475193544,41.066479587983004,4.865400470115028,13.637009379286841,6.734189896020829
60.768066710405385,25.14009191427455,229.1236245220595,4.4451077165511945,34.39101211548175,54.67192943342313,27.47651423660865,224.145392471142,4.802167844362894,35.74807179365307,6.786797190917807
92.75839575487893,415.2920514900531,10.97786841115792,7.885140846207908,32.303104188856224,82.74867156476789,486.0450917168331,12.96760291022341,7.856403245021506,24.118754564721687,9.7271723222654
16.7771299805951,13.542964120942766,268.47126842723617,5.699469830575944,33.622254856313845,16.08327660432269,15.430004818701734,350.26071849559185,6.587965275496809,31.73387420911781,10.013623625790302
11.310863099716633,24.55084424548246,12.949166710228273,11.095519000135814,3.902108550003957,11.069398766328554,20.273902625364705,13.683552593704615,9.852560019242425,7.226062712802775,3.57303034475411
33.81268217237707,493.1250585698936,22.85515361810772,8.857790694889427,23.59324639731805,31.340918647230325,569.2761702940194,24.31414202779572,8.642745182332646,18.16634422092574,6.426365801133038
339.76481030883923,210.48831934557882,137.68047380134502,19.503550855902315,36.048835249135074,315.1803258347048,227.90830684469975,134.90300096544155,16.27105289040282,27.010724968908214,7.013799265508186
258.8268073288027,53.63685534973423,10.760846180777165,15.522242901482537,30.1056034097525,237.55448742949528,65.05347768411926,12.346328711273753,13.996458901004386,28.379394494724036,8.550066696622013
97.68580757550127,483.4279346978913,922.6381704440195,19.475519807218458,2.978662479007035,101.6476488398191,225.71799009445127,925.8773690425842,17.666236159283816,8.131128977711452,3.0156898334930378
876.8179139041928,34.54533096332332,30.08784756796811,6.534449398463891,34.20354988743904,875.4247525047842,48.00706562160541,34.53740640281905,6.54206257447874,21.420704111727588,12.831039187111976
461.627787115078,14.634633540845902,113.15579369399681,7.029371345004271,30.570350026510553,473.5135279240124,15.983011971732576,143.87104026058515,7.3420515968752715,34.58366115682718,7.511137306465988
217.68754440008803,305.0808025192213,18.582161019649448,14.21926745904028,28.880057406781596,210.79504646571226,370.29171566127303,19.327696990946006,15.47597434073595,21.596584090847074,3.943627245968553
52.480028554890154,467.4976282275369,68.00383196337725,19.306023702238626,3.785003540088555,54.755139526024564,166.73477958755956,70.69454750313801,18.68221893709788,13.394118290904093,3.983702907953034
44.19282796702967,279.70408066403803,220.65647365620055,15.276962900296759,17.32939293720231,42.20446049776258,219.70286568255963,221.6621473158916,13.491890601051683,12.927842685909033,2.9641761557636683
113.5008931166779,80.95539128550486,82.11610532296395,18.436545621552934,35.342855767990784,115.95154350320796,85.63332714713196,82.72831318602432,15.795755142162953,8.116613352341895,1.5646049532390176
23.06799030885646,755.9452300212597,30.628374059602383,10.621537443672763,37.785079573774915,21.715874745240864,736.7860654331898,24.881158792113318,9.813631845735795,36.448785199947466,3.7959761456624794
117.47283781930219,224.29546117861577,43.63149150307823,1.1757297019890809,31.837134183092573,116.62875642434719,218.55968960993988,51.84215949598434,1.1903052965811491,34.53491842965282,8.922564242000016
25.912150491471767,16.625796769787588,217.95114220748286,5.4837139866479605,7.501033690391679,24.480269854835292,27.307618869954325,185.6713083156917,4.172327157111438,6.935980536294317,21.768662895974472
11.065662491512548,181.94689161588252,44.662969946971906,3.8076833253311526,2.5340849403923915,11.5148442228706,92.40633176761065,45.652797548674094,3.645588954654573,7.939791172245177,4.905865174491854
77.40259734443421,72.79612497053776,36.84985154311576,10.145228830527728,43.60800558957711,72.31660175857488,78.86828302099761,37.37775943145806,14.89992048013551,37.525221551352615,5.071035584517023
14.434136391487598,83.9583898253138,821.9218935601501,1.31407741869935,37.27532426132951,16.08351255769601,90.64818353315752,902.6303095960764,1.2056397357756168,43.64248444494108,11.640248938425865
27.917311533679943,651.5143254724002,166.91116044766008,7.288039325983524,40.45564522096152,26.259443829057933,694.9960286379221,121.9638499649732,6.83048705782424,39.24179843413794,3.8244340201544755
376.1994690348793,34.5331382660772,18.569637093860756,17.773701053516042,13.994065509526308,351.74948343638073,61.29291074422216,17.65878832001473,16.1791672316668,12.535486211837009,7.519814643810017
54.41211891141667,174.45285066447119,739.8029699578666,1.1591053990858835,35.90639360172563,51.602439794829984,126.49138411806881,774.6382409092033,1.0462619761380818,47.704818849675455,22.891787556536148
608.9974784479347,133.52392845433948,72.79400252809089,1.4642374986808493,30.35842784114267,552.8116454017277,147.73074030901475,80.579299590271,1.4798141951647774,34.65940636022261,11.1127908969835
112.34984551690796,55.2472509953355,57.914663062755956,17.260683982224595,48.2402057027448,119.21485196161012,47.74392554875448,56.77869604253734,16.37986697830388,12.385264768240997,4.648950490311892
67.25956659395762,153.81954873982025,512.2706866192037,11.037117874369498,14.759025379409813,71.92571768277246,135.78155326385811,511.08700141230656,8.84003907363373,15.344372055176143,7.624333145898428
46.43436194834957,398.12317195003453,293.8560104111249,2.4602900702835773,13.289575749606707,43.52532121567712,396.409171922841,324.8846829879164,2.3367973541232083,14.165117235945257,4.743449436828296
115.72037709037775,122.50184953624121,14.334172865823978,9.474263488787669,13.367992137337454,107.4885789705256,103.55525510557482,13.90933039474309,15.682340651780619,5.704294750018094,10.78231971148481
37.653821441878875,13.451848431337622,939.7447301929433,17.904890265521367,44.829236196074824,37.76309942312042,12.123311069325903,526.570509486848,18.915040313132238,41.585326545654986,2.5335483784244386
450.0783179435495,439.11059088107993,17.548554544197575,9.082097736257174,36.06184289417224,447.37246116599135,382.9538462463267,16.870863824908177,11.644236522688459,32.775158824075994,8.645818929940296
76.32455930172634,493.7324785170705,779.773169019156,9.447669297013697,32.79672633050255,79.30063732132544,364.47037413580017,777.4614630241068,8.749540508549789,20.249570108956792,3.35890716869226
37.33623911812422,138.34226072128385,900.2077375403832,3.244969517437639,14.875565978559875,34.32621836517697,138.27300992879927,840.4454779683712,3.404954625184104,10.06242035962421,6.5794169498607005
105.8384478032523,756.273957658617,53.995991730972136,1.7742327765093764,38.5596350333664,90.8482044244248,746.8104809427248,58.70625246006539,1.5192070424925515,43.12069106335722,9.213670795947788
104.27148856075873,48.26194996200369,44.885186413133844,8.969772178927784,29.477479503371313,104.96136632746453,61.62555206624868,48.75799831565324,8.141091975724,14.708757115132899,6.854562952252588
125.46422957516901,18.24531519681971,345.60101617055795,19.692505171555023,5.694521303569092,132.58261539934634,39.42404658703721,328.09613308100455,18.148367024792353,12.024756801078272,4.694357661036943
50.44392520758815,46.75234307396786,105.5989504497593,17.33619471979761,9.170717768265975,49.43735461580338,41.47759961175302,107.58761263525625,16.87727614800653,10.402771357672158,2.8553274381853995
14.898928283506901,641.504785443146,30.767697653354865,5.753442086613771,36.36210194835263,13.918429631632797,694.0196725836081,19.66197583929845,5.503881616577247,35.27414196614361,3.896916170337888
25.020680320047607,368.92295990896423,40.84012291467057,8.98083801474514,5.954384209184865,23.58487883651712,255.36898723543726,44.52911604574844,8.22265363577362,7.10102965543336,4.042294901106326
178.26935746813948,138.2963229929978,23.56811966262185,14.73815134441947,5.515671771992529,156.75248078446458,53.17100008633428,22.187774818547343,16.211385953175707,9.352609969134662,11.107828638880857
10.04409164888683,28.699051831868758,26.292938564057305,3.3538378576427137,9.97285821138089,9.436074520520012,24.147844286641508,30.427220251510438,3.5106604654073785,13.523885435014154,8.587991992805867
43.83528941697466,883.6393589604667,210.46715187442976,15.70014124509466,43.22630170461,40.37303943623342,717.0762936947888,197.46159932962854,14.775665960221684,42.29999944767695,6.920455624999065
672.7013629432571,35.84640743602748,381.3472554853836,15.013334027303165,39.26009820317512,680.3153995263231,30.45182439045775,355.9419791677652,15.549554704220048,31.469391730577314,2.927716980373516
265.1429635697709,45.930041631179996,144.63419873584087,7.813913426284535,48.61206853520713,261.6554730613526,54.11901300607,162.18525902182787,8.271464864058707,53.04692558294586,9.970660328375413
117.59439526108959,354.76429019097816,26.165290557451662,12.596975674246671,39.236382275028575,110.80459127048428,358.3382041614343,33.40078704643448,12.693072932089853,33.28822893118827,5.999148534475098
32.918524826740764,987.0889658309184,136.77845893271842,3.231419680681352,36.20778785076569,31.34721812904394,1026.297268340219,152.74880967567222,3.1887379424096376,40.932981145489684,5.506253067338672
306.3505740782755,917.9181043174541,26.699929316054906,19.86975908770949,25.98853777604362,280.4544971403904,700.9607742177811,24.721444166653505,19.503639004073776,27.848619825518657,11.840720718894014
197.9351901319231,65.91046473076457,58.35083733999177,11.672102014067232,4.712764346836448,191.70038909194912,74.21304470464538,59.336337344042484,11.037010709991046,10.357180591525257,3.0305932149038632
672.8541520588768,19.624043760090405,525.5616997665873,10.94423925138245,37.25977076658008,656.9245636449191,18.46744905963934,620.4974200587927,12.152894980251943,34.77226480711714,10.671469362832989
127.47865888523525,165.71131442497347,299.9758338348099,12.887487875267539,34.847702115584106,126.8049866280703,162.5814633789697,283.5660384196009,13.36630326148539,38.2245754553422,2.70597756675234
889.6711207663908,134.2974995300826,54.705368934845616,1.9956318762383023,6.318074278743583,824.5893061379046,136.16897292098741,59.87252117278934,1.951256766718973,9.057363155618537,13.512546923344729
14.524351575889801,96.94853460761072,31.170691430779886,7.188001699990366,4.251269851179686,13.943459311986237,64.57170756125255,34.246780516539346,6.890454008020819,8.831270336014718,5.494166627734424
11.30430501187098,13.227654314165651,690.2886890058924,19.177650518465555,32.77298421543601,10.3795739276057,14.252786004237695,474.3561439076078,16.991285438459368,38.50723546239125,6.56160012011213
53.956760935860366,476.0413351623902,31.26460412359244,13.140518576767859,40.2132031340293,52.314574585323314,512.2223673874846,29.929090991130924,12.480499266918466,35.55965395879783,2.4774925537299883
300.4453425286119,605.2322905602015,414.8991501733543,15.935092839208416,41.61656175864528,292.31586045023596,544.4358431708624,404.93924835575285,18.08592417147795,36.61888703558738,6.1356378830648515
286.4723376799146,45.607757416043725,10.368512226298089,17.15220411180591,41.479671125329496,272.03182566569757,48.91180243361321,12.461212365194783,15.155634800162405,36.62978631494021,8.62070381555232
115.29791297004044,59.40220773862938,206.82009179445296,14.742288954477777,43.012242925980395,107.18125133329731,55.21670676577246,192.37982243251062,15.93082375872009,40.127232557063685,5.870959236636543
13.970825232383085,76.59598138640004,45.95099577825183,11.650146996712957,23.651297310713076,12.981868283169021,94.56604032992317,47.487081538516726,11.427981378596149,18.565271195967775,4.994360633257835
60.47448083060872,23.18815667713977,10.303171849930159,8.84583539426098,7.002052556688443,57.025005088343676,28.781259559654945,11.066905774343555,7.040829111484261,7.559310808966313,6.854704349812973
297.3578908773504,116.98977918315704,345.9604338223084,3.163891240380082,21.428480486162325,307.28876177261316,120.17778208330486,319.53576544383395,3.080516730186247,24.676878773241324,4.505640266335341
251.2828890712303,120.68407287913085,307.98664041851794,14.579705957123098,5.096015967892033,262.50461247414916,114.7888439875794,308.27607372395187,12.24399374642503,6.207068828393921,3.2304210897675025
264.4270154189985,725.0347098521127,12.346155811133015,1.4241883202249015,28.80406306641793,249.33737076858336,666.7492658945877,15.039742701127206,1.217095824445771,30.500154726106196,7.302948647492302
14.561936344402115,796.5767059694969,188.45342639551856,2.128130652766039,10.680585537431469,13.53709995485951,769.5041103892511,213.04703117087394,1.9833500799359678,15.386354550519473,7.779012476868003
40.93444224351762,842.4093267238944,14.507853403662988,14.864401204229189,24.93601837577782,39.65499955958395,639.9342963717377,16.79367320020614,13.395967368105524,28.607425694371784,3.5655767064231716
101.97665190016248,26.977644356667774,13.214818877643356,10.493977973296209,21.853045475304054,103.37838218252085,28.295064257996742,14.865759605394565,9.478025348979138,22.478838667868533,5.563782835120931
917.8591656199761,532.0029626677097,20.32526143118288,19.6306504702422,10.019996182874388,816.5622963392522,750.9526447149667,22.86683688057141,14.883951391438808,10.898873708731681,11.000021474810938
105.58903925123877,125.42542332529567,81.36145553522258,1.4806017476662143,15.337258939362583,99.00726598591854,126.60345197415862,83.62973157786135,2.8547692559017435,10.839850021474064,6.073262295222202
10.106964281749244,31.1670841759694,12.38467679795186,18.115821796159313,21.962856700913576,10.370252763607304,41.16069173190959,13.195792857151247,18.93396243268776,18.907132880340303,5.274485778469272
21.611865953076965,50.242937135035895,37.514800788156535,12.712671238000086,31.350018079316335,19.484296150987,65.09271913165448,39.70612808861583,13.415567649397156,18.079454216018377,7.404759856911307
15.322703381706663,691.3249841391092,273.99834290474433,2.838300980069871,43.71147161498445,13.824987232911386,786.8552401327531,279.6109330340289,3.084814787623398,35.799995366108156,12.32762108789906
880.6375100018687,320.10667337384376,143.60639042888232,4.159178708940341,32.08721063226188,854.5189985407623,293.382375075297,143.08660413661167,3.8815896026246755,36.30465294132527,5.9188237566692905
278.1868948386983,83.77040997836843,19.061091782244628,7.349289853925296,14.494849372282932,277.39732817483747,88.33861819344847,19.10763652810461,6.314866078853978,13.776496010571517,5.834217348673026
14.254420087560332,68.69438748768987,792.6286528912018,16.227800777813265,30.487932177585137,14.162684392168622,57.91760412779257,694.760277588176,15.415536966435917,28.958785111209774,0.8927244418979158
297.93952100164097,11.122076692627585,101.44043271631534,8.025752061205075,13.089109711958509,285.0434899550593,14.476456579432003,111.14617699399336,7.943329678183878,17.862660949253968,3.392625278735719
679.0704694124801,31.905032158878093,28.08970334617672,12.977376848896222,11.132798637361786,632.0880711008796,86.03454530661794,25.203934009576624,12.109044688467595,6.520375715449104,8.497720662957445
127.52887099339996,40.16065933912717,13.615939400715801,2.0910600938355124,38.92391251355238,140.65005616009012,46.88304987329737,14.558552529581911,1.8492315673284903,36.504458692007944,9.94326969609872
44.27754462702707,403.87911213545624,61.09477526335323,4.232937196756687,23.705070855944268,43.92492507195231,440.34125960828493,72.14077699164895,4.653529338712747,17.803918800604848,5.359117644112259
58.589010755657995,10.59391170014728,13.794775313240176,19.334433483890837,36.52609252710092,61.18767818031121,14.25786710335667,13.00804763340984,16.530487039401024,16.50168621694816,3.8384072461305463
13.901583009070105,16.082055337723787,30.600092146075024,7.487777328860571,49.36545461219228,13.153749435368837,15.063706339728,36.667978961972146,9.62981588326924,42.99938008180223,5.841607559491839
17.601300408203656,62.3549919251491,139.8765993967222,16.536827418452898,16.40549978585768,17.273583273806068,50.03144021645146,141.8019420641903,15.13489413456668,15.598828320739122,1.2613962211998995
230.3864072084848,46.56461221045275,11.543886709648229,14.914581114598501,33.166874253898854,223.92004698179616,52.012560702045775,12.789584902855852,13.73609896211685,32.661869806377354,4.942458633953986
69.05541531613423,837.593002096896,817.340716227027,4.676339638610291,6.778618787258259,61.584588214617504,562.6903504062716,793.1052105649798,4.09238886401252,10.358093020567992,7.221939698011336
58.97234960121253,693.2258722782659,11.130585023040297,18.38276473889658,36.33885719131642,59.87233670383666,706.0587423256711,17.158096594434852,17.47660698216709,29.419155885080706,3.9654448379155953
174.6780191432365,239.97594454285746,208.0030430040353,16.78025023524531,7.233995895634786,174.97881803501204,186.13049834439536,201.14541345491637,15.003515565717631,7.835024787331353,2.958616460837205
103.95778470350176,18.208497346387347,95.63418963203354,3.1798860845211148,29.990233856517047,102.15661817830308,22.73767384197801,97.8460057672684,3.4783534037097885,34.39081015815262,14.40860905059576
24.920968722289278,133.33234376153285,850.0359021416774,7.7477445857767275,32.23494993559157,23.499010768424228,138.52363882152747,753.242766717314,7.078383143419089,35.66231418292418,3.5323946673179005
19.498088536087284,151.34376807166848,12.61512356468967,4.822934624080609,10.411221313852774,19.454407670367807,245.36676544232103,14.96820067282923,4.829059423073043,7.290938877360069,10.945856504509448
129.42631007204287,11.670663757535278,80.64267416561475,4.265392540637502,17.54912850650245,135.64191856652954,11.540843238967273,84.31417657775198,4.381224388690107,20.11567761439181,6.227201014821364
428.53306139460875,270.47125365216885,777.8205322872423,15.003838958919166,6.7832903029113565,468.82285192940725,206.5594293452291,674.4881419745082,12.684911426829393,6.685665210493819,8.396792511403234
798.6435176622155,61.72913712842765,163.0289729826122,10.934020556164233,44.058647167735614,790.4953821323238,72.1531710661324,201.70129506256325,11.637822789955905,42.04127095147643,13.629402176553851
625.9402322991053,12.16864242725474,916.4238689750224,16.08811670125394,30.487399369279718,665.7815644268871,14.638690176651817,683.5969304844738,17.136331748716014,32.95841187874423,13.062076494407341
10.811999162626062,576.1790789954938,12.285447402997388,8.08091647519801,12.415633756970612,10.981561609294817,357.7720798126906,14.293793032452546,7.907349384920292,16.91039743948,3.638963893913374
639.0298220681383,549.5922060420845,38.02085774777718,11.775436997510003,13.595867306304068,583.7665294677365,475.07751855422606,43.21032722764195,12.680108264098163,10.153685398698915,12.288805828208572
481.0674688200573,15.61109281777208,22.97135956485945,10.172230785956804,14.59733855627815,461.72467490013526,18.943142818016884,23.979273000226126,9.761299679268221,17.5614575447038,5.60453891018603
61.1867151486636,687.8417518922616,324.9534787872868,13.023785728572143,18.321568542768894,66.05400109022712,622.311081793158,310.3412931926506,12.37158951292031,20.625430394418032,7.814688582372169
143.6799620143681,963.2816549884471,270.40746181807543,13.346286003129608,25.710910238147846,148.43828101044807,906.8463980668462,259.4950759993981,13.164395982193875,31.275614696943105,3.343541327242234
23.945688838620924,212.09483653161612,157.13811211078212,19.666628390301813,23.489427227614808,24.079133385768216,130.76961385383927,154.36217995588058,17.763984462991928,13.739545129178111,1.4834169471587946
34.99502667761738,439.8868906691863,27.95215076483778,8.094989482737263,34.48364438463549,34.17312665873258,574.9911265368161,26.55436971219051,8.090257007312632,23.32741739253135,4.1745691131151474
19.393292052173056,164.51822762528323,11.812149385169253,19.18274688347813,31.97293390671026,18.485289638516065,210.67943040795646,11.43147893056616,17.954567036474717,23.109934115719387,3.678666884059071
22.27046082512094,25.848613479126335,204.6762911369652,10.630317717585843,5.812111393037691,21.088088128883218,114.54316725044974,185.73455407318718,12.664300649730617,11.626159687043636,3.7730427709445853
217.9347957042099,124.92562505803708,321.5937360494455,15.128572473268369,34.47030459044718,211.37897346766562,125.25251375002627,341.58518226204734,16.101165856635195,33.15879721819042,2.6496916878577403
79.41832222027891,25.9145976336469,13.777230964824506,12.811699466247687,11.066469169074196,80.97644513391107,32.859707394164765,14.538168337332504,11.169215715308724,12.037310676975364,3.2458714070282024
805.6620426157723,18.493520034043954,10.001761060469219,9.712649656794998,48.25185953225439,738.5989579395666,15.269384198245808,9.766585268251015,9.81507772730605,53.14635206003467,8.546974600016775
59.38000842887084,90.85006466828288,556.7729892795951,16.87952129618885,33.33984658324469,58.164735843753306,69.87900218968593,508.78115070742416,16.19824947868659,33.1071838662765,7.693573083488527
867.8542184459632,527.6849826376463,106.57430868573164,15.944424083376061,35.49627222788664,827.4138622938779,445.78237378230887,101.88850760890124,12.45052391625922,37.189590841483565,11.682622087182294
266.2992929035715,40.545322150787,162.2047434297932,6.372954090616096,37.04212109604065,282.0750236040875,45.99454011516715,174.41316115418996,6.655906531394935,43.65551856496221,8.637165860743188
11.172562130979081,10.127287580870707,101.21825358118855,3.233160306225513,11.088868888286425,10.708865797494475,89.52414963270154,98.24714349446941,9.598912292633695,9.63163872413436,21.674113787332004
42.98503327837955,465.4437718456198,141.4404754186583,6.521925127002596,6.390593567227991,42.83576390745668,380.1684005157409,150.6552850320668,5.8332126873193495,8.465268450718336,5.1723140241495535
18.977376120385784,222.1838030401467,15.526800158609303,9.188914058312548,49.115875260900516,18.132575752355162,290.27596121857437,22.52215085190345,9.011155072034246,28.63447234908013,4.9905142947182926
828.5926529527416,596.1593410503647,36.835803941727754,16.522013220866786,34.92163052330329,777.8581369683733,550.9004397925985,35.44987838143802,12.68852630729074,38.77466949941571,8.049393006987492
618.4207318375311,171.28668500702918,72.90872918698604,10.068169145191819,30.242274518712243,597.0887098462288,161.3902116500258,70.4763378208645,9.493349012976708,32.48096976145847,5.155692945664162
53.96912464212904,849.7374384003294,23.02983010502244,3.7008540603511033,15.453051059109088,53.0528509159599,789.818427364648,26.78960211268811,3.5622944769195377,17.269393371946826,4.782219201333971
353.86341866157835,151.34582479138504,16.653312696078746,2.5106056987550343,38.0401440049502,338.6995103118877,146.3424586609297,16.971243256931242,2.211612831102618,35.39762276775145,7.753830729666979
22.414654920258744,19.786265604544347,463.5962068260632,12.890602642121715,9.97114609952279,21.21373831023109,22.41092713797397,487.51172528202113,17.19215791797082,6.943151549386911,4.235581053794809
99.96081440140195,183.94899375340825,22.20690855542091,1.4072972803396828,49.40079409379496,88.54662972890972,170.50764827397094,24.48978320243695,1.425789766264159,46.51509486844426,9.120982029062167
48.018717897678485,673.6046406370666,23.890233664197062,16.73169938437177,41.25016699360811,45.5044546153441,711.2340707779902,27.111468884517066,15.84160280735182,31.403375758582662,5.439812605480672
68.90259303565405,64.47078344109893,514.9614511340054,15.081788561339213,40.00542223674673,65.07212658488193,62.09083399298303,477.59349887635716,16.903183464871724,40.5094214852018,5.876996468448247
32.866399867334096,438.32333553545976,723.7526532408499,11.701326253730011,6.015623530408883,29.356733505075177,276.5427874290203,691.8155422383127,9.442749641171867,14.044076819152723,6.562862434539619
202.4765649944689,73.2008190779822,484.01903516944,15.518613544522442,30.106796731543294,221.90429589510873,66.73792348628709,497.1792987453697,16.644760926855657,25.112548370985905,8.783381813120164
25.389496293885145,184.89203391768655,13.052077124694545,19.06176233750755,41.83756083225597,23.95700972080101,238.2526443206474,14.902210885782392,18.487686374402678,26.52621475170132,5.598688482882353
241.79768630721486,72.95820156942254,40.2849382948253,9.396775992207788,16.735027500678914,230.76984921587555,71.32504309586497,44.80827245562446,8.131246184013296,18.857281209486093,8.194147336532009
264.6664212546258,10.416781014194218,138.36333354256965,3.1200487189374364,23.73703837491843,262.98482452849663,10.73258753605238,132.43587325914658,3.3598163072944414,29.236927205446108,10.990194103168903
506.7160211486352,322.5098846120912,436.1317624556888,10.995150010834395,49.840506152919374,475.4673826975274,303.93398766447945,400.621761352656,11.328416530503471,37.36630859504907,5.313248381950065
197.66290697818883,226.1467586751119,176.99401627585095,6.639234504419803,35.9613132665956,178.27040404613098,250.7031455636541,176.12758128783912,7.021568990081615,28.22640278192696,6.515826126589854
527.1553383286064,21.538407981982743,123.76968492846919,11.387431486611964,2.67850160999898,523.1826418162885,53.60326303101602,144.75199153710167,11.272318691946193,9.597998158177163,5.3081475556410895
23.78824689517235,359.54222650607505,443.3205742778192,8.625428526519034,31.7384690558972,21.71106398367353,200.3513156087053,421.5065813817407,7.534203155957453,11.44932863978972,5.4852350027625185
668.4665178047929,97.28320331090805,11.850300091526167,16.42965759318814,47.19640386660136,653.1916409220131,92.89511247619792,14.613443412268845,15.73666459614929,41.669088693426886,6.692156592958447
35.06976957286155,134.16499862702088,87.16364700113053,13.908663588736344,36.46181880370374,32.9569686322797,161.88369462786264,90.72564946892462,13.228542812695805,20.931693444203383,4.099604717717018
145.92729628917888,81.48019702336721,127.96088501112139,18.96019306260891,30.185706241207992,136.50810444946518,84.23131924776573,129.08340955961077,19.16177081820197,28.491853452710828,5.061208256675048
591.3388835535045,535.5739526868629,101.65744159042093,9.953930976635316,27.598760264798877,568.8282527368326,432.8163934815039,97.49862191749588,10.9329674137962,24.541295167397873,10.79387381268524
562.1528311047945,12.981890988810331,47.29923746199932,15.5740379262975,31.395890069502773,544.4321709430432,14.272461446486163,53.4973022413825,16.743591122686222,33.97476581683293,9.037603804407551
50.442595188059684,316.70096648911357,37.427473581733246,7.2207645379471215,2.451907332811361,50.43275160748932,152.0046590665873,38.27898469908903,6.780878807128782,4.643431854959828,2.2013089612362933
834.2566006940822,120.74896150127277,16.3216592855945,17.444190410610524,8.279629559473875,689.9564447822236,80.84345539984152,14.40609313730823,16.047522019140246,9.538803617925776,21.46975681622773
69.04925155207329,19.442094790135314,322.7529124042931,1.3840188241407534,15.187183444826971,64.12002857202582,22.50028316416943,308.71893478301115,1.0789207348171506,17.848620066264974,8.224470863513027
43.59596698737138,348.265423025113,168.93811892601963,3.099654498926554,20.72269148211833,42.07018620766998,402.48133918911634,189.36415222907237,3.1053419756363194,17.572634820779356,5.073553677312026
24.978105415007665,223.58882499927702,61.0473198790381,16.34580705652064,34.50177235828046,24.426557143003205,282.0144583890416,66.84708961707472,16.163143304824512,20.687038404774807,2.090243075306784
161.38479900970137,21.003260915827212,50.64824622097623,12.813353364474297,3.2848734353007334,158.66134782175055,46.36116454984906,52.35911208817617,11.18328572269628,9.417981673726228,2.9167341835366862
962.9258775757395,16.622542379407633,29.76588310209309,16.891238614671497,8.553298204649085,922.2493362817642,57.333352240152,26.3674336164761,15.810428044806034,8.39534628491934,7.088579483725986
117.94520785158464,37.072974720827666,133.54520470663843,6.901146874637722,46.79407597886849,118.48073595709448,38.508953122874786,143.64859134008233,7.2376594287198674,52.17712529803713,2.726622517339482
99.69765573027914,18.097349435769587,824.9481405124845,12.00805629115671,2.491966192288228,113.05062340177017,33.60112508024251,864.1548725395644,10.500351260667191,4.044352886989639,14.321266634860383
168.13983174960538,29.88556208429112,200.2847617135545,2.543140826120772,45.32610120102671,158.87810740366942,29.993995434151522,198.63986666791118,2.5190386746111075,49.877758191865425,4.525664183825673
245.97973717339835,40.07950244928573,10.499089193534768,5.536467233114268,41.79615473937797,274.58632002885093,42.80264770826614,12.9439053058554,4.638929630814997,43.38797802466876,11.637828482930548
963.5157505355994,22.271274980553205,742.5015945608201,8.629848122262638,24.463662386110137,845.5794098710143,21.46956512512799,848.0979392183117,9.78009602819787,23.27464533954353,12.359330778946683
572.7332544499498,289.4982989019988,52.84839821918567,9.370128622249347,36.493357864711655,536.7743874010358,254.7035984622734,51.97551914510042,7.466713415594825,34.24930863354872,13.238799730808779
158.67269044442824,40.2058132644707,73.29523768616723,8.339922050422855,18.410409999200954,154.96049655615266,35.48036495950026,77.27003976279728,8.942977922644477,19.893732295480103,2.9036563196282823
368.5099795628487,17.15661635231081,93.07074578807438,13.078825529034045,27.415978834568676,353.4888072601836,14.95562613207115,103.1028945514618,13.718012914997345,28.8601774959819,4.665129743642079
22.177609816504095,524.0660435745234,216.2358234769308,8.580544078770608,8.239289487794151,20.832678037828682,349.05414977118375,192.59547942664952,7.523230986406415,15.616785426945892,3.948658265704664
522.2180285257662,407.8142489002748,16.02615226884422,3.7044875545226725,46.64432635937139,467.5496147255345,386.7539480447405,23.054488875903857,3.506809010452508,42.507575270751616,9.576012527926078
414.2372567516863,892.6182050210614,188.20818110560427,5.609497343439181,13.896601756089362,357.6309326000278,898.8754538679195,174.27601267649476,5.468980635736345,10.04434368274763,14.066025689895165
65.36378434032237,195.46950691038234,10.521984077451,1.135605058365159,23.65975056788352,55.38559769672472,164.65073878263,11.212545338428608,1.0009969257980822,27.832474143962646,13.305752904980936
12.469747835977449,665.3119810715647,19.053961660794773,17.74120397347431,23.874139557645556,12.23743110060203,478.70555572793745,24.854240577488085,16.5876593834135,32.90679585823154,2.6045671180876853
22.808414575502102,18.827510506651862,19.71181130093352,12.382490910132363,39.38195879007694,22.314018680320764,18.159123811018674,20.686767939706822,12.576224006420905,11.105257519208108,2.916613126452483
110.23172875648268,149.43919452121412,340.6245458863796,17.28248150302976,12.876332903186526,107.93675975065526,116.1225230156865,329.32191714751764,17.005758138849462,10.434627997690514,3.2337742338469018
277.58688948078304,16.45462919118415,46.63541757769857,15.314760331089184,44.8822111885239,272.64085279837985,16.00964049201005,52.38090333972636,15.236767832251171,41.45455812477487,3.288819345929976
12.24073462170893,637.837182657048,73.55291298870559,18.33468183398203,24.375363041916877,12.808554725307362,447.2763021363666,53.79446041848279,18.07679399531155,30.887720313294828,4.22300385192699
26.20415860699713,908.3534695764646,123.84632765434704,4.14397127040113,26.827624168115555,24.66731596143741,804.1204735692864,120.96675082712045,3.9644114806955275,37.4473538835161,4.752206083931671
940.2806388622423,15.403366467676053,66.79590349687153,17.63524184601749,15.63446290527274,811.9142506598938,22.002220352054508,65.75779261668694,18.598090421121316,28.63368143103165,10.739644184388519
336.3365834787832,13.449575073436547,13.71261340068303,17.88751317718359,40.42159099128563,338.60899609923837,48.71476722136814,13.297420283613556,15.500267797381037,7.41989760360633,7.2573021359349354
15.535892976545352,959.7532687496188,19.943017529200866,4.295261355489476,14.104317393817936,15.16195282967054,560.8656271180863,20.745125418233616,3.8669364290397543,23.847487197341067,3.242662525242211
13.130145265183383,160.00704042390976,57.291503961047596,10.384904435428496,33.210483447251825,12.998887505692947,206.3328442465678,62.59230231588636,10.174391826429265,24.226352735140477,2.7481683836336592
20.0998641131711,220.4681684182153,372.41726907745897,11.354385456009881,10.109047627671062,18.949289043117833,203.7426012591944,348.6597624221975,9.940133834344769,13.242748520279111,3.932208658231503
15.129008388001335,10.165813623576826,29.427029046833614,10.464565143979929,28.60417977758744,16.062194541294467,10.548981897095647,35.14513769248711,9.815431469863126,33.127522771420296,5.120883183838242
794.6194396861408,615.289532761159,729.0710155897735,16.22020569034464,39.661445594159055,748.5779423652334,450.3099536565856,585.9732699116529,17.206682757462826,20.69896850795034,11.148832015682737
298.46428109850115,14.144418638492693,314.2147576175134,2.215809070750542,15.30269913348064,263.17293738821456,12.794874201715185,282.97378910985014,2.2099093815262707,14.80950820852811,9.691919018459126
54.35241653454638,96.19759672985437,207.88976138671973,8.911525500781373,17.896332235749473,52.64871532953123,101.51580123276902,206.95312141265717,7.119422691980812,21.164800254340857,3.5713903944637844
201.6230891509979,768.5692098650675,438.6687602833148,8.64218429491419,39.73789522046584,184.7138966874498,740.0855557691467,497.68241004623485,8.55190587010613,37.76822712548432,6.704431348973507
31.060482283722205,115.02828677611676,470.5663556332608,15.132998066762994,46.83669150430352,28.15113756276104,90.72583662599779,360.47591295304585,14.22475331002949,39.886040344686485,9.600648292023477
721.2976341529909,137.85199632024427,41.30280676954094,16.42146423632243,8.662886089091971,710.9043289114247,121.36944594846547,42.77706023176282,15.831765354431964,13.85739115399253,3.3823711465841217
24.113111277085853,26.577617359150903,622.7268365749211,9.253457160317256,29.294625510677104,21.18836764177871,24.113207196242573,606.0814445985955,14.253790321540855,24.48111611476603,12.178926727044805
67.38880398430206,111.86787695218938,104.85375664015422,6.199746169017167,37.03239377737676,64.17300259478505,85.72782284558818,103.53881883102216,5.462873057623154,16.432656014748442,9.006450897070179
23.12055899399759,34.41795752301737,154.45833188344548,13.901891321391778,15.901878705864993,21.568359481313408,37.342776514688346,152.48114176902612,15.810295158063315,16.590725381158204,6.8223701758100015
11.605178164255502,91.85045000485735,55.34241061759046,10.68064820918841,27.45856080540701,11.583170902322099,122.9550583117113,57.449775659023565,10.775664692809356,18.346583800697992,2.3073502534286408
595.3887543098458,14.133744487037587,18.78568589011926,4.560215941290895,11.16763483945573,528.0959873625284,17.588412433399213,20.443956601182613,4.730350607824669,10.813706426322431,11.346443053846706
44.836731358998136,282.80597932604724,525.1310653893833,17.169347388427628,24.963446510193233,46.55597529087335,163.71246626858866,515.4563470248758,14.77365014389328,16.520574129989285,4.946080761577602
20.62698306880157,53.82775316925283,54.562296721989114,9.614257311964613,31.38091951704817,21.327870009378643,44.105608142498156,58.23257360079395,8.448104945948005,10.90200133705072,3.615469386198024
804.9713493925979,50.8889589273672,25.995062225502462,5.658383041840361,37.6753664429088,792.724208919138,48.6277083751279,27.95996937731463,5.013035735836244,43.51116308104664,11.075907430329812
10.0542256296809,300.9079545882556,11.38066065851854,3.937239960240364,33.37411685157784,9.889330843072665,338.87294089553166,12.868525966588477,3.850411866570183,30.255066729294555,1.9964124215080954
364.6764507886279,33.82647566156044,45.79387587410029,15.353483692957102,32.77181725865057,343.77442924099034,29.710928723050735,44.1625533823113,15.832756087138034,21.592589917342238,4.322423929773789
65.26237545770319,25.637344394974207,232.8168758526268,5.804268001809291,3.539813510931285,57.1688662185253,30.916608182713905,271.0205581372898,4.194429889970723,3.6548608685832504,13.911192945201844
675.2883617596182,25.63002149535634,23.294534648255652,13.493713482312383,44.7996069146185,655.6542615783184,59.57594356802734,21.21766978814443,12.93963274018303,10.60031598016113,5.056052980726713
106.95417456672456,20.732070310161426,667.859488158839,4.482265538591324,29.603680426872522,98.27432367673926,22.071921155577968,708.519289374671,4.793565002752846,29.774608592439375,6.399623415948094
738.5577341601651,59.93190705378261,11.58583761053393,7.019028292400252,32.04360136695387,720.0346425497197,60.10400363938432,13.928814675028107,5.924662824691125,32.68454237399498,14.074385665630986
728.1843767332781,116.94319050136109,17.155526848733633,8.470593092822984,42.2949817889428,731.6058394694478,112.08269838310143,19.12617387297372,7.490885953786304,44.72649789042825,8.147001147250897
841.6717214491466,37.17463364714888,146.20641764895615,11.614093451326536,27.13338737465986,816.1927326760638,31.36646443511515,159.18200462946564,12.217021693489016,22.36415424531405,3.8796291411403456
11.350991852729198,700.5021807643701,17.779305796923246,16.17269169143127,21.308756643078993,11.064160181046333,434.9263081651246,23.094548580796687,14.495803168958771,31.746138269565353,3.8291801692030183
72.35518019784355,143.80589472606525,10.025476406737667,7.728283992167615,36.90958933597127,70.42497951652986,145.65820018103102,11.171694861577949,7.420049869243068,40.02077381458615,7.272583487544698
12.303464446541344,21.398367370280464,77.30565154863848,9.595019474902484,2.57587300327188,12.20203966484021,60.11051591981996,72.92930590718301,9.477280663445942,11.841069941596604,2.4484091361706883
27.15444884060712,663.9333239672203,178.68199272573182,8.997871580727098,35.82567160044873,25.3102070430046,719.6770862775726,130.02084259302407,8.455692398772754,35.371040950707325,4.512997850390433
552.2957734567943,20.10810916163726,17.123149779233778,18.55236871209755,10.343679158456217,522.3830036140115,66.50115609034424,15.679485542705859,15.442498553171529,8.492897874918599,15.209072070094109
23.08345098490729,78.43348031764705,142.43065819278831,4.011469116343806,33.75576521838484,22.148160629601477,73.02302877836479,145.10070058757248,3.8248480369605447,36.25595349425399,3.8609898927785817
76.50601998711375,367.6834670109059,19.45849250203312,3.1999145552968935,45.370196668841416,74.64661221097053,420.47308969007395,28.71261169446393,3.257343178150735,44.14737335613517,10.629549854858574
198.76572652600476,83.657375168345,385.186867435897,11.456387867117984,23.967088013618977,212.30464228807688,71.57491473377215,372.36985895077095,13.02130236604419,20.700814729381356,5.974311518833013
23.396602644981815,17.315762575769135,260.8378510398058,19.092032688342176,9.131302990990296,21.050082913447568,17.93745283667589,273.7193029471248,16.763199516565816,13.078014588358947,9.79448440365118
131.91828898311098,39.125675301675145,68.27786781532002,5.814978932909715,2.731357729320964,132.59379357085763,55.63620554798187,69.8380764936252,4.252359157848225,9.692028110610696,5.401120856352931
81.29561718789378,20.884127501797742,22.92673538923132,15.770885386279648,14.17822186209595,81.38070857495511,31.001034658495147,23.36311656316409,13.398200528979967,8.609973803709249,2.033247905105284
23.81205266939517,16.546729068778507,24.685424332660574,2.4929319777382197,49.047225961363715,25.815717147757816,20.42551710212358,26.95673881487642,2.1190462256885825,39.80436922924962,17.61956927835307
694.490951097584,10.398285298856665,12.950516255660027,8.923853719116375,34.44636352424304,662.2408986302738,15.083588072412295,12.894094508302807,7.734926113498414,33.43020693095734,16.258504730526877
10.058637146104449,135.18782014539872,25.016499141139295,13.292574374870815,14.513784967356807,9.571854653405001,132.07571115294854,25.84641756061482,12.311687993037454,14.892875486402826,3.2979629132721024
182.5267298341503,61.27475296018815,375.98639527192717,12.73878264302661,30.03330476128174,190.94088494289744,59.0097258063697,383.5349369460866,13.566056242782507,28.563519922854205,4.378150260357806
41.382786027875845,14.443643579470157,287.6193081226215,5.698127461030081,15.58731766591219,38.87787846775363,13.75797722359755,273.1365002379377,5.642485684901707,16.73162700140501,7.738337818542085
83.91151455450401,406.7819374041788,10.613333735063053,9.978538718713192,13.84967107088607,74.93419187315996,519.9540113878878,11.733871559586616,9.52162163566958,10.609191123675103,7.494499116574496
366.22386833870434,31.793149349603638,430.29746338882387,15.98360451732385,49.62576059125186,369.7085788101833,29.058111431015064,365.7815651618983,16.138753921477896,37.31945272623336,5.58968572832575
23.36186411883643,33.26937749632655,66.43405208090957,10.866666982780346,46.30479533371152,23.168954611094257,32.49149338222676,71.8014916936174,10.033080185895242,43.84679980737745,1.7748921370346054
572.9050772051703,13.897878507175996,332.2299232569624,12.616212952349983,33.81344194805013,561.4672207013293,13.675538512356615,443.13116999256744,13.254518052302565,41.53847428004637,7.623957744981608
448.93927872352987,13.421120832612504,71.410337537584,17.31625841319474,33.46128685679142,443.27422641554676,14.620456183539359,79.84039036648201,18.596007646694538,35.750760562535156,8.224358130884665
380.9140396479765,33.77872291196192,10.942081451451962,4.053849920376168,3.039338001537768,332.7540239077972,20.23709206009213,12.85530271196498,3.6580296536172576,8.337897281238172,19.667436364742677
149.55803040658094,34.50484872125251,148.2385316321578,1.964439212375072,11.710121301945891,129.39723223547722,35.194816608400274,154.00999040337288,2.143747333463913,11.079624208520276,6.807057943695605
719.0703892075231,21.07012744515699,83.3070431085302,4.879018928321282,24.981596393361396,704.6401189946819,20.636054482319174,87.2587543220829,5.31678987261831,31.470830102341576,10.52387851871518
577.3661667657112,11.517935494168459,154.4585861077891,2.2431215592576965,9.67487776455592,557.1383467343647,11.48207529500624,132.8826383423917,2.3214897847796823,10.747634373663976,8.124471435207308
161.03563788152698,955.4039759880766,24.588240622091092,15.721495542229999,45.40523629460057,153.19976170372584,889.8849139387681,25.976876086541157,15.142801856468395,37.17501721989147,9.423474888634779
56.5704701200279,344.4821676434442,972.5443621652079,3.57109399261952,18.0473228455668,50.11609737793115,286.6256059242069,920.4896933059107,3.4836977257378745,16.621587965685457,10.406941200800889
72.58450147409343,36.63586970992492,23.945763091419067,19.82370569032829,9.341090005989926,70.11563402841234,48.302752775611516,24.83405278816485,18.092600718308827,13.056320103557885,4.710480835151895
120.29486543654872,109.37880777226904,100.43045470103637,2.385393182131085,21.652783877438047,120.78532646901141,84.84398853972715,102.93377750450524,2.3570576496937363,14.580540639503967,10.784348370711225
86.11603351160451,498.0396691451747,632.9603924211224,9.796324960976754,10.544067072988156,91.48209424913492,303.30727749309045,643.7833800866028,8.523964841188441,9.756287972775093,5.45034061474174
10.87308544608771,353.77008960299383,14.099049121305345,5.557614434238288,18.76910208743665,9.387632290901761,363.98300636456827,16.105821713104078,5.202894528545731,18.410292001189195,9.081538835289317
17.093619423405013,16.488982578473752,590.7298021761964,13.336023746968612,17.68919687085165,15.377131286680473,15.629315168554058,597.5636531403197,16.253924775090972,15.237518166630878,9.267762996189203
28.160408197862708,23.491640044550877,27.150037613005054,6.653702938839176,32.80790652864206,28.7556129089803,26.45262068582399,27.07097233283279,6.029920723349343,26.20949334131035,5.59721628126548
152.9515508243088,93.88178671637206,267.7315451780056,2.535254084462429,14.060086379487844,135.45249451801627,80.3218818134707,247.34196958085562,2.7181640964140787,11.23710880787702,8.599098919123707
329.77389007661316,110.24551160591362,35.44322173678026,16.609635367064595,14.994464021109032,297.4170224650354,125.07928835177327,39.2376740348692,15.857459159911983,18.430590202921483,10.643959884121895
94.03834090131251,12.628168083266981,81.6954140421987,16.207566814189356,30.391159390864086,90.79312848998819,10.47536498286966,85.1311943194702,15.705239284271851,32.470817332241545,9.402890407645247
12.392487451460006,91.83952974961797,479.2591377884506,3.0931507270281084,10.05170704492486,11.1111885360108,122.65997000537025,471.32920646647096,3.2233183370064027,10.559495304171778,7.1276762571246
367.618213033749,276.3696559188518,34.05376077033736,6.878568176653774,45.16138508092302,369.37174925427155,249.9915275221405,37.908184828398674,5.958249547449104,42.42020668909998,7.659145978205187
17.352468621186723,173.60849227619772,229.10805325474288,3.348326909297146,30.774988568364456,16.313749933923127,159.91852096889897,210.35932527266502,3.363394058181268,18.287188717147515,5.736513654691161
14.460643926693013,443.0324576299995,118.97266183711831,11.695254742383241,3.2642696745248867,14.432462872938027,129.52478251200841,112.08147740075664,9.69642749450642,12.272119967235323,4.821362912021708
846.3521471391128,56.57444782724121,481.32629374455456,19.87071082262612,47.46493860930143,914.1891777899393,36.378419882531574,450.5659298988938,18.62453924022798,41.436814051114,13.598155198382472
550.2963350365129,229.0064722399786,334.2234386733693,12.370048410087403,2.47445135644246,531.2541590794319,241.58629641755041,327.89169981504676,11.90609902325776,10.27596788914932,5.6869163672050975
29.42259993873019,16.688126951173164,362.06799069919225,12.164232027298779,8.266017766895544,27.546499209066894,13.974208625360886,362.40196922663125,9.588231155215892,7.15125202680137,5.806653514285843
326.2969104855536,15.062585115906373,248.00398446495842,10.441891821980327,22.019448731107826,305.19257402395414,13.330746164316452,302.24271191265336,10.842274290848673,21.433993832706705,4.9325299247155705
98.47360774786033,13.175934486556685,469.2597382921481,5.317370424645034,44.180180134833215,98.77203944488079,13.019463135937217,542.802692466537,5.156171434871948,48.18100408645044,4.449109043113856
29.239553499926107,842.5704041972982,508.5427544979367,14.589010047971787,19.53767952440056,27.05354300504435,325.9711804549145,463.44676841381863,11.698375209415445,18.767025384278995,5.129471103927053
151.88964838240446,12.11639902514584,126.14644567786794,16.06626465531453,11.350312866941316,151.94977650599785,14.988959908118174,123.31105124289726,15.69311919105529,14.530229953714692,1.445998903570486
20.594265597341938,343.0680299812315,18.037325213472993,16.135613244986725,12.617496611160849,19.032986355675266,260.57603808021753,20.05148729977614,15.059245349471654,14.498616679110668,6.14875833512664
234.94879967160782,522.0304338519711,49.07329306193598,16.24301752258364,12.860061247792606,227.4595799721418,597.774768469798,58.72867452988607,16.905465274100706,10.245950815827749,5.570149341841416
12.761560169191846,259.40108527793416,81.73719066061095,10.473984628788768,6.8707820514883355,13.30769494109823,184.0291112045921,83.05147001592321,9.500786495751212,13.160483622873274,8.235914859581639
224.3188104214603,84.87876184062198,143.3186317068615,5.466281135322199,29.313070057437862,214.1096398289085,92.35630751968002,146.27241893425082,5.730538199543348,33.32770935415378,4.360003470429443
13.172458905687048,579.700640901071,596.0685105548762,1.0489986290403477,32.777796628358544,15.960012678440306,366.2408864095596,560.1102603647485,1.0602202808873313,22.951406058282977,11.520702967937689
120.71229055307914,127.56452140372562,55.49416003071592,16.37232016000715,35.70946446098082,125.42139170493971,121.33620120107433,54.92533470770757,14.493943907430873,37.029573405211536,3.2764425824369483
385.6789849647222,589.3746350337655,419.694388525484,19.00433491268942,24.46536885425045,369.1414097174399,429.1162367252753,374.9968357048029,15.938214543725621,31.57304789682768,8.940294225704985
453.9711510553842,48.15818062885334,117.99134247984058,5.560252518712565,44.26127556415812,461.94662565591426,51.98394215344878,127.75453785811833,5.543902666612664,50.662102727562264,3.4121686859059266
501.81865871391614,16.07604283328801,46.389457377859344,14.925316774504115,7.661643348010812,470.7854732618687,25.929758874246826,42.78600656152232,15.663576082663827,16.93302571751417,5.696871429182839
669.1575322522743,536.5974484140911,53.99169911291363,9.324362873828804,23.393015089549632,677.2847939391319,474.6409379793333,54.73815834852241,7.360149467445752,21.68392172319443,12.211390087568999
197.35461133965075,21.192976582627786,46.28654728070975,1.3224374266633023,40.21370759588772,177.80890234919875,21.940539290603486,49.33872877387527,1.3199789611698667,37.604940727373744,6.322051854826836
13.008754683464744,719.1151297307831,13.799256659749691,4.607184430467389,8.989086730802384,11.759732309796858,405.3798333288395,19.07651038766626,4.084081317378364,18.915715055703462,11.776574672220994
12.208447512484794,55.853274119277316,17.367886544925764,6.3442832214254,35.75351923217992,10.362900992277353,57.28681356023192,19.08371887970914,6.568825911332182,34.89521324353867,12.024591083607408
22.571425110890505,48.83233920157447,437.0597040963184,19.687084859260185,44.14019800532885,20.830241778092407,38.54610262359465,376.090065018738,18.894072574701873,39.25025962467792,8.559117197265161
114.20507473348962,643.6395713068284,347.80170615037025,3.23534068403932,19.523766012065696,106.14995574188744,624.9266567827049,327.19877021083846,3.1075720075898423,17.383636174686036,5.694900939066129
973.1727567074315,12.888377730628855,56.41593728233548,1.5731548755219271,30.670916224910847,1051.5421103160356,16.382498342355774,67.23791150325792,1.535449518260312,34.140782617192514,16.52053891239251
311.470525324892,21.70973149099698,85.29919233089447,6.113001427515679,9.436978469644446,309.2200305268067,21.626803374722012,90.8181486868795,6.203045469654464,12.381920448375997,4.535585079075146
12.486033979901837,780.3589376050917,137.0003763885068,8.486463025856757,27.570187224929054,12.602842263084211,558.6823598185744,116.03860923238676,8.20435157469684,33.35930477075812,2.3696607985222893
98.86413703912794,15.337636780716476,608.9076822111102,3.1589123510802453,7.402617927593642,113.26807822308436,21.188619310470422,530.295393226347,2.922965202881481,9.539488729316085,9.665192605135108
102.73968333059427,40.5714883640105,36.12090647408237,10.874519857716876,41.04075093306717,99.73420649589461,49.505158528885204,38.539978366034006,9.922968366809439,22.06271291551147,4.900689205977964
19.347867627062183,882.0297696031569,193.36924500809744,4.68428394647638,13.443531723548752,18.512484834160464,639.1345076117622,170.0455022590273,4.461355193763748,28.064867677491648,2.971524566347031
290.65082656870095,961.4302597983209,401.8436544139929,1.7533734796219496,40.95719168614301,225.23389626057596,794.8195645027548,416.6466015669037,1.534467971394144,43.75451015378476,15.037682519744214
315.05503301892065,200.27034771341388,657.5267759088614,15.175970838283677,39.06154813164797,316.8384676598235,179.87375493682723,676.3957279903973,14.70187055174137,36.95246025977041,2.6190606843077857
433.50464545475035,68.14968466313096,137.00102664535225,10.544513218757183,43.95988717990241,420.41938340195867,82.48498742167473,164.65982562930895,11.730956718108677,45.95339244099976,14.161071177246622
64.2229139239277,11.393997161195488,14.694947408003557,1.0041942308557328,30.417955909970143,53.64054214105484,11.69546612517314,14.741590255763915,1.0157248544574,24.476454233666423,6.613962758557941
304.57806180299787,616.2448549584967,23.915286635485003,3.631209243959513,32.239619579020996,269.9344004930207,548.8396482284406,25.79492223722321,3.7063793947296637,32.303900326172865,10.420643347007626
79.49667794626683,12.893466840415883,13.862310459303085,8.360253565423088,41.360529358862976,70.43188060436958,20.106045470817357,14.450428954359932,7.7912947556940395,15.236664860922234,13.81709111055768
54.80842756777156,501.24058901900383,25.409512920493395,2.9732285304414767,8.496912619300348,42.60335088545768,444.2535190386561,30.658837773659894,2.8660362137794753,7.445268650978266,18.16555478353879
38.04116504952026,356.8986485679066,23.582196408284737,15.105836314850684,38.88106153793932,36.42172266988294,421.5247568085842,23.644156190769355,14.049098945974771,28.477718782074152,4.188311832628055
51.97007417506805,521.0169626069072,35.882946374435434,14.67463988623428,6.502406623809756,50.62112839905639,366.7552482082097,43.04210188480844,13.34137377300774,7.737469423799997,3.0883753342838256
842.5123373026865,379.7911814535161,66.75945391589248,8.942586247007943,20.869881420690515,811.6597613801733,343.6100329065601,72.44379353631945,8.545344020136682,19.066062785590937,7.3939317983862125
826.8734864227681,667.9993284964454,42.366159888247225,17.989013102007878,44.28846053538957,762.7736304171061,576.3157691630475,46.142417728140934,14.804399687447331,45.493835737715656,11.077689437301904
671.8707202786305,13.628890088295378,559.1357422649705,16.274937582743508,49.671612636184406,689.9676355613639,13.699756329998012,358.5952383950514,16.962636450057158,40.35681493991044,10.490926742110222
34.76932902393447,48.25856834954001,61.3167534711913,5.26532505328224,4.39816917471039,36.07722137926468,44.99252974548072,63.906089973186376,5.489376426117374,12.505312245483315,4.519895000393041
43.393490134082654,43.48510152151188,13.56224974485878,14.760913212121427,18.303975967540925,41.896145845379834,58.7477738619768,14.174858306583685,14.20535759443386,15.82476475890549,5.7242138973387915
124.64501036640847,939.8939189895874,15.368549005947619,1.418415342269161,39.15572492249937,99.78773773583343,893.7698802892147,16.606268046991936,1.1683897917633936,48.71598797229068,24.081592279114954
81.30001833784097,205.5758385657502,151.66931670034538,9.829659466426214,5.788570171686097,85.4189917102902,178.74937053056894,153.34247331163846,8.596144491231058,8.845242497953196,4.900384662057988
395.2817915970267,618.1642551309448,50.13164059249502,5.928908546588169,13.322976063674036,327.82746594396616,821.9058966430104,56.33113441076467,5.830151961822229,10.749963527132158,12.675474629835529
236.9293021865229,262.01975516138725,34.82137597561379,11.325922465557438,20.44184930257104,256.2825208671374,347.8630241936302,40.89125923272121,16.733046469404034,13.08761050806501,10.887324631214861
11.118759511290033,935.1803548566057,88.70543466779372,4.599660455680044,47.31994371106761,11.542959736737068,906.0359097552654,91.18008767840958,4.673750406523358,42.16318066961754,2.639647403793483
418.654755328798,444.43271200335573,135.6474515266767,5.14480850158771,48.57071240865752,385.93416776711723,437.9787819318991,130.042856338076,8.985551083632773,39.12462079215496,7.903958668276474
14.53609128508749,714.758417662921,15.54403600567054,16.331220410068042,39.4367182261532,14.250175486386713,569.8736749624007,32.4721692082635,15.288107602966482,37.19682738093794,2.0303718437636045
446.59001040065084,23.99553313829201,13.092703134340649,18.417149716665296,28.982671095790128,418.7153271002948,54.572305921926315,13.171205862825792,16.60372487245867,17.95324445266138,7.172636155180009
13.724492638776582,35.51976910333699,173.28641846786095,3.630356136273138,5.456465068168757,12.539678871861184,82.0326769802578,171.71860310157433,4.254985938347148,12.705796861867816,6.002833785789342
35.27767866136522,457.25274373750636,63.62961459220731,15.417270893506862,28.032047876126164,33.60551113882553,468.82887903459147,63.51191883104346,14.7682457797214,24.26020599993675,3.9203076677760755
270.9357733920828,178.38797703743623,472.5202550660359,1.8902834306759464,10.370802455506329,244.4759981473988,129.09124616986563,457.9321699331636,2.3737238707178347,7.9538760943672555,10.624772102355125
654.904111863687,36.185406953260625,11.169084950136513,14.279151598874,10.16535434548161,649.7637432925032,54.97690241719967,11.106315513778238,13.15918464726951,11.482976768690207,5.346229289864176
207.48161480863013,19.40547777447353,131.83676918812344,5.951876802769506,22.66186408565877,214.31990580776207,21.249309390562217,132.0713528172543,6.246665385520517,26.766399842382647,6.444387564079268
36.919065135882306,681.8763578594838,36.591040633669614,16.027783611477627,17.347090196974207,35.286197372955264,494.0166709739597,32.97948184660596,15.007922174705204,20.874552726332006,5.030682911240284
131.01148632509165,255.67077957584925,120.64395607979377,1.6717982818259096,15.240474393033201,116.60461624624787,256.8861878437787,141.11767992268855,1.891310008669026,14.24189390379768,10.530912528231797
928.6894544269916,464.192524030861,17.07880512826109,2.635073553510473,40.564984756232796,766.4245908843312,498.00971712880425,18.94204416311709,2.1960484745396442,37.84908370960399,10.71538861182403
79.96596679839213,453.70052251993684,546.914707584979,7.318981250720033,43.170786033698725,79.33390120483111,357.7545452824344,484.5635129925088,6.5788915843025615,18.623705258234615,2.8291591457115457
216.96672574299902,552.06608785258,133.47753479727334,17.362286318368678,18.24931956093708,216.26001036222561,527.5932406587004,137.36064997915136,17.998785270184424,15.944392395889519,2.8723704755654356
91.1781640666737,27.779739110826377,63.793072573724814,9.696619984326631,26.256567334001566,87.24164627799682,27.521579576389524,63.67597901320872,10.111288711306248,31.442786675471716,4.188666043156353
28.084743111944825,16.830914586396098,13.650163282301065,16.57361152134896,44.34174689736475,26.99274107669804,22.085117470338805,14.83020857197716,14.776949548054459,25.769059296322602,5.994271629539174
625.4191271679721,94.30665511083006,20.513856180329753,5.91326742242339,47.26947763019554,649.4109333540823,100.61796594198358,24.247135204903298,5.206779362946769,49.48692265305007,8.99605792377933
38.4976769779346,25.621751085056864,310.37595214354553,13.196926064731175,15.485212560953029,35.460426341615715,18.924460329124233,302.3090182182264,13.91638789311467,12.711138132009197,8.90682436793469
219.80361289708952,494.20310459467544,20.89977974333903,8.45857033550852,6.009791790809794,204.58219646890825,455.3359881334708,22.595331074876448,6.051057807320085,8.362142976919051,6.62772534838013
288.65973054637675,12.380706143816123,20.94724440714025,6.144480167475187,32.906333699152185,279.9294954076517,14.725119538400966,22.74415509637633,6.9445073279402285,42.47321409357078,16.79211280796461
35.15363585633148,78.02910468625436,659.5304076330751,1.9670154595357492,21.391122251032673,33.62122779932459,60.01408505983248,683.0283561793269,1.6370280727081836,15.32254171957219,7.1517972418988816
271.0623026106964,56.76367202976353,74.90650984041214,4.109751265218653,34.62226190342625,269.50335756705806,63.41211204402777,79.27433354258046,4.300741758807695,39.15476200434754,7.599783396712813
209.56588939372858,634.8728528742437,523.2342137837334,6.392456180397289,40.98893668141853,184.52236962622246,564.2188744012205,551.204092485397,6.332917864301231,28.273325487458184,10.392219269916367
17.062817717478552,12.348925913409786,327.9935154690596,9.33656979577348,40.50950372360525,16.68495284988954,12.411664475559823,373.4504337120222,9.933171022313216,37.766492940249314,3.155902953062597
58.79884904483991,173.50987376586417,70.60185929293107,6.898967610240994,20.09179430352633,51.71780587062336,226.2994958757435,78.30296033219183,7.82178556016708,14.599786397181077,9.96967836344421
523.3638172118002,207.65450154200292,115.5982595156176,4.466546852767833,19.962817953876137,499.8824086065975,203.16113894460392,115.16341181751697,4.150181651747251,23.580470333828913,4.562247031086613
34.55020113024541,60.48234026882087,31.231737873718888,19.889216858584483,33.01830473899768,35.29018664773351,61.143762924797585,32.36333018258052,20.244589828546246,36.08656795897488,2.6177361459428825
485.5831516485071,470.25546773344877,230.12709042510664,7.02758879398711,9.681966768159603,466.0548545079688,224.6345552848004,239.09899663674108,15.266231487777798,8.82048234888666,3.6705906796850445
39.9161430202149,42.27470095310553,43.85207436812943,5.069393740423304,22.769810130779373,39.63797228854125,44.89681248021154,42.35921519602274,7.324352828793257,10.527462551744284,1.2128465365472823
12.233913230750758,278.90495402940763,310.31581888962813,5.357248828628204,10.686661694185528,11.978700612918999,193.65618619256142,324.2600424922031,4.75204805439964,11.435442448878776,3.6816183448357167
31.360190489122697,742.7873163779424,358.91666243123217,17.3443540382571,21.161076207227275,31.57379794205348,406.2178717583496,327.40978267421804,15.779719604620166,24.683035135948288,2.401330860344464
500.39666305168186,38.55452428737991,806.9386126669044,8.50719190092126,40.40374732119334,480.83547303827714,39.380594894694326,914.0113709012917,9.453863924614875,41.66492451621123,7.727155689355408
63.15884859792922,377.16150080953133,835.619069195092,9.400705949672556,3.087330591066044,59.917780236135044,481.6317955822463,764.5443299164886,8.55569554559283,15.028047284504543,4.221795204648406
28.39721578841134,512.5595742554511,133.40720258770523,11.113656213602724,11.550685156001668,25.98977667322742,371.3660029670115,129.4144717122416,10.064917472334901,18.091953652504383,5.448666497916951
734.2136190284346,10.732882399016063,134.36423007501696,13.48532226278218,42.471886828668595,691.4952723190135,11.694428744029178,222.7631367562339,13.012002430083633,46.9084483544876,7.8098099219883
73.54237671049546,417.6687761658948,35.85937111238972,2.36611635337228,20.221074908360105,60.48390850134511,378.9020561039835,49.200542978157515,2.3175279803862425,19.908508029918945,16.882233639865273
153.12797776627292,683.2621031210876,10.448701112160922,12.416489372178642,2.161602225185373,141.7392241950697,162.11976123700535,11.392957389083419,9.38525993372088,5.723287419905116,21.685208767749607
14.427815827250594,32.86481015568272,80.9813101950506,5.097182221361639,31.97834093481538,14.027925373673275,33.16392701347081,84.86982379468319,4.472381509757043,33.22122157999114,2.601418090210349
15.481239987107164,281.65045194681795,12.820614461361096,1.772008218750006,23.227665617476912,13.03687280879261,297.39956856961777,13.962649735517564,1.6011648826519083,18.630656527764675,9.768863122588417
108.5244833585242,743.2914259132612,237.91412586675457,3.1694682728664776,36.07870401899046,98.37384590170984,680.1989059412543,274.67220185626354,3.0319183938037497,34.875131901910514,6.868810744563486
905.0713351128447,966.1997579267334,14.181279464067602,13.501308424283414,15.106216503310034,742.5226745381951,996.8414900428764,13.341189215152777,13.71824845567981,12.48419074887888,15.937045784680425
35.09953559004514,165.42662060504514,13.034121221855392,5.411498207072359,40.92007036642456,34.53231875790153,157.22867032934002,17.426480521466715,5.417081234194567,41.52397984433796,3.765121862414833
44.51214392422821,32.71450943742973,35.62017427645525,8.204598809327402,2.180488436842275,43.24268682093156,34.80982235880803,39.32936268530826,6.675869527542045,9.71251767272203,5.070365114758347
47.89364683107491,440.09468003764044,20.66345917777721,2.9666950978911117,26.14377215540488,46.78740828710234,479.15222497743747,24.56046488946255,2.955991104196342,22.812721375204653,2.001689225399098
19.4115246467854,17.318680798501564,73.86683605514614,2.200575711440629,16.434413020308895,19.856108409915205,16.324017417351723,75.89060717950345,2.9892463793823234,11.698760146686785,7.346705361697311
103.13600806453647,720.4912728571987,61.583835575355465,18.124110997806508,22.6905405923634,94.47977080548642,564.1047877832731,55.056195541234565,18.218874932601484,22.90129435054805,11.329007804478893
11.86867110587997,859.9168412063685,228.6346445254689,1.4702173136034016,7.935621330311885,11.985439297883767,639.9058062376707,275.72938703872705,1.4419825135103317,17.09725000867338,9.935298315915029
478.91078032668804,53.12070779129869,179.13132271903086,10.236882993338353,36.523387794176024,453.54113290882435,54.99667744087908,209.32868269070548,11.428917665320807,36.57347323816608,8.43264610531263
27.838695377614005,25.47618201896317,455.5938485218566,10.513409009799656,8.147086683351327,28.069653530310706,181.92734302711384,446.55075427354785,17.742619434714832,11.271168859653542,1.8045413277463722
292.57775141938833,62.242767310584206,89.41018772748885,18.40494906448893,22.926643031822476,277.21870235425456,48.573882627612576,89.22308907314745,18.640337724898384,14.98278023601276,4.90700918229342
39.91975093320047,19.782895885290383,11.72058137388612,7.547137207415376,4.408869676472982,39.210994586383926,21.274768733033028,13.00080081977602,6.754422823873269,7.954368952016096,8.07875307650613
40.33382390618764,40.57044653485248,17.720501252402183,10.15893584645305,38.78536999141177,38.48797848027297,45.40134823792788,17.46929043111074,15.489892640502752,28.290203108250797,3.418299312394034
136.49864667004934,65.13270182133265,941.3207770070438,13.118962169990063,46.438209905796654,132.717021819093,53.933150975394064,834.7185104988265,11.63934578120809,45.13481815839329,9.934886710125655
233.82009895068865,14.174076071785178,24.976186403181575,9.43188956798015,47.04054995858961,220.70906182943847,16.666637465656894,29.92536799273175,10.153395106358072,46.49236632648295,13.484967428419145
451.43850627495266,167.57729178039017,46.49601175309242,12.18107692179048,26.481234170787264,473.24747082914894,182.50695604895836,47.6402980913088,11.554252709791122,26.419254397303156,3.9935428486794313
174.90455503067648,40.26739652433787,222.86199544770184,10.826601989732744,48.13856191341346,178.314827695198,42.86657368874618,216.11069212154715,10.14474210825413,56.03301514281509,2.6227150139274356
960.2538263832598,231.2683696241469,14.47953793033022,10.354432253961798,40.19373309385012,856.9835292744771,194.8437961856732,12.771184668215826,9.135822814419749,37.1910842713876,19.4343591330486
136.09280361544955,803.4230673798249,710.2071845843699,5.094516139195131,11.125735137453654,121.01629972777793,569.4326990968123,727.6807976875109,4.29201116281915,8.654057310171357,6.86781893893672
26.796526985543856,213.2317954701639,22.810952394822362,7.6876680361357765,21.08416482437579,23.27366339575496,266.1976654152181,28.055557677522003,7.710469289592151,16.265002366084335,10.651982279930888
805.5901114849254,53.93856159652069,69.17760429080464,16.50929564650593,43.71218639355788,739.1592530667012,47.22616816961041,65.89917842184397,16.15297915959093,20.767497816615823,8.147528106638905
298.4211735520381,540.4185247130127,65.28181165201569,1.9734876141698727,32.11793458865074,288.56466279177977,485.0889912205527,71.86265338859138,1.9460451065304556,32.24925593062607,6.738315396089078
21.821201404862773,794.8699448620931,259.36555149623405,6.995558226095443,45.468954798569094,21.421491746159163,797.1726364783954,274.15555561175313,6.436384477759763,42.65325146033856,4.019182332490724
203.29164334350602,217.38236164877623,25.9334278027231,3.137095527714311,38.74477810923228,204.17856254765408,217.11317053530905,27.55417133611924,5.055418983903745,38.696996949569105,4.2977458488778995
385.9813920104726,23.10231207610612,856.8252486009733,18.738198992269403,33.711820185708916,391.52585086042177,19.59877972273803,742.7781182645209,18.807004137967173,31.948904674497328,4.793975060935994
449.40154231287954,188.70896443035852,57.84084962211148,4.850832544451661,27.906734128665715,442.7037743021203,190.74070456081765,59.411300280968156,4.303948435695863,29.363262219887616,3.775486902393123
21.847103416601524,280.02051319657113,24.57441827733925,18.02941691474684,3.2580491143428247,22.13480675186189,99.78275310275242,25.333915012167544,16.50100849368062,9.68793791952022,2.1847863893939024
113.96127749019243,18.153427302643195,10.507055280111798,5.036524963705785,36.76863175138189,121.64050431584658,21.998398126480513,11.260197827632519,4.290435254903006,38.00673706970682,10.39575521537646
59.514897439762535,127.0696110410911,24.914032570720646,12.707988621678021,18.613469554708757,55.66733387188915,216.01956443879595,29.298890363195166,13.645546055763287,10.60358067394254,7.2836728332579606
55.4402012411055,117.36872715010415,115.14689699404639,2.394975579261052,18.365938791487856,52.54952507228291,124.12036262052096,115.6714500453205,2.3407182906548174,11.448407666559598,2.648830393844738
14.988470373373984,143.38969711047625,159.59395969762915,8.022263165787846,10.004670778751095,14.404329448914183,126.9706353821252,152.1460814126556,7.572012905374086,11.961256998536092,2.7940653182114454
16.67745461327614,202.9465116424111,51.53909844025835,6.769265781482473,3.7646725031126933,15.630348089153024,118.86181044106635,53.6237788359732,6.06262780731173,10.331676409484073,5.592800246654994
11.632263023550253,32.47310464364741,95.77524646985464,5.699797430039883,7.236253076018971,11.47671625356848,54.40462400760646,96.09898662352529,6.591072993049144,12.392114994477595,1.8256256632647638
35.78009332650823,18.44641316170518,254.95577240053706,12.350644613769008,47.42278528503282,35.444740417791465,16.829408811771724,243.531464718463,12.189030555195496,45.92324735137122,3.829006551319102
27.052885895713626,64.6176116056341,24.929104783133738,6.221763238887716,16.209446491656607,25.076149485123363,84.54191976731323,25.600919275082244,7.282994390297515,11.16916256591505,5.770368584949567
120.83727394400077,847.9545211966308,156.9600610856753,13.779438768867074,39.98144137302666,127.17887136947782,823.8318172035135,151.97843793863606,13.684689869798147,44.28976893827181,4.739184794436722
13.557333853091048,795.5597194008196,336.89565166065034,14.040894444093823,21.19746592470634,12.679225618326205,367.9436827086673,353.46989435951957,12.695490472147178,20.4370515614783,4.341485100704176
11.434455501942983,11.726620934217987,57.303647918048355,15.347111922566844,34.051038168860636,11.72886588461021,11.753514514258956,62.680262638124276,16.31111562848078,39.81724596020216,2.9959551916170355
16.043098581196542,141.66874404512262,47.639973646133015,10.319649667045432,14.546329825328591,15.626573763556143,163.8793260194034,49.62821079445622,9.63158716502432,13.217440045474431,3.701875689839946
43.45585970451016,306.6408001570278,313.1887874149612,19.139541447101436,20.63299513336097,45.3237137657336,142.91644576604898,306.7375502815677,16.622300966880665,10.075520861890656,4.236843489840451
94.8159708591924,403.10665672360705,22.9768686530159,6.050671215296692,16.248041935333543,93.25693426453138,515.4248047678122,27.394229661485298,5.974444677150406,11.466900636614374,4.359567724705629
27.27726424549215,13.804462351815937,597.6395605921532,1.0870587973724106,5.329859431179207,28.909792804138736,29.48364154815991,430.524752193507,1.3328843604524552,5.801027349039005,52.414753818796434
192.2649529810275,289.74125934304715,415.3314215075438,13.997169238038028,45.717636627027765,198.54256769115585,308.9501466755492,373.86859623265286,16.169504577187958,35.513686888271764,2.50201677127138
37.01526228569839,31.547225423620038,12.716240985264532,15.541942768165299,26.443797109616746,36.02209907533406,38.92622110198614,13.130511315557298,14.068801217472734,23.858324984848455,4.089488332718563
199.49195614495295,396.9467565626848,514.5699139035912,12.729601417451848,3.7632851844065245,197.63193271810837,372.19718425440726,469.59661981081877,12.332337676082195,10.29592001921981,4.909795957074408
21.966078614870252,431.5639488405864,444.00465574621563,11.713886868382405,6.3672313935328715,20.873694388423598,270.99498391943155,407.16742548033477,10.020215789204956,15.10447587124128,3.696764579856825
141.51453467067182,107.98140510594187,42.11647307336594,2.105302579450285,43.79113516097084,161.35792064848482,98.09743232351146,44.28398801817086,2.0404321430529953,41.018979425979495,8.383088907356658
70.33135174974403,905.679952067389,949.6348375954178,10.84130181490465,13.878080468928003,64.89083986432006,472.63855678188906,862.9737221973276,9.309750201371612,14.969718617713127,6.203433350532556
308.57117522154476,368.4299989389647,29.991268315911526,11.773154473912708,15.670291944328321,316.3411455838418,556.8970293548268,34.69932383499541,15.009956575135606,9.063227848533694,6.753953160200031
302.41814386008093,461.7712987476293,930.3865692518317,7.826131766272398,11.462803101764967,318.80571414043123,457.4756966678241,790.7887718517517,7.047955384136918,11.015001614737892,6.089518460081481
53.61874269887181,387.88728273459697,540.2999358948346,12.41370398904053,30.332748785503675,54.777132650693154,207.12843902120593,548.8150683176684,10.024226932250318,13.702022014710804,5.493527137296173
41.5088705351878,394.29824710809476,29.047547895869048,5.257881998538397,27.71521172257607,37.6430217371522,434.7074554565136,33.7839408258694,5.102059755601444,23.872200423224793,6.052830693790263
903.7115051312301,326.613248323452,57.59863885351945,12.105484086119079,24.38654983738783,829.1892548706674,322.21248883691476,58.1578325341324,11.07938359137412,21.052306298765295,10.681839902049827
370.84348749236676,222.39726365273887,15.166916930169267,6.409500604819987,23.52358706699705,373.97281608522286,216.5256202846667,16.477589577667636,5.48728139339668,23.1996749528285,4.807672133314052
48.37144763020969,819.0529151693462,179.73469348026637,13.493578533802188,15.61092520503013,47.17158948969625,619.5198138612077,162.60806597753313,12.572418979335405,20.95141251683127,2.141444621578162
25.243312650733795,47.904609787420206,24.311533524845682,2.508793179300495,22.603849218291316,23.141275642624425,38.55811037448031,26.061866728055247,2.399439749571968,29.410824838196934,10.545570967981057
18.72592111209098,690.6640198101944,84.99278656696174,19.590921210782493,26.129520607294083,18.62492616482043,471.6144083134435,59.95083825080123,19.416275077625336,34.75500492353801,2.8488995013273692
525.9902207958419,28.090983954244624,112.5636153302916,15.758990229753026,14.154131101688183,524.5921458046364,34.41101042490529,117.54904414291096,15.878041587597234,18.251373470069492,1.5104675800591245
99.47903048176774,29.795440151083245,554.7311274623507,7.323400420843398,3.2892078480422797,96.9018516629483,42.53006012720673,539.552346954032,5.532475724106223,5.982457879154052,6.039428917873006
855.7089726220731,257.6913633538516,20.637508649446968,8.070687993811141,17.071272050988583,850.9970175466761,267.1969640379398,22.308371215616802,7.049516517173138,15.233996330655598,9.133424527996894
734.6285650852781,27.706939398572562,374.95905968992275,13.217726278966039,26.874707761565823,678.379519423101,22.9082947925348,397.27058648084596,14.194902364819013,26.47155682637742,7.644901189538709
118.4147353531843,12.05295895920731,315.96829276802595,8.486145884012481,26.8280905105942,118.20862588041271,12.712471277335942,378.65392638492193,9.153767819899223,28.796833988922977,5.547333730165817
835.4609962893007,459.4542966478907,17.15234803527076,1.048073152409986,18.587239422171002,636.3424297724865,458.758659972565,19.554372061855513,1.1148360091248595,20.949892673319923,20.33314205349063
44.303934725334344,10.988111503541909,66.00901912033304,2.910924275248114,49.669656877672274,43.14075396632827,9.70563859441143,71.68724771313667,3.0714760157976286,51.71239547688826,7.8616097690845725
288.29801362997614,57.77735836649888,662.5643280856069,13.452342219959581,40.40409760233805,275.29487599258823,49.48425023875139,649.9542309354911,13.603657842567932,41.09102489405814,8.188288484880731
487.33797663760186,775.9904868204168,86.07912256904633,18.110718751619434,22.732211507123388,440.0226373742196,608.5812108029882,80.50460722508888,14.83647262387265,23.205493523316196,13.955979831796695
141.74746975462133,56.444855625957125,16.139692227665556,8.97041254101276,23.639028871966907,141.05720054968197,51.69176827232727,17.528242538712014,8.05042719727023,23.359999952376505,6.081131495607494
29.947966441938895,24.798479169096602,92.74287629224894,16.39020430463917,44.51190434394106,27.404052863678874,22.64347892480411,98.24331533392552,17.794461589368368,41.727383830611586,7.419511105384774
460.8233829119755,73.8405436230565,225.61453316929448,7.312985113082849,11.82481547976976,456.5722864889957,71.4941331874279,243.12863178255523,7.706008140917291,11.229308184187287,3.879462944849646
53.08493082745375,647.203947169182,15.284953745210226,14.785597121474142,47.58043446511336,53.68656615718201,705.4795355605011,25.270167966869387,13.94018339730699,35.44507488786807,4.01760476068498
14.525488715716756,353.9359949286217,192.83324542368968,3.4194113575483103,22.744005034386465,12.803676326789292,417.4195360138812,202.65124775330486,3.494135606537005,23.398690650890178,9.490689585665386
725.8046721276978,664.8324230029,430.2951355050521,11.548205669699728,11.091797400110856,655.9095424641176,527.8911142392427,391.4912952002498,14.205920806408878,12.140495669161277,9.454526387365682
31.853666656606986,58.39723218550524,41.91103931639468,14.603979804248311,5.7903794318419095,33.28889303814214,51.45256445014875,47.2031804453948,12.517171990290493,8.645837223718633,7.1714061810581455
503.80468237243906,20.437415993960126,294.60640453908303,4.667788326509178,14.99642006325441,490.04336841905484,19.8138004821001,304.5919147247818,4.811407248064654,16.962995990251954,6.5215928680915995
42.46928063815041,220.49520958786695,47.4864445743237,13.885619412435064,31.465810130896887,40.804724735350845,223.48499997091986,48.21774892724503,12.71324500890429,27.740835763980797,3.1511635665164848
845.7361191217891,13.551038266938074,15.640124048639649,12.7992615722982,28.28085248413838,755.876315866159,33.55459886356006,15.174143194903092,12.431202723716709,15.382253710861534,10.319364081564405
64.56085801765474,680.5437497238685,644.2588653720305,7.007942633833159,5.205431379683372,68.2461806238113,402.9081919742956,628.54081793507,6.005969608799927,11.437861345102014,6.170870874972254
74.85628526492422,109.56145801685777,347.67808657103313,17.60657543797853,20.848369339430022,72.84125733679824,90.60991719712992,321.00512294576885,17.460630230516582,19.342224974738038,4.995617099000777
62.30763061706137,167.64278987784525,17.750652862998052,4.088130576121207,16.549584963041596,57.55114532599043,196.93322778548304,19.513727575675517,3.8692983313436895,15.38641504000683,7.722765023166896
17.51363812587012,220.1863463997122,116.3212438203136,15.019931240783643,30.481272687317954,16.39431862982925,236.46845393931144,114.14025381865311,13.95148491541392,19.837447135869056,4.486711349622205
380.73976229240196,563.4199388445018,20.684674372011116,18.24860332741993,42.65226565507064,346.5796079745059,541.5115691874502,29.970802116733722,18.773772439143702,37.44816631470798,9.134512499023907
164.67304895064055,273.3479640106934,27.257403406831376,6.839583679773993,36.68761416716031,172.01093171227873,254.34453550867926,27.863379865507365,6.9757767753329025,41.57415878508452,5.270843527787522
211.02110259590967,121.06570089041543,18.32431941771422,5.229843912659602,12.681073327549164,207.9980754423709,141.84362740172955,18.16507139758832,5.0363531195886555,9.552114349114369,7.23011846343806
57.80550076531792,510.6355251603623,19.461249937419613,17.633326556090584,13.027113277414104,54.08486534859141,399.64334808786,22.595195129849028,17.259327799072068,14.125396390499287,6.970942258147408
46.80876001477949,330.7817879347334,215.94374298605595,18.861093598662663,37.44172675151661,50.15942481322671,336.67547255605933,210.99974973807088,17.51241743261867,22.206542868300794,7.531193149208473
58.93103353429511,61.6406324792224,124.70386134332797,7.743328722155712,36.69951689431692,54.458373055943824,48.88528658837718,124.62871551946667,11.25044992147586,30.743935496030836,10.15833847229623
30.04936107691358,343.378773002396,13.484676685251578,6.4055883214631715,35.651303528678966,26.24778495963854,389.453253481883,16.748904164272016,6.5953504226991155,25.57252240214013,12.714601946104706
60.230039807559606,280.0766453021683,31.003961990433577,1.6435525836719942,42.094585285242474,53.29824497708023,277.73689059726723,35.97874680037778,1.5199623349819071,46.13730290917089,9.397175727329508
22.173925036049138,24.959377740686612,34.25174665835857,14.450560736376035,27.522874542994046,20.95333975161164,23.65084281655371,36.72500397375517,14.517639017511613,27.828538447738094,4.725787400778518
13.200728911603077,126.06979324415117,19.497796699984306,9.098423116921598,5.730152857120521,12.771637991713314,114.86754844225267,21.1885126389481,8.340188341817978,5.955823418395696,3.2797069462936217
48.62931624636163,227.06847035250692,534.638555937414,13.740605362897114,6.311276190134095,48.41076361996169,225.93940464180412,562.9994320910474,11.352843894494164,12.228668293210177,6.209407147837658
298.9561475289756,30.5933172838459,105.19095340539126,6.859716863443861,11.868826381754806,309.5338287695988,30.163444293073002,118.18233699557763,7.219877004757035,12.953386884300553,5.442864193787502
358.7244119672787,122.9625562943207,39.03503424721681,16.584364563137203,12.343906107502256,327.76849707187813,133.81987347404825,42.9685827182787,16.34242037805595,16.464972153015918,10.430441287107493
858.3012720314229,255.4560553624099,21.042699481072265,12.136602148304686,7.701301908587765,784.570415598781,131.21864604452486,19.724058248594577,12.226335260037068,9.495498682437889,11.049452363620421
145.08084185445696,105.31412410254056,413.4444055783668,10.69095599524279,18.801137839332657,159.78623915761182,75.51344157752408,398.1600762383126,11.157741698012517,11.935756441658198,6.912966805776169
634.2473469747148,247.70533590007696,84.47379177187085,11.656431620831501,14.19636709019222,651.4933869665082,207.88210311042917,98.80084550433186,10.62493217834926,17.038064328153347,7.843604581928726
111.88832825273866,18.414876262349907,95.37946352637896,4.35435639430358,27.29594492989888,115.65450853446269,21.675304749975577,102.91756362581577,4.582828565812689,31.07157212009433,9.837572243841047
166.41029656214437,28.435556503257523,52.99511203567984,17.36464188724987,36.27156788833662,168.00351765586092,27.635204854487633,52.50068080421826,16.938041785509842,31.269982968388483,1.2870754404607037
35.49481255199489,548.952499956254,22.57543885282276,5.50304860647562,13.789423219599685,32.53419877756393,496.24241499432594,28.554139171149117,4.927349047311884,15.571990893650232,6.892240327605554
159.24065197105446,21.607647241432595,12.369116065608178,10.857622929360959,3.0500326415039307,145.7017991849438,23.57276274396334,12.634032846238002,9.401730814471286,11.092095496100834,9.788577700115349
66.25749014107888,316.0221325504268,128.7278924011238,16.158411812786525,37.704989347956,69.17068230171809,337.0916059770129,136.0669205714483,15.668596108193418,29.08790164538959,4.336355901873054
21.12560535239584,907.3156313858339,534.9831963730521,10.701271657308618,20.495458732998163,19.551746603977044,454.9466320022377,484.28866114389166,9.467219026252245,21.11788045885572,5.1364543349007405
64.7199329861198,28.45624968942891,15.112472399214871,11.380097918416046,13.37656326009167,66.87138130869874,31.039555875725426,16.06582600634213,9.794184967268947,16.634904459641117,4.547453444020458
990.0246402795309,30.59908258465269,400.8568179202587,11.861981517009484,46.6099976169844,970.6504900948036,28.265313037647257,405.66476800955013,11.792229790168445,43.40616076483204,2.6068744035483316
935.4183292743786,348.63001254490126,418.56524502310793,4.89023188325471,34.97117436038925,979.8519418350376,358.50246148234464,386.0578352359279,4.8225981343617255,27.722940642611526,3.6255945806997216
411.2470029070245,14.817031125772244,25.876250329986057,8.245638265272753,49.38573177067398,364.8542151752774,16.2583993677571,28.28653294315788,9.046948012903773,50.40386903856455,11.937969293870317
143.78111083530644,13.278778116167972,81.49897012904263,11.992597855995298,7.2037979911962315,127.5545884020004,15.77987991882743,75.6695757786734,11.898571152313309,9.615204041262004,10.136508994881382
31.759008586990237,23.78111655831173,173.94082511415832,1.9087935678920789,6.27435385203998,33.73567797030938,51.604970712173895,152.55070204184221,3.1777132295314034,2.586751298555811,41.54951499872369
504.1939478282904,374.7683699148367,133.102441794106,14.066168015528014,42.712583922217796,502.2423505978292,331.93743326118675,121.18890700765374,12.315960717222172,39.972052694871856,8.537334471231885
24.332702267889765,60.5510421851072,11.786309591769392,12.359419246388537,31.81294312286507,22.75347225943581,88.0002650688885,12.916645390034466,12.97203556545316,20.51446535182047,4.705293734129343
18.335545965466885,58.018293952181025,90.71679331982529,19.259142433996807,21.240149011596614,17.43879589454405,35.40931254185404,94.70435126237794,18.769903846058327,16.083116496241338,6.455089490996753
763.983063845649,19.369709584336373,12.863975989564441,1.863092254803937,41.66407509089701,737.6989526688689,23.512325456780754,17.45155929122356,1.783620872579611,36.2161905627074,17.993766641063118
252.29644200908754,30.0192070773046,572.2745843781789,2.259715746449973,17.60394956804198,250.84350944009498,33.59082507008802,526.2756035539687,2.2305705075999422,17.887567000176823,6.127521002258515
72.54715441851471,86.25383042284544,842.4127178685563,5.656649751183334,31.19715188036277,66.9281855830297,70.27130334087282,774.5904238264211,4.381766610419312,25.76530997135268,7.885317154181509
45.276431949991824,35.98549666548837,843.267332157258,4.92267850160623,45.89854597116298,46.28209831052304,40.72978316355408,882.2150803559821,5.085991369797144,44.447451104797175,9.642912346505293
28.281353998750685,10.09455316611433,23.93018347813388,2.7795678723096557,37.318859239717156,30.097045012134036,9.978057146774654,26.010690203076678,2.778576754043756,36.7840335810054,3.9846516263228575
106.03863500763651,73.44208294872742,11.794662082208445,19.235715924255185,6.944128838247622,97.14291461483997,91.27063187355289,12.10476642509316,16.55900452662439,7.468511099052243,7.491965983010621
507.5999844471543,172.6603909468166,662.263909864804,13.01086784735766,8.436128637712503,478.27848022744496,152.82556828459045,603.4007078961051,12.914722674035058,8.301470414503527,7.188247709172578
154.14157730170305,14.891613554952222,215.61728464423442,4.420363743659357,40.94381760015498,147.84373666190965,16.43130236946504,290.2165944829595,4.4130019377374134,46.328115467386965,4.271559461972731
26.91711055906762,10.314411059855013,33.20684735210935,17.24328686919419,8.77682608561915,28.55747363204785,12.532302685896735,35.722363167241284,14.589627247504353,12.144095847823637,4.9095678417645425
738.1562693166137,49.05437870127261,161.94825417910204,11.658129966332991,42.96058279686044,711.4483653225967,47.905039296089775,179.80462178789577,11.96646322865539,36.382055830332995,5.924584240977163
37.90029366494543,781.3256070247319,70.89727040597552,9.96741942335667,25.158241136877184,36.99334689182049,695.8032688516902,56.130326583875636,8.90572019782449,27.497557810204576,4.06450881134773
29.147815263805064,14.648488294482247,275.28068382382594,10.547662771843276,4.284572546945677,29.62044509037082,82.34338628331516,273.0563206406719,11.989071449557908,9.118542974530625,14.816218078134783
233.07335161569452,95.27241712772961,306.99672479815047,17.12096695018828,2.512863302368272,239.37495302603935,123.89106639588329,297.11561142800934,13.25170577893753,7.452307884605121,4.849192096207303
445.1675206535146,43.13016682463131,979.2072487113425,7.786993308528264,18.978225326374734,444.93425379669833,44.53678937173112,793.7870599083071,8.218504367135871,24.219835849659287,10.27690812924283
152.61996663995075,735.1835409933018,30.065837706258765,14.676650524404339,11.0901682118844,144.82373331203945,750.4237224262544,34.94483560320006,14.07293807753091,10.110673722467965,4.469790847137267
314.5232398672321,72.77386967340128,50.52893323854895,17.801913002086433,49.36806821337067,306.47548786811245,80.23036690707808,57.63995335072015,17.357005166862834,33.10743254909762,3.1503430614002355
245.70561464956737,361.65189892530327,138.4896369833831,13.162762293890147,16.937110916436374,231.62278349800863,408.8266586983681,139.12511249401115,13.456474376285925,10.26052990822522,6.291785948399424
10.432941562906379,83.69600698291669,53.653974317117815,11.193300997112962,10.63578686801775,10.4918602981415,76.94578113179426,54.34336727788545,9.900602281325048,12.05521521466143,5.024249202877106
20.96562813844196,13.463654039901334,60.34819005194864,19.37089904001351,16.79647387315697,20.450313667287748,15.042787543136088,66.50459936606664,14.298703590562086,26.570426022305508,3.8499305102130066
10.264746223316696,180.80907059888537,202.00213210880494,15.32041797956307,46.44619341469403,9.78154021952793,130.9529648811805,178.80699495911773,13.170764522897064,13.257222278988857,4.420516874904461
101.76127158040964,228.22686811958386,179.65722457182588,3.2606019545377305,26.68762689466249,104.4355030537785,232.14458515569257,205.73781534829305,3.128732032755889,20.809319466590388,5.3777102891313895
28.79404913619902,17.122193859110208,56.946023338924554,10.237709924226998,23.853678683884066,29.98179926103438,18.53276026986253,62.250237768688756,10.148677387871189,26.762008441671295,4.2403469135298435
114.90531662154493,19.865679696108042,12.518256096460105,13.778716746221596,7.182329286860123,121.03722609298052,33.427834259490844,13.242763318459565,11.994598872536914,7.359413864052554,4.365331998916224
20.605037116025443,92.87083809526936,215.12608658869902,11.870591781910019,41.55019863660262,19.550152823223,72.92912920184716,188.72413399389876,11.040217347770799,36.27829715821558,6.1453763074248915
340.6746253784261,67.51384610806151,10.198180401839549,12.579486850827406,10.21900708657926,322.30871498684314,69.56201720940192,10.150615106113444,10.986458104688118,11.669391140233461,9.81641190284512
48.09143589658477,89.50876220377108,90.33586650871305,14.335420743228411,11.221525487062477,48.47425972107478,72.86894195622098,91.45082426257619,12.27102043672214,9.781974209502902,0.7549768275650164
15.164534107121563,475.5058434304196,216.5560292846493,11.816861653801785,46.16145739655093,15.289939547475276,502.0151328048776,224.1839666481862,11.23035251714531,30.974376398314746,3.1920722450865324
918.4065760127954,341.7032578236672,59.28396606271547,3.6042817442851294,37.17729221337889,951.3499005343648,312.7880183556704,62.96279563202767,3.4033874437950713,38.18201437274425,5.4639895422588545
312.65444724818934,169.78659775739916,186.02459516341992,2.7792293924673235,38.665889289359086,296.6695775433843,189.72984123158795,185.200078855984,2.8067460267876525,21.41399461350389,6.606406656430119
10.887966226016408,945.784445629289,66.0172289790494,10.078278995159428,29.712801235176485,11.802802853138303,605.8150940309101,63.46221000539904,9.74900172050331,34.339292459653066,8.060144182937238
43.26703090640599,19.23942567598992,315.690256194293,14.864745829276048,36.99856228846147,42.18397255913616,16.931890897411442,349.000422239639,15.458795889919438,36.45339433263195,4.8772502450367305
11.192259533964618,112.40682354127439,438.55710135694056,15.795156181503351,27.551912156335504,10.586003615686773,74.84407831767322,452.73250899743573,14.274440975167199,20.818718860022702,3.701857661506367
15.056857089410544,243.32994485245513,498.0018918331452,7.638532076565591,36.05219881276162,13.653102914149747,174.86543890333334,401.03266037284175,7.102201849347059,21.930988392135948,7.531827980324997
218.86520385616197,67.0924400242926,168.28478875441,5.465860181999111,14.222613948868254,200.81371855335206,52.61054320826403,166.48879157728658,5.3363759117646365,12.225518199140458,9.588617790985086
10.805684275847243,34.83108177136633,358.74467434191405,18.28956502382525,23.04015661940392,10.161668249615857,28.18530412646081,422.5130724365672,18.45604449904485,23.5550882017244,7.44375690690925
17.666942164447278,22.69248951822472,32.91381235342211,2.5522777150113414,44.644271800058235,16.731898113783938,30.643949761368496,36.818724035018704,3.441419479128247,25.987730497335736,20.12833784201635
12.479335513702463,674.974401986454,29.885865147406182,17.55220234833081,32.301285657298564,12.721940899032026,528.6764081810715,33.63311398399659,16.854940553487598,34.67921835205214,2.822643736726917
16.66733885393534,18.994184634511203,53.66270750302754,12.539326159142538,16.764325492252627,15.967609881404146,20.01634510826089,55.41219186513805,17.54484179106143,16.80847347263882,5.404059018470444
31.23378140200063,435.41779898234256,44.190248497588655,6.75546699197292,20.157311159183426,27.511570236209398,467.8780785922585,50.00375768227726,6.399075456178529,17.04183769763585,8.228821531311823
17.02854716043036,32.02065850442634,667.5700329775574,2.94842520245128,40.787155736154176,15.232338601551218,36.15745583196577,599.3579551153008,3.1263178142869945,37.135680135807306,10.02660150773772
165.87107827524693,469.0462742535482,121.00787866589457,5.250499178279652,14.559983875323585,153.38227581993996,497.9081139765331,127.87901055944822,5.577206071453609,11.80522736242047,6.420110817837515
312.13375615245826,610.5228565507651,341.60860735647606,10.855913036875393,46.191817192452476,280.43299237877744,573.9093152853401,386.5104565210889,11.273317205457465,43.91376951843744,8.837227593098742
351.0068101961353,626.7113372303426,570.58357883525,9.680460817628555,44.221441071215125,330.6261357527418,705.7966470772183,561.6000117062578,8.737703306876675,13.70339361581735,3.8966503962342878
81.80214346972137,133.06700954427433,12.57207803533669,5.25137332894682,46.106995402545884,77.00003870088979,114.46112695235944,13.869187488447746,4.945688849195125,51.042865904099344,7.73855108245836
52.8705678461026,733.9916420986664,457.7615607394781,1.2093312690218498,19.932751644988812,45.373506750136244,559.9378120442251,535.0189536761255,1.1102734384107193,28.10718924647169,10.886642688748223
111.98237305761425,11.09569846460246,33.11513724459414,12.812862153708066,9.527115311572963,111.88482964542148,17.44658486745267,35.5663851872137,11.455846365826751,10.196970368828524,7.367418376195809
65.75519433721045,31.1997315718416,73.94469448572657,19.931840831603488,15.948004034809177,60.65297421421663,30.133918966493763,74.16983874299805,17.880368529052316,19.3197738797674,8.043771599591217
16.205866815347527,92.36346954613802,121.16126479853376,5.76733290283381,13.034959970087995,15.316633279618491,68.97216045603248,122.84845301318185,5.419899461726043,9.663362615375643,4.583042414055529
31.25872182959251,17.640554609786786,11.122754807358167,9.440699629962369,6.839210499003731,32.3857123658457,21.330133616678744,12.713572097792142,8.056205022610097,10.034490730695024,10.13711697226347
225.11012584172175,194.24466406336308,125.34937011885077,3.741723885817791,9.155132187794717,226.19325308390327,156.32603403771088,117.23725910497804,5.7383993950604,12.793970566117403,3.488561650756777
32.614329054686216,606.4987396285591,117.20874434302242,17.018436732981904,29.94942158618364,29.277204861939545,530.4662828019427,94.48856385318437,16.65183473913999,32.28200296119941,9.731031043571683
578.5363366298332,12.682805431684297,884.4307207240001,14.372537098386777,15.646336851752833,528.4039054380825,18.61820331222427,875.8314020203061,15.152325954232145,25.351299858696066,7.3198392505794505
820.691266804219,281.76411585980327,268.89610718522187,13.724531710677942,38.917661987512055,745.1435309153753,265.86339834631787,278.7312761862799,14.009419131272825,8.693113543177144,7.191824703431841
15.663145997726422,592.7980072167326,334.6620462568204,17.803451123527907,7.370259997532967,14.223732493425594,215.52559665307592,333.52091315899554,16.311128536066843,13.336231775717154,7.265623687374675
356.6012282849508,200.24594815955857,25.514564720374125,13.609432572512983,13.340474851544844,306.2311059388644,159.02238168759447,27.16326264364788,13.337601412158248,15.499009878884207,12.485658220437076
275.5081053526999,16.301209893852818,60.30929661827939,17.034533289299723,21.65504796266254,265.9548017891117,19.106191506150207,66.66188912102861,17.89996909813366,29.283904513578786,3.799009789452352
116.22275999911179,50.289172042689984,18.377574543157056,1.7218843915898132,27.444605563768032,120.85690745475479,54.64528284813297,20.778298166679047,1.377331394640875,28.568273309090312,8.678370581737498
16.052943410171242,789.7334732361915,14.301554424224388,15.419695060225347,34.44721981098763,14.96098835972861,593.6581319039711,31.80756105031023,14.227056237429675,37.08205313239837,4.827868560070853
572.0762818333218,243.56566165755711,506.8845727286507,7.8319315937028975,9.565972195140914,516.6046503853821,179.88430303654496,494.9436268512739,7.3279684693326335,6.955093864460453,9.475553802501869
811.3671188231547,17.708101153225805,33.539866638571155,18.41718491998196,22.256211786144213,741.412809313924,33.335255105875824,33.51479172811534,17.390319955380257,13.986163561858609,10.044559825599183
10.906887017605634,362.89194234240574,106.63604467953931,12.35637708749169,28.798187654588038,11.51403087448988,384.31451337916417,85.95290963668766,11.834470537770489,25.894378488001323,6.547365354036766
27.519624885171137,21.765427241156274,50.01073541347074,14.827321115209639,19.08404553827936,27.711315626995837,18.195964781948398,52.388738681633654,14.625908201446801,16.14519837677863,1.6664840485404115
49.1093182334716,50.147572692837265,110.71622716078855,19.474679125859762,24.560841080510254,44.761409349482015,43.56478724504595,110.09936005245693,14.455473036609717,29.584448627939928,8.817853511145769
661.9072680391753,19.664504085769146,23.07091181581023,7.589762401043751,38.97429575260917,627.8265356687396,29.202946095151102,24.098523573080843,7.542630635933498,19.91424377663928,13.530211705671569
790.3594103845821,233.29859880542028,10.542373443265165,6.889605977706503,33.2445562011941,706.6830303010973,170.5529793112718,10.320879390418678,6.162245377336977,29.194742777336785,25.28840424763302
398.7446865263967,133.5713291464627,31.184661088575975,7.103929408835627,42.30948731531659,400.5627910316755,139.5867472968924,34.220516811491066,7.062258302502005,41.95899223366078,3.673562825002036
48.690688797304894,303.93378494794945,34.69921616282214,12.897842306181841,7.8961834932839485,48.98646040692419,295.46326170182385,39.10717317245484,11.660667922997177,6.981900614661304,2.6286673436331425
79.00682947522508,21.54382099503015,165.05539732767434,9.34377463269934,26.166145388528417,76.3238445111787,22.788667102908008,180.0792551254255,9.525511365086835,29.53039603822831,2.4181067512798062
259.2181442983414,600.6140710839965,37.74482675446324,3.457707300318472,9.244136493147495,253.38745839720977,755.6533367626859,50.455643131405616,3.221921857759551,7.780633832141826,15.848193492587303
11.552298584043996,455.8044176780862,326.34073046887204,10.4298953814694,10.294251883056162,11.413412156031486,269.85441522137467,316.14974817273,9.607081782894406,15.533542454250947,2.245389929523142
48.55961666220563,481.79656826733134,109.05071020300952,7.588297466960193,42.30135629788229,48.43137745603807,480.6135363880465,116.53869014370851,7.578260752532546,35.20804370919111,2.633125051881478
424.2401427677037,100.16261788869058,11.142325885222675,3.7517487525684574,12.13975644162855,396.46219385093417,162.83704685568674,12.012578772530269,2.8681887890025473,8.877479359884651,9.241158796389568
325.9136614448929,86.16024392582469,38.01601548162804,16.920522162336393,18.933639622240616,306.3397685973467,106.75992546681015,42.040066636465085,16.54571701135217,21.19530367101394,9.023392567502697
11.879740993230424,759.3948515240518,83.76665606412624,16.37999133260653,34.24548140327043,12.147833290289864,504.33157155514965,68.55673898266102,15.650924733128651,34.07863292922902,3.432203803746158
562.9433137296851,21.586669590959023,137.7805852486554,10.947974968576782,40.75664367086525,555.8835654288067,20.973051207849046,156.1343386658311,11.621810119958713,36.977165336832584,6.948877542583882
78.17004626457422,130.53026396803332,12.043344237143355,10.308151686644154,47.962006703100585,72.85913717626983,115.86949268773664,15.396975504079638,9.270277071852112,50.68348011727775,6.383441075636838
300.5436330660823,498.939238652793,56.24019936237508,17.86648800338329,35.094107720324004,283.56799639455045,430.9144963806471,54.975884570722485,18.67663048394208,30.113315232695477,11.165990675427446
12.357382756395108,50.63198886195735,264.73947020669715,1.3503182546286825,23.080568633884866,11.084720431926542,40.33674272111011,316.13968545263657,0.9895661952643067,19.79818969603265,5.716640239960355
35.95919103237818,71.92636142494331,25.142615504548797,18.691236428871036,4.888523836296678,35.51702583857132,61.06624151906163,24.907674698869545,14.516729750228086,9.540984267580242,2.46940760550778
10.83228165447368,386.73054128621936,663.9845188632398,16.248052004102334,30.1324897768383,9.987186320001811,167.33497155450658,555.72476963133,13.990218324017858,16.009414425946844,5.275132047162722
19.872430258647263,506.78250326008646,12.754886119233323,16.388449880159524,24.27705910899787,19.060280288922247,446.5377391579822,17.401896294465697,14.710919797815688,23.222305655537216,3.4693381536760652
152.02373717806208,915.4173086385875,327.4018745936406,8.699296032254741,23.667572571722115,138.8446699852137,952.6335783951338,310.55947272126633,7.971574053507862,20.478142021283226,5.933923576802209
20.003652755616248,216.5753705043771,21.52847470435578,9.823155996013295,20.510279802489144,18.281060691893416,258.6623958654901,22.311695689578524,9.685104299255713,16.25866440372317,6.597583817538433
675.9199046311801,71.38010895037401,21.89578207147196,4.4704666772167005,42.80497243687185,725.2520159396612,88.57610992308108,25.917878503558544,3.826257220704388,41.63534556244413,13.35097643922124
15.593667149816342,107.4157741851309,105.86269014325606,11.685197156882962,10.014437887181968,14.882559027315486,78.5394158661793,98.64187964530099,9.784250221898734,11.338729805034314,3.2690355288179047
209.56445884332948,951.6352005922106,218.2235352503822,10.97680112126742,27.004156808827442,201.90600059354665,863.0187450054473,206.18988231658778,10.832939799291022,25.169902263532183,6.209759669524977
930.7620141087133,16.46859714394091,24.854422949567457,2.4292334186651066,19.92938987914506,880.8564332324419,22.774811169658218,28.291054693541902,2.528335155052963,15.87168625342866,22.65802434316697
10.185185938194337,21.138818077830997,376.8555861591664,18.392759423024536,35.89328899591387,9.53103859466362,21.55253489065511,374.8460514202762,18.524248799503354,37.06967021397993,5.586359070282554
23.432642842780904,56.241876884060105,475.9524094806664,12.634360048704599,34.011764914749406,21.08592553383104,44.83139048497627,478.6288551391016,11.651001198383108,36.65807285806917,11.471324277713203
786.8428405508733,251.4191524354814,177.88642442738575,1.725068464770819,8.070203239559143,771.1035447558028,254.76148253858906,183.38859499307728,1.9205085853620014,13.274916879654306,7.250345568227173
11.758536504401647,60.79142585741187,26.47670094339966,6.861997137178961,12.775513883885502,10.47206739355367,92.04808615963873,28.347495060120693,6.783637790028395,9.852839132908155,8.323839676952147
63.1479175549499,84.33199707989677,232.71820122875403,16.400248466575743,16.42082789155026,60.00052633416989,75.2096030797825,223.90669903163004,17.72989289205252,14.84882478421351,5.848904572640578
114.06927309774075,186.7567527599126,31.835164595996403,11.60129108966801,36.8182164931437,101.01967410373386,168.5424987547527,30.967174199106807,12.10578110769978,32.662630211217675,12.27390187259468
871.3465458411458,10.87557390839397,66.35593926182435,15.49072867913451,28.303033969142913,839.7880217265614,14.447645024979831,90.59420844885776,17.06150031444096,32.69691932101156,17.870693411750473
18.758252820469004,40.92834987792609,943.2570831416845,9.39980403056786,13.097873753918442,18.843198010208294,75.49168917075474,899.36434032172,10.035293736241679,14.28392195537416,8.148054846750972
152.85007276402678,325.2000209173318,52.28881437780922,1.2077597011026109,30.56908890202044,170.5006929004298,324.0472306841058,65.28065819345576,1.1869731300668573,33.06210123749515,12.298521679844074
14.939816842885467,34.77992796092191,172.85116627011323,6.9106533068655684,41.037909821408974,13.931744084014142,35.25970410006205,176.06974134844506,6.240765572730687,42.63145121241817,3.926670404039739
766.1676390603686,718.610831117371,64.71117372983902,16.970700445482905,19.954320765512755,745.2790698811693,608.0907441007279,63.91024724707526,12.512763820362915,22.42992681341191,10.616154387296847
22.13058134225401,826.362295954032,414.1689495815536,15.05097738490813,23.759937521417097,21.338258565587036,394.0584083686438,412.7681503732946,12.956483829985418,21.593066088012876,3.42885686811037
522.0928350015105,46.442701787421214,44.10217838518072,9.083109763766958,49.50444858045505,512.2201396095159,70.94319189272848,46.79020936642966,8.614721011278835,11.804775144349863,5.366069420658979
57.235612944951484,70.66886099268034,751.6089126273002,3.111656993147254,24.64582390832429,53.88271893863811,50.16766019678064,623.7479008968993,2.7766255641739486,19.475147495752175,13.922094132076413
133.8586044930887,10.522235743984528,271.0252973669208,9.803495977983326,38.496001038040895,121.86366223267237,10.959165734254375,396.1275071263412,10.41385961729385,41.550775121783545,6.417944031367963
202.20754167592196,972.4382659831742,11.027283561813087,19.640157609574196,47.11557817458758,194.21328205588947,813.7255045565537,28.396519068460584,17.664772399233946,42.79394586637237,7.9308578330001795
145.50547388182775,18.596163711565598,25.121774943033053,4.43300410962127,47.69276467796355,159.33925204709823,19.86991297409091,25.743796737438554,4.678631320840618,39.50100279952998,11.06087809611633
57.72666214641356,12.998029480657596,215.6689342173321,19.20501510363054,7.134009041129144,56.976252218019,21.179364011658258,205.54817344313716,17.275420956259147,13.58421600050829,3.7005343871061394
14.355924606326079,545.8339085255569,97.40582684729067,4.994511853829374,16.143016481790454,13.809371412500015,448.05138405410315,90.22135218120451,4.505905973525445,21.938428824521147,3.5990681162808333
22.744873389153582,25.06593942452722,522.3549578697314,18.339072138696693,12.183075561118466,21.011615670497047,20.89103586178327,560.4331227935131,17.758884112940585,12.561083674166754,8.271644806104945
673.632400815591,28.380673955488337,28.76484919335696,2.4933717816018963,18.383933905222243,626.6270110721857,42.34438327989959,32.77595059479245,2.3738837435825677,10.931336657177019,19.078535662837787
980.9393089089707,84.8670507988534,693.98488338819,15.86340393203468,42.055312120854076,981.1000796777687,62.886792881353045,664.5660872413782,16.310824544879956,29.194617076278067,1.0347343641376925
255.57400143981738,34.40228737529165,189.16659896617318,18.626072947940383,37.41891635744302,256.4034719485375,31.22753454458803,208.39156503923343,18.922980898675306,34.78890140375152,0.7094789878379548
583.3214335081495,26.5018659349928,13.539690480080191,5.7620774617591675,3.3628116995119055,577.4009915295655,27.236721017454798,14.728257508753362,5.5665464176467045,9.161780385814323,9.317790189412364
36.179988392000624,24.892767028374948,86.66370676673232,7.103055277799205,24.755960102304954,35.70233319339468,27.72303837861409,85.76177673423531,6.855134305729431,27.17699436416221,2.6478732121433266
37.468914318089105,18.199103297188795,100.55837973284467,5.180918089055549,46.90644112348734,35.8741055158495,19.395200979422548,104.50005688509387,5.4043683261570825,47.258508101628244,4.48510683980373
10.69939406525241,202.69500705812771,19.081177096602058,2.3850699198808774,3.4025776480522314,9.77347677694933,105.65898719337795,18.079978695717735,2.404448963358162,5.738659107102603,10.23414555791892
11.80396206965376,598.9983934632313,116.90802871154875,12.571898553376984,21.88111574896964,12.349831331929952,456.0341036465211,85.08553394694476,11.877073122900379,27.55129550546316,5.862115419430377
90.27797596864677,163.97245797277301,22.532249404970035,14.537435596901199,15.488605160073364,83.9860638896756,250.3935719963269,26.557341793961456,15.78980885008327,9.540724878828359,7.7025075773712315
334.3806063822972,14.923909556073664,124.74019364590825,6.498536778023804,11.923191594559237,345.1177083849964,15.799176473700845,140.7359360761172,6.3685989661243125,13.767555431823103,2.7117884527111404
365.59126632167147,10.377122679436019,533.5736933081749,17.747332724196674,17.39098075787785,366.1742073315544,17.3217011602739,590.868910746737,18.090297649126946,29.892849514632164,2.764031503061128
45.17409486038157,25.190276285020044,65.35968958306886,7.908800978661269,37.27077735982933,43.74812821809216,25.186689870792957,69.61975670338968,7.731171609080373,41.59996206334139,2.6806583498625653
32.233285600611616,243.1926361469101,74.06314827702548,16.263641135031286,49.97686928868558,31.05842702108293,315.36183966814014,86.98743816808027,16.00949779369363,28.774001612872166,2.597979421827269
823.8339127754099,147.4975799644652,228.15328863810686,11.095626312119586,40.71359588701785,794.7157181321975,161.88693471154346,261.88758936022583,11.617120735526616,39.093529941354355,7.932326078343792
508.51356417025846,17.021122891094308,36.3141255813843,2.7191659179816394,30.300575154014677,536.0726405893129,21.517806817233904,40.02321459448765,2.7989899485072325,38.40204166105603,15.467446497868709
826.1759780462518,32.03925290229324,25.009455118830562,13.258695740971286,6.2174219201663945,770.8844858637527,84.08016015959828,22.104007478748237,11.929456876912925,6.003092331199101,12.315422546422395
25.18714639614954,441.4528680311253,12.18219009739784,5.609992078977134,44.99147198152323,23.774384754236586,581.6538157030841,18.34154218660825,5.40159044811037,28.80681368865145,4.977318678030127
36.55811451748347,11.922611946447127,37.51970070927309,11.03474773114054,41.825627897310724,32.83404245682924,12.776568979366607,42.75248586695461,11.363820361936869,43.38231152139894,8.012023034769605
398.3002468653285,381.7476252500242,58.98883230485266,5.178576826202345,27.74289217456989,412.82715269607877,372.95286201595223,60.42764683600111,8.561769062300256,21.345034066436902,5.912966145858956
371.07538033112365,14.961449759698283,693.6495271926767,17.054100492106706,12.328535836035062,338.79019711202454,23.538101084256684,722.652860591752,17.216679643558567,20.932936983850574,7.292518342520206
10.131573878647584,476.2123774689238,13.620207520630055,19.22601975539261,42.50498751369268,10.745220107511464,396.365422795041,37.44987195572773,18.764577831549946,31.835674259255796,5.650086009025147
165.68239329802006,539.3708354318177,67.02145998366208,3.1111436258275704,43.68729164342261,156.3528586387741,538.1390211285167,73.14686130802754,3.0770197260806746,46.140017666994304,5.668434326244188
111.48668506289142,16.650078834964862,523.7677097487812,11.68529427823111,40.921261737693555,110.0779889375888,18.080795438503657,608.5032877286213,12.215198747540045,42.20791947218859,4.8226599560572865
826.8885287265052,20.782544101095688,48.31647670068193,9.72088600394702,2.321406998685525,843.1594862197113,78.14806812234652,50.90956476994536,8.839132028120401,8.778852580308284,5.070996138000816
32.86839580204949,390.1083452227573,23.033440437449336,2.761324210532821,19.780115386535353,29.746605706878913,391.18574768680276,31.901889794090568,2.5793977966045083,15.927528593377412,8.286591049704828
138.11663512007152,104.60483104174503,68.31293329499518,13.936525385036283,44.39557911888376,143.5429872901903,112.7962230611174,68.62820307804013,13.424634544978911,40.97245648609692,3.9474674925335385
60.97102084681128,135.557702339413,46.26699902059125,15.060234764158428,2.892368855273965,58.00011308112862,97.74022283068935,44.535041674207534,12.382765958050419,6.163085946694239,3.676936481847131
59.0533213844174,10.846569808499924,731.1447531827017,10.135649414997738,37.96164716330362,55.06499894009442,12.015143194956433,603.2570744268653,10.588238385769063,39.69989372931557,5.817114915848054
343.0423796008642,73.56902585442649,753.428885139897,2.6736703801734656,47.415103240774435,330.978467848266,75.29217255310401,770.0408473858165,2.4606446302488876,50.520805497232196,4.571653032450575
76.50453098072967,12.912832708135356,103.99789171777421,14.990755828468885,34.09500846597139,73.47798813203656,10.36387817572214,116.73374186658332,15.056049069606877,34.79230748923685,8.81579863159132
859.1482615323139,20.03791619066269,20.19122164002228,8.576762347514672,17.015207721170697,815.6055178950911,50.742525924542,20.34037572304565,7.157721268809409,7.938130954533854,13.839367035591652
70.42313786427165,340.10842632705305,569.2726149906692,7.256151421071024,19.59842837846957,73.1256623104103,296.98566091359845,537.3401263637381,6.197683306437018,17.806109078597807,5.818403851465382
186.23669074957567,34.62892754707712,129.22246747658008,14.318598950587527,11.946668094466713,171.35702544738314,28.248036640689588,119.32923559539132,14.896560913526628,11.370831735901424,8.364010606485175
28.346800012477534,39.987806223569905,524.4585978354324,19.573168069199745,16.979835382486385,25.66714979535456,28.415354346188554,528.3301396586672,18.024522826323018,16.633019372952866,10.648035023805571
35.740965222162885,32.01769934757588,25.784918391002044,11.118173751635483,7.144848865528517,34.65351493747204,31.488258870304453,28.088066195833356,12.36677652511858,10.623980753829295,4.935046025912073
12.323629906678848,33.17723244457194,64.34815697420406,15.814461132185583,3.4557069769336284,11.9591704571913,58.18272013830269,64.53722365444362,14.30816926143383,12.254250071596994,3.981907803476904
366.10553595327843,13.863921316755011,839.6033881583456,17.26788688640344,45.16180026355806,373.29895968073305,12.956126486507832,462.9526625632633,17.64475604909058,40.45870402662348,2.9755877169159595
257.382092178731,184.2661932381205,248.3959776433948,6.267632255965003,35.25733621226498,234.25696748446373,192.30277036545044,255.48399243960694,6.234507154257484,34.76321118513219,6.1021657317968305
401.80501767274893,31.997203407010304,120.82164347414584,14.943867267204281,10.933029947771125,388.9616758456983,29.81630760350225,125.57552587891884,16.351527816334215,12.35438871505363,3.482010661289829
130.5489421362066,280.7911422132037,230.55740247228758,5.4529660174061565,28.436426825753298,121.9010892675489,283.5031024686022,232.20562583075636,5.450262698094135,19.350161815635733,4.661284447587732
985.0203273492832,62.8711531708703,708.8952072263947,11.991621310111146,43.32869531243853,941.9979450338192,56.668374117366106,703.7109855404449,12.748878942254501,38.51586501190571,3.749667485874254
450.15905484194616,280.0871334365374,52.16831508364761,12.088332040631327,39.29733380275319,471.4850271255526,269.32384763385596,52.96458163564578,10.757617438045074,38.97890867267444,4.538019353571789
22.782865530011655,66.86198377714716,342.01349068519295,11.933176372506747,28.9374368728796,20.694267358609167,49.86689554103381,333.40212180575855,11.113913773677087,30.563185838249574,11.355685891162977
758.0577141092393,481.0957700107713,35.47428000335244,17.3478601101617,4.899648645757522,681.8334116271432,183.08951230622526,39.039524270881145,15.679378323661222,7.883784852322278,15.701617562503664
41.30068779637519,900.5467954110479,12.053942336033254,1.9371204487236255,41.38073985818737,37.992068076935695,991.2315863739228,22.426918714018694,1.7922076546114278,39.63776218794303,5.505609341590674
610.4900963152899,212.44074948553387,563.9497191285091,8.3226385562138,21.110943872294893,556.7473032481262,176.64466571382792,538.4124766540879,9.214681305767767,20.497975913273518,8.553252096268585
149.60259223327233,444.1132709877621,357.6761287412441,5.238354542172187,39.571727249624466,134.17733837460605,418.8640542600284,362.6466067075382,4.877778601481735,29.057378069554055,7.20116416905837
66.10668229246389,11.092729243706636,45.76386923349437,1.094992920798565,40.800510336029426,55.60254246887556,10.163859369270929,45.18481953189314,1.1475409604756948,39.04782908817889,8.10783285637098
420.47699951473084,119.95947149552232,628.9366130195524,3.596366210192489,26.316620846648597,417.7484998234785,130.00018389614854,634.3518684757726,3.7447051567993745,29.04481414663586,3.9524991701698493
43.95969478052486,923.2629026996714,37.22417883321223,14.78740729928003,20.080117376104123,42.40277386225594,635.4096810096211,26.384579769845605,13.514099293235617,26.844880375663877,4.121767781522308
10.557568335969503,182.82000248777592,47.03437227919258,9.532099703777382,29.292003373953026,10.645482277385561,236.52166590159447,52.27376510956026,9.457170300419795,23.79860966043217,3.7938989859838306
44.9388907335976,276.2985990488569,54.4290028627752,16.741301412997423,2.207468817690943,44.83705411877622,116.33652502579808,58.484881661669,14.712532569520443,9.015635586342205,5.274340997078674
19.006917523644937,112.90429853469928,23.278532436964138,6.6519051538633915,43.49741631614653,16.3504407708224,105.14200030654052,26.409804968619426,6.852754111789133,38.46989650443205,12.921870366243715
631.8151058678008,32.383160039557715,110.0968082909151,9.05241462513147,16.35110811748593,562.375753062643,21.30770479265172,119.83965330051257,9.945101228115961,13.501137066843224,7.983412572060657
42.504299203976316,40.07291821244668,24.371444947171,16.22032941924768,48.287768178590234,39.512300219432724,41.89075214009794,25.980777797847175,14.700205547897491,40.720849280272446,5.335475562707343
150.41990289694132,142.65101985368545,40.66818366266759,14.482922332111931,44.33372104429546,153.37181493844088,134.14562665570884,39.50429646086828,14.82802369898369,40.98276613875925,4.3293076551877325
235.95295322775462,801.5788279401794,10.561700340850388,5.951739434782195,24.35186710293825,231.2356051737469,626.2926233792136,10.955261816776817,5.495635357407532,22.99195024962688,19.439599725765238
17.178961454936886,567.6497298587567,48.87937580491384,10.854972615473468,7.554478449311086,17.462546259597833,295.5221906529636,47.38493037366534,9.625334844419607,14.931441281463783,5.632767539529464
972.6650174331481,838.1384726600362,184.77988385030625,2.036198312416923,5.766774984382021,921.6621868602913,248.35617634710508,174.97894090931584,6.44445703293904,13.228999776544802,3.651307467590892
241.01554775494608,479.54164025949564,52.16916753309418,6.234864405605709,48.798621067305625,243.00650118147948,444.060434862669,60.33981364193306,6.2374836061275944,50.25797173444803,2.984585543412382
131.33350021070865,85.40164421272873,16.40846916426472,4.391361007918882,19.351847697860652,122.55915043461943,96.95003673393525,16.410220782862844,4.154914167294964,17.80195305285655,4.699826318529572
77.48820025281763,561.0264962752898,57.917643360131905,12.837844318479414,25.12826751581648,77.36506784060174,529.8062248923466,56.284345513419225,12.50485762521402,23.133379980328392,4.263289924345698
389.42236054832966,104.05559256165634,281.73923547451574,10.169041907036025,18.55032226935408,380.51593838616895,77.69728281241464,292.3628477990393,11.256203259371205,14.497349939722776,2.1306672889994687
193.70780619217925,697.3652623516905,19.63850946373618,15.091107634389695,31.842314249486893,183.27863476661815,726.4185091643842,17.007115425612092,14.828845779477488,23.759140824208277,12.73132743120553
31.835997035536366,26.49183063609429,138.38914153065437,2.373589452538673,9.67932091931388,35.21404387969982,20.578351107452345,161.88010569925882,2.653967957431996,4.391659842524177,22.864784486487654
373.9215208053195,19.810074267345502,22.84235012809814,15.290031722028846,9.176228115758004,366.3553403016726,49.76878694736519,21.632907230527213,13.920332391427415,7.155374202357281,4.668811094941764
454.0307751206593,29.676028448668553,20.486319080795383,7.55808216319833,14.183899539437887,427.04153713453434,41.022190413317006,22.307485981144957,7.332644174399664,17.268590738249756,11.498840632972449
129.54984730827832,49.09915111453993,401.61846042940596,17.709044769321512,24.683528523539447,125.99518348164682,40.81042260947774,386.23884033316347,17.991599504163027,22.818070196841557,5.114651425957901
33.53201935032698,415.622365215908,187.6327311124899,11.802148868971024,24.2687556931892,31.208021551409182,443.36391859674376,162.08908119256427,11.047709471100879,21.59758416499216,5.153748547455209
50.53850253287599,381.6514393177937,42.58195462876919,6.053606103982229,33.803920426550526,44.89026554440027,403.87110368922936,49.43488328871835,5.998987334889902,28.491718203834825,8.47479062006081
493.44661560722994,64.34284181583912,312.60536232889456,8.441074571600534,44.94571621826231,483.5757586056814,80.26829043891428,339.57600195204907,9.019703785611494,50.07184677465921,12.205351361090996
889.2402825644087,64.26110849000507,781.2909583009824,14.344878009048642,22.261857935136728,886.1341710521535,51.0273805306204,698.7197131543592,16.05359874316342,17.236471004154545,6.592929151216473
