real_rho1,real_rho2,real_rho3,real_h1,real_h2,pred_rho1,pred_rho2,pred_rho3,pred_h1,pred_h2,erms_pct
830.9721564925709,912.9001499161843,23.896739782020276,5.703497919204452,21.882048705249645,841.2125720446953,638.5635594738222,27.214448569066054,10.317884626623687,15.386006555885388,19.62399797716564
147.6575380498498,271.3205143797158,102.88868264445777,12.446229030999142,43.260575883288695,156.6773368450179,466.23513848761644,95.49994139306719,16.029547448589856,20.01458268326322,7.450431021643557
987.8196589064245,254.70908161088164,153.28148823227215,8.850175381211054,18.146714896929804,1002.1471110003109,330.59119378559967,152.1025249075987,6.2078990036464425,19.659756719610037,7.186577844495874
758.8861660787454,12.70567384542887,127.37379698122561,17.134111846467615,19.15161007355404,832.304152180491,19.342063577897004,121.30869221683507,16.87663832502669,26.9799574057729,10.716979972651622
40.58466419863801,143.84034387829817,714.3989284824409,12.87635490441903,36.13561682079239,47.58481243430914,116.79987148154126,516.1012935357226,10.57886720511524,24.5953537233294,16.46295922234689
214.11245128009006,519.0119746465151,168.0534773888168,15.249062488629033,37.83364741657644,200.62360707733842,632.916976138101,142.13543780348354,14.88970061409395,41.07487140874104,7.645616642244215
54.57693580636478,54.661958145186595,317.06296846996673,10.695049718073951,11.646916467673949,53.21818950908246,101.21501362256329,366.56995644705717,11.900267430670608,19.839041572117626,7.785740694426411
246.37171108475857,15.2558562850963,191.66504907247025,18.279764315538582,28.64969241919919,241.73200195650065,13.48245658407789,155.25451986896167,19.088865077682136,27.090185409602423,8.710273178801167
11.866151778083365,98.42552785078747,12.73241869719817,15.712770795927511,24.859428009141546,11.782616560276088,87.32601445331686,18.6120692984013,14.906216976707483,20.675182694833428,4.7534015873896145
360.45826493293816,315.2620100126585,26.66327299961422,8.26317356415061,32.27019168302337,377.96929136282324,275.307556865623,29.084953081987752,13.523273669364764,29.733244920306692,6.416373923709474
244.65698720971184,975.018139361233,122.79421491716543,5.995092326486187,24.71103827932182,276.62059568561637,845.6168784695102,132.79267814208487,5.373166920853996,26.21207170240315,10.274482743241972
110.86267527407607,335.106500764651,971.21500780379,4.929281025770173,22.563157855785008,124.89217727792456,376.78158714289066,948.4605572681078,5.275553046141969,30.64982035926928,10.290861087690766
21.09224408352559,775.5809640558798,498.74994408172415,15.558024952105233,9.053412390745482,21.848714997997025,666.0255436480932,166.26778931964716,14.073653332852231,33.115687640285316,7.999138234646018
219.46545742543657,27.56795088691259,73.01330642935635,1.7544488302317265,18.60676597167892,217.5146299509115,24.180111779638608,76.92337470683547,1.6882788719473873,15.948317343862664,8.165952182765087
20.482391662094855,12.212455991881916,10.50060635839404,19.483011675710106,19.342754755678875,23.224018277607748,21.74627719844089,11.017890959137073,13.860171609490738,9.195263702256042,10.987233456919471
14.742585330212934,570.5824834112049,779.2626454201603,15.084752538742702,17.429952664230427,13.084691242250317,301.6625444232968,508.1619512778578,13.281798380474465,23.73893327970712,8.473285435867249
57.5071606650061,755.8198663090249,25.790402473074575,14.595819900559993,10.721097862809637,58.83218061282945,369.84955506242636,19.2688983670717,14.115256292879678,22.307537141624348,4.134210818406325
14.194050894109349,776.1452704779728,26.64760481596481,17.776515554224854,22.48882608771866,14.161446569779143,203.34327203468249,95.30802122399399,14.327578738518245,18.39128600406213,6.50607490543257
33.64949771324051,90.73210733386148,46.867495704583355,5.463635411460149,2.4917772984070137,38.27336866654433,105.0805637340144,56.90159394096859,5.64099572136899,9.894963990220825,26.85461342394954
13.975779110168219,69.99315588957741,18.898003889465365,15.773366422663724,45.78315800077893,14.65786367409997,97.24566437995686,25.07836047684825,14.347178949550868,22.05631483353229,8.173113661098325
91.1357896209437,140.46285585259275,471.95514472064264,15.611650326387707,34.45522523199278,104.1840479461723,129.3505958540431,455.1213695880457,13.492349343583179,28.82366253736892,13.834084817885062
11.135910809736147,24.008785926280684,34.39957323289232,9.75691915351867,20.242691992576948,10.400473511622947,28.312813778712567,29.896678230806767,9.010053754907736,21.265263072714053,6.97905461066808
45.38868442998871,507.59517260762556,359.6507949043836,1.6208699645084033,25.588872568125485,44.34943705909482,565.000477019123,429.62193162735565,1.6971285135559073,28.12836817363049,9.868748375598221
189.2384996208451,75.63915352871909,60.93626062094607,6.8360703968968455,12.989616109270681,206.36767088678718,82.92505021802721,64.21625124433156,5.97253436420019,17.082731301073093,9.410334338708443
160.20112789230544,22.45873786572556,104.9130051904683,15.010380768058292,31.163822325180572,150.07490338367867,21.357876592997336,121.05651467420843,13.923058325531011,39.78232584893634,10.525781929203855
85.63463069627146,563.6830048682109,408.3429460576447,12.627768674530977,28.57989681505739,82.41527860511282,372.41769199017193,358.7881516944065,11.620614715892703,20.68416698147807,7.2737765617965096
96.58579288527866,79.47757032169251,10.88243859322586,2.814687010805337,49.61062764337939,99.78248828528214,67.93155573307207,14.631081951210696,5.297428168705084,55.337401199509415,9.418623926370698
31.87834957026859,108.44565138733358,326.7162137909746,2.4603704339596923,40.672838447441656,36.086168533985614,127.84025567678434,385.08480315306053,2.7901026551040595,53.197998515910214,11.048882916015874
21.306206740098062,128.7411066631566,191.4066121104523,3.5224513762979575,28.07645185423838,23.638007282158366,109.8134910106106,205.39327306898474,3.3073362273454245,14.482061831506401,9.8950797641322
101.21121167146724,177.5644553965696,21.36879891311033,4.130166451846951,8.839761177702774,104.56018265659573,124.11023652226699,27.918148736441,5.171658193492648,12.676513328004663,19.818416902024005
176.8290845035422,360.7284653158514,51.518046175861045,18.46838651502051,42.32925360873579,181.33942697466142,381.2789067686618,38.24554819181493,18.832256509887486,36.15923710567351,9.557788558524397
55.23395879787663,676.6038050043026,598.2984241866845,11.516611365142573,16.94088901124069,61.600996468789056,244.41091511864704,667.4283496369353,9.413505717384531,15.880537899212376,9.184700517270727
34.84483606183282,114.31363647920215,86.16602621443465,3.8875348457550922,27.599622328869756,38.85326254353002,154.24360867975014,104.59615169302826,4.335765419249621,13.399721754514045,11.88927613916465
10.187201517742466,603.525410305167,17.903767404811425,19.797971913858664,14.668237035859244,11.296822619031387,189.5596977831843,40.82728139938344,16.522256499325728,20.70479402191159,13.779604381967314
98.7466674289503,581.5323741396497,80.54123333470204,19.75396281719292,2.991254691825322,106.10543575319932,157.44447180509684,73.13623678674855,13.424098583589776,29.734908638609788,12.333257418314396
55.32637559565129,46.32747786930695,79.34330639893633,19.97394220865742,35.591820138806206,59.35579273323839,38.48537728951925,87.10688181451411,13.657595406792355,26.401147423916385,7.628071675333875
352.23858641482065,214.23757684079166,42.025311199978134,15.266553287694046,22.746693570731622,382.1511447580621,281.40378764954085,46.7517438189893,14.343270450778808,21.211906105960953,13.722764126846595
118.1343074899729,79.02684808767737,394.69059615067084,8.526385179983588,47.59298659303717,123.50021330305074,44.430661684318345,326.3060695537992,11.776120190218439,26.2044075848487,9.71684415335048
901.0233977867151,554.7490553784276,187.19242626629097,19.529141478931123,23.097198648804216,930.4959192125713,661.8790320518534,190.21984478793638,12.013497677811587,22.182982163099147,9.022578744792428
339.7234524376871,953.2519133022204,16.86946436194715,8.54061457890489,13.937125076437603,379.8905850720939,648.3212729714425,18.406945618270658,8.429367079569973,16.627049348664052,13.82000651743076
12.084192499104475,776.494227886508,71.66971133733172,16.93438686777913,12.650035354689944,12.34120291081774,259.57520606086973,79.96851236474525,14.43300512728445,20.733817588360438,6.299606009486808
23.702843513543662,10.27794498029844,871.7366915856602,1.5127158938914538,18.403955681911295,23.39582155523316,5.921490722110343,639.5905105329966,1.7478672627484688,13.130405155004281,23.03250471151525
165.11431938915152,82.25302207689441,41.15039899070468,7.52746646104126,7.439521703931615,161.52513093411537,76.99297469268204,43.530091169621834,6.391313574019986,10.258035748274356,7.761785731758401
14.258777090749197,169.50386254013188,169.55004877346192,7.788784206698275,34.245416998278,15.248035151225631,120.66827948392492,142.13317601291644,7.124386065246793,20.564197560137078,9.114580314053327
10.793736839351476,252.69870462657224,154.49176568602903,12.870340602322155,14.447786992100783,10.459490848068599,193.83623552910493,127.65644445188289,11.46041328870908,19.213806152789378,5.194345539055962
12.498724093983347,27.998323567269164,15.348584824186842,15.701184734964658,33.5549531088704,14.289941934167285,27.87901766130113,19.290478850901057,12.93008261086312,17.667547335980906,12.201671069646826
139.5983998414338,35.76015332098998,867.9279177485681,4.494825839609721,47.589462847336726,147.07982942731283,30.319396872686717,691.0175031992849,5.302411330390005,37.018031634378374,7.6387430318968494
332.83188039716504,193.63945693590074,660.4053461661213,16.40492550413389,13.870708015985286,331.78038446302065,144.59396484957165,573.1403267434849,11.215204827537882,10.130158575262403,5.839803217705818
188.88235193320455,36.8683929093577,373.0253172392684,1.7250269850655888,19.15041257496686,196.58769210113007,29.307348607779318,452.4408772070505,1.826433901364552,16.21067424413045,8.578386025824225
612.008592943775,20.947500151918533,474.7503661033982,1.898676160071217,38.274484182217435,722.3454356751599,20.66575933451778,575.278428105518,1.7415832855360822,35.33054764246288,9.587946992878244
29.056628612150064,37.85936106588758,765.7412010419226,11.523347253161223,38.213619261313916,33.83673602897348,38.98532441259109,732.5274946492482,12.816033599394347,37.390341791275915,15.117413413971633
728.0734780604206,432.35347800904856,591.6168723481405,2.134276585517618,42.034012624179155,853.3263073104515,349.1581388772291,518.5784505482528,2.078598577679442,24.3702243571551,12.232815494167554
86.04884494824329,438.69146942596075,788.9245668525177,1.249868838923213,49.26061862360656,98.69445207870812,368.6550734948551,804.9346255632371,1.5072645236023803,34.455904998809835,8.69159225607809
23.1359143306965,19.21059990366939,270.2521528155058,5.940809643362445,13.86519477170493,24.34528769637708,52.31252268016579,448.75509919180496,17.058948201619188,16.153252565112428,10.068873871171895
35.1257451935226,53.37879989331054,39.43611736325472,13.885468490095292,46.03193306277908,34.46170032595656,61.10952941779875,46.42274178892051,14.085347419895053,14.82385988204563,7.312203195911031
20.172878456200273,143.8032744360726,148.52859272322766,12.153928093736171,10.558689858786241,20.869866080019854,158.9160964257727,111.49361478921915,11.017155201335804,16.47733070857113,5.678276721574234
312.7545606546972,18.33327443619875,52.68387337398512,16.998164005774026,28.298440098954128,331.5923951541904,15.225669188758626,55.68884003941279,18.58195719631441,32.06426800408699,10.431205062297366
206.06393459131147,24.591649762210533,12.553896758639215,8.682657765996098,29.81007590547919,203.52950681903295,21.625132571327327,14.347752659394846,10.040283609371649,30.88298176447849,10.85894843155664
100.22911050129241,356.87238874480784,282.3355835031606,3.437955071971587,15.47233223676177,102.47667512123681,364.0785413557401,305.420667408275,4.239202620980062,13.334998758975008,5.6506644426174155
96.71080123133815,14.439132707450362,22.791048068108203,12.843564670102142,10.486286036637821,105.54091194549652,17.497549020182188,25.5545815460651,11.896150431646149,18.559549536802095,8.006330500392925
11.326918348566037,40.23479309730302,96.30562254161184,9.223366840785427,29.306019917590127,11.116392553434254,32.80268766857918,98.70411170830236,7.811874518461896,26.21564998199065,5.081726811306222
566.9701373301377,179.3924019337791,34.21774806048983,2.774975697248906,48.6179059428321,603.2739136404966,144.6628693316525,39.809550432223226,2.9314091952500942,55.19537563268102,11.271888523408808
114.10293418161469,154.55831512753656,79.98669475561154,16.922651295398683,32.9123916192334,126.57096018954513,150.35643255738768,84.21442296601752,13.854652219637389,23.273511041525154,6.7693523330447825
305.4785645357589,97.23767808978785,168.070785836172,4.190228172133411,9.3406023283996,321.6718795444983,86.49870914290608,187.72230924199837,4.506018598469449,11.831700120729089,6.95728294293427
29.734150723099898,76.99225311983528,59.407526619475384,7.957752606801343,12.940833051720404,30.47976795596295,64.58476040437846,60.44340280012844,5.790074679588257,23.470549727545198,4.972046648441538
56.08580668044244,36.34159265039662,756.8531127051575,18.183193920626167,37.06181603872045,59.354070079903394,30.02877284957282,406.9217072203596,15.584370122637875,28.1673350136466,7.273115657824142
531.0281255907995,61.39948182692896,787.7899186372233,15.477319583784938,43.39589933368538,632.3025616337725,40.472332942455715,576.4197926809549,16.25702110040025,24.688019688342337,16.76577911553216
54.18201033860495,308.67583961824545,24.14960813987322,12.38986042603051,37.21397409310014,50.75522703270709,467.01699412348785,21.095946631019732,12.150425932567808,25.11296561285359,5.031921587657945
200.87328936942157,15.711645643266678,60.18912133657315,18.689452049639986,29.349747050774674,208.0745389648345,16.23576966457696,63.8181412144854,19.512936029737993,37.8795005997965,5.964350424535382
34.49761117184194,165.60641966820822,48.56412138228736,13.471670579537555,30.398073985395975,34.39979490775659,266.53603835766427,43.78573928847253,15.4738982173651,20.865899218546556,4.069245071168616
20.976732572331333,188.35818364249886,66.98162493748268,11.884643577028376,6.065435102691776,21.09751263193447,138.63980576360703,64.16662950203384,11.62045117526613,17.43513400007433,5.035295080010266
523.8745482117075,11.351944819739895,13.612277039813558,3.2154001980278,33.45979414602344,515.6556985266739,8.061945882527278,15.471680165691993,3.4177163370705386,35.226837466629895,12.829138249902877
617.4757577873412,55.556419533045805,24.588485938586516,3.4590731252463374,45.158480723975224,690.0030664448358,65.5546855604776,28.342980737847192,3.353955735161198,47.09137214354099,17.354869064263823
242.1363168683054,364.5580844462214,313.63352569853646,7.334992193433701,32.700501235435965,275.99928707403967,502.62973494870295,266.2837854141382,11.012190228275276,31.82608996763195,13.341508970405755
400.8757340162407,144.15261208784958,623.9626568566579,18.423695100649027,22.80388547030785,430.21511443815183,141.30751133205766,608.970347235176,18.583024138681438,22.598314463709944,6.471214438443693
44.21339802808303,127.31318021901471,14.654879522615422,11.368041651446154,22.706676240970005,45.38805845677787,253.13518197459442,14.223293219926205,13.840352485784592,9.63762502521375,7.056005898777018
754.9928783262534,33.70372091010485,727.6734937587447,13.25975256901095,23.346682252972727,816.4266877403606,42.32101626345672,737.6013673138483,11.95673429813173,31.17457577946193,8.081451748482737
508.67261670908715,275.7607105821695,694.9446926426984,17.534426508727634,35.65220113128365,575.5101860647584,270.60585908113075,498.00371529796934,14.412081609687167,21.98645962533178,10.275940185688254
46.26267549481195,11.435941306693639,876.5603899925861,11.388096503107494,41.52134753864104,43.56638393046877,11.860406532794734,397.89663045128367,10.790491076319297,36.59693211105271,8.346636442445813
33.409854941948964,36.53572779151558,63.01917778345,11.689595608662215,24.07148322071285,35.45398919110401,37.633208115675714,80.61660491485257,13.592407280413848,35.310295681430404,7.846894669297176
429.7990108818276,429.2513792214052,254.7576479572535,19.688461928164365,27.82665918006613,468.5661997242274,493.62368601466363,274.1959290376032,11.691465096070573,21.212240785494803,10.889638598960513
24.403755077548936,539.6195829002627,336.57319882318654,8.28883701730091,24.298002013068807,24.167876431452264,275.2791535275533,339.4423429044244,7.918461673001509,21.053138912753084,5.988054660000428
10.981063600249874,439.0924112447392,11.396396358597903,14.851206089945418,27.009615911504,11.696907541637966,339.0995924832561,37.61953960260732,13.022564205623732,20.247839910857916,12.077814957815615
32.383880211079024,341.61773930423834,178.72886005056475,10.853174198513582,23.664044322299063,35.83965063981685,227.9431355390498,221.57524310154312,8.825341244932826,16.9445286067371,14.37312195424751
54.559758306969925,901.799761916296,329.8180259363965,19.5690403046756,30.016675599179255,64.55551753004876,216.99695295793157,223.9302628312613,10.0893877783098,23.7791498426219,27.10929914779393
337.1451224128024,362.42720397387217,597.2588572868068,17.033290584477815,21.892319017486127,376.84326865632494,343.9208085871706,552.0075913097618,14.221704654856286,19.37491417416548,8.302523541502461
158.5413622202175,83.90454540907628,236.81114062756615,7.115901120066415,13.318525249935739,177.00377057281614,56.9446949656293,243.2774108716571,6.900247151915572,5.869090021929987,11.379042366146152
25.19012374670738,14.800088221622321,34.10683794115834,13.889601296054373,22.574302474025128,27.34403818517712,11.921139711571309,37.213186811596266,11.73521520939463,25.637587039080056,8.982226977512852
343.50882417564543,55.38802875571174,177.93505750080925,10.999652631098641,12.560307490535301,356.27907455268735,72.42462214067193,196.81598768452798,9.917487862301245,21.81702240355508,5.891260030919962
25.19609579307549,10.042739866483297,88.62076683572836,1.7402169989063403,15.101110965195204,25.530205058622606,5.917867169232821,132.99015463354334,1.8684523096427834,12.022655550417532,19.557369006881405
344.7608917481757,13.484664873038277,180.22928257856492,8.246970865744068,18.04583824473393,408.4616612167971,17.218300239508064,254.2252920623122,8.104359912039666,22.687642180106767,16.625734674656975
66.970911774082,31.42936438819812,29.574587484613918,18.661503915494823,48.077575717778466,71.62408507512548,49.44239137041506,30.84601516164353,11.824911864141374,13.428187763086227,10.04617117036806
79.63070647831233,214.3750971732364,18.236232038521365,9.024657005142636,16.851676993358065,79.48775880026291,177.04194535271427,17.176113731563454,8.288956616621306,18.29392883698863,7.961976751500131
319.99597357812587,35.643146261312715,649.5445456564463,8.243604150167815,28.943011973923806,352.8524483978891,24.57539014100835,587.7776184029723,9.232831849327534,18.473537791644603,13.845758313929105
108.83156955402204,592.4251235202407,16.452325457586145,9.925583300166132,13.475203641048239,101.9521005455737,570.2222500564646,14.860682844251656,10.657309727261097,14.533368347496745,7.853367698328821
157.33440369045115,12.518701889668389,50.753810588357716,7.054625340380005,48.46996935198704,172.0441549857603,15.642605004004,65.98075598716669,6.756111031168216,52.86920170385357,17.08629376212451
128.9476497022247,31.92223230627623,13.316891695450119,19.58181809905794,19.766726279266777,124.46639268387177,38.825365298553095,14.745267557890068,14.186338877931249,22.85590717184323,8.532615232148402
627.2352871940531,116.3228862522785,11.940909293804173,9.202870061041567,24.682343029772227,695.4681477873172,128.80367631633018,13.794677357762476,8.579631025987297,27.05601254046118,12.892131759167752
17.404806333717634,952.1770851937813,389.9793736934804,17.923737602996294,16.068403397196374,18.88208730735001,177.41717056138603,595.3314515231403,16.3063941716199,17.72355389124337,9.408201627507381
13.212251718384499,35.71125786426594,40.171462301910196,2.769763464623157,31.48076854481144,13.347068508925009,46.11898447896495,39.705328041917625,2.6360031150331267,17.767029033221007,10.42736124748357
751.0834619407487,609.0347188871107,391.6695918677756,18.297746190278087,20.944463980549884,821.9906947155072,470.6707244197683,336.9502664534431,12.817234788731534,24.804449528846416,14.058841629709868
332.84110177720004,116.24327456500194,740.8640156239593,1.166078462675458,38.92882714033337,356.4225041756758,107.51753164577401,787.0184339309026,1.2014977056614988,41.718512833227685,8.384929512608778
158.10256033881063,376.7037092296659,473.10223651762004,5.814969750412538,41.094924594378156,175.29720568221256,416.20757993498404,389.44740248187395,7.469250417092013,16.87990458089243,7.874802409013492
487.5659512882286,121.0536544689289,391.8808643367242,10.355354121563552,13.150506679873379,526.509346658273,90.57619297329474,464.5934799069253,10.200784113831139,11.520002398264655,8.159521894189755
101.59570150498824,11.829193558445496,704.5358477002793,1.030856230481774,4.309964589142211,202.31782138560212,8.525857337587636,612.010809399256,0.4028965398447777,3.3829873223619606,34.73341631715194
382.47465944357947,163.3726783552622,368.55159524068944,10.68651797397224,20.246884846151836,421.8935534364091,175.32647359816886,365.8294021536282,8.558574937793297,17.45166868220188,10.04179693269754
48.63348647595928,981.168163769036,33.05147254445158,19.326773099650804,12.044104692287489,51.641173754270824,384.22293470845756,33.95037198501904,18.95163349424798,24.54591515794718,8.442584745059614
580.0144943377036,26.27370511270401,15.214682392148031,17.639174310833294,16.17572365168318,647.2815402771342,56.52749793860979,20.715967017560178,15.03029264562292,10.986088228643924,16.071574740448373
62.51433868029414,975.7678379131996,322.2384368115687,12.467415368735761,13.623149375871549,67.67112666129859,470.0045470472281,356.1756380067743,9.885411581618062,24.472589262368334,12.959153858867225
32.45502966396515,230.36753913070322,16.908141628596464,8.39965135621026,24.322326860755304,30.533062189858207,238.68977083541063,23.15841751673129,8.1804258330235,19.914214766568442,6.3749490683771395
134.05761630062884,341.66991186849583,761.1698422696537,19.204833273681743,44.18214161768992,141.5670055161185,202.82767172691675,700.2649677304887,13.61758799327793,28.129949152154165,7.477005326020572
20.539400428321176,164.1402920109194,298.5708609224733,18.97740455603763,16.93710769914037,21.676034130391738,109.26972635216518,354.66160376816526,14.338472139244846,23.157786758951943,15.033847201154382
365.38039313735317,17.946351519442842,138.23512103624864,6.743817559157275,17.3674008311984,416.29610830727324,24.86034730447588,183.3298961344021,5.656043684359859,27.31785864444623,11.328696931815978
40.73965358959907,300.6320447348384,20.122345524215444,18.963359513821345,35.473237906811505,41.449095816248295,297.1891707980302,30.984141891959162,18.954179421672677,26.44062397287115,5.766979114132134
561.8835382292119,679.386108589319,501.79319832627056,19.327042884289913,24.343999864114764,623.3831468596261,645.0456323371608,455.14372209582103,13.266775087902474,28.124620055953834,9.186758901038612
15.79968893086546,819.9068622640905,929.1928244388905,8.9867212610292,31.265873642082518,17.554683411086923,399.1670667149865,578.2482195316451,7.636621143274427,21.872258389482603,17.98130234367939
29.370826687078534,332.75144380568213,562.5440594388241,10.093652008441468,19.446789621653522,31.680447245807194,317.9638012133034,506.0829894911062,8.41540554769827,19.349280006382465,15.601584734018093
735.0787648383188,16.7984477288315,82.62205358425172,5.704060413352412,33.930196077558705,802.2129998388867,22.80096848656076,132.0267782345358,5.467266388191512,46.227038811802785,13.0428763662989
629.2240647556582,24.560456950384044,234.06365442272187,13.532650340934339,6.284561923241023,706.8723900339544,91.0993055941354,267.28313044513413,11.86202943478187,24.407991537891597,9.771861403371956
14.818014459353236,10.120909920274059,24.849715015656415,19.473792456929505,26.05488035641033,15.776926979413787,9.736363397803633,22.072151922542826,14.450707553428272,28.387600866030994,6.342637134214672
12.034288939495577,249.27652802316953,106.85897948615401,14.176810024596678,48.405271608012654,12.116713465854899,472.58334782691986,65.01202706591754,14.458563107062304,26.712481804885073,5.5411470771756575
153.1328979504665,80.93026171894188,175.9923018339934,8.628289051387458,24.594248920762098,144.0971572378743,78.99326103978966,195.1164196524417,6.57271668464982,30.557017598270335,9.581662266548694
234.71381463985006,11.800071619211844,242.21036343033776,13.976024152239678,7.613424894477614,249.89932788954482,28.173513824039354,390.51082261384806,13.474978033763554,18.679932664940246,13.324391117803625
50.852352024135634,117.86093256258486,241.66283061616707,10.520551672438085,37.07549616905194,50.76798069966256,82.57647559381795,290.49603952630036,5.661704059034556,36.887435103914484,6.22922682088573
849.2184135994694,172.5129868504888,285.65987143103104,18.31470185877514,39.34851111991591,1007.030020716899,286.1061870205504,231.49067887298088,13.706408114355614,12.51690508090757,13.329058464557484
33.833450024093096,746.3914115421987,26.57685010489529,9.449103893996629,47.358083747421425,32.493345746007186,844.6584996693508,58.59613084706548,9.178570908532524,39.441108005610026,6.172552430845239
163.03477718210533,350.7546227032932,41.15286043346075,8.097056882339494,20.214439967142972,166.22321794106452,520.4569985498665,45.26008290071111,8.359921839264652,12.41156415151444,6.94894329058341
40.05141552006258,65.55430541135807,51.73910045291061,14.093265980069258,29.490710472285464,41.017337321682994,70.26570411974976,56.382526312701266,13.027231595038174,18.488500145964252,5.4159508228860425
52.350318559947844,40.52682945069708,69.73814673992642,12.850560991084002,30.95110079596668,60.23342584792229,28.47149702267438,82.89815687783312,15.385728636758799,25.181440794070287,12.279619757486289
908.0616785034164,47.44938907847321,205.9911546992108,11.881874506540266,28.634044400278597,990.6918234073397,42.1309869578477,268.4680605412567,12.76531164822299,23.12470526098204,15.734372836701072
646.9278160461522,36.793630939736644,160.0117776497167,8.371453768333529,7.011172736849695,704.0747698231897,74.8121649811467,206.79301988841618,7.475703057927393,22.635167019973952,9.37823923703484
307.8805000661592,79.30099611307452,293.33515087772616,16.669268975477003,15.23185914914607,335.697400786435,75.81302709577936,331.3234226587946,17.184479949863952,17.862799294121768,9.86245394710131
181.35041328028908,215.9602804086943,615.9251443854008,6.437097215657401,10.455903487710389,212.51741338372855,424.36059163778066,643.397004894023,11.908578795201867,15.178865094384838,15.606397209088573
26.487691590104824,54.65407917971739,14.761366496901486,18.714640669424114,40.91663686332217,25.498915901672493,73.42004035383069,19.324058098295108,18.41426164359048,25.78191569521545,6.904467173044093
27.99074582924275,16.940694593182993,347.2481291822404,15.795831102022376,27.998268177846995,31.272081572799177,18.585486955401556,440.1754847010103,11.95725725493667,31.335898126307814,9.97572134896008
83.70146251391176,106.95683646942999,691.6193728336124,16.04776637189226,5.017549199849784,87.06020258450503,257.9365711899249,756.9361096239659,17.27658674579682,15.355568495841132,5.428298343060662
31.689082922329913,837.6874033234782,626.4062173461616,19.323141284211133,26.587343789182274,32.86499570551737,179.70436781465074,600.1548722078014,14.92595352199891,15.699808162363059,9.953526754320153
16.82438747879187,124.45646264885498,279.0080808147265,13.32486152402268,45.921985247811925,16.926733114652546,139.09437595729491,195.93967450689513,12.36608588404766,18.718628604322593,8.892844923054371
230.58475214411638,71.27631128964661,17.811523133040474,3.124739095730796,2.31900162882458,232.25595885509108,21.945219186997612,17.00870137363898,3.486769646015512,14.256257343574498,6.398438197653314
22.14891150887135,303.831563309888,14.823710245192077,13.317796914591684,14.753605882783242,22.314065085179326,211.53518341325466,14.680573976021762,12.768565805621177,24.353579220333906,6.146531338905916
31.450948443017943,16.877730791185886,318.5737274808148,8.835146594227865,46.95436953802925,31.121248866246994,12.808645173669335,275.5399835682107,9.54780241283598,38.36231973629639,7.766232853969488
12.383634353910866,323.4130939835386,30.985843681242553,3.289799456288613,30.296577477876625,12.193355101650718,328.49125559865274,28.292600729901014,3.2580296805128186,35.56149975888368,8.029752376632768
61.04418597254291,22.31302102166987,144.25227708324468,6.426009855159014,49.307111247286265,63.89656546592463,20.469760958496575,258.6892182245303,7.4313984674164235,41.35501069765851,10.683435618685765
224.92509893488926,46.02021542575664,196.2700694361476,4.547150247344041,47.00986076172701,250.0379961594811,45.182966956908075,197.34424079881114,4.284617965354154,41.709756995580356,8.391825226156326
127.26318468589038,596.9199345606279,210.38366307392212,12.257477983133118,40.925027277722585,134.37357615034549,755.1577831198684,114.6076674439766,12.812000144714423,42.31989168461672,7.87559063753115
14.137566527839486,40.97806485734869,93.08602472591106,13.644211114895851,18.344633437458302,14.216152094880742,130.92513288176193,59.0982877539427,14.51819301885243,17.95723302952049,7.928918298049221
792.8774854531739,217.80851810908095,124.26034122943209,9.52335835232556,41.7533344178056,776.3799416813755,239.28709472330004,142.48067518764879,9.936711898183216,35.395297613346685,6.203330520270351
420.3582488818586,35.99299627449911,20.29281542888376,3.4767935794793794,22.913766070113468,431.3804378853803,43.07622611150646,22.43729860979492,3.5433078903822244,25.411919640882427,13.6933691936826
211.86324699212773,142.31613505826544,943.5552936244401,2.5701049241605425,24.443322474626836,205.53462670663552,115.35922084553313,1318.6627843513875,2.40056912952335,19.293094610260564,10.875853426260983
18.127663513986416,836.1944912108046,138.1539211099757,18.734923470797714,41.86741171801224,17.351340155647616,412.4518199425454,107.07590802995301,15.66606112991581,25.78144110748718,5.975714105496084
712.4973744812736,159.5640571489311,341.50980323154533,2.021719481802553,26.295111470748573,850.1420782272106,146.8445090549797,311.1497225774759,2.5211863739416516,16.789221910844347,18.61562444290405
261.6544255489753,83.29356624836822,688.5291234724789,10.2039266822314,20.185946549253288,271.7769243247866,59.644183264008824,821.2029184658674,9.891324700309953,15.680655455235641,6.167568464529789
457.9064018942127,74.12442820014827,98.8598169782867,4.343468264567209,31.504634611400103,490.32465272691957,42.338556348390014,107.87596737507891,4.441263567464171,14.06345954623893,12.567923821516407
18.05088313947664,15.239045344135855,434.7846730215183,3.403512241792804,22.02887947647368,21.709526185508082,12.996002014155708,492.8402542255735,6.254780171473576,13.55632142867875,20.85728855897935
10.9167884951044,24.99872691139951,717.333792961449,12.363904881515191,4.235269537607639,10.863683613653146,267.5925062957036,506.20106035709415,13.251661069938564,21.334600622160856,4.553911118057908
39.48494875814477,479.3831403133213,118.16015990864209,16.633045118615943,28.32151243424005,42.707235299987744,366.4574895859657,114.37265380644187,14.116117782006667,24.667718212303345,12.276077179534797
434.9657773361136,42.96196983258256,834.1891307547153,15.446181200907164,39.52215967456548,483.57731767630247,32.974352775795964,752.5003655837392,14.254446262006944,30.695987737993704,10.93588803947557
390.2092141729054,23.26640470008592,62.646462419129016,9.632855284206014,6.288808676498971,404.49944150476244,46.86210457240414,83.26717461638329,8.660764498992066,23.067717776488,9.21268635580553
14.9007061012007,277.02996835319334,96.5345500438427,12.642677950594647,28.767553800886045,15.014982293249108,291.33937176798224,69.22504192656255,11.766454717031046,22.973642440006227,5.739877332361929
58.40187969724693,89.7570573248945,114.56725507380303,4.943992676379157,20.455234484839096,55.339222308503146,77.59302418964067,118.61177709382233,4.2388796182807456,22.1927258793134,6.787303016538076
363.09644799723105,180.16785356338255,113.71873127260096,12.819082336083614,17.535995608749918,367.0709970236185,165.7572973610031,121.85304363223007,12.833357801968772,16.21786369959592,4.432308208623484
21.025304056795978,901.8876399757702,24.494657298644228,2.001560728558508,42.49025133265911,20.889331395223607,759.6157067212159,65.76239117567994,1.9094437732012561,57.81057099121125,9.284439716908635
817.1564141109268,24.173479850498904,71.89637273993225,11.72884708303599,10.3070632047741,1027.5180988431705,45.44860323364981,91.51986227161692,10.441161437111456,20.011227544889405,22.69103009728706
156.43469037643754,76.95574251630731,77.29874093108543,11.03013756349079,5.871430924774209,163.46914590227374,68.41935647195224,86.20818493126363,9.19076940375365,15.934977875143423,6.035746449260052
26.66856064132303,307.6674692507576,11.041482841871137,8.945683112600678,38.935665792732365,26.4810872299086,380.8750056566016,20.125259178950298,8.927081222868182,25.93879844274602,5.772084660108507
28.607056235597145,21.08034808558842,41.46738223257686,15.187052090285405,27.38456933104509,30.864622911590203,16.752635908978284,44.05959711998741,14.494490799548965,29.510786214928647,10.215931930318446
604.7178403683964,103.80716849442933,105.6093647033061,3.8035718288359055,7.9909315451337175,657.6706510722753,99.64730516847567,113.08750102864956,3.8938429027398604,19.673237508772758,8.273119098736489
101.92048259537157,59.78351844495505,180.91620661208032,7.95338983226975,29.33575709918591,111.63634103660964,29.869533622612312,178.87346548847233,11.958833816620485,9.989591541430189,8.474364878189546
13.061801703904186,274.3652140116784,354.40225544703867,8.59063077079538,36.623738890084134,13.834650516490264,188.0110708167708,305.94847613030186,7.529205660508344,19.24521705611554,9.332554928778714
31.095157159995786,14.104979518815215,116.85104564014092,16.996816073916992,17.29844445113631,35.36568435501378,16.28357922710798,306.62375267389825,15.101892395066077,31.667909913221536,12.606349113076188
869.6625915956159,96.2253519469366,403.1034030967523,11.429201465315032,35.79193873347881,1047.5090948630595,64.14646012869432,424.0306490082203,13.411672451376337,21.398472290132865,19.480832870761784
15.175853151042872,18.1175366079747,83.43847736716114,11.227729577679037,11.181507975596276,16.38455260345637,36.88521019918976,89.54018773956443,11.567032612941727,24.501827664316536,12.607600627285349
380.95306676035136,91.64730734277089,76.29010536348548,3.233745473601404,39.22291377141471,409.63791609296067,99.36997428261199,81.07491619316818,3.2287650405651926,17.379040304213593,7.707201307431822
101.53457438649276,20.480164982817485,511.4796296593656,13.840027801613875,32.62090957706962,103.63609875358989,21.733166977157772,310.34085316457885,12.368881502804058,34.01286864898975,7.839457833401293
71.10549547868666,206.8602010301407,122.99941409304009,15.971318607406015,44.83120462364201,80.29221334814225,312.84493550736215,111.8271562191058,16.566897019236155,24.229948692870973,11.123765733470766
219.8430508267055,829.7264610655272,49.32401451145019,6.695571512979797,29.898813719447613,215.9631663819955,846.226518181777,60.93907058978996,6.212734767741508,23.587019236062133,10.503330232358135
418.42846426877645,96.6321120662692,11.757180417885358,13.745569805293522,2.494073412587312,459.16867415672226,43.327714508222115,13.186749275955517,14.431475605793763,11.451311176716656,20.74994690463255
111.75299790644965,23.7336494378795,211.59953965285047,5.379404362922985,19.15628763577841,117.2541715384383,22.942263292242064,248.0830181416099,5.938470347748161,18.630843050148417,12.628755135733162
344.3156736990222,20.037634592916024,10.94506766052261,19.883919579234426,11.674096144226247,403.3721810292388,71.65581663981112,15.225113154971634,13.521174094123896,14.110557491955696,17.370538024320346
101.48877995267087,41.09808405109385,15.680471399888534,5.4641130692798265,33.1075864917371,99.47041917568923,33.57406386083563,16.754679784118757,5.705897168213436,41.40056430592625,7.798116715234974
22.3870186462695,68.5829068561643,158.47294812919228,10.85423854639333,16.603265929655556,23.939262933311067,90.7325734897627,142.66229056981362,11.972750124607506,20.7551420540837,9.153287087918297
304.34147395683135,527.262054431685,116.2140504407917,16.704267579991637,44.39147557072905,332.07420837731837,629.8504123040332,149.1178117370861,15.591920752895648,34.57574489260861,10.346688583687232
61.701664436834555,105.01196735875561,854.0189983608338,9.880619682522676,34.54631330122668,66.99169144885684,118.31543052024855,730.9932338896061,9.51272267399712,36.74008965463022,8.747907679826646
370.25439939832637,555.7861220410678,67.04858384976622,4.128106910294464,27.60065016096261,432.3747376636124,687.0093339462518,69.72442535477984,4.4283420736568075,29.344886249073685,20.88286511940945
15.329622497301148,192.45111143187873,135.97916439975074,10.028810226466621,21.015594747699975,16.393557472343513,129.74408438470533,115.954912538465,8.67534034217137,16.158574308149284,10.391861427448607
49.340694129858086,96.8232134999123,13.811079355272438,6.052475222930019,47.670248644604904,42.67401585530458,85.68979774081161,14.936324693848976,4.794355435878985,61.34209112314331,13.37897155276406
11.24790361975107,52.06184071026646,182.0375749096777,17.965040109487322,31.909601484346442,13.193727684153869,36.26414872253892,204.0870726311566,14.651954642859337,25.189274922338363,18.629439629311552
635.2407495203684,67.74408068183537,191.29779849245693,9.789364921739113,2.656330025074018,638.3680518769532,178.30303647108911,181.97340739478165,7.5119701819148545,20.919646423097017,6.166225045659608
26.10237832435461,40.844347202277845,21.667618278664047,19.148368214836335,29.42846610504073,27.515465364101896,36.79828873103797,22.862172318932213,14.86708291569382,28.207425923707557,6.719747729295038
28.845894033119638,129.76839594033459,132.82136043280622,2.430414253676079,31.9681245883682,28.521527611692346,140.6984355229679,157.88574389732014,2.0411147302825587,18.776353458435107,13.316646079225148
277.3457796376711,604.622714622758,158.8417579722193,13.596421436400554,46.84140719873015,289.4400104914686,743.3050802495803,169.7765917894464,15.407034114482093,36.25415768788855,7.1102867323753385
836.2666580182982,16.20299799599353,114.29341259205604,6.1788032258608245,14.67875185190983,927.690041152984,18.00958903199821,165.4909246384883,6.646223257120616,19.12975223322142,16.43654675992983
23.68500472210535,805.9525553834478,993.4041247669979,11.9461986903826,10.9833618893643,24.799883502054772,194.30806297219652,745.6683337177648,8.79137029313155,15.67691083877265,14.696152794372885
31.394338768134784,18.405573520558605,812.1515183893276,4.48499067670781,29.460276750845196,36.05687711372796,18.707684463156376,489.90672947247964,4.15401539311241,26.228446214362354,10.309059868403377
241.49282190505988,35.16407378184828,58.20324172868342,6.7673901833649275,47.28924791846406,255.21499926156912,41.56154342727116,54.73360465861941,5.606613179804846,27.141836988903297,10.293091725881244
17.920395061367277,478.71393165637727,35.66476125832237,4.812569294555981,9.991600179897862,18.48097449252948,241.61067593541148,43.35471548636233,4.48234944110298,18.726897708903994,6.160301381655505
23.979428318303235,259.7598115738827,309.25577214513146,14.021359157336594,4.943510477056321,22.801135866871324,181.66670479777716,414.5085777269096,12.05877439774332,17.436376966893235,5.002831029972012
55.13365371102432,28.93035435460596,745.02167113963,5.314987434021489,33.93096413161297,64.28808136181952,26.908989466016784,793.6886814215292,4.759205354084433,29.070279446890602,9.354021226900404
10.273065221057239,140.90434552914377,312.6164129273635,4.316495287930154,46.719481370865786,11.437100793060065,136.06779274384448,370.5313405459697,4.449600300094572,33.84331474332854,10.707072745759579
134.86579424568887,171.9364183909452,58.04472381378684,4.321832159687936,36.5968201836196,125.78314851943811,159.485225473094,45.86516865728522,2.848915118558678,44.64336898652956,5.338461969572194
30.206697689275128,32.02318657245268,99.3135569247635,17.381353832502754,36.04699869475706,31.159378036781817,30.735435093605414,93.21450304142681,12.851228237531936,30.544881227041493,6.589851169547639
33.8431229801907,165.6346494155882,799.9075373058554,10.169207777872192,29.067076860909335,36.469110043906625,135.33210386624498,661.1697864680128,8.63815618611193,19.231894376636077,12.359256213267797
740.8022296169829,493.40996363733376,18.91015978872123,7.027541398876248,45.46975356246037,838.2965251314098,477.809505618241,27.552588433318046,6.049383024107108,45.71182397263076,11.951417748802646
398.32613338627715,104.44142373245005,29.815850087490976,2.726608977002761,25.49376157185939,466.46740297990294,106.22214126970809,33.24996319186052,2.681080335842283,30.14783878703052,16.374397406186443
45.98913893390777,23.516889607897234,316.42724861669774,18.675755587098973,46.37280176214586,51.07263586839169,23.3560243379891,160.21145480185527,16.98738488980163,40.8298969308666,9.751446315704717
33.53007701773394,96.72701988775586,358.75167891787845,12.966409264741518,25.032359401534855,32.53614150376717,196.33527466435277,365.39918486940644,14.680616650922126,18.95195069615302,8.382382303086413
138.47626454556726,771.575770665841,102.31479399781762,19.34160408956582,45.47376539880337,130.3304616667077,527.3125770412253,290.17277369029335,15.681610292847793,24.80548041654719,6.216983301126166
13.6499952403502,11.421141697321334,24.92010958839022,8.431909875822903,45.61019976180892,14.8050371161535,9.095400077566312,29.15328955230008,15.954630749649088,35.821834743591786,9.205406362575934
154.32577359356105,35.35932429490173,122.87098277275956,1.7532718565498489,42.72292089250688,154.15265029952695,31.62473284730544,136.2761851065136,1.6834424189211723,46.2930536171212,9.745545194344697
35.31932682430815,165.7766494300357,801.0241209210654,4.423145896937762,39.41680272023384,45.535364346574376,162.41534043128095,756.2598798206999,4.675854364901388,37.07974538652532,19.26096934424555
111.6908996813502,332.5531794754729,450.77975974628146,1.4412285479838078,5.798337425631164,121.05262820503201,363.68873115992153,447.0667249595754,2.052143742073171,22.657296898141706,9.875884624578717
10.092160873577827,93.3404016245387,214.6837811646117,6.932243092748391,26.101812169611556,9.837158515980233,73.82696677861543,226.84181031008734,6.10737881046697,24.029497369680197,6.562274537948562
99.46016831890283,459.30653098710957,425.0454000202345,17.117041837149642,35.497900537649684,106.95361336928889,353.6829887790226,386.622124221709,14.419060974528863,17.43942188328403,5.957677134414785
141.72145006860407,20.680724713221743,30.606111299202222,6.364723703608124,43.89548555745276,136.96732395155146,20.960428420387185,29.12813531636465,6.086949356573138,29.71525994742977,6.763308461935663
455.0694989196685,211.9724166259771,10.523181565416614,8.415230513227252,47.04148287382009,471.07168263134804,183.7461861508368,12.262336137479975,8.335150646398832,53.19423972593326,10.566122640434013
49.511362372327085,15.438462800587628,13.462584489960582,1.318565721632879,43.426848738378126,52.11333290582529,16.528399221491284,11.387697380061843,1.189737795294024,14.782506595848925,10.39860719329981
558.0160419453032,104.24472580205058,763.6848321383815,2.3579456440989275,13.122772571095224,584.1690172188231,69.43536800824975,845.6644778170058,2.3255282250120164,9.04300534798998,12.26955052559324
21.608751357510776,94.55578332610732,56.2794690650282,5.613934646460276,38.479960156528165,21.75150334427833,133.2705257695641,52.070539523190476,6.269142730274932,31.886730257708454,8.23447860119504
200.03061754582498,201.890119035795,10.820231700554206,14.949479863445577,37.80827944210892,191.13545299600656,160.63173653795582,13.176535485593543,12.80937676794596,50.94171702750028,10.05297185063872
253.11974696981028,349.9935032983607,12.647155764436086,5.728620324284391,47.0402656082317,277.9246799215885,431.9585918554868,23.758573151476714,9.456609937564776,26.754779980682883,15.130167786868038
148.30018537555725,385.0828807336085,49.13444282677893,12.521438105554914,39.37185650380446,147.22354344652894,629.2635530333157,38.529357250866475,15.197964807974168,21.36852028156988,6.599666963190208
140.6938125580365,523.2175511883422,208.77096608976385,8.584700975910849,3.5791416038063923,139.7305467582994,317.8686798789958,193.91704094739998,6.54964030482054,10.07420498024711,4.565104374430368
138.62986535702066,21.497210863982883,16.274606977155948,14.426990489905533,13.852462145962743,146.48156177152825,27.654895293524994,15.583470723060028,14.367468889724917,17.509291055131005,10.318711482774704
23.112638719525894,45.673160551382495,10.692806869434701,9.331742447921116,8.149848099178188,22.087156318818373,44.42280637657312,12.478828916282742,6.549857364671488,8.363530525789676,7.347938008676416
66.61259910639257,437.76487336148824,449.9864168070811,7.2180658235071204,41.49188653858797,70.89922664627724,312.4401276951842,511.2970104079703,5.759220959085488,15.839684086717531,9.100382572924143
40.94913808907664,74.64917696779595,135.42882799185122,5.698656485058742,5.016766340558322,41.478934447041354,123.29451211191852,163.94678090536755,5.453305904068385,23.616370372974835,12.341223148715265
391.91808225199054,12.904351037438582,223.54784494916143,17.424743663903676,25.876560655297624,441.1050503631769,18.38254340496563,207.44510819730036,16.988543788187535,33.15143829712811,11.198647318068918
432.82290534522855,111.59453860277172,234.38295625114216,14.271083580947,32.33453256970843,479.1607149546973,89.4799078172981,260.28726320072934,13.622694807412026,24.24985071017805,9.863945649108482
76.72022898074106,21.325297839363753,26.40303498599841,14.439297427629448,2.672519792442268,85.25330607167109,27.371061860969053,29.853749643691735,14.15048992295494,15.224016026186785,12.166525628080262
945.0405822361463,888.918122097875,242.17990119315687,5.474740177467787,10.605466707181222,937.5555320621776,247.22077791068105,215.3422742261641,14.4386226278926,21.32132982440124,5.109058587137624
57.06197847325215,577.2445412438968,73.72541109534086,7.877873742286285,24.295051447372913,53.26730270085105,540.1679753079554,89.76186925125552,6.52494984780681,22.420826206528695,4.742110400306898
56.180613736880154,73.6790195287543,24.046218937134697,4.318252033390378,7.271736884268419,57.65980008787063,31.07945401101194,30.260941201508224,9.987485332610431,15.899152354371589,13.031879145853303
148.81042905709438,124.24144865991924,184.62018928938525,4.749034980585188,26.89784136380253,144.4097439597134,98.35515533266309,206.80171899528764,12.49072869793227,24.09617673738179,5.330876369393416
62.97508910824858,636.0161676100088,182.00256340255243,7.33449973816398,49.2039663570903,66.95634074053086,818.9952972665898,142.083322847196,7.326920844242783,39.47929499055777,8.373558021645557
109.63141345977137,76.49311362722082,18.273355498072586,19.727226492513665,33.5221048635258,107.15707874420104,95.81807471859929,19.226366403238984,14.099082258796294,30.60911806474411,4.6241272835065255
986.0441334945853,38.56828393521127,680.9473185483704,2.478179115846113,10.549732526754784,1234.2168273471962,33.32940128042334,716.3999487866533,2.3863315172508925,11.363109719651195,18.00110526486019
784.3106294886135,32.549062705412915,11.724278028679443,6.5080265851936066,45.785288134404,880.1129082266164,47.45107822780114,17.498528636638266,7.099165168780566,30.217418115846108,28.482971180447574
594.7468616336306,159.60106929588326,897.7661249990408,17.621306992833595,7.004499437391649,668.6214256590741,311.04118643076896,991.5609031363905,16.764725486131642,20.161463233188634,11.006306294727832
249.10328297726508,25.94424775876073,40.19232574724617,8.488389766383852,21.997262387319097,263.2386673432443,24.70036939395671,45.774356651297,8.829024360283647,27.25622267207748,9.395916763790442
455.21303898199915,66.4234388828209,933.752092415266,17.293888318558647,15.466147599487554,513.6343454716657,73.76468196732615,785.0742063972239,16.31087926646851,15.96575841390865,11.643026224608885
21.844289422576267,298.71933381192764,58.870478458513574,4.562967897158636,43.33125604778293,23.355679230091727,453.21431570221955,69.60059701029182,4.600183063180517,29.09559439534136,10.846370452794933
568.0163231438924,442.3196902604133,79.50494035501345,7.725855112576755,29.12901130747516,609.6789541381418,458.165408105704,83.76954245029684,4.842435260098833,27.880844903365173,6.200976087925343
120.65449872794649,63.91878083678555,14.197276713472824,14.842647627355909,10.914096119020874,128.83573541365945,38.20899850573092,16.795210800500424,15.474027852883243,11.838217274685263,7.8868465603320015
29.337483866227643,43.61787877890443,91.42967609708576,4.987670579931113,34.84193665080534,30.240390451261316,46.161841994840586,102.45100337784488,5.503054775195165,35.8416335765689,7.411065479914547
42.06174609819371,10.52524859412325,19.511928574600503,18.90619441448783,4.932000762787451,47.22878181468165,16.72625539421881,21.195981887236034,16.98789131336446,21.584649287583755,10.372836350951403
35.04113497943674,56.96784941033056,435.47522556807104,14.777237099132776,22.127684395352958,33.70698241606577,54.903695791530666,295.9071502313032,17.446740476039803,13.841054570436299,6.9439593807124655
856.9825565881857,21.25658539094998,363.5957692641458,18.528522168898835,37.6490622455164,955.6773779566386,26.976042581289434,185.90592182565038,17.387549440198107,27.871738964226065,14.427304825408498
20.364759041566536,369.3399853688057,10.712217247010226,4.991668766744121,42.55821603831421,20.860332927964777,477.4757699253822,21.21651260108063,4.73915665192174,31.610677146672586,8.183405279264138
151.58971695468827,40.53896133915884,14.95091639112056,14.372870799682774,8.769244771579842,166.5578403672426,27.601157029500865,17.776236959811015,15.774923922218171,13.032154873075601,14.396041923919492
147.53166042075918,841.8403336427377,363.4024039364861,4.595730841871792,30.368010996775304,154.48111860331892,955.9757298756997,407.96572520631423,4.618284324147379,33.53869461813302,8.767757787504319
73.04656474039172,12.433994847110958,298.3212661055452,18.21428468599762,46.39927004331034,78.82491527260274,12.427601091857687,170.58571958773987,18.249183683343393,42.063636814690234,7.951711194020561
126.2351503295638,31.035394584374895,56.281745953745755,14.62899964400709,31.792260903443648,131.7275374310961,24.857647700211654,49.629527492771544,14.226288908594125,22.563804448250952,7.369249618403516
11.887902395815622,31.620184404243012,938.1953542886706,6.739350691590108,13.932196572897405,12.693429659843481,67.27726772899462,619.4200411842436,7.183029583032489,22.56308702261526,13.019256829676493
502.3427282546562,847.5785841756365,26.679220070220946,19.61580984799675,8.768048293601892,560.8683707494948,657.7313491804023,29.389594124562873,10.17902890093377,20.57634447559898,13.356485310730285
292.9954738891355,287.57350652372384,350.8020366607854,15.998521307400509,3.8755871449819455,323.5315775770574,313.17384419400605,411.55053480809136,11.27212694133098,18.391852391574858,11.116866818298963
20.11990424027966,20.61662412197857,345.4045956913991,4.560399060036374,25.236718310823996,22.7581323436874,26.26786095592009,492.322595258829,15.58044906599962,16.759639536386143,16.381651908365555
67.95176565927585,269.30358744327583,97.73795597102456,1.6816053520004082,8.982856962763961,66.08378528344065,357.94367832263504,125.89488022377942,2.0555585206441394,6.203482673464166,16.688126672119214
836.6756970459116,223.93812516455247,853.6163307338454,3.656976735894908,34.759719459811414,845.5154527955413,201.04508743334955,688.9563303125226,4.200253552949932,23.87537364749682,6.249684665384354
38.746759630785576,31.495409310957,72.30283229310596,16.21373645776149,40.21575723389369,45.00281139888444,25.596188358290664,75.81469850508502,14.844639988670506,28.715424002291783,12.697205121787716
114.57348164205635,305.2361020356395,151.8761531168157,13.41534497118041,16.370397992711624,120.2121028914367,297.3638534615835,124.61158762455506,12.645943231696457,24.39746202982236,6.136710790509461
98.42722008371898,98.21792704280008,230.23204220481483,3.309804349212106,23.17647458742615,93.56225253442098,101.66381314648577,200.04536250254122,14.328644236906534,8.69593807415208,5.032849104347421
57.087294593003406,11.917847104796252,304.8745860739443,5.951426950567988,34.25278225659585,61.72669116903812,12.745824087231584,416.0086783549441,5.547318941635515,36.74553770633398,6.693888474886604
13.09546585395454,383.7705468037203,276.09391209733235,17.998393791424515,45.22126355962603,12.716835356180676,195.21235466431588,341.7749109263175,16.0021840631621,19.90962030900148,4.9443957650646295
466.8579184883465,651.4801799461478,13.580265929582028,15.886598715219328,4.833299915129578,490.53440631413986,281.1984910474896,15.768680683462668,14.324810536348002,8.422317175811461,13.595645987344431
563.0780500264966,11.455421915046017,161.75936630460276,8.388453263560937,31.35528445116982,656.7705984535177,11.385036742260565,253.0255611809592,9.036475144946618,27.75049387676186,26.733761313491172
124.67341498050192,861.7706842830601,934.2819593110623,4.111340584074851,13.925249588963087,120.46186477616993,796.0986317610198,830.7201099590682,3.6211854899444247,15.821326475965222,6.035371425622475
352.9750042432681,285.1462147066706,72.51244102545678,5.917437251588226,12.55709983386642,409.3915185585728,132.09697202728861,89.82103572643447,12.222256943327565,10.62200748663497,17.601354854664404
641.3281137106025,235.7762306711325,20.205920509825994,15.056749510588682,36.754768220877466,700.1842864561668,192.7562913986896,23.846995710076346,17.149829288226133,41.85824012816094,14.983479587479929
14.61889241997788,35.36077886368306,553.6388146095628,19.975414030091812,28.04139815201163,16.302977530121236,29.43386479147969,629.889333436486,16.319710833671348,20.890625942740062,17.17610529190243
260.17909063581476,14.22846729194262,889.3553304944787,9.618797784251626,20.37993247110323,302.6900276812013,16.943415636659847,902.284079204602,10.366194047429063,22.770075869634827,19.85299429600542
157.36162279224058,444.39852362822677,17.043809207994045,4.265665367501879,5.023452796773976,174.2545500914198,330.2665494025408,21.906493272790033,4.215665723995065,9.372425322098499,30.75387217092136
40.47598719910207,123.649053323569,930.0292707504511,18.776777197054226,26.925204433448616,46.13207937244106,95.06760586621617,633.8225311497004,13.868048345104231,25.916458983998677,13.369960328124957
95.73814244012587,106.06740885099772,259.551100210475,13.184753605035482,34.48009435210266,103.04954739232564,113.94167865239993,345.898942528524,13.78237610433168,41.30988711930679,8.505864290303181
25.389607241142375,29.530789927470977,49.26819813069862,16.616766153189367,43.310698034143385,27.653938479471602,22.646630802068614,57.230326782838,12.175167459673215,30.5319860536167,9.206961879540886
30.722628334660943,390.8402917779159,34.26725022619506,11.075149657307001,40.97043447519583,28.07799919857973,478.05136937404257,42.83395072496255,11.04846666388993,29.350961235536957,7.607308664256299
977.1168504869931,64.54557061887105,16.176819940487054,9.124546699841115,22.634882495460424,1023.5214347025665,78.22662159320903,17.53157380908823,9.560696992712884,25.533524760766504,14.958960363975654
86.8129534589469,47.739648704070284,623.6314134825526,13.937077282041715,23.285005341553905,83.74454016088472,35.50954012335022,631.1942861156931,13.648564060493142,16.736901954648506,4.998339987459857
110.97869264270777,25.082931151017462,13.477584687545724,16.44831972958236,17.77265198439668,112.09620134756106,35.75031899324156,13.891628190125186,14.374764617444297,13.736041060829377,3.888279195669212
28.05141624799966,122.62218600995934,110.16282598997701,12.139549309943517,11.244723744698332,28.184647212856103,103.77120127839005,104.85644372087046,8.858284442393993,14.135155309875293,6.944060919118964
193.61716177352864,201.51308770569105,16.071167759016905,8.98335877298502,32.840697287300735,190.89136079059972,186.11581413189379,16.563188891396315,12.494192691865997,27.029351734020768,6.543817599042155
79.66062339694804,14.78368835867421,30.654888888954375,11.87351690125856,12.824671951903895,80.45862304357912,16.22512625378896,40.771376443503804,12.514006049076082,28.595074067070104,5.010275767719487
17.9018275561325,10.12723835388729,91.78927997167932,15.613396194917467,5.33543667655573,19.695090520942177,32.30834813032458,148.07033035194033,14.837256410306995,24.38248532007084,13.375900663578468
289.9203857325362,179.32154510440873,71.59099223729578,10.696192424438951,26.446415034791453,318.463798709431,173.59564870124433,68.13832608762975,8.668389078287849,34.13403388304949,8.005611794357732
499.0034219549105,44.12690776053175,29.72796963543576,17.963212205748192,23.741455226070137,591.5729574338017,115.22143460263678,40.41576184898182,13.8449064506327,12.952554926009546,15.223743465359332
12.573777163781608,500.3727074519019,166.17896698339436,5.355470978710821,17.1069573987872,14.576385761574763,551.8875934104631,64.37617825353658,5.527503483522832,33.19795011902931,14.39560540081871
10.123237572873082,21.796740184287437,283.9772734981489,17.60185280272961,24.14205098830895,11.752523867783065,27.365775210565808,414.88699837901754,17.46269877397986,25.558658815866014,17.743610587386137
58.73946552663319,118.77522187755847,43.66446957835984,10.096941851715272,43.52051140136942,56.345954511554645,211.2044658716718,46.777600094923116,14.382168368265893,17.896236064073527,5.942614005288277
322.48037503768415,19.4971007720315,12.893772193108926,11.464232726204628,27.97428152670979,400.7368157402873,35.93081594440252,15.614012964317869,11.526426643670408,16.15091468596581,26.85187593187697
182.62472332972868,266.9405194910951,68.37609020936486,3.322373857195807,20.409639374069858,202.46392232788259,304.20657544009356,75.88482171068785,4.606687325528757,19.254222234861576,10.310929010505749
46.04924569362536,69.67138004666008,130.37275835079382,8.160631352007927,35.658899305510076,42.654952060349785,63.928760110757956,127.41452254443037,7.4393396891445,31.028935986837876,7.409378860251727
119.02556948863541,914.9698578237734,96.84584171529279,7.159361234994234,6.652843468530966,121.35507833829126,501.34251365007594,83.84937725273288,7.350434513550746,12.52132644242326,6.302571897143651
74.75338707966726,123.91050906395067,948.4809470009623,11.158300688370947,9.342028448038665,81.4253383351208,204.32359896683613,931.050743865541,10.19992783993933,19.801923136249787,12.122698827342994
42.5768806608225,41.204057141225746,347.8274766163996,16.22693871870282,19.57226316264824,45.72411690846638,32.4099240374745,445.5061658396963,11.960911629879345,20.105902824990068,5.422022646451471
967.6986533100331,35.67377394023835,75.29487098796345,6.018366196076796,25.81370525641264,924.9062380177339,42.952836865408834,101.09656293778148,5.779098190914041,37.556637880305296,10.656482988857098
45.64382022924754,179.8158363634797,21.520774827627935,13.031223587475385,43.61909707280976,44.103943681243436,216.6451273212121,32.91030764167274,12.938683984364951,33.06025511958751,5.176989372731836
645.323828356869,45.037968334581144,69.39820879007675,19.395562531105714,8.97347338726505,718.9546962283323,110.64902273068743,75.61678093937776,16.376080371619402,13.955540294207413,10.304058833447861
80.08165310809957,32.79269040978342,11.480407046368336,3.005392864310949,42.762566511277235,79.37975245644193,27.293274637393214,14.799597198802996,3.0619001139528885,44.45746815219213,10.851132912757722
46.8250751407592,72.03764304767526,106.55229077632605,18.328365491761875,10.183513787031497,47.515648061028365,65.85191338829945,113.06491868103383,15.23998752466601,16.38240060090639,6.649849253926724
637.7958658949506,569.8652233886552,738.7087029244798,6.118465807910589,16.75490495892053,726.2594365469104,482.7762122779324,659.3558021368947,9.35668684864413,20.98864638550493,13.434469136186122
326.0446203810794,29.409487477901212,106.48682521640912,15.995128895967236,45.73568515946462,375.68195481233647,18.45062767347397,147.25142963663637,17.227719022237203,35.93826479708476,11.652288723218835
232.20561872188324,577.5731791367631,29.250192598308818,9.167132175228929,4.3309756005102304,259.0530757071344,62.55018057806255,27.815249766919926,13.811741763121862,13.878114879191196,12.987769645934929
47.3122245530752,149.9685326611964,155.3843356202161,7.856165453314222,47.237688688206795,48.006286619455146,138.05058989977806,173.13149373794778,7.298814115905567,13.755348175633562,7.489819955804439
46.405049450475566,12.082936852699582,19.99156926771453,9.716926474987686,9.329642800913108,47.50794678890968,13.33484984565622,26.660548211401835,10.123987963762557,26.34891695700603,6.2142669989289505
10.007226200830791,511.8705969211815,913.7405101518344,15.559022547876163,11.4262264495566,9.531553077980062,153.67841264632216,531.2314194254456,13.725036678016163,17.253010331636542,7.275973738505017
11.591460724864415,435.15770958096743,240.632033708775,7.143447993540531,27.054509818535514,12.018793029914596,294.09274393389137,183.37393197770484,6.957318123447529,22.952797428934396,7.825237817468938
62.132787387434895,488.39324328121637,259.19383666261825,4.527934775013806,9.279107127765949,61.59372920575144,407.3044973584798,302.80751268551853,4.26946250739329,17.29926611385694,6.086475529999631
28.794666971007267,18.350353528904733,226.62997309479923,3.314817587942091,26.30383671779039,28.565621139299676,17.606874943262582,292.29719446579804,3.684338345421504,22.22859968315753,8.700085533142293
49.12942167350958,16.48240327880068,10.843661066762461,12.417844561883037,30.614406568011656,49.247642576285536,21.08349866325309,11.64492269922604,11.336052247952573,17.675300010865588,5.087477198974706
186.66657835211876,211.199544051399,67.46095308874685,9.222907350370965,46.030523619692545,194.70383893750784,307.9007595425111,83.35088413525101,15.02616076657867,24.183755931534858,7.147069283691529
779.3332251939734,857.2219427228813,16.20736329309789,4.436145036623121,5.155762914604097,821.5238791244988,37.69388159585316,18.374737315982873,10.03236671902589,12.665513559726957,16.196704447334973
776.7773890296628,12.640418972929783,315.799546557972,5.894639707458692,43.59722394337627,802.3085261194902,12.4196989636702,434.08572299489924,6.12640125784146,43.23775003263908,8.441924239631884
12.534952319524178,81.04366620365964,178.90253287425043,19.33723751474028,42.11188636910253,14.276233734552065,39.74145813405941,379.54186233526383,15.596202314583488,27.78708722198169,20.078856081793482
91.39321902540154,102.82445199532135,335.0279468646972,15.901980617734152,13.2947251115448,98.76546484507617,129.59195341056213,393.1435287808064,11.919272770829165,26.016079744460665,9.889573186184258
270.1237872141328,92.93233697595018,16.625623004366727,11.58373893402151,45.71243125293499,289.12790384784853,96.81795425721926,20.648911667156096,9.519983812118937,40.728308870599584,6.029935942805771
930.5248973669371,176.93910585162337,265.5299431981405,18.045171816788187,35.600713544146,1089.3829152929886,202.16847759890967,239.13538414677353,14.67295989281555,14.594185138362727,11.166542420628959
212.44040966173776,18.54450276338755,366.40225548071476,6.163336426267558,41.28864286412771,257.12784456250546,20.26216532112187,552.3872413925874,5.616684453070221,45.7846862351686,10.661351028632005
154.78797881334182,26.56243904876487,23.39749653590936,13.149435125739084,12.083319058851416,152.40042874650604,36.52431986416222,22.96673867842866,13.071843428596893,20.34610512243339,7.348327414539941
396.2465336287628,450.9077444176906,12.726736267179833,7.288837603285388,39.554342667018474,433.87392838592933,432.451376137747,17.773074436970848,10.239816057564273,33.873063776412096,8.048259006394046
11.04258015650209,162.58552881537764,418.38357365238204,19.245164888207025,33.59095715819934,11.940051160721485,119.76051144954747,343.18075173044764,17.567663233880683,19.28053813600485,14.24417149197402
599.2886312439246,409.164566553681,334.3109770805649,4.155883649862583,14.926047750780773,654.4408236489561,400.8895461159992,317.12913309127725,3.5331672748718344,22.120793248259833,8.825387948775203
103.32626681218294,116.26077778196509,22.158271079374032,17.08402304506178,15.77925872958033,100.28063185878163,91.41137782328971,21.156027550897676,14.244624271304124,23.857853649393714,4.109749897823294
51.78432602583767,257.09358857340817,37.928948006958336,16.87388904030122,48.28985807667322,52.968348441015834,406.3008696801606,35.29635284428331,19.053903175640475,31.04747192252966,7.3093188140577565
68.54047850862293,39.00799508319348,20.633744395144106,4.706146729724742,47.355149695011654,78.21980833747423,35.7114540523185,24.346408239783727,4.040772668139037,37.76828888681222,9.592779054637127
195.4361409494068,13.583338936628502,45.25053255261792,2.3344039676851014,3.1073871470031698,185.05270103004474,22.436601973567985,58.868198612554444,2.0034875814278976,8.211926995130742,13.309645811093382
234.9320401509638,11.711090488414479,161.59834924206226,16.71385505195155,13.529620077131755,256.64500214643476,15.59297799117441,406.85264114620105,18.242597568751584,29.35158122751005,13.26695413942999
11.772732925791486,15.381333934313904,32.374240195764045,13.44775255514237,11.641666012278035,14.33445649906981,18.739191312843037,39.203265232825,14.675286690106399,23.53685787612537,17.02260213275216
79.62543967322543,15.228329781424991,103.69780710074035,15.410646172630962,46.1136580686081,82.17477296339466,13.02250344555354,95.54889259599355,14.61325471436721,37.97581096239262,5.269934038889641
110.98233135665109,350.9410278753836,11.788699699612767,18.72257851787644,41.51119349673138,117.34667149343069,380.8218881363423,24.594345276424768,18.755763659280113,31.02693101150145,7.547201913706895
58.534557018205014,101.67532455137057,407.5230487329308,10.253613344388333,33.610168237873,61.424120516188495,112.45552035799328,382.8286817470069,13.105467497368169,31.419718475014733,5.422948124402532
45.74091201845411,16.40919186613442,31.08424638990962,9.84991177986609,9.131597450772388,53.92543149800284,20.38813034999884,32.80143569546206,8.331839244482632,12.151450524486338,13.841778111071484
102.36796098524474,158.33341545696348,30.74892554054613,3.4848139860090197,15.123968082683572,113.91266903294205,187.071491490535,35.02343053563644,5.876752785465222,9.078840864998442,8.294570925638357
32.067824627272806,356.10836293780585,349.70245925225464,8.188042270251927,42.086037971875214,33.20812249822999,347.25575397191386,376.9843461563901,8.710851115073059,19.77011968627154,4.922204440994983
134.9894544854993,10.551881621402767,280.5743328814482,12.420928192022814,35.091630187367876,144.8212219599296,13.422641244677239,352.39964905439206,11.335103505669677,36.82410719737137,9.782207463440386
321.7479212454279,240.84532058274115,488.24616100987754,19.04849171471092,48.31452066781605,360.2190823340344,261.4771801918745,342.44041398956506,12.567268274674543,20.289002412356794,8.510856740046718
289.4023822370566,17.963134853255518,84.30687286405113,16.501523208281068,24.835637097098225,302.94365375765,16.081310817487807,101.32702048311563,17.348693375574054,31.987441297887738,9.281651276726688
266.9537414386659,97.7556072069398,22.274954372594614,9.437972105780387,9.504835843065438,298.8512777278437,68.97486575099042,23.01048790525757,10.329244082950389,10.574169265855172,10.601140909730484
368.3225400990217,86.89857244367,189.93869645756757,19.648022044544028,6.56547413611023,407.7515958829425,177.78448950566954,178.85405407689507,14.368121665054277,14.703780504253377,7.91978153954699
11.065049417919004,915.8115917697329,32.983218471216,12.269057869058871,16.412018409817424,10.999496439857557,321.0082420382674,49.643831455833855,10.76396252281093,22.886492873993266,6.3562912115606105
468.16773750799206,15.225334011335146,65.00748166043986,7.731156363699669,44.039643083613896,505.3206759077967,14.629919868168269,66.71617910945795,8.048238894482711,39.048083193027296,10.647117183196073
37.176876105230264,80.85869399045181,266.2562181664498,2.676249668472752,26.484523214657663,36.807322037045665,78.02514252131664,322.5209227494833,2.2116846025176167,35.771696557343034,6.382125987417599
26.10182674362387,634.3047372729733,237.65878475106274,7.38728890440269,21.567352578181524,27.755800775120083,401.6914404363532,259.232938937642,6.922468142546877,22.052934771153414,7.42073189542957
34.11130507368239,210.75606279052676,620.6484357096656,19.62809032806947,18.80424133544697,36.76567907583247,106.03417836038518,778.5292310479523,15.52056606953024,16.592252912657926,12.181778613708081
976.0465737956595,60.207602661332764,12.599952818395776,5.867368188106702,46.60100100820621,1241.3240691652722,73.37114695659768,18.310737200807022,5.904474811679136,48.458008955874405,32.246844329019474
116.77987611542163,32.345196418167504,10.360351349479746,15.263759522755482,36.74014314695748,125.44961587806533,28.252068509496024,12.074008275410138,15.363718945520269,29.141911115499582,8.478955031647772
770.8308320228192,91.95976017531072,12.98887148416502,16.026837733741786,4.265988780727618,894.0396574839571,64.60860293439197,15.470293729161678,14.151858551681276,11.734002756125005,14.67182232736046
42.56623971843836,56.29181887638908,63.01342608101957,7.967315401389166,16.99932939079263,44.06743245927939,65.2511325179637,78.37081229433883,7.863058075503027,18.462115703769467,13.153503316445372
131.38217204446357,103.56524950502019,69.00188812317107,19.58986515305186,13.65485220617756,149.97263517153596,105.57907014773735,65.01171865598312,8.030355963795294,30.714234048088247,8.984996512127198
895.3375987745799,604.1517703613771,405.67024529499184,18.929411504027,15.834518218100419,939.2929712772832,561.8535725704384,384.3096697446387,12.743857372037628,23.919390628328184,9.919289911289052
361.582561858169,14.859286052155166,24.072539329969498,9.655087217608388,46.648732579748994,389.01174632657273,13.546819858921367,25.798469490234908,10.51359057064784,32.17691535232834,17.888027290951257
509.6971364228724,428.1418975325162,68.03109499317107,8.828009762098354,10.073799635967667,581.9712424474556,70.24746221454755,81.82276864219307,15.74515373876908,13.785663087614017,14.593540165574936
39.73060047723118,820.1533242555373,372.1487381795172,18.53191937465206,37.227101732454685,39.23148124376582,226.07283482498656,572.4281304098205,14.723835299624486,16.655923219476392,5.482497059024308
465.7468553381399,112.3652418003826,12.45164621870661,4.666262430190297,4.692006056288832,538.2699710651973,22.97136827574416,16.378269359030487,6.0853691944824755,19.927227303412877,35.18581429949732
515.4222472771969,10.904688638542256,180.2122581251812,19.633138141361304,8.433697371800536,595.9753102021534,37.390774286438024,189.4858343466332,18.301767581258794,28.011275869530063,11.238549313306756
734.572651766898,61.98192478123917,28.342827076233032,17.083331593986575,27.900533769954293,789.4793653925993,92.89074447455226,29.580885444217195,15.104705742924592,27.11708570999279,8.36186283046847
87.32267875536041,76.51944792590695,314.6201555559948,10.436199920138446,22.218599846074444,90.44768312296517,51.00211731900027,352.5543302215364,13.602823738554278,14.062694161296182,5.190158952151059
171.67206549021296,11.602647663687765,16.48053876630668,1.865150060560077,47.53081148410121,157.3093732593423,11.396450824772188,16.068339716513943,1.4366496146396086,32.02545202479925,19.826422286780332
19.226857555571403,966.0498966718621,332.92378839375345,6.89031206798005,9.477021861796393,19.14478716804176,565.5201881909036,184.61334552884597,6.657402874215803,30.34648639053169,6.226150852497094
429.95159842422845,43.65124746815081,81.56703711780173,5.693701032257569,46.35104918342574,480.1351342554238,38.808574500939535,68.39905829414379,5.585894359677805,23.376905089184056,9.427305519326945
70.2217012461875,866.8062742715812,12.98374210601079,7.955558306499626,2.365688766267507,70.38274551107415,393.24264261911947,15.682220765673538,6.215802543114225,6.086401372314899,13.491343576162828
45.22199759958482,18.456617424173697,51.00835817850641,18.041567715290515,35.508393311736214,48.2377492966838,18.58248359821766,53.396480346039,17.092088696653153,29.497610702312212,8.39987383971134
609.1276418022815,158.67504350407785,833.9118454993021,14.05295756820022,48.03707036091981,696.5252351426316,95.17278302656472,528.7663581520368,16.213586848373364,19.083306435459594,14.648009850334109
136.10547346019845,328.7338865741643,926.4759539522562,8.966175370115298,26.69998649050548,150.0995208091981,326.78955176308324,864.1888704328255,11.01328905884871,15.974857442688927,8.59494784966302
429.3187250292642,388.70095896601737,216.35015063625193,19.682091494069244,23.195034946231065,477.4527221220076,461.5314396127447,190.84659011614684,9.428684418042858,26.87106680183723,12.924591666340342
60.56154785811927,18.24969208424772,109.86146171596872,13.738099349858894,8.188473955856109,69.23907238169761,28.72039933041566,146.54208407211482,9.861603527441007,20.032703867612142,11.639746546626558
123.39881827492724,48.70115754898438,491.3483058210556,11.558513462301844,19.585675332671943,122.84993205437371,38.74916861838914,543.9286571056163,12.012173586557918,17.868567247462337,7.168283195127864
14.68063669983643,20.167276119658244,62.98980144605054,18.808327779029806,6.2773708136654625,16.32569924516604,31.70201540959222,86.24178339883197,15.593564975368272,24.00005161184603,11.953398664422897
16.4624134248771,22.23324712602008,17.250043833848746,3.6088417238483497,14.502622187346676,15.176608243332126,26.646714382281317,15.790692514307294,4.733549883992143,21.616587279075176,8.338035794517602
419.7526044190867,96.5539446454168,11.135239465807325,2.36738392054073,42.17765122383573,485.7591964793132,83.74712674173837,16.01177143421512,1.9081651081075404,45.72418036761697,16.117099565443173
358.7979091809935,336.1512364531399,210.8103012105021,8.434640222873515,21.170876796176504,417.03130829143487,311.73791947084214,233.569041491396,12.321910819536468,11.495483220902267,13.461256280490765
262.0123379630925,254.2278991626319,591.4679385350295,15.462129365547923,41.58193942965882,281.7837857096905,244.66840244061245,505.81869824691796,14.20431693491097,37.42703900026717,7.322090595721181
22.087156053872896,33.05557120363,20.51917394459939,5.868592605336004,39.11188155537555,21.235595789363916,36.25766783456323,21.591066910198148,7.4732157614022,30.90001216783347,6.379211431871906
345.0687681519568,581.3140910074413,28.754854402425156,9.461477636018117,26.5624906602926,376.66571665957565,594.4783679776125,36.06939864300743,11.3302295429953,20.20222226374888,10.825785741228243
57.134180321033924,85.92659104861123,31.8278197622108,2.1669472739194617,4.981863830725892,67.91504495055105,81.91156978070177,44.941889153509706,3.5357770742952126,5.532939866441392,28.789318098675192
51.017406346897474,18.440177352631054,746.5752058700657,1.3824704699980594,39.90444452336299,56.08924272705339,16.682093880399513,315.7169408131123,1.2614249002911226,32.71741332993236,6.706867673448268
244.68683505142425,407.51008478758735,140.0916896661138,18.9854974536101,38.62119836866028,269.07011986076924,445.7472347059494,145.07851931088226,16.57801179081477,33.820482861484024,9.808913717971713
78.75031526076793,69.11272893414531,61.4809752419829,19.957626164107495,35.269677592915784,80.21566965262603,100.01767341349748,66.76922660971123,13.885197201332739,16.728164409390413,9.416838168097435
377.77950720977367,31.812367681432026,20.04145657827429,17.184694116603197,20.381191828759317,407.92382831140117,56.87911610454493,23.65046949029891,15.363882122867793,18.05286852927996,10.353859986748574
146.3913737549312,341.89368344390726,19.476533220285933,1.2915846683329213,37.638553340263684,137.530607088625,318.87478756047705,23.775813144325113,1.534914860496586,40.15407954309544,12.967841094166676
90.80896570265,346.8846465057473,622.6151554714107,16.64407923604247,10.841970284515135,97.80170861873958,239.6469404198107,739.9128873878432,14.38285346016749,20.14515839679367,9.605021091035871
331.1232894815937,54.26101751673226,26.55607557790843,1.2720079991588888,17.416965161546887,398.30683600508974,58.65354308588739,28.6838171937863,1.0419230671268278,18.96095593119911,9.3704482883463
97.65238895162796,915.1639788362558,196.41732083467363,7.681186366892894,26.885345228745344,110.61411337225414,906.6850078623155,179.81438861508886,7.053120225818296,36.84477417995486,15.47598833305304
49.10305783567681,11.890926554047583,688.3708912775112,10.533869605563048,39.27329132797457,49.70543962865424,12.160395312996751,496.2785360825368,10.581243781297408,35.04557233514391,7.139673773480272
61.728554672287274,23.097451097194597,29.948417883857175,4.086260818282243,4.738158828127812,64.83744621478029,24.41005214275184,30.748196969152968,3.3026846244767394,12.127978407785246,6.644138106791646
85.71450407862054,16.56891686912179,185.35027999330637,10.115017648004622,20.416438174995964,91.18306076990017,22.05399948262917,212.08603139583207,8.90269197487825,28.541468429006294,7.143526370175439
12.947373542729693,102.80847211585139,139.4765349409538,16.090612719643765,26.211178024401768,12.055686418862667,85.23557846906738,175.49029945153617,12.317712425650226,18.801961590444503,12.846610090943553
984.2183726968027,660.9551267115258,40.564248773402674,17.076992041119592,6.572341905378551,961.6162869597339,227.04128819817674,41.3451324532423,16.144268008237894,10.464795291917575,12.681246487166199
14.081037256703201,790.6944335841159,699.5746061968262,11.58767044278709,44.56632391522212,14.8838489630494,297.93978500596893,591.7754588736587,10.444694062453614,19.294469219334655,7.00926648674614
738.9995926547015,122.48607621338489,36.51560780826599,4.006218849682913,49.45809261970874,811.3608086003078,119.32736450950215,44.10366340597473,3.8274103463030675,45.96412099122365,7.210478367285473
479.0873966091687,24.29307964958116,27.82802192186284,4.7209339678474525,41.19692742356996,523.5108871387985,20.76493658172551,35.40425312685522,4.762075354516738,24.90026124561514,10.791985190208326
94.65017317126032,10.139856775096098,708.4218767772776,6.103898950977675,11.701069192185614,106.82285533343237,11.310847515539885,750.5473648133861,6.3942598205637005,13.723696424248809,10.810782828949842
32.83561940664454,25.560602028795962,136.76641662096034,2.345815165806392,37.18353197833367,32.71917906816795,24.765182603570732,193.17649526035035,4.041993298089371,32.64979458417571,7.044517618483787
143.62121407216293,19.144966021579783,880.4252632493511,18.154961064975385,46.25108031196162,140.124317891655,14.173426025701092,335.71016747336915,19.16852367685905,34.036041986994945,6.219279254581593
18.695260021920156,33.14040320753063,107.15338481227482,15.461113864242904,43.9116315926229,20.41230854991119,27.92272251842239,97.79286915648386,11.474398215174682,34.40361447615849,10.623840228605076
24.515084363723982,806.1705321416857,98.45418919691315,15.549106645593039,2.518950164419884,24.28160002930838,67.70510051175432,99.3156961017381,9.788365535009058,17.53040891348446,5.870404050396147
154.37922486929511,26.01802605039182,133.74300816159626,17.75623712563962,34.00799771314159,154.0767131446621,22.57076813441742,136.10577773413007,17.00282329745571,33.48237345939208,8.190966797694788
729.3623529824598,51.51754817180993,491.37157942694483,14.728749519974613,47.2642137247015,928.9871365706467,39.38271458172015,314.2819870578347,15.322088986685625,28.719755862589814,22.774147382827522
63.50007466311576,18.836007816451453,18.875486163108267,10.694724047776447,20.419493952525524,66.35560053517467,19.759243771449587,21.087324733826076,9.081012099084461,16.363898956048345,8.959381562722374
14.203746406601661,26.798095748456557,10.847694451160592,11.13500418999044,49.436868564149854,16.311701961523106,44.36167199960193,12.830859019157346,15.109310862579983,18.62316706488574,12.90913645192969
79.82423826484646,13.109294594934113,609.1920230486604,16.54484065989137,23.900054946937622,80.53849483060431,15.819759588521666,710.4524465552794,13.199617026160139,34.24762894071953,9.214562188480977
435.0729852676851,15.437525104693103,619.3440171167946,18.88471314457194,34.07532510996974,489.58281687548407,16.952835905303473,313.04489019733757,18.243758577282673,31.441867473821834,11.920232139330954
274.6764344464267,662.9261315967279,531.6639950179433,18.50601353637565,49.040549613860684,332.6164145754647,566.7952548431996,629.7465664653014,13.406656182978258,16.239621954501857,22.400033590354234
325.16011544352847,147.01551521302997,14.77461903696989,1.3284839165304372,39.54280435145949,317.08877349815793,111.67728094352275,14.764729681248358,1.1472294750698357,40.5516082999403,20.222246407152316
537.5011055204432,440.43977376531734,623.8986953366234,19.4208088841132,36.22535077112467,623.8108073164693,482.0854968258178,539.3358946771502,13.45746194383604,19.46405590696472,13.47524352754281
30.684198202179843,305.3271375194247,72.28860133933816,17.67936960795739,6.301373961676566,30.0215124350231,147.71691145554712,56.29448546029013,16.09403394045208,20.76674562309493,6.40708788430701
42.275998412058556,159.13874825444105,24.775596337600398,5.445619690063779,33.81494036262621,40.70160531898649,299.49166534776344,34.44670726822062,6.426367315204245,17.830214858560907,7.71008344741387
209.49195565106652,323.6329671703564,11.866463934779393,11.521479791039294,29.642108409722375,208.83066719023202,384.31818658855093,16.06161721416642,11.043993080825793,21.632814423723616,8.57686195821473
30.49126786817872,151.92813383929942,151.81585558975556,17.126326908781973,11.519377873572106,29.945699047194616,240.3234612159424,105.05481503124152,17.525420694006836,20.270078810153777,6.710729285616349
11.311247895350968,14.193615451812034,886.2371900534488,15.178470607530556,47.51585113290668,12.969660272103939,11.035462352429958,455.58201611828866,12.505562950499892,39.14192059269724,10.943430837770652
370.1566858677045,582.6819345150542,14.280624414626734,19.84548094885857,39.11913264265948,377.7971610003722,504.2802512117919,20.12385536355191,19.372138634161626,36.83497359294792,8.49203726368838
89.98066840477404,110.37080939407434,14.982711968087244,15.883271066701752,5.425570378288916,94.61997802533868,44.19268641766118,16.71422465846447,17.016529782393786,11.730763263422018,7.873435359655632
141.98611056405866,468.97246588620874,27.439379571912344,2.470797788522229,7.593935177368284,143.36452514874682,788.1216672293504,32.13767709527397,3.1396968475318663,5.443256882862324,20.2640395767875
18.172449138624103,57.70668187094432,67.38134457853626,3.4979751573543854,23.507053147646374,19.229221957773444,59.41008190411051,73.98545641549964,2.904992424319683,20.98549391876238,12.789622742869607
233.61782818274992,974.0588308303181,20.652665894477796,3.9323821113863606,39.94078115702807,237.13675260400268,868.9492682703838,22.454812170469115,3.8885437824781732,49.37614918332069,13.95307720532257
804.8301112399768,37.40651207716333,450.1373041113377,11.525896856223774,21.520184505464865,899.5957816703627,39.13576172288474,645.6664290236924,12.734130472608621,22.47631435778787,15.743341845301511
24.455927765155717,39.19508551403193,12.910560014339607,7.951724835954969,38.81700350487355,26.37435952249312,57.667188795074345,12.915472893382722,10.227800590554132,24.721696774895385,10.926437966971905
555.8123769069765,745.5199963362297,22.336737115543414,18.130584218311494,44.86964707485537,637.8187209439702,643.2978501121333,42.05752301141644,17.387925123790705,38.04875215867786,17.21164926924612
255.17848011824333,10.758147014170499,64.31072503754278,4.340287616752708,47.890745039768085,251.4045144152294,8.927549632390688,77.38376665727382,4.4169542240577355,41.79612156984935,6.989976860587302
11.32947568913631,40.409776069862424,231.36618705242142,2.634179133631749,20.046310817083924,11.3149190819496,44.150035970930894,371.3732706061223,2.1746482544279693,28.725068123094683,10.424832656905304
748.6901627304231,121.08281015173758,94.26412710445703,10.529399321353612,39.40951859604982,780.7224435112232,139.13327251955897,119.86949155979799,10.404756131173539,24.05209235531549,10.388456711370848
90.34926907434283,37.683027955997936,67.80652831018759,9.415603921585909,12.671028074553144,88.73818641768622,38.68927304566133,82.46662715355443,8.284814353819392,22.94869998314914,7.177473102640572
13.229238753943697,293.6683377042756,159.5565536212851,3.592820517593475,22.6875604371157,14.075810051823506,298.313456149081,187.08298232507238,3.529472659627447,16.511955343957748,9.283272833695408
133.1849368870899,720.1337907978655,21.165186630593233,11.459226462288425,7.072300177367823,141.90994035102355,441.53066852437075,22.616912458178785,11.284152543031706,12.259565436881479,8.62318977162095
316.0615639324765,26.857822465377108,12.154279550427816,7.381716085620436,26.27566883080747,330.3987303378883,33.627425978878286,14.426841042655582,7.588784487845372,21.733028554712817,14.535945359629245
248.6144327219072,794.8348767438357,39.8029403374508,9.725571160917816,36.25648980100145,269.04536580855626,814.3871411419492,41.057001525645546,9.216436500362942,32.70940359633184,9.061526678833106
105.68588630985448,171.98065848487744,36.90768457497739,3.2572820843056807,46.59604896111643,103.06637719609388,182.9240895220325,44.577696143308565,3.3527210280557695,47.163847005042555,7.738992122031552
296.61901999652014,26.532581888478,558.1543765868047,4.710908851987722,45.59814131654228,342.0678634699512,30.42185249247297,546.1643716569303,4.760689376362579,45.149138869972916,16.860904476381627
122.83491387945432,235.10123777437127,158.93211380718984,3.822842304944808,49.97869930541466,134.1705322105206,346.0065305076256,159.5601033216561,6.604776060707835,17.332265770553036,7.160734907682693
381.2226257854329,24.670344400982646,25.649492005756294,5.511095627697876,39.898504992844614,396.58838306472745,25.785247388608305,28.29261779529682,5.361164249166669,16.339307043718023,8.040370753627837
19.772721084177174,10.901874380898672,100.56952040008974,17.39180945199576,17.647570179949987,20.93892345249275,14.29553220742661,188.3229368262913,12.343585788869342,43.81728031127316,9.404806789838096
10.743577336303423,44.10423398408502,10.17288955975678,14.586548656663863,42.496228229149324,10.791385262864498,55.147532342173676,14.14611710769366,13.769488526709583,21.678143720511972,5.643875791426163
61.512765891138415,130.1978759934563,173.78913992225446,14.569390905912185,15.274963771794706,61.3694494154669,121.48271683744954,178.47116696995434,13.49711086108484,17.61215560817888,4.466809474289639
189.5031683841775,209.7649288341168,600.571682715541,6.398647454624417,5.23061264037046,196.31995531890615,368.00049369702873,578.3963618061741,7.73030848738544,16.54298547417325,6.225494697491454
22.79542987667548,10.547890518502866,55.31735909467718,11.559551687574746,7.9496746056260195,25.093894096437054,13.561786165938177,60.091213017157216,9.04553698069883,13.772727363125986,8.844477862350303
442.00901692482756,961.4149959447429,40.22388816081443,12.933084441548647,14.309729613776955,516.310524730904,649.1213237126641,41.850529939949766,12.470145115856045,18.50554700612346,13.303403295716823
25.64803766505588,48.77125271160239,26.70042562894282,7.0849846101678615,28.519782463898995,25.3600035564623,53.886718819465194,29.827619595164965,5.818554308471485,25.589045286661065,9.106298261567465
80.97185595219165,33.71484884655996,34.72832497195585,16.430770942763928,29.506075532650254,93.16136024978604,41.67305878906615,35.07831822274106,16.156371866349932,14.846813531628367,13.798900896026609
114.57712491307119,350.2222891844981,702.5990245697603,13.819273062323374,47.12624054776802,122.66655112085834,256.18852773401625,499.292354152321,11.602783676950306,15.440613267093322,6.207216361203659
58.00817803912663,617.871707426503,545.0634849987405,10.037578079212404,36.47763042596517,64.7112119847023,413.66348193837365,396.1717821862926,8.710659437337059,22.559576021972607,13.375995351625797
168.67186547801833,62.55503230830975,112.87885618577651,8.641078728971998,21.14154138015494,171.04438927309732,37.666103536348615,117.04561637561243,9.256420180718617,7.026610547486173,7.097842139796972
482.6919652110339,307.14008760687244,98.50177302581972,5.90898544064291,41.887033553256245,525.7633176165889,305.7976752322024,97.50675688934632,5.68860283969236,44.46308717041135,9.235921419105601
20.408849197113202,26.992075386108127,29.78834204976769,8.913881875240694,38.45889626313353,23.86125035012006,30.802303771394,33.98843627978659,11.368921085702798,11.626837006360699,17.21412675738888
14.816366119151732,16.724136885095405,73.23121457418893,3.3888185721039648,9.148042079727595,14.542652825077178,48.54345263611028,73.47170418733444,7.9548680743561215,16.45453936749503,5.404447283583321
274.7497739952665,140.72259750140788,10.101221086347115,18.704680982377642,2.5949583781139847,309.60914346136235,49.831847506141834,12.054296082973652,13.83172511399173,8.867201108127572,20.09513469826219
356.15911538363787,135.2003786844505,32.3662807836395,10.913095996009648,2.7179626848288425,352.6449983683846,56.026704817400926,39.07924330159804,11.803163457686722,10.570719610716337,12.997826306838615
155.66163201002254,23.545396530977555,19.79790200216051,12.972795195957959,4.992724181893094,173.35627293947536,34.82413823787716,22.14349856079322,11.808138293342976,9.8782021735959,11.432583673704592
138.949280465965,586.4617393401946,81.95364527828178,16.695845077272683,33.42871720886952,142.33363768842875,649.5265355606653,39.75536507403159,16.952384698906357,36.6805640181522,3.880588574408355
10.396729938055989,60.61193931450949,61.40959257343032,3.272877850712512,22.980318164611816,9.366929917331875,60.53191229723398,75.78798923594306,2.5899512023844773,18.628307281927196,10.80593957917062
47.31584478307532,195.5116856200976,811.7781106155727,8.866285593195197,12.252039894107728,51.13484651152418,217.24257874310015,699.7352608244793,8.489635865733565,16.334499117088107,10.230930274030923
62.58828459422081,11.265418146172163,19.357782310729796,5.258162912333873,42.28255723704291,59.92151877168907,10.438933691790586,18.53966683048411,5.433471246333739,36.354206247084086,5.932769920549678
182.11735282367715,41.02491922639349,15.533555071429948,3.7574359184237123,23.004070771873074,177.50351444333307,36.08839629157781,15.834218216129221,3.542822824647986,31.35903811678357,8.300100995881103
279.948858111496,60.28047665172808,54.29348465895268,1.120268189664959,19.849498454538086,257.52697453664837,52.249200646458675,50.70034317869012,1.0604317948450643,18.502330931525133,13.816278367323653
21.628491893232624,530.6652750126373,226.76448572931295,15.0040649619255,29.43350810056726,21.41197801420289,522.2061503033507,105.27476505684147,13.31310224319597,29.116498399855328,6.595567417250446
124.96051146054856,101.69123585146751,20.91622992681393,9.472443444562261,41.50445479324837,113.58971775915518,79.88976354012125,19.820195306728714,15.442147994579154,44.14728099795705,8.697678042744993
64.58810720609493,716.140204110564,376.49996106001873,5.424001712427927,14.049433570026352,67.21965056554883,450.6863490287955,326.4131732094697,4.431189810921989,21.68023601191072,8.470562497902804
112.8955417695625,50.62182144352527,654.3407371473292,9.765086950855157,17.923353552628885,111.91886581593401,41.56863279337646,829.0967610052304,9.45821389056036,17.770074499974793,6.911405708219986
155.70248329604354,93.66616807171984,308.9841976483326,7.511083707241283,48.2184213883691,167.6398844628019,51.39030608166465,409.3214099169521,10.881888617521568,28.62382972969736,10.937192453483762
25.509048646696325,17.235178489594862,97.39891902680623,9.917250286218847,10.838737486279616,26.859373412457575,18.751600608895654,121.86493549070497,12.440211951526216,11.63184011490418,7.546300810957394
413.9149708099487,21.330940373179182,15.951480534715948,12.982365193831917,36.88571974106685,491.3943304969036,54.33629603700316,19.3909047964931,12.043551969767776,11.381829410251783,18.830327690930407
301.7594760634108,23.284728654074854,193.40656329589223,8.652583266922672,45.36934634498411,340.4089212665339,27.42098384339933,197.19936463208322,8.44171673012527,41.209033669616446,17.25134429843309
599.3280251840259,13.069967336301973,252.49139593128484,10.55072868220062,13.260218852011075,721.6489484226098,29.886374091241965,561.1319664354302,9.458414729197449,34.22801597193642,13.754377358892619
262.67893497189317,30.489687583198556,34.777657516716644,19.26618001162542,35.60396032967994,278.25324247798267,62.57073704011332,37.693011321692346,14.781399265963941,12.243053616983806,10.325254331540478
22.438276084802517,25.59592604109504,61.380498190357855,15.357182621722936,13.123206211402076,25.042720609621465,28.51046019332754,88.44405391982016,12.916770303348972,24.5338563981253,13.188930536717475
887.7142519779518,12.73842567203245,19.872565911066324,2.502611243742573,26.942574048689035,897.1173510881083,10.688867148070075,26.00457699160252,2.543399898376523,57.53078804972269,14.63384066331348
329.24141383768784,363.5353240268389,180.3116675266868,17.853998406616522,18.359228559434488,343.3457052376791,342.93527815096223,164.08692259808566,8.562522701288726,32.20850812398168,7.336640354452778
24.428586181258293,983.2072265143775,43.66748060821485,11.271862587049768,46.60594654706295,23.727191870273412,506.41657142992443,106.43737818714683,9.620532086153544,35.48597547952486,8.261585940977398
227.7774783218077,527.7229688194266,22.148002597370212,3.381660323940247,37.31466224568196,194.08319966868328,445.54373915146056,26.18449595644766,3.013101480763633,45.98302830133269,18.705152739982125
354.06062841768255,11.516437262871642,14.476526376438596,14.540510189959793,46.069728584390724,432.71626703735546,22.01318950967242,15.02753966615037,14.739973772410433,19.840926141060823,29.547834264895474
12.645090919383273,275.37077031551075,401.19630251184986,16.93710039833909,34.32262912757818,12.903612116723462,195.5281427718797,358.6658421951814,15.686907519613356,19.202108176959335,6.950612064944189
584.2813652853771,52.03764991464806,199.59724341043642,11.79625565507353,39.57386007624629,651.1163126064937,46.1528151255239,162.24965471293203,12.778569287709832,19.892371765656993,17.878318188559124
712.4672421809902,33.14670075544281,302.727690103898,10.093273609912448,27.783679962562164,810.386893932176,37.04635698845881,406.26567982309086,9.366682880663554,32.79010469055854,10.653458906217926
22.845424548517983,64.06771795258722,566.6751473959554,8.19254293524549,21.131084309164315,23.63766175039883,78.11278596024579,524.738862587882,8.696635330943936,24.934431682273807,6.633268027896054
57.17228831039696,15.462493728818655,21.48450068509091,14.73916224076234,20.67664215305984,62.53004920052921,16.217054850415398,23.273029772861214,15.715414557519543,18.734959533083476,11.902617318505031
30.04623704518415,109.02750730717968,106.95118214294276,16.6488348764341,22.807473088195323,29.844896890098862,91.07793270639378,103.59684246796532,14.353623272938723,17.226852386111485,5.881395441231004
949.2863084701485,18.861195831134808,31.87649608235279,15.535940838296343,24.38704355246432,1022.6126532801969,77.54857745683593,30.623188506629376,13.144849303229623,12.32957155339097,9.183455505537562
246.65526718528974,13.089811908505977,35.956417063087436,18.973884590664102,23.05140335516668,276.81215033852874,13.957542547791212,39.76498285889241,18.652311248042093,29.461951952461625,10.196936206129179
273.40562719272924,11.375137994533363,11.532032499690493,16.326928701214953,37.900721084017974,352.24795806891484,20.276699182309432,15.435495034545136,14.61701588110757,17.856223849795132,26.991231386229302
348.99810025102767,38.8396255263071,16.454136923652708,5.36864806762371,29.818980348686935,349.7396579088759,36.18293283485973,16.663715032835476,5.131379078322961,40.36086462366158,7.9894025126799075
543.7753132154413,15.560096878905712,183.88581587064127,10.169341625234845,34.58242290776837,563.5704866525872,14.909197455262204,455.99432947276983,9.57561354772106,37.58694448417597,8.119351961480994
564.9359280778874,259.3773140229943,15.987859321525635,4.849211988353968,4.472506134823993,645.6797398834261,31.022815430768716,18.228357296705568,6.35746816822527,12.22911820244488,16.18048850123157
138.7672739980394,75.64335745099139,22.952136040423547,17.275787989197966,31.0555740932676,131.8578248938108,87.44163503716634,24.490314936617334,16.115790610510953,28.07016114792535,4.591552642160882
649.5604171359171,485.4863957356832,17.83456689296436,17.141242268219433,45.89536226779739,767.4936061250595,445.8079635166164,35.84822864414411,11.873967029069448,41.37951656999781,16.586455039025903
773.519701983447,10.098859720898794,107.47938377954907,15.612491232059835,3.8292428360172224,932.6712776485213,53.89753026863497,122.05358215091253,15.47875780551205,20.137205430952132,22.006325692073876
66.60272359895258,924.9679474480993,257.2521741746251,15.564286580791329,34.15591789523345,77.64446788655485,906.4423206502453,123.70079741792571,14.880883909672523,39.86463917216481,13.047684940985052
898.1361126405992,45.42837734145202,40.386613110106886,9.823150883872128,34.69581500322587,947.3582423267928,93.18311802830482,46.71924547744726,9.948261899923722,17.660788177148863,18.203488286432982
10.55538940298125,16.493926908011527,17.313028476138815,15.465712467147481,33.294557150649034,12.837455353781252,11.598429951637549,20.368754981026115,10.21579740442535,24.66357677447984,18.468286743524853
127.23050304712902,34.470219406196655,137.56999962023136,10.428772386049385,27.964007040582455,136.37831203260077,29.58258569373814,135.53084451895592,11.537656958732759,21.519951896519576,9.711166391136814
78.2815090371792,133.37276117423605,318.12251648260906,10.718856223751542,33.29117363821059,76.81423343979542,114.05295505218419,338.5121857107718,7.8132469615145625,41.19078277320991,6.053475381676915
153.24199997987975,600.6048410810414,825.9097768416168,7.347220632384236,4.372728330693697,168.09682894272626,497.1716901314481,934.14952288714,5.52744324664681,15.50660853719273,12.30251051877149
43.28082305075576,20.719572068437014,153.64762076672278,12.760328474913457,6.043221833694636,41.07200186335532,27.65729071409488,173.3391777726144,11.996796564178213,9.229003640235929,5.591059076332385
12.515410903995093,153.47774836438174,54.69470291956493,9.319834598684892,30.763186177213225,13.137047702370754,200.47281627149772,39.105926521569366,9.647860337188195,25.35300309481211,7.744928690204037
466.9482049584134,38.912480522111885,146.7070030763357,2.931080911614446,9.029946263179209,563.5503940250594,33.990205546688095,150.47728411623504,2.7370948218696616,7.896108248125325,11.737300560130166
95.73756044172593,573.323021083115,58.107070386939085,8.508111205475812,34.92517768423987,101.91898160600503,603.0876818880913,30.160438004721698,8.382367140413681,41.54771914975928,9.550046413362203
35.77300723690823,79.26596151991389,44.21405681602903,1.4049642032638736,33.50028838962247,39.79891618667102,107.90519131475887,46.83753723511147,1.266095201549462,28.006632422314816,23.818672430054495
203.58824915429227,190.50518416154537,28.665218081914585,4.894423182651021,41.68464668256125,223.1924971604352,217.20168424302784,35.78308340149144,14.167631033438282,27.125333183237895,10.604831892462444
295.4065183098044,304.9193982398907,870.1909877347923,17.60724159615906,25.561816613871606,293.37748806370433,272.54629270786467,787.057010997428,11.736719976066325,26.021938776350158,3.562954156706876
53.00636788945928,35.19681572972992,876.3151508539455,12.955012655408348,34.57995311054804,61.1949954794339,30.83333501296503,427.0452348954937,15.928895715808943,20.76556448447906,14.089277089427643
11.88945303005253,352.9564612434455,71.86717682081779,2.507811224786608,46.95882310673165,12.034491094930027,307.28308420617805,90.32446529877076,2.3713367832229055,43.95457811330226,6.752580141723382
163.31915803955553,113.24539544222375,852.0992457598359,2.955639568186098,12.334834327857742,171.27405811773417,64.73172786585226,1162.2643843659619,4.185040611613609,5.321871883621634,15.276285694209053
640.6282475783379,103.66866654373827,306.67051721392954,19.72741788030122,28.542994626048102,746.4504675246347,115.12058424612631,260.14838605959574,17.29664700927002,23.197452377774326,14.82750300213565
130.14902495939285,485.7600864353113,356.2888174405484,6.398581753929321,9.173850605558611,143.28782113530582,518.7030371110876,352.89946950278346,7.082370314606215,21.323076785842716,7.156828121634069
15.952241884911427,378.11240250862016,25.189448282261786,9.66436782120957,41.06339748430175,15.601362371804212,325.2526337318892,61.664387607394964,9.5130094911374,27.228595581190124,6.623816847142214
27.978096904756285,14.933284572638328,599.8848157216321,7.894126490841279,13.048471383529469,31.791891057563756,15.665121807775495,652.563283275625,8.343590566448125,12.799534539859408,12.660644236075807
242.58736021680863,92.88776690623776,135.96856547491387,13.073503749178672,13.343899716635862,266.57769298507793,142.27709377984453,132.87684558686405,8.553603932928786,12.726856270663935,7.472107383799475
586.3833313054718,130.74052842411413,63.49006688998338,19.839656454305036,9.770115150889913,599.0327901176425,219.43592400301745,69.61987089221617,16.83491881868409,12.355992339415051,8.67740975295778
73.13165314060976,335.96170089548406,64.39885152617677,8.058095543859757,29.741629084115104,75.04478160319141,437.22457959393086,63.35094173254596,8.915937313084688,17.47824711492423,7.782079805678322
83.2561391109246,553.5939718476553,10.61302633254713,5.017983764514733,48.46631777489372,91.99569315577432,628.0995171405021,27.057075968815614,4.829870055386973,41.789148193517825,11.395746085268655
352.1808272197116,11.234076838213447,27.25701496240992,13.466700212007213,13.52552294588036,385.62975862259776,22.33545832702301,29.327368777318636,12.18825735299436,21.73771532932315,10.825230813407273
55.44254841761657,74.70034456202029,108.0405922180875,16.7046459083504,4.107460134236879,50.95319391171662,69.3290543542065,118.51786851205412,13.691788028989308,22.62480965842143,7.462125580738002
10.201151461013787,39.773343246548315,289.66620527860607,19.0792627950464,17.14121375540946,11.477238987531317,60.398910239546986,310.59642862078556,19.092240030288405,19.867779529330356,13.62692938128674
660.9845349752786,46.558608584314946,223.50043269754195,10.101129232443261,34.43068403808385,771.0124648727979,44.07560349452945,255.72232832641072,9.748940944604836,28.832876272742965,15.687653295706006
162.90682036522148,162.77860743469762,29.47146416507537,7.746678225502962,34.88868121996156,173.45686472575144,142.64191373676306,30.391272961639867,8.025225712300495,32.29824898187485,9.130113385158193
15.080663026736504,504.2569504497956,268.9589251041755,12.867139392758983,36.918438186121975,14.473659338895914,217.8027871207668,437.74779297732505,10.451179561147475,20.049015632075935,9.950492628307485
350.87999249249964,390.4594284463566,33.22607046836671,3.7150496179468133,20.044378262946132,363.3519580778825,352.5871227683285,37.291420384898814,9.131198648253234,12.23935475826521,10.79879548872836
24.96379174002954,12.471175544101532,29.361951098370657,13.813123369401511,43.465695987087635,25.290307330839266,10.626739541241147,32.300283764234564,16.40736819752304,34.72909486908538,5.0839784233750365
21.06536505924419,15.15061619247984,935.5605720495186,3.3943004149816365,8.506794932841686,21.677618956152166,332.44986881146514,812.4249021076848,13.494506446830005,17.65767958861021,10.84396956353584
164.03390376423,45.48047788235431,334.7774953756198,1.431504226557497,8.1159692072351,198.6926437971583,23.664463319493102,347.1572703150456,1.5168676275032758,6.004522580208644,20.305793178928656
546.8060784704081,407.8040354183554,15.970123234950458,2.6683617333268552,25.66165898331412,553.9453875491358,407.01426003998944,16.55801353543691,2.7982131212315267,24.94381790561461,4.081362546638653
812.7143184681439,26.056366842125357,286.361680423293,5.487645427909661,49.240015018113006,813.309949038084,27.70508875351289,200.75883962675408,5.160269482212951,45.163005187901845,10.209863475725301
13.974168388576736,52.85676192253349,524.1538211100434,15.040993754321338,35.78574200040082,14.931486492739133,88.92188303033751,452.03208635097246,17.96090050717092,19.576368652229007,10.476796645144933
22.819403142555213,13.953137111673739,256.05599287679945,6.584807510518038,31.195194748642532,22.870133049217756,11.788913248357842,309.08105227609883,6.491900816126006,27.12284890617762,6.996591137008387
30.537728805012357,27.86046358012543,101.98564374731328,19.766409593975677,13.247394666923256,32.5568942573256,27.712085970145257,125.99996277841431,12.525297442700309,22.20183325713775,7.277236594249394
61.960924565155835,12.02437537703114,685.3067401828984,8.73083323838222,17.750888769670123,68.83132884887323,11.322216423177744,573.826504384375,9.445254072972908,16.138805783472687,12.713073052779755
720.7482213295646,674.2927233197039,10.063882857748803,5.367211743723656,9.440879681737703,880.9413832248106,93.74126328017483,9.762195753363915,11.585797207619327,9.704695535386426,16.747203190461796
105.17097615945575,571.2313421157841,31.052783210406115,16.151866621679453,35.096370702670065,101.70221285849809,644.3042370158842,28.86373929301051,16.76213597613996,27.691892897998578,6.6033869354742185
27.756483223410648,37.61221889518407,253.64878888477543,14.512923550166976,25.303933567481277,29.699446588698876,35.8712990044011,395.3610843615951,14.253665413103517,25.795075336071598,8.6422791733487
179.30123205273946,634.9273224610774,12.002809973720474,15.390179385828956,33.424523356126414,192.10747320537038,725.8670918430752,21.151712433298798,16.59684658686927,23.94332336964054,11.073274753572314
454.9651338559167,16.15919533683318,30.414032158767704,12.48422126244802,24.575099202940677,488.1516362237581,27.12426082224358,30.35608984856201,11.12527314178818,19.007988137871997,10.426726520056805
39.5965084090996,98.50275222874596,82.63179447107564,16.93072518770636,25.270648138113096,38.76409858654578,61.7728731887135,109.1736577451795,13.514416551887585,23.824708570844685,4.176024887329465
58.80074502899956,34.64387380986707,249.4561292696494,13.66281457810722,2.2101438512332248,57.33092145677416,175.6165078975568,261.66389784026256,16.119432892725616,15.401352598070005,5.913168712169563
233.23791698083704,164.99403043749695,879.2403233206991,3.6391742453354015,29.5289270351704,227.1523678271608,136.72975281336136,1017.7286445750847,3.659916653991651,24.891851064586337,6.497772156835413
407.92027366731327,76.47811084376804,521.6218891377819,7.677827798890313,48.825091388961205,435.5616769853471,73.65272198011574,411.70016870405493,7.384629680585296,47.352088433930994,7.207257534095311
191.20859649061796,292.9462201982806,68.34990039956143,14.7272628474659,14.51244262760307,205.3119579712106,414.256040741196,77.91012716774719,12.981505031792123,10.926620531945147,9.298099625423879
75.36729508710478,73.0667760033009,126.05302432949148,3.235454441989067,4.3724148882468725,73.37148919670959,120.5901539311144,128.38442267482213,7.673118849283603,19.85399252549649,5.2816845396859256
32.618205489464465,378.38307884250514,156.52886074713493,4.694783002559971,20.85641992345873,34.73186854830103,378.1285583367983,165.11103559797297,4.615917099577769,26.68955949034345,8.82633503654482
327.72288423893445,170.40003878492513,69.722082539624,6.894446321649298,41.71817479275259,344.55171190004063,160.88492037896572,57.56440658439798,7.990483011916512,45.03739733917476,6.236724527140832
63.37771898257218,452.2213047475912,361.81214958510924,13.880459415021955,15.559896542593576,71.80769308697695,201.0650365782094,359.25416287757145,9.724875903504811,13.578216518199188,14.00489880689387
140.56933707660716,119.24615360646565,49.253401224946074,1.5465737037930345,42.660275868008725,145.79710068038588,131.03786414932915,53.06513126566396,2.2985617631054938,31.349117801273177,7.571432797773124
124.10272657846266,27.350150598672666,17.442623690218863,10.744092334519403,47.946695434254075,111.90252075482377,25.54746719935487,17.45399747409322,12.056848573660773,34.837707436591586,7.55877128925352
517.913249041152,113.62738207241824,21.710158801413584,6.6671810389318695,30.674868722107746,549.2537478991503,109.18873587570447,21.87213080221533,7.041177964560482,34.991673545256205,8.992107065503987
29.59177803476402,353.59127101932984,44.41952067540472,11.061940811296115,12.248621361452592,24.529739896349703,183.96741117399569,41.35609276825888,10.044754888131035,29.760459387263825,12.157619719180163
276.3008886943894,10.172876349879889,262.11681151188697,10.666985272854049,42.29460105358311,298.2151687016587,12.383892110096433,260.62796569938763,10.373983569071404,47.38200698994332,7.125491538663864
229.13841925906297,281.4228360441196,94.67532516276886,6.982568342590836,37.78872097789404,258.8584398594188,395.80008339272445,110.03252152729542,11.004001313200424,20.678779913020918,11.29433725700876
25.421415170531738,105.33472682806914,678.3757614930423,2.2653211706911858,12.959813678900401,26.61345476183956,101.14709069135716,797.0228791620576,2.3536455195281922,11.522978116450656,5.474910930227406
426.01140689984845,44.99410192738546,281.2834208076946,17.83141899258171,41.52289132197488,487.54148765455113,33.801121771411104,336.231491913828,17.51533787908295,31.072334906722975,14.097876379250271
409.05480413139134,31.937833506096734,466.11272570032645,11.00842300585745,33.3588615670917,474.39583361425264,31.372569823056455,415.78589190057914,11.032240776465033,29.310353790988664,15.111602318269068
225.6701591413797,77.94264041326286,164.2893207533689,16.75129208329309,26.674817002601877,239.96299576646038,60.932542843966466,187.46715869107481,17.94759301273696,26.366934655947382,7.558715312131914
20.365240863578546,236.6622414574884,31.707162649713833,4.401003345006508,30.264803125239084,20.803756946345846,446.54113719357935,36.3253149353905,5.488076527114132,14.728709795590984,7.829378610823292
23.629485395106506,466.73143254949997,13.989512315148154,1.4577701511069825,8.332480105027434,27.218496004556286,550.7008950273205,18.888740967504436,1.5828494154841735,9.216983526838591,32.15058790988832
20.239545307193875,45.97837169424074,218.8700556282634,9.341667132333841,37.241363274475766,22.862071824927497,67.24439373196283,205.76618125365587,13.438422719343082,30.684999427898983,13.450009845379599
30.55755843504105,211.13579420120993,372.23686529109875,14.211967839249517,31.06312438500509,30.87136400428702,200.84321396692738,295.73773325317853,13.263091689631006,18.889193908451134,5.343753767912498
33.550239813574294,465.8067837351643,22.31700184075961,16.77608403339532,33.595590922505785,31.221792375577532,288.90549721145373,88.93331007263475,12.717017994377807,21.909573821857926,5.525074880143548
10.59106798649813,390.8922973565358,109.76405281258971,8.751267176850737,6.515454228290999,11.342579500076901,168.35377687756386,73.012761662662,8.758791465768619,21.782782924609002,9.27279643432702
74.6302566606718,16.303582648454377,211.32221220254314,19.21897380551083,29.843940059361504,80.4650141721122,21.581071316689755,243.14542723046708,17.876711026735308,37.58287133733554,10.601013765019344
66.85913320617523,33.25865313307243,18.22618714633288,14.606490003989553,44.196174309420336,72.53863573365244,32.04257478497048,20.47052902023267,11.14791489296381,29.322570590246166,6.935233692408457
28.26992590706444,978.3482315812802,95.79620199020526,1.0671462883174558,12.035112227541886,27.878001911212724,1063.3384417498457,107.0341425106109,1.2277517783061138,17.287767452745072,21.987357584826103
238.50880997134104,116.27352921553012,59.666154749699594,16.433641982935438,36.05880338951461,269.7677976886556,125.78028295050218,58.60224980958527,13.33385754257343,36.781099919235814,10.567771483723085
981.4394883754023,168.16697467697816,133.4799345766956,11.849547588033564,35.393305868584164,1058.3615779349477,269.24144896961394,165.77841554306391,9.77829180136684,19.760043236990498,12.118306274100643
256.1815547361575,31.87126843955358,38.0270595122383,17.164619111149307,21.1157073753123,263.1858077537253,55.25433539033678,38.01705936157524,15.255017409896606,16.176696663406428,5.222280947511776
21.867058059996243,37.110819918808765,42.03819513321762,19.932264820720253,12.299470170461952,23.82763917116181,24.936175141002,46.50675807498489,12.888699752796258,22.802923392124494,6.280273815164812
10.06555427205825,10.339597122783168,47.19938120980052,14.375428782180903,48.677917157088466,11.24222588663265,8.270486210366672,40.95308197621645,13.989672582320605,34.67861679601785,9.794806243209583
27.057251687375356,20.359322643220054,21.651423313257688,4.0088927714623015,18.17351025425855,29.70083924000987,18.909283829539127,22.500084967920767,4.4678275590048235,17.431333607740267,7.759432330515153
20.088755012003773,86.58396989864892,79.64567794136019,18.426670233203307,24.19310879017732,20.658970903325002,51.67995039833386,89.5078048210316,13.77480277454618,19.38450682081966,7.359784051016318
14.811964863355485,862.9374670478903,86.25319880220324,17.271754794297692,4.856640329337239,14.249679115793432,356.1107262225511,37.06930615474665,15.867347159609077,23.933363227096017,6.384981399458156
95.97535058646926,46.579887997291294,94.49378788893374,15.943070946508978,34.90787967497996,110.4756521255414,34.584107797906356,105.49907989864336,15.917343383249916,22.615005377551654,11.447995147328118
22.031138667291316,17.52428024837549,13.765856107855125,10.339488343666957,47.9433562228089,25.010764763486176,15.751464139332843,16.41883906247201,7.926115231648092,16.108288948019165,11.49731605670706
35.66715145905654,63.36803139551316,260.0411348682477,16.713378788069637,18.757777656593795,36.02284097588097,54.459271230798294,333.1167684323398,15.354749103461886,19.45426164037432,4.850541751125115
22.940921674398965,203.49063353383707,946.8118401837833,15.860678818069882,14.81446117800777,24.33415133852378,169.53624357446125,775.8643178222522,14.640689093000706,17.13437574896611,8.168072121647075
27.99295983993988,14.722970049141962,12.094953708280705,14.570652451268847,18.735065686155114,29.35734755222115,15.351637562107943,12.441372752094315,10.93690927565405,14.791297042755064,6.492529646126038
386.520941443325,499.6768047269862,55.342022097059406,13.178849058595642,10.673303912188356,480.38153989795416,276.5109559801807,57.8100947947129,13.103223798548157,15.370917170731374,17.5897619780684
35.321728587338924,118.83638969952223,46.80826013220919,15.914256418292567,32.69775835556941,36.65164247879555,149.2903929852583,43.40937597362638,17.780280124453654,29.438519161638556,5.819727048943291
183.48897693370873,25.171033861907947,10.711597127190135,10.31878655621669,11.051074732907157,199.87999279774104,36.39996561265949,11.313739554217399,9.75126666543064,9.600440772896807,9.017786669181254
30.21471544373926,35.2831197781666,19.524206463493798,3.379483676930398,34.19765308395963,28.877214535430312,37.2802640703881,20.416165831419793,3.127582921288116,31.974190760285925,7.90308118065251
311.50203756118555,87.91801864738733,280.2847902088072,10.698313812344749,36.21784265441646,332.2835737129114,63.07006852168474,294.78236390097885,10.904332356126158,22.203005326698573,6.703696115378033
70.12055691219444,32.2094579080052,14.527059491400836,16.268001270631146,37.46830446692108,69.56577754499024,33.58269194916092,14.608991492897793,12.450772964819897,42.73768130853949,7.7654786461106085
264.72753074881797,655.6239630419293,35.60713320372903,13.550211210391348,27.322889200331083,248.93189975988392,784.76792782782,28.611103993711268,14.813177525475577,20.737713974760663,7.692461136236027
428.0489268387243,38.18196889081507,261.66242221194915,4.648898808099439,6.946737622684017,518.7439777523581,30.837011323207218,268.41332776833593,4.754723553087355,5.08203500637408,17.99403821012885
73.4901842892218,955.6869824363844,21.98757186977625,19.205799587788455,30.30344507709978,82.1487565315917,759.8578386835532,26.1594462905945,18.502189970195083,36.165055216507724,10.031387055143917
275.15112089756735,215.36682461963778,98.83599018012868,11.623237143092682,17.512721519612352,300.73377995195403,157.41836001364666,118.12929507338441,16.943916547685426,17.826073456832766,11.631149866071006
167.489103345053,121.20648425446814,28.107358427551127,10.137097824031926,13.336920664839443,173.41804530222802,65.08120706057238,30.237630847000727,13.651100953943157,17.583633976060728,5.688145829594763
13.935363259363028,483.04369977153755,12.91623190027311,6.331617286539462,18.038241944074198,14.259583441469742,399.975517851258,17.933323452118188,6.3426297797831745,24.838474655666506,7.429071331591416
59.85095174492478,103.232006078373,42.50059136025852,17.23228960124727,29.600721995288175,66.40973034709943,88.51971942278023,45.56888748002282,14.499937189747072,35.081551851763756,9.292334903885651
57.374777170558225,62.92118755389794,10.656792389354463,5.99889517204414,34.82197685988849,60.28529335345971,67.6534808020683,11.398686234683364,12.563803766723368,26.143672575085812,7.0176058289778895
330.0672866226813,357.0088375110887,252.80730444888388,2.32681994940749,19.072129216327763,343.48447138503616,385.0070973579071,243.51624438567268,7.158144119319691,13.734614315974893,5.151908094938474
27.541038417946034,843.7769169155927,947.1525519990611,7.714586271026115,25.515459379672482,26.600112225973838,373.19248750174864,695.6562277209053,7.207315849393768,15.850408247988723,6.6101427961559285
63.9131444569653,33.20305073059283,44.65396446348792,4.096187669958784,33.624323333391075,64.18671390380054,28.190548622426675,40.075953238549076,4.635097956832531,13.609054144582146,6.671613851165659
956.0227738184813,397.6215906399257,13.016306645716442,2.074347355233908,37.015890225591036,1016.5907907722677,362.93793267164193,14.854266656104956,1.689717367649067,38.2569738459678,9.555222617121776
25.92811044505241,836.5173375083841,17.994224926699797,17.383810808879325,24.00974102822426,25.34520231598168,555.2815479258574,30.385021904820533,16.015535092919254,30.312896774550428,4.839042346259982
853.2601616012853,97.32346835376391,843.2944372718332,8.65917338435441,23.632549996082663,1007.4484541020034,74.54183107231385,1148.1060971931036,10.166875618011437,22.53585847617486,19.513804866894752
355.46750770154955,12.326076238942639,358.5467881435337,10.684980284964526,42.88367160695153,357.7357000228932,13.014118890779752,464.4518015094093,9.943467175674954,40.792886638654515,8.63825086491294
327.6048656984461,10.270827286977783,23.072739410162562,16.968726099272846,43.00994713773003,413.2688950040912,9.02700712289469,23.798031070702848,17.363985854406977,36.509004117315115,26.67248627617717
99.68141172878242,32.024473828434,112.5864850840467,9.772240829159271,42.86076211819162,100.01491614757275,25.588316326975743,107.42699021708327,10.708440674116028,34.323011317598535,5.226227839904783
57.389875517858144,179.83566279403234,33.240320216220255,4.895533512519698,9.158301291716796,52.095564936799306,212.7017775191699,39.65962598498302,5.204526306806799,7.003791682995937,12.385959229893025
591.4118753960439,179.60858262902343,302.48853878033515,18.928400624299705,13.066369725281637,626.1233087766984,285.39952114454996,260.4503205732009,13.502485527645135,14.320398033516167,7.3093166561654375
514.0247490913084,126.23811854288286,21.43693553384015,9.674628766244943,39.86727353945668,513.8398359418613,151.96191790199407,26.321913266598422,8.530301581471216,32.62711011196454,3.5046677266298634
443.39163929500864,200.24171025621197,11.002791387840107,9.935732593385211,11.382454332100373,505.45070262004685,59.621499737587754,12.38256858215756,14.50476412712472,15.512575465760431,20.631506948436023
68.31021156446431,47.53461921311303,729.25794067743,11.303184833689883,9.039090817049148,65.02169891666945,78.99954996205118,934.2854762370782,15.54625366616294,11.939174866785365,4.408429175393041
36.73485307784433,77.26874064470485,259.2999605201871,12.91121102510585,23.745262913579047,36.35334046725428,71.11846503955557,300.99276172996866,11.699048500805135,30.952944779789664,5.2281808917135635
94.92268455256847,151.27638131684674,11.13806944196379,11.140591182323263,33.6887799186372,99.28254518212961,326.2796216280059,12.96489803477916,16.50540613251798,11.570004760283032,7.720577121000978
118.07186371033305,247.29564064717206,574.8489013321555,5.065062563509053,41.07865004962572,118.6543901534296,220.44542506971982,462.8197467268111,5.059754394538666,33.72069947377845,8.153634649311698
125.97035155993699,34.61140981427634,245.93867629181545,1.5369913223510423,24.51312471106751,130.15946383417307,30.237287342211946,254.9778449487081,1.459239948641688,24.578356786354696,8.090067299144513
122.26631354768914,157.26709477503235,181.85825367012325,14.54838479803118,28.552865361975968,117.93557991404973,102.35980643480667,171.57283308220377,5.909273846366683,11.502369253283813,7.858150656028245
402.51393259000764,48.05817094361183,160.87856346494388,1.264394941406143,2.109694741539061,359.2980239549068,61.52700427158196,124.83144583929138,0.6473981015489427,18.023884163448813,43.031628483645754
61.54227192683435,62.37847984210856,22.571449275358784,1.0054629329435172,24.151593103210452,64.67275489013737,54.03061057197436,22.991818235560928,14.55857980667522,13.516917069281385,5.8731046646566725
722.6781652646346,12.479381556919932,64.72807732898829,17.985721211148988,9.65003342851948,831.3157858870316,26.534993742927448,68.05659816139524,16.454435201720212,24.795423586189155,11.983234113593136
13.419526848814343,146.64609229082117,99.02796157207504,2.981922572401708,44.946792909314574,13.279232900015584,206.14081851860968,111.21747928684755,3.460143094241371,24.879996851535207,7.862305699791089
37.41900078113935,44.791812269720616,43.295645360004826,4.254924393238225,48.59876446209265,43.02075290341449,57.90632200881017,59.47141323768234,7.582088846112222,16.09442537773052,23.16675134054762
73.65343862220548,93.38874905231499,14.07300257828748,13.751826664748613,33.70131033268163,71.5862447690219,113.13361692491306,13.310139748009593,14.881577783158503,25.838087610295577,6.300272244886666
13.716409435689156,13.93155273028101,65.70052674112371,11.761643163577403,14.126629427694388,16.770486009840504,21.65368436729815,91.4000559600193,14.864329737028841,22.464158558492706,18.245105360311157
134.70529639168237,396.6334993017371,171.23219832052257,10.976667286966693,4.817036012075807,150.9807698777034,279.0361115788577,158.0634034735718,11.473537197050794,21.850821897636163,9.84380970033073
688.8888278457376,32.91260491579318,588.0927391760771,11.09320003499714,45.90967921110087,711.2331628315567,24.265982882231313,670.4858017045796,10.023493401562504,33.84672519994829,10.856216325588711
28.02908281028708,54.84023676095628,90.5619925428047,4.605962973313764,46.303030566626354,30.150480103266162,57.18359826930959,109.02847346980525,4.079423105161242,35.06579797915333,12.59831186778338
256.97474002359604,12.151775508943233,23.820216929967852,18.178882930246846,29.040770090802887,301.1462157387643,14.02993037549608,26.22820993674097,17.297568567672997,23.445256926469565,15.172191798476872
466.2860010933065,452.33609256999176,73.52139766647501,10.599109975491237,28.262672727117838,495.66584207177965,368.8706429861775,75.20415464576747,14.770575147244427,27.371996497293836,6.354004299558314
10.405186510260549,10.547641090533455,346.99444401355186,1.8748078079080657,34.76878170163017,12.241627315238258,13.5168881636767,313.99085125615005,13.819202172430147,25.682354340467448,20.006632627788605
103.63061265664126,84.81218051373313,159.8075292584023,6.680415029841643,7.4966251957639995,92.47037934287953,101.37965029439327,182.44566065744922,11.531395273705579,16.021954404953792,8.698824327295725
260.1698961171019,563.9613787609846,61.70677889949797,15.333861485926388,29.102402881459348,284.4279597168467,588.2383773156297,41.94144187964397,14.461948394062281,34.634521165614935,10.941961117261371
101.34604261885963,361.15346438939895,722.7844372595108,7.411197627117715,27.92273322453601,107.63167235010323,285.42862051646165,769.5527468956823,6.631640428053868,28.1251380784996,6.834423751103581
36.25510312358126,92.55088626341697,632.2528383498748,15.429583803409054,25.056596744170516,39.10024043201524,85.4398692544395,580.9723947929048,16.07895945409516,15.955466349349956,9.623686044192667
744.707973816553,12.365043050589579,736.5626161954651,16.928265467876418,16.38482454181034,886.5881337072647,24.518048153159466,567.4255443353992,17.013062790757946,28.217970782690976,18.2096243321097
128.0305482272563,50.784051229619386,28.741122228336977,9.932277151482499,24.37092115299728,121.27915218512501,53.87702642615975,31.87018290880044,8.962229856837338,19.540073281744743,5.776299058624849
15.7332769754932,166.64011428507212,112.64980957571096,9.653802703289701,35.212230828916034,15.69146901477426,228.54637516980478,78.57331396054406,10.197513234249772,25.183332125850622,6.218116081642258
536.7428943819739,48.51662263024836,107.16224047022259,11.982424724494157,33.55827719329617,609.4118202123536,43.11084642568049,141.7176871983364,11.886266324599674,27.384229254300262,14.834698250714215
219.4720072312136,115.04816264381297,48.41079254506904,14.385730053887256,43.256035703722006,244.22162555590882,110.5566296779893,44.62628411112496,11.540696182532441,47.07336261919239,9.4020138140272
93.62353056540984,16.707105034762936,371.0920887693474,9.091318233870714,31.32004734028643,106.54073730868718,12.663350712623277,412.5326666201582,9.904414164849774,21.191653661721393,13.137342162813164
142.0238855276537,926.5190169718961,13.777830906887777,8.753124979404086,24.52676165822756,156.44525410795904,923.7411614028556,10.506860592289032,8.479496581303952,25.5122481591906,10.61265919126695
512.5532525596287,44.79924045254474,228.8648431930192,10.187702489387707,2.190919614439524,557.4922225781118,178.79733804278123,259.346320337901,7.742038631596567,15.690368324502565,8.238577820390088
773.9534700456119,213.728799971293,36.27829626100633,13.193308542685038,48.157925919354646,805.3938973518634,253.48057740821207,51.129447068390256,14.332807956137419,44.3990131947403,14.663023018880441
26.28392906594208,11.525864632388025,415.48010448975594,17.254155096907613,13.579846239423544,28.298698593764254,19.91364372362874,476.8981488337868,10.986952474330208,27.50221620626945,7.076809633532553
907.6698118819908,525.9663001795337,194.5458640158748,16.42192255598874,8.82485638629918,877.480971497227,284.9590341400095,210.48105020809476,15.543638390833198,23.121658157192137,9.887366291135491
325.05961897707624,446.24300550768044,48.14389517125241,6.820438056931835,2.749932577428272,353.8016164575119,69.54667939773893,52.45042920266331,9.276013542132532,16.12716160464695,9.854553631127686
220.21582076728265,563.0489806461333,42.54405374497045,9.155472285506816,2.1702535185235288,243.76613743799578,35.893723278891855,48.07716552337838,14.87885908262259,14.506419608624594,8.999622434798528
534.9152603446566,12.793599047176981,652.7371547774359,2.786354442001133,7.396622544819921,774.3849683390539,21.871190366681347,610.6344280147484,2.663073580271355,10.998567552750036,31.61822312026435
39.50177310544545,244.731361880464,436.69943815708416,11.878113267260574,38.34979361529601,39.57768857922015,198.51521453540101,381.86338907545223,9.894848222450392,17.064481748351845,7.430943218501218
747.5364886061119,14.699566466150083,237.274246758515,16.954945990445868,30.63836468835668,886.4820767645821,18.59820162574151,381.7891527820489,16.767885439704973,32.593158309995566,20.129500534917693
232.64799924417946,126.49797579368209,729.4827248388451,6.291538010190859,36.6667017088211,235.0603349119878,83.0131950294171,818.1144230805501,7.43603982775202,22.52942914631237,6.9032449122613775
874.9139714569415,11.773150637166681,20.14765897519627,7.6757410388502905,6.721893952390798,1034.8036271055532,22.582021816898393,26.606441210983277,7.911635403404717,31.681917556092994,26.88620888226912
102.0292593399212,140.42194829959274,71.88961739338444,14.77601200962985,2.748046841161342,103.24465406632771,96.99257575349908,72.09332402266492,13.757530990574574,14.854134948835323,6.5647151078465384
26.802033727614006,510.1948009920175,304.0989981076519,9.016266385770722,48.501396632614515,27.754282281091083,453.00817766077535,266.8995764915213,9.211580734681233,28.197937316483166,6.250559282721024
49.79012372507939,16.71921099551806,518.9239224423659,18.680195061954716,15.552395661277375,53.88516450516256,26.847790612791858,510.2665757462501,15.592493721851586,26.808403396201875,9.29459392372538
390.484926283838,169.6224463723205,65.97491818869362,9.042138902599987,12.72283428001457,388.3577518672922,137.597003196002,76.15493140522098,10.624771779210278,18.631313038746754,14.056161642753448
85.04366287003182,153.39479844744577,42.91576069638093,12.849530601378396,21.493861731369073,80.2272692395939,197.2147736511476,46.37891285771994,13.07048212192493,14.956267701448002,6.891217204335717
600.2951731013361,223.12562554563158,10.677626634197733,2.427499688718875,14.360940163581734,572.5877354125355,185.05142914076495,10.672903056760044,1.359631285255184,15.043205415502428,22.294863439956558
47.42271821428991,17.377126952609334,19.6702743589217,5.920319804671932,33.391310576275245,49.52527428674156,12.501729629147698,21.669758806347772,6.945769722219073,14.42556766001661,7.563399063933186
73.16047698402993,20.037469009077697,829.743503514516,18.46599546796652,8.963707102864426,73.4358212463943,34.64840483202695,731.5132468333078,14.265341817772864,17.966110962622096,4.517627314233627
842.7062789241448,579.7443533058168,140.53596200524072,15.907894580382491,39.73915556980736,858.4465304656071,523.3429918578727,138.10940893590399,13.735009787315798,35.317335806196624,9.797486585600488
71.37154393628505,34.6662127815879,46.161569545566785,15.762367639674729,10.727871971360297,80.00044187374992,30.538060138752815,69.37458538117416,16.046402428935792,25.119309107660328,14.7514734385671
15.123707727660786,610.8015814085172,18.965997932478185,16.971634586871286,13.733032375935748,15.301522335108618,322.5952745759879,30.19090225208701,15.252124039030274,23.596530229573194,5.017889005874942
33.23266050821616,976.3578057712291,57.447754158956876,10.686018864572914,45.66330211563177,35.11187713962338,635.6614786979945,161.91286790453748,9.649834024041285,36.11319513039993,7.979130845931816
522.7241350682783,306.818313421387,179.842310964676,7.64174426194551,49.561173913423666,537.0870283767068,302.728356387962,197.91341102401623,7.2844889352074915,37.237414764015256,5.7460236670817055
13.502918865510821,749.121243483341,191.81994761575768,15.943469569292162,12.559258910073444,13.332427785414566,178.20842237065992,226.8869008870471,13.174707776743551,19.5652563062853,5.346386674156272
687.4662081663719,62.62734319478621,51.18493038021137,13.23620560281745,13.349422673735186,744.1843120390953,111.03042972364608,53.09007440068356,12.407883552498035,11.89330431851895,10.739231952140956
782.0700716496287,483.44853046314597,37.72707190109466,16.88088586803004,8.252852222520547,848.0211080322632,155.35372208460007,40.31288942073999,12.178197106514277,12.830918863640619,24.38126562698657
346.4887640047073,752.6969490435699,795.0442782456437,10.198494986650408,16.477075977766326,394.3953761755429,655.6886514944963,800.3268509303836,7.272898096343039,20.83312342548114,11.552753832498206
290.10165582995796,12.422391851572295,27.32076785834841,13.111780223273131,32.67412823749901,346.52888621436523,14.066468059910127,31.374595252685868,14.0659308657468,35.26081117278225,23.11062383745147
539.6056116000657,31.449835004863523,13.765570744495228,17.230655683141233,11.199693799307928,610.7963499799554,45.86837801722581,15.877695149216729,16.74766765836928,10.588709131166501,13.879564687812243
988.8096293254466,408.07639411898515,59.348040342963856,3.4256111278258947,18.772425845601443,1110.1515986145805,394.48873663901037,60.109313215989395,2.356568723338751,22.649831582242832,13.880739698871167
723.1365491086406,12.744285813557287,17.16934820096274,17.54980246086678,15.322654222929764,880.5792427479303,63.88108757396822,21.479330202695593,14.580063976117072,11.869402031062771,20.85030900932471
122.33792054823577,62.860676086767945,10.318655814115184,10.077064274092423,13.309284792713965,117.81006509944304,34.95222107267569,10.893209634750209,12.089238474884592,15.240954528849008,7.610294236582026
77.89305130020547,776.0347638091666,148.2210630765336,13.06562500259802,2.4671682784935776,89.45278106392881,258.52515952804424,159.44611572945988,12.811975829417044,14.734864730174477,13.633517743591078
662.09252096938,69.62261306247979,672.270104734744,6.161412346839415,35.2457565003418,765.4981795293426,64.02577627520056,753.2388822899179,5.672990835757143,32.732739163539605,10.455804524397148
15.209455919233871,188.23889534347373,50.049456496624636,6.453148840262009,22.90586500029892,13.822982357675478,224.69807120547685,46.67484841097028,6.062799494463878,18.022228690257485,6.300256402381936
618.0294273016561,73.9091991474136,341.7835341551357,16.32157584712169,16.80606187989201,689.5708543841929,92.00016057539257,343.23257299706313,15.031146569502582,22.100632775057043,9.719826515017333
16.522891134361934,33.942580938654224,70.2627405879763,17.938951010146727,45.58775459333238,18.478576444875294,29.62973682506755,77.37728122770238,14.519975555524306,33.94747641880376,13.208324487105202
231.09567100046155,889.5714301999785,68.20639148559643,11.21131389372556,25.381540155988247,243.84226377357524,650.3658725657973,81.98320504357666,8.173429280681766,30.121375432307524,9.534361521625693
553.4217059589918,297.28326120955103,203.81610574053073,7.913654572848764,38.782539696678924,562.4930501385742,297.76654997011786,203.55733428319004,5.899008307046589,30.737073634093345,6.1763020861263085
21.40138304981438,10.118862987532617,22.4321812995134,14.79878913047127,45.098143127672074,21.965127330891338,8.7726021490462,22.182857429414497,17.01011067622224,34.07963401290173,5.694425978264559
38.349687393448654,402.4518104167864,580.030771871513,10.278720261588004,5.069751190596669,40.381018521841696,270.79438964359446,484.6771329455233,8.74226149947839,16.4897024211294,7.3528882027426565
19.943452435364517,582.4078866558147,288.00946000326866,12.131511214224311,28.938481778191253,19.476619028679245,485.8626534114126,136.75191754644996,10.61370945985537,28.628729237166436,6.600063523842889
783.5469208088919,68.09384269394869,98.13940212725986,8.139568341068927,49.41811283233652,797.0177437399237,59.42502730958497,117.96070864194812,7.916907725801175,19.456656290947432,14.59509193445751
335.0355884635698,665.5345247508653,70.59028790127316,2.924728591652661,7.681097905516578,334.356573670874,433.2590230513818,87.64195306081065,3.4660698563504524,8.655383154759821,16.39562158376433
152.1578537997932,53.662106573521726,134.6672104140989,7.067248461355626,2.052419566992413,151.79391765798619,101.75949129149157,145.34822243560023,4.578708996162632,13.692454903087773,5.290057080584907
64.03006500000643,448.5099331992108,111.13954208392595,2.1292464658805423,10.09103367218775,66.76034905288842,521.817506225228,138.28340027274098,2.763400003518326,11.269373319724165,16.58956050737648
118.26159235400011,295.78697307334676,101.36936559070948,9.397421419284404,27.39667296319642,127.77456276349423,406.45745923705823,101.5935186084315,10.989428332810053,19.559025956881054,8.451804900855677
129.37343995410893,246.13168745391636,32.93781883869777,12.234607125569081,13.861245314912825,126.79464186882366,383.92434489462187,33.68174246023921,13.449666985237005,8.14877360304494,6.904884223520545
185.73002023053752,492.59969009002276,30.359968247316377,1.5493877539399286,33.77995169504323,175.41762268745597,460.0217675133038,35.893315603194445,1.9683991380647359,35.69955197773563,12.05744231471188
50.91827366823714,55.40392293600275,62.548983898912944,13.162768857856806,2.128812921868942,51.041241982466445,56.25435768078979,82.25575674612061,13.203898152082163,19.467775575261264,5.466782430537429
60.771012099839325,519.8354723872443,12.437585212101578,9.935547360636354,47.47973855244978,55.92599917082861,598.9358827068827,40.71599646541558,9.009079335219477,31.95088702333773,5.01974565651238
139.7706505960438,30.73131861060972,313.29497556761646,12.336424720091332,29.235747879367306,153.53339176626366,28.680587099851707,505.10404484945315,12.381902925908776,28.043512665905048,9.16129391358391
14.151212150108588,809.3228573760534,371.8981355207731,6.447255234831314,30.604134269427224,15.679061193951137,276.2519126184422,591.9796599616035,5.350461189542908,18.25742187062233,17.68311840808107
744.1831136744375,489.8477210882112,613.8765993277104,12.717462060627904,5.748592021045524,849.1705038044627,469.4540900768659,618.5988501591611,11.771833617315806,18.830497424475134,12.9758349970181
17.26790800397799,19.974673140508013,303.9347164278549,11.297802975637008,17.094787998262955,19.885742802680625,42.82335701288199,697.939362631426,14.436205675881368,31.440813705982855,15.564310092961705
89.53442251657475,578.6464496988433,751.5813132246838,3.461424643044103,18.719438855722945,84.15651994073976,508.99033861660683,895.3224796894997,3.5707746669760256,18.685220362053663,7.652518805378232
38.92929444442616,25.95419242620768,110.01307097813742,6.729483822510484,30.526290718904683,37.487799115858785,24.036412942889008,99.3235877909384,5.678868452127488,31.92137367802324,7.547696710616602
796.7845141631137,13.737793982885627,327.3410047150456,12.421859070975028,48.48489153585747,941.209444389852,15.795576070601658,437.38418243311804,11.388033070317276,49.63268038084906,15.613489069770829
12.0038669292103,62.89983802024497,25.05849921201145,11.903734397683882,16.643597928967996,12.605620267881646,72.16075356040811,23.36304440105667,10.701882820005887,18.29858818595644,12.680950922537168
10.685798300181578,75.83228565420431,138.91370812396724,14.40822956776808,11.082004206506832,10.391558803427523,96.27337529183262,152.02392204918996,12.06146077008737,17.70215165178912,9.200403874180902
16.113478163825633,69.42236491757339,100.78690616091544,3.8846467137344898,34.56071723552554,16.244340306542483,70.03325245115946,103.56611594060882,2.842331280621065,19.637376382824325,14.13919092165838
38.83677720445859,132.086151225674,97.90625377880943,14.507973860200226,23.827460532723396,39.29006191113663,67.65049833123494,134.06169179443907,7.85183887537293,29.93009063306982,5.5855548583574235
38.00460023924254,101.82387552962102,804.3162888356239,5.809445514432157,42.31466391935357,43.50807620438343,85.47199772224144,553.253932156146,4.706193386878775,32.61869922535305,10.016701689078701
52.05435087724131,22.353771293238335,237.69724307123158,19.79424687222012,21.5648089816617,59.04630233188284,27.19787675244113,325.6042082916153,14.547968373465968,33.90234801035035,11.41308628198043
166.69538314469048,90.05874983099096,258.2883395540864,4.490865500445933,6.006699140568444,140.66098683118943,78.40062005241334,223.58047405227018,4.444064088303574,7.225811809056835,16.98604703666387
169.72317007432252,18.76538237949723,17.698420911557456,14.056815329306469,13.495629135782151,204.68554150374663,40.81129598612148,18.782984840954217,12.529537336418333,10.071705849320281,18.173754558748772
439.97256486657716,188.9476393847528,115.30496023400056,14.09301697853863,29.976698883018503,455.7406872939672,242.99768921790576,121.0066578505555,13.248895769720207,23.134505498780836,7.813484685655682
969.3437500912719,710.6889063868352,43.910683333596644,10.594962861414185,23.00357193609702,943.3993389994398,459.5556972944335,48.121814824138816,15.089350100219667,23.954969827047577,6.836061020653168
25.557679138609114,531.2231957615422,17.372306805639752,18.24272980097268,48.65956993030199,26.480265727365374,627.5350552727494,31.280804326873014,17.64990536446625,30.674782878610102,6.4492185039176295
35.8935050354874,106.28063329100792,21.391872697419988,17.259948510370467,39.277053592493516,36.80818128560795,121.82333090229143,21.003002263345135,19.861010482238036,35.45293763467649,4.98234479994827
434.9443518991354,17.59625605058798,30.671038728381127,9.06240828928843,18.80652362863299,469.0963400205268,19.767956688580924,37.28559620373065,9.609835276034527,26.126210885416793,13.118514521117271
10.335659793139323,240.28624115162197,55.22006741393165,10.75795010687845,27.123669466559402,10.483813698673137,118.08372442381044,52.93625859722142,8.946735112180209,22.459441234015546,9.272243031025392
848.7736859734862,756.4789595416353,34.748884436124705,14.74511157632101,35.47633435597306,1032.4640784199275,732.2147666111141,39.03396129848842,10.02338900040049,35.22183465098788,17.661300307223605
172.97988926449412,52.385907547243896,29.54440860836804,16.51476306454831,30.574119286739847,185.5460313673043,51.57223624518617,34.169498783380185,15.290965708206423,30.58658513079584,6.528573601955058
30.525105029758286,67.75920907542479,12.749456393604289,18.385020183797558,15.24678729343986,32.97400154315847,50.80317942718828,14.217317793690592,9.870518844434924,28.78920223970644,11.136723230547085
187.13713297898911,31.58940160461122,18.678073923511104,3.8052928587668173,6.237535460866573,173.19691899357136,26.4524051740875,17.645970359225686,3.7270850657716887,13.350395833342665,6.032330885886615
402.55644090064686,51.85856544734678,43.969940325440945,3.764833466327052,12.62350982427958,473.88537017294294,69.2499042705183,47.425731695849095,3.669344638025022,18.623558901682678,19.764428351353796
926.1241065874996,320.77707978639313,13.53004844663788,3.0202614347718884,37.97055178367124,1102.2434756954913,296.78519423548613,17.2062605906215,2.362554830287252,45.547536611150285,23.183482178712456
395.9779720531936,141.03430735153964,372.0779978292766,16.519553502180294,2.315203957407327,443.1621164585575,316.2906166219317,323.2851195979132,13.53318661389455,16.134143302103293,12.140639672876622
333.5879619829626,251.48173783339752,189.07414009775906,13.134326054018114,49.34590194704828,370.90998345031164,231.7955676068185,178.18981079437364,12.793254472357237,20.929946028325855,12.3412542520548
13.274995559230911,15.673040317913076,54.09768282286499,10.529140052528637,6.978512389064813,14.476910257294378,56.298918665344154,61.775670535329496,13.872074314812917,17.89282719262402,14.395909316190842
24.014820095898987,145.8909260430972,111.51735592418042,10.226824805727574,26.575413590080174,24.94696737273964,119.80544060061932,120.20041460674074,8.24676342444087,11.795413537609377,10.74119131833887
72.82603520885222,196.57784396526372,946.5347143537404,6.700830939836911,35.88527335294994,78.22137809608503,149.9678884149692,637.6872022305349,5.718978004303215,25.15360836300571,8.974404582205988
267.86866516128276,161.64735837466546,15.793504254411024,16.079608289465693,42.981526448816474,275.02293056231656,148.43775988439046,19.67053030294663,12.158656787060089,52.87507726332836,8.538990647195192
313.1538209575145,115.37260144055288,40.060121377349176,12.960903340413727,20.66948314478647,343.87739846791635,119.55804461942681,41.70124137196242,11.793418377140263,30.641638743428654,12.048823047736423
246.65045607872142,32.68015248553387,607.8219838354214,13.486225410059228,41.94960727571883,281.4664022471992,22.270742337608095,605.5803643719073,14.666861932270049,25.968065805784175,15.009850518624237
101.72871203835842,43.23329313058256,595.3493483634384,4.599315967489863,12.55737704681467,107.35879058689527,30.49342085283908,641.4912754960393,4.148209019729748,8.645420753645206,7.150373242305967
392.22561895253483,50.06760502695713,28.561883716889685,15.040303418069058,17.642730990733675,400.7784836446309,43.75783211858122,38.215351901317916,16.001793733323755,17.758807266222203,15.298398139222455
11.090759879847997,244.62315079388662,55.051134962697155,10.087539747362001,4.121281577788565,12.624521664555918,122.00529063260686,41.94725851556498,9.212477978642168,20.38425081758653,12.810267347058302
49.01655496593812,296.6905744129672,946.9453980372498,9.955839986262975,33.120238737624135,56.03290288700528,157.6503343932883,722.374121887569,7.9203521927288065,22.380952082543622,12.509369540267187
17.214213662066836,356.3536809257759,244.2588589701778,14.559406676103617,21.26432348710662,17.441965852981387,161.396618933837,276.09788422015345,12.186036890072103,19.48699372083361,5.742986099757526
59.43072843853221,57.36701033832723,15.829216079642615,16.09244587191706,47.62824699931115,56.21387775662056,62.113942695355306,17.73165597898421,11.672608937646354,55.86917040462231,8.168088009866876
172.9217309399341,24.080708903261296,86.2612015794852,9.873164669613455,12.797762744048486,183.09565936690464,30.480040234564523,97.37229963664393,9.77186624156713,18.78273089429983,7.398614254012068
655.9539629812887,48.07727233740152,285.2982309148141,15.470788361370738,2.042608223586172,713.4507918479776,250.9989185402525,260.50606080590404,12.284241364838383,13.736412489757257,8.24855371286034
383.1957434761799,132.04641118658822,640.3455527241076,1.6082621694207804,19.14825729252036,421.59475019871434,85.95151017411406,552.480373656017,2.210627419498657,11.042413792702943,12.525860733032488
178.10031376914023,18.307566938910007,595.6214444375421,16.503762492529216,33.40711169224088,178.3342399449377,16.1103152113775,369.4763582238567,17.106409446196785,30.135007511436182,5.700670725867656
16.050124518318157,112.34544106697497,11.08281125038093,6.172833846836741,29.98751543583503,15.26388234751718,133.65348977458262,13.090441382768804,5.556360966283293,27.042055386669443,8.883652453507757
432.7905229051965,26.542004419955443,151.06317105433067,7.598884811152631,31.269431677850935,469.0499476347471,23.348224647006436,180.1639172028287,7.154926520306525,30.011153989548756,8.31464017456946
12.25309567712265,26.970496672747142,478.9790762025174,8.118481302764618,6.045264224988612,12.831421110908332,183.5414912892188,422.7784282410398,9.23228742946209,18.108910381445618,9.779698107657929
618.3200671044701,16.02115034441773,47.89479709946977,11.076584040000379,31.445624176792997,706.9177201745239,15.563095153117443,71.64831243668372,11.67310690603607,31.221057767045014,19.552698822683016
32.52900372671138,19.796406228761928,170.4492632418405,10.74526705087889,39.605945402139,35.46261244808458,15.027263251312329,106.45103722574561,9.162391988501971,25.277120995546667,7.023438887188482
22.595068299878303,686.5281843348093,921.4522692428908,6.2687758818776445,15.314576213669078,22.84444981388288,195.83929428464816,847.7038437646464,4.62040063258298,12.628189951382096,9.427010707428582
186.68985054137576,307.6022057613704,115.67135882384977,10.046542600717798,23.577547573929007,200.31987014310081,366.39129140350263,113.16353292873315,12.32997356987091,17.323934979715826,7.800783229589675
16.17409288210633,26.993430912117155,11.71124323517181,18.906898465898564,13.72942335275612,20.318742641173827,23.04598331671936,13.124880664092588,14.213556802776372,18.187999662947302,20.588853237462754
358.82811755300435,44.31789029381362,87.42458201167464,13.475818874174452,39.849916254702755,393.6215065423895,31.433983394573023,102.01602012237775,14.551697813175712,25.69497352943841,9.712167144428504
232.51974374867115,174.45193648927776,90.8589740312527,10.733669395147057,9.673986687305783,258.6151505747899,112.18926992184545,76.7010472614094,15.478910590017358,23.6250086631787,10.155545910950012
86.54693514344996,452.26071160424357,37.487247040714905,19.303465809965974,16.90067057842467,82.83080334377618,255.6223850630972,30.44931187872841,18.228922764686708,32.025632614723634,5.815467838829826
17.860727427368726,913.767328361932,249.5559724106472,10.956578147266763,7.083087716327853,18.785733844021834,247.66071621123967,310.84457736024586,9.41805010129999,23.561783769898977,11.77268286057134
498.5008229209048,17.993682881640364,33.48884458135908,19.878208019679093,11.130014434124053,564.2209376443191,109.05264410764953,39.6037639258704,14.662946088668779,14.773242550720015,13.500532466782566
211.5021270049628,804.1427023404322,115.28354257318841,18.32509810697643,38.79622911563144,208.02752530816866,857.5317690054527,73.18317281040007,16.003254895988558,42.51658105210508,6.46461171433646
14.556009649047178,16.021230994825302,29.93410718050913,17.43492316352131,43.07061125629789,16.54422412123583,12.49075601684301,25.63805549341153,13.628975521229199,27.044127609699483,9.330302027295643
45.38718022065599,20.974488190988406,581.1850934245861,7.9527640375275075,16.76273017077668,49.97773721340123,15.178894452938039,442.53391527845304,9.389862961849511,10.416606358050055,10.208765869515846
964.043253603697,399.5779387687953,31.597517348709705,19.09649554924132,42.49268299632808,1153.3325034568034,509.09702861379805,53.763298690888995,11.825064294526584,41.61576722482344,13.703173595467721
61.02304516895598,207.97116706110236,316.3640060052597,3.6574341225363574,37.3869265791513,67.74255929988134,193.53231273947836,335.6865315953417,3.548874963943675,31.75161191230724,7.342424960590215
36.24425979762079,39.54757426319301,167.99102657769507,11.655519076211919,21.53126678935599,35.134487901892825,33.2817349747732,124.56587970996954,12.40275993930265,8.828296113825617,7.060781859233013
334.0259135152165,13.531220428923842,910.0309428026092,5.313836059943208,30.498139959905487,396.5854135398219,12.480877881477285,764.6842410353028,5.612649772718601,25.090303782786247,17.6158429429138
426.94731787675914,30.045285761488486,12.316285580443441,13.15447826235423,27.31338983045566,453.76510972308967,69.00487957213808,14.949053360705841,11.79353943146323,18.043742305110275,12.424690076433576
69.89320478901114,378.74107863013086,834.3087013496272,17.036069926643126,42.951269259004526,75.37271833165589,226.31438807823548,530.135940163153,12.694693414813907,15.965922166837228,11.000163309070937
696.5471825908395,71.02985885480977,912.9330156509445,5.036166708554294,42.976235584733885,858.4223226364306,71.57003025338659,719.7733798141107,4.73258967484959,36.87670763730614,14.070558332691755
21.494215461415564,58.68681508642155,307.5823593510885,19.633815877294793,36.060120064398504,23.53825984761121,37.68056350904429,454.68209430302034,9.860539145521285,41.014565875801686,13.554821638063123
296.76534712916407,277.6246422690851,17.797340600674833,7.290986338299334,36.63185689642489,318.329381555999,214.7722579652168,20.869235991136346,7.384862677325991,38.274075719772256,10.118004133441273
904.7647490047699,13.128467708343761,54.595433727942655,12.155010573277277,46.97672000632904,1054.1531803110895,16.23982237496353,67.4493658953052,11.625444029299523,48.94967295155723,13.797201946062504
21.89282554274504,201.81789022671774,19.790735466781967,14.771865306473545,20.667829521699513,21.494284469297998,179.22708310922337,21.226688881094123,14.935954998526135,20.470393116375696,4.962414488551938
77.2758525595783,18.515202089459365,44.857606815133366,7.812256992407795,44.639742332622596,75.44348274565924,17.75773397379558,50.53744837191389,8.495838784397087,40.43138084875672,6.819250663516993
10.497312631570319,107.742241927055,934.0683666038553,16.3459981544266,7.845972837581423,10.63398520178573,226.71759151726653,521.0826302060516,16.148249429868105,18.137128950494255,4.690346862344422
719.746527821696,14.610989000232438,649.4095596977852,4.695910865899685,11.077146720518298,778.1106657295828,18.499949122803624,702.9156693058004,5.062848413556492,15.524074354993438,15.227479714954828
136.17975121614126,68.37664448188202,217.31602306396172,17.71598584173442,44.78178655951164,128.9935748769095,57.16318049153079,377.18124148142334,18.065098383872623,40.622566616298904,6.527906281936888
22.46460253829853,61.26574955003599,520.0223072215682,16.799387279461246,30.194587829621568,23.90830451757635,70.50744140331427,365.2512607713123,17.32019795311578,21.79714479456946,8.395151896596353
118.8544167197233,163.07705418366623,15.936271993889665,6.189974273784881,27.315189471590294,129.20736958170187,258.5009454210468,17.325451201549793,9.126242786470677,14.433811633397575,8.987212767905762
83.53390463279248,14.531418177410169,10.755017239851183,10.066812032375568,25.72709760966165,73.69344154783897,20.05020371732857,12.974793939877586,9.652550192723124,13.633474566098121,14.198557184641894
163.5041342818464,79.4540325441287,33.253492056945674,2.25413661222154,47.36603405519695,189.62153624749112,77.6027922886966,43.89562523600168,2.010681053437051,38.2771362363843,10.25649225002881
18.746277239930087,502.7614434784755,10.05764430019886,9.065040648235996,19.482441296661847,18.61442036971297,304.80348004541605,23.718621885577686,8.478853554878937,24.331251619151082,6.0338381706604345
27.138653211094677,35.41118717612516,63.4764559144322,11.051748476288914,2.047519708466533,26.803107837296725,117.73631910659053,62.49293947203466,13.222863342310063,13.390311643665909,6.822931442989895
20.231981479606088,22.801624503012455,773.0911488887812,12.620611762491297,15.700119739286913,22.530745031635018,37.30399041708851,727.385888504818,16.742802411480152,14.596109599288024,13.637269697628835
108.20905893983746,53.636826837357766,38.90671815748454,10.6076059310222,3.507158813156789,109.6154008263789,35.09224213277161,42.64984533596076,12.369991719243902,15.530423597746829,4.956202046150217
980.7084997859499,36.67387805520145,10.30551612904091,8.704854380836919,36.083477585062894,994.897472290227,50.51405897302329,11.34240655704216,9.033547302461818,33.60820886416425,16.70288139146642
324.4541113605178,866.3086678175092,19.500380763144943,15.497438978054602,23.636737549498427,353.02155683904215,762.9030496502678,22.039924007852843,16.242988982638554,22.936937000076217,8.965297215653845
981.1891038743842,213.07421980613708,24.29568349088531,6.581131950240343,37.2471268680358,1088.4258586409376,201.57524931799298,24.074400706457453,5.929008177770046,40.68598425890009,10.251345939584517
56.50399236794135,642.3836879085226,676.0168662426482,16.105999692568467,8.175076895448473,59.69728301097704,223.32413734932354,581.76666767023,11.880075997008616,15.43535027374414,9.691388655806639
17.558589422002182,48.3073548478815,29.360475213308046,6.810744448770463,8.19799552896551,16.802195642630515,45.99255646363512,33.66652009380918,5.078915515900195,14.85105281353706,10.518692690232044
29.93008287146623,456.13753419281045,51.854742557450685,10.04238534349629,39.03713517649397,31.187790086563236,494.1136906651502,56.373450882933376,10.007269941740836,29.609400121807973,6.063385110319777
14.131190831537026,69.4217551744751,217.47021015098022,16.925173648078527,29.163915766359455,15.74355005146636,64.54199898082148,307.2960574857233,15.096011666675004,26.137009750509698,16.974906761151463
586.4354815998183,11.033502682421263,82.8322332080368,11.773133894599656,2.4441525586362403,746.1690961964797,71.69047258994357,94.99912778299142,9.469255175400313,15.701898937939967,20.699730245786128
16.831410284756675,26.51235432606961,63.485034606153164,16.636564525145182,38.93283927972351,19.508009157007848,20.264195236640564,76.83294308034418,13.225026634804111,35.072902209935926,13.221863389852672
21.57177582491444,604.604010697271,774.7353521852131,4.336249697734911,38.41221667439279,23.085025359143756,396.41150621220424,661.3335725518263,4.472516730855855,13.903039014066575,7.136844121342702
144.70318055095228,25.300134514613344,140.10712379979623,12.890149403481562,14.388676548413757,157.72783259941,39.14588385413651,167.90861487258343,11.216178601614127,31.983468888241195,7.097982437493563
180.10418419193803,75.77431083121103,306.7384817577316,4.141239130318182,43.96761313880888,188.1592737429578,67.63894050290355,316.7415263939327,4.052406730173575,40.163307216747164,8.548784137532797
11.617626760905116,21.520087066906523,35.07639996241723,17.805580832593368,8.880164620558768,14.446730935645531,21.827522554730713,45.70812857930046,15.145991300632092,19.074214997775197,23.22439418877898
18.031673230042465,33.15240042094902,266.1520668374056,8.257730822043348,25.47625251869938,18.469565085527044,44.01590939682222,325.680348382509,8.7332238469801,35.15494560768096,7.801413096299628
44.46703217677907,193.33778692305734,55.63688472287163,13.1133854802335,25.417484151400707,46.0652419962172,165.63688620176853,60.64341499722441,10.767969480831965,35.657100527762715,8.616012335492956
442.7796829020992,59.31133471310713,508.0039414238886,14.902127253377826,28.390516423069418,545.3733625302743,42.615234171742756,559.7372737098625,14.776618882578688,20.122564068029956,17.131911941964457
322.4186474592498,442.6935682710663,141.11104308050867,9.501633251369094,34.54698651547693,329.36663331959545,523.4830179274862,122.51880281224966,11.022782031503567,36.78518935747652,7.053307343387477
58.8684906960309,12.41954560443247,11.114677925650401,2.861770398869841,21.398852626511882,57.59681192483663,10.662870270474968,9.509666224112468,2.7490936452417043,15.342130364943507,11.834486759504276
143.0177669574787,136.88340853626735,21.136496288624606,4.532633468855544,7.236549471445398,145.11623563955027,27.15404882135199,23.80231344727584,11.448904797432034,11.02720552590309,11.116526123459085
15.822158767468979,150.08936838825784,31.40648189921511,3.9079834794142423,38.774895269140494,17.098533538578433,169.64925526954,42.297411262451796,4.1445389467552785,30.91278549845316,8.090896251781672
114.99102235886389,13.515311311889699,704.3845917623337,9.389353341015585,22.08497618854408,131.55033359899858,10.27607991473801,670.6763588750398,11.788656730749544,15.791788987656329,22.523860166716535
851.7066268750159,35.613001549440085,13.639634959587305,14.477879793732516,13.125560538241428,983.3148681642166,128.45157773679165,14.997826946163586,10.924421477647629,15.673194100459488,14.447653857320821
67.8688664909535,22.56375108701091,13.254165663546605,15.39130893378448,31.111384817633194,77.29080361828962,19.952516059917855,13.390026892028105,17.663079332719423,27.357421347997402,12.384528911484994
69.83894996314807,145.5862903609998,116.97164742773901,18.949159955248152,42.20482076929415,67.03819918293014,85.58794339331858,152.60010994214858,14.688063093746406,20.10796614698499,6.962390568230073
713.8490122266659,877.5857720334878,40.86219627177991,13.663662756937825,2.355810107411667,761.9901686757249,70.19771016867067,42.69781960423024,15.008144397060475,15.15467270696251,7.9235614675304085
17.145271931635282,162.28255645520017,117.93963477990627,1.2625306021490088,9.768941599997305,18.171494458834356,191.1074262849769,143.84945828613826,1.5330864690380448,14.318841974830752,12.706636106629073
404.95685681543864,15.755605169046172,17.160174107540517,14.993604435052449,3.445864982271646,448.19795524064466,64.60854625026714,19.113646691433193,12.458670110569932,10.41533561003456,10.268066667484224
618.4729256057799,618.3265611644455,802.4703080968543,17.755218422071092,5.058076980149675,730.7867977804381,453.79069859071734,831.6382971345348,13.711198785448126,14.442594837958087,14.705699915063795
878.9996161127902,31.225769289319775,31.5748108709863,3.6504781112816085,43.30705065313433,987.7043766484268,21.235503072606924,38.93277604396425,4.049841145350292,25.686554057073923,19.02200200252966
731.4018532417045,195.49276154139832,512.8820932596516,7.5170659429618265,30.38969364104871,790.1023890633167,160.51996488055966,538.5294907890078,8.092650125268545,26.753129309732504,9.208954340489854
305.08456130043714,76.60043866232454,88.18337858596426,12.55501437352901,47.49500617814734,333.64094385659763,85.76931680488443,85.62800712127255,11.523031345031024,12.231684570526262,10.281210380748055
341.7680118567314,94.92865471441097,172.66560876928435,14.40179580726337,31.546053315199952,371.51280512895926,72.30994093832172,218.15893664019964,14.170842976060804,24.50134727086287,7.749023240327071
16.084099818827443,22.467376920583277,276.15114395820933,5.023077423591972,13.856531153207483,16.223197945409176,171.97312847372731,252.97205456268057,12.744788889873844,19.81554618340691,6.262597037203365
113.64764857546854,46.59180230496965,125.51687610904602,2.392573581768352,26.006672132259354,109.69231093679181,39.93469671221719,116.87787188227627,2.684973389980415,25.21807455993359,9.391399959010688
52.35364986273621,448.6515162582734,13.031940741842826,15.602423533118824,41.7353928971396,53.995529495119236,592.1057270410237,21.8889356544182,16.257429544755322,25.285011762537415,6.103427773904617
922.4021188412565,344.1723347372484,11.147603246721625,12.874980311727757,31.57958413474381,912.2790292338716,216.98861758427833,12.394941559870375,17.15097476101437,38.13191615041181,9.796301393088601
45.7014205063581,39.00661455469535,16.128782224244514,3.4545877921074024,28.20709540639039,49.682281300425274,32.65877025310358,17.735455468427954,5.383622851791701,28.747496084655847,6.8347482480284745
243.95290509611772,89.83574516827062,63.83700253539216,3.84791499168329,12.793945294781986,259.94141230842854,90.64602372554923,66.9862998384812,3.936089144313923,15.814219936194968,7.3419779140477415
212.2787464950624,16.73746202864725,462.4433832608494,4.350771220153441,22.327778944623386,239.2320066953744,14.651527559703027,516.6085121168752,4.948722674308961,18.34736634346146,16.06349426552188
387.2012965204248,581.379443269425,83.49198415296387,11.715566654784244,26.039834453950295,416.43895555277743,663.979919953069,77.91507982714558,11.818418280350228,23.11668755066482,8.053999781929374
994.9083997354637,28.794177166655647,458.4264358918741,4.023237194718982,49.05174201324549,1121.304097020045,32.5936312883693,653.6086680841709,3.988135311323534,58.38989094851559,11.40803109047727
431.37988163703426,43.85714179731863,19.65336195390893,17.021705383832675,30.299778571536084,483.06734040283226,43.24186576491325,23.122468555721994,17.195300249887676,36.22952937086237,15.811302550888385
17.503855996270936,235.42473183922857,92.0427253057203,4.099976728111216,2.4899667244549573,17.925990366444935,95.48439386333129,115.60831861124498,3.1165280302546963,14.214362678308067,13.3701688905057
991.6960273976058,31.311698441122115,101.26792698437418,15.417872384345996,37.26928814302408,1125.9952462087392,30.074942915563867,108.51339414939764,15.538704016510342,25.994286052854587,13.15510959959751
16.536542016632403,276.1931568042583,39.05613484889161,10.847320250837377,17.947690753617884,16.371720389373614,187.8835969099238,42.665281713883914,9.978508048407763,23.6815499602469,4.333465186862589
329.33954796776874,137.7024415947621,37.06028456825226,5.311503016783294,39.10764451630023,365.9805287291473,130.31303514266216,40.2121396022634,5.284626431508989,41.13296620580593,8.69857249611283
108.39945523544729,68.6644989498477,24.59109715467666,7.620651936383705,43.33041004308366,115.07248349539707,77.43336127705484,28.75671236794042,4.125505177434408,35.81670430569408,6.420957865977388
267.50597233955904,57.79567030955599,356.0813428272754,11.593882383725472,31.171901598259645,294.0134435516747,46.839336163687,367.27828981547117,11.671478023910268,24.712234299597956,8.412712013582544
82.52816675117471,758.7489489418216,16.222464009490704,11.413502116169564,8.376179104093557,86.45650802650096,390.7616085678311,15.462314293050389,10.58313167589038,16.33642175980817,4.913249532296934
16.8675867772215,22.00129260907633,40.784737503397196,15.252302879400117,30.49885616528644,18.402661528781792,17.17746073332702,35.70984616114987,14.040781841651642,21.866557775638537,8.698080903855363
110.65033546854403,163.22608536362392,18.282823954801028,11.259390284203883,23.793550627523057,115.16191145554747,182.33216694342488,16.798632278773365,10.51370661770398,18.373350475938768,9.21431559667814
42.40958281324626,686.1618103795015,711.4445103013976,18.761692064410596,2.6879646698128496,40.490273715346426,257.2708641639558,691.9675003554987,13.905890149560916,17.160544488552222,7.21149669800325
849.8073112770022,45.35698924123062,300.09638524255536,6.422115068509229,31.32574598391226,863.1636282016469,36.69665192325532,518.9807066965842,6.371398899542131,28.748539855588042,7.597301095321686
440.4322218588355,151.68350148950753,106.9466054580356,9.808302580417156,16.919608443875145,474.251928936462,169.57711634646094,116.28312485410792,9.266946313083247,15.379793807395451,8.64029647096527
46.70883851258037,668.7762769251909,562.0139120463455,6.157855715500366,46.84155528499399,50.77739165058792,469.54719027189765,471.3036747513922,5.837417339158189,18.985032746347795,11.566712842240108
741.4914754268322,746.02485662714,220.2420197843128,7.090506679789929,13.17652019574633,813.8016761968016,317.0861290117877,228.07166258632319,16.02676056378471,16.196837473995334,10.345041561901995
549.5577132652131,330.2706187410982,244.51433572786422,8.839429591509688,12.09888919220127,593.423056235979,281.44771315487674,251.04024735924443,9.293742138836077,14.910395416277623,6.002371762893868
78.57042612534501,67.17091021054487,86.13573538730658,7.44675065474093,15.727681480463463,75.88957689934328,48.75474087627122,87.12175567969891,8.825562092650058,8.674172110842818,5.512270966535259
859.906990098323,717.795675237075,265.4493634356245,6.379831160769664,16.158873568449433,939.8965312839338,448.9193439109602,266.162922278896,12.57389968210942,15.19424126664583,9.460221591071706
844.0145752459108,20.56809298832047,501.9430877948436,3.360000111798135,19.127422920560647,1035.5089359194033,22.615745757384413,759.2375907738459,3.4131898249054258,19.968515173178435,17.65326400244768
28.15867227764252,111.32255717202611,14.5888731975867,4.051116253878132,3.0503122731757646,30.128983926732396,60.879540310372164,18.707166497429043,3.140230904816091,5.717016104657532,16.726403886794962
50.229694097039115,462.666867445913,128.64117102888494,8.470469855837056,12.007517560539073,53.16707856367235,345.5122822337678,138.87012270824656,8.753789830660985,16.32480526038712,5.815519252636527
187.31732943169362,14.092037683990155,13.661262010725551,2.4691840551032884,8.859704016068147,198.65002324236954,13.05811135845387,15.326540319434814,2.1774857441688016,29.69025069035516,11.188432548387793
738.6079921803555,165.00044286180497,339.11376299140977,7.366067166351454,38.21501344025606,743.5808264051578,173.6365145105927,334.1408049030203,6.756215130933687,30.35636163414009,6.852401567199869
377.55911736492874,20.52528248190003,199.45248455508704,17.500999211717893,47.534210575719705,419.36478628414847,15.462904741762976,237.26083733653164,17.78112430688149,35.11957182867152,9.157694389976028
35.72838345489502,101.29411872175812,72.34038857953564,9.746752289753193,41.046395022661684,37.572492693784326,112.66086528008616,83.40976652540118,9.74536192547701,20.804109034710567,6.512594737755702
24.017386796314526,17.30292437689757,616.4899837511556,12.72959628722124,27.019245834463558,24.399655774771983,18.376183801869235,371.3132140490459,12.069965870773647,25.124625456183015,6.263562780409416
205.70769278488135,13.091210003126827,549.3599075726656,4.095231122914461,12.410040196648717,220.21986913331844,13.079384902968462,684.8928292423404,4.4513628228172095,11.479310205673658,10.898543173835138
15.845627358938824,13.931296399223031,11.256608017228753,18.416157344549656,16.94637172489547,18.249710467883624,14.202926145615578,13.069591888138877,12.382289023603025,17.119540556553485,13.272300637736908
25.976298630264033,28.632419632883348,170.788463322479,19.276882389196533,31.086025090909263,28.56232665872972,28.853774210997134,196.2732238739443,10.080911887823865,46.2330899718798,10.299307869114788
430.4858029003748,912.1435988201229,10.270230062011029,13.068134012193187,10.996183312391,434.3242196975221,563.2766917422832,12.80184474789386,12.011781248593435,11.002917044047432,23.587905117774255
15.482909986546106,695.5390002287492,11.30653586601918,15.22923661037755,8.989086028696581,16.52380783493811,300.40822374858124,12.95433637633365,13.553915689615131,22.222327490537918,14.586283487595015
96.64020506469272,361.33357726318917,15.667070510830612,12.313485775398966,11.547122170462384,92.98524194516375,205.89666404056686,15.490676863957546,9.242630528894527,22.60643759585951,4.414538922688985
121.65547094282849,65.27448498281227,369.724811794129,11.762803067888562,16.407785775997905,136.3338518150959,48.882934939587145,419.23615649914984,12.479662677432758,13.499570202080614,10.33201147121977
10.29649888806901,33.84420344622512,421.402011280933,7.490359750602961,21.509772989313564,11.213839689911339,51.34008172275483,583.2850303853188,7.172225706415344,20.706375393080144,23.184952100187477
40.28893854002909,11.293641693490796,12.000420967366972,16.352956821859298,9.879444707276496,42.292063604994176,16.168892604415948,13.124448943576217,14.263063227535456,14.687019769851402,7.35685506031851
76.78308613078829,405.64317046890034,183.5031346057893,12.57820033143119,44.123148050660774,86.1371711376854,531.9738693608382,106.89051574211915,12.86132390027758,32.27717679994929,11.742953557648532
444.63505849116837,33.925896176211054,120.93279697324556,5.976415263912182,4.40402305356022,517.6246456523436,57.49720602602834,130.33981912309483,5.334098589916107,13.525485969447164,12.701151727511023
28.8889989266722,92.03848567409675,116.36989055944781,6.834056135136519,44.47880545955453,29.788073989197095,87.38498627659077,116.63915341775413,6.454951855907633,13.389042525362688,4.936380157667276
144.1648251065821,42.81492020958142,840.8186882863658,13.074904900983055,46.46690655874464,158.12265398812613,33.15246458708271,507.3334532462073,13.557806287902443,34.601750458939,9.205405325514269
21.86915703403828,181.26527406026224,572.5693087188295,8.512783034825421,40.00166354740351,22.535016301559125,77.00752722735712,415.70636372157844,5.758709937544525,17.77886712276183,6.468037278920938
11.142775235062965,481.91823681163197,22.195029991907543,7.040577856943307,43.045312291671586,11.504971753842282,230.80042041141277,61.31272875140721,5.965026507279774,29.7525027083513,12.486964221885694
328.80836785284765,559.7363386467879,13.440057266489266,15.686138587788474,5.891260714822228,334.20723236103595,248.36682663978922,16.74002324411499,12.747470513262165,9.839803489144352,16.216473373803584
708.2606911629422,10.430179145605978,696.3395865379123,11.32225578985701,5.18306500088693,700.7661080486922,28.75788352012773,1131.7350500848668,11.676992081363911,15.856810786245914,5.87240780598388
125.39746794265392,72.91827570439425,178.65902594950487,7.85248935455483,26.611483741124392,121.65116581197988,50.60136269887231,199.98782713632636,9.98037986778324,26.04074433657603,10.201842120306845
50.99523257738349,39.24099112590288,17.86549420353947,4.012026232580428,36.39237099590432,54.50465916681873,30.424940145529202,18.307242567385895,7.380862231246618,44.53733396045612,8.50655602695401
10.2047408519561,702.2486099903999,153.36003041880394,4.147881366799737,8.076145971046927,11.470149036927493,336.6814635573566,95.09635964539093,3.9983559710129835,33.73479872434611,12.203089667223551
192.0746721664178,145.61402038686973,79.32851324094196,14.18201578008323,35.550011538325606,209.0260821530643,164.16570984211165,83.8777836151859,15.784928232781478,30.965940649809383,9.950955195107028
214.1329224435099,27.17018567604385,40.47296397719514,11.066761134557446,40.23955131228424,234.03210734064766,21.24444785727168,40.21305916372674,12.273960561522948,25.021165265432955,12.702108487871266
125.92327479870848,737.4601439646214,215.94613881047536,3.834891347148644,48.63411243554375,143.33835729112684,891.4494466578814,279.663385429344,4.107047555179457,34.06378962311161,10.523396407124434
92.81624974266447,29.727017517219966,22.65642129216931,18.599431424226054,33.16082863427566,101.68750331176683,47.958482196870655,24.508318889645277,17.812593525101043,14.266956517524074,12.098091029743891
12.974906605004906,698.7737752711299,56.01060817774838,5.461071303618726,8.233088922140885,12.773126090373896,341.8474402688786,32.51766471817482,5.240966984625615,25.110416526637856,5.644214833268044
464.5612168930548,10.910069884492039,192.38326729211644,2.278558526377564,47.53528054585191,578.1889588856216,12.2528327858355,186.78697554758537,2.1359863553579514,49.07665957131142,15.201695728807927
11.470075129147984,97.55340231126972,37.168310799306376,5.962097940631577,46.35121489383273,11.62764299880309,95.96400730068551,34.41431689725325,5.53456654080801,30.062043797437006,8.363390120350719
980.9449546662981,376.77405023717284,373.12147782890565,17.075251530325332,4.116801973235917,1079.5137681677456,402.9179795542331,363.5874411137202,14.306469339527062,15.528229135460071,7.8422316843320345
51.217390458507694,420.46419659993995,304.0644317564036,7.179445716868724,28.010877957713404,55.64114243295256,335.46659099185575,355.7531537818553,6.787362116716912,15.069310982683977,7.731290723780587
36.837561132104085,777.7774468858827,20.466850147630137,17.596076297942002,38.982461869529025,39.73785022832192,554.4838201259189,51.81307371102557,16.134138080784766,27.690539710219095,7.874844132599046
87.63114344427407,13.643977130326867,146.80408257802947,13.406871327880408,33.0788437826087,90.37999317327399,14.30838430342412,164.0346963796062,13.155923395322757,32.25471188128041,5.981365409217332
169.42674003640226,778.8767504516708,22.99772181005522,5.29219746957497,6.3771580061613635,188.48547451286578,681.0738525953197,24.287603030607663,5.165474412508877,9.343378016437574,20.584529368019364
63.86214300200602,79.62962382829433,11.484638702479762,5.699236535715071,49.41251861445607,60.71530294505132,91.03350997190698,11.352306133908039,9.120517634462269,52.0056614172433,14.34941219318335
17.437455758021837,17.629144135908,60.12457940987794,7.166130553048864,17.191869168395193,18.45894189149813,31.199530765549643,73.1019970031453,14.12037710114851,19.492903073408648,13.49881702593581
51.27351434473086,11.971515722567121,166.95488399965254,16.286729598592522,43.96240208874593,52.33609680082765,10.494033809429014,251.89921017585124,16.076432837349603,41.77030001333725,5.842380563496833
121.86839129196535,37.332592065222315,701.5593954554943,10.111726940100398,27.177516973465902,113.95797218375087,25.028462360070957,598.8357720663905,13.215516190891615,16.199133622034587,5.947935764244036
40.46632586431882,42.74438319243887,15.320841769210132,13.855720706203073,49.8111420525413,44.002721799359925,49.28880793053888,20.18848112022761,9.70714945797396,45.49253445905101,12.317930552679927
497.587050040241,841.8345413738867,166.04649807570217,5.403316568742227,6.447173158285283,446.5085794200622,303.4027180027664,181.7160560062165,7.904454203539831,9.01691591266,18.361806427092418
131.2174984000965,31.394078874353703,39.44592279577575,2.0885678931034155,24.225383554167337,117.54235987195953,27.815801228322208,46.31934706718043,2.2574257379415403,20.23634806947577,7.8463370851759615
837.6747867372685,530.37176287481,58.31187859895257,13.41595449466977,2.98077463609142,860.2707887363327,82.62811113519741,67.63321484424533,15.161471822062007,12.271564831559058,9.211510468419819
121.71111624988002,226.2327917275616,860.3353157273782,16.52563751191899,20.902507480680992,126.76627334404903,190.1547600941145,907.3844590829153,15.055369816333874,22.47969922459243,3.4917862884055157
55.7936875443622,579.6128511968067,65.50639183881424,19.45515601347825,33.37238583620272,58.19122117339435,355.44466881012846,104.92821716316965,14.856358300427576,27.44203573146377,8.567846440394309
14.094166357569172,50.423362431891455,25.82892280401971,9.000580971160995,20.715329287811468,14.420247813987402,39.191719439762664,30.82072764079695,8.131027977546678,18.479341643519728,4.875018998747398
63.15081635148845,830.1956181895005,14.029614819345367,4.845868802145046,3.9891323154195124,70.54672988252763,780.6582431314536,15.402195701336725,5.343379808805915,4.7014547844967325,11.839022875157053
76.43073971161873,99.89571664962159,425.05147504762743,5.04097488402911,20.629064400894393,80.93402186599046,143.42568853371176,496.51419574157694,8.089269674412538,31.523557984779323,6.432763650608732
13.308411259836635,82.51332405918748,18.115908328401563,3.894207492993937,32.349575025450086,14.959883504163754,104.8703576403997,19.34141246732533,4.181699911905173,25.679244804673,11.337701343091979
44.28243565003281,198.77828794618156,164.5178295820137,14.366453881450262,47.89847329763095,46.6406374235297,162.61690121424874,187.7750702649957,12.121777098131483,13.646008646775678,9.45258022034485
204.9268605610292,39.402984028978686,44.30437499651668,17.37264355205348,45.194538163916654,216.60081117833292,52.73200035783612,42.937759941896296,16.67449443337388,14.341698487190357,8.507796203648443
345.7331040622393,40.9073638601193,81.60057382288802,7.053209919988621,35.221722343378445,352.42587490207785,32.16172195830921,86.76275824042904,7.093142905833208,24.931749029060516,6.89985650902874
14.191933596911088,94.48749816962732,144.19364189554682,6.517655058580647,37.31679930840115,14.165639149105376,84.27352593516292,130.0569901159531,6.376774182695842,16.707537108289756,4.018126248425145
44.23951084826966,100.91679417190186,21.069353784035574,5.869259733493715,23.61016449759454,41.855523768462724,155.88907661355415,22.430409124485887,7.06923177126476,13.598738233213306,7.2284296850986305
26.11717761768879,82.91169895484471,70.29009029272866,9.954317633281061,34.031138203103744,28.41017364681749,89.29274854538042,84.7962609291633,8.741267019738663,10.094053058489898,10.394732271117881
59.32821992873582,143.38105204395868,182.9902688773874,5.401285354152009,16.328882050037496,62.032398493909284,201.48134027439067,212.98707036358653,5.503475361339037,19.933342023566713,16.41736783036961
164.40216587452554,489.56484839296434,680.2027380739056,4.332679168179217,32.16353388932747,179.92393061927527,452.4187026100505,781.4930963890763,4.137552062012688,25.573936834163245,9.192984415145295
11.272725866825537,33.33436974942343,204.49015259229012,6.345140047836925,20.220982707202282,12.764115669836839,42.9346741964964,402.8732660949835,7.0412859942487795,31.419869250225787,14.264515598293642
599.788574958605,328.38523279800756,62.860011866066195,5.658504580385053,38.463190050717145,646.3945441802832,336.8256575720314,63.26561676555915,4.395067796346259,39.50042415394566,7.614250325841093
20.164557176507152,24.471922791374208,270.88514399786203,16.941755460025707,19.411760298724978,21.848062912516024,34.66004120469203,446.86787636347475,13.013413619368261,32.927165063267736,13.851213176652752
841.7151568963307,167.17399668449846,34.90372850752746,13.318454412940035,37.30441569277845,876.7563914473881,181.32993446385905,38.862402881421524,13.7787262651998,39.414856188184544,12.49065226050825
311.0063083846199,193.5803171582697,821.8859183370118,7.905426633780505,37.68392282336525,320.5916993754128,77.25093475548367,665.2829845088812,12.411762414455174,12.884888497082127,7.2669421791921875
115.3536224152367,10.24938520502399,267.98396183810434,1.7325739149990205,47.410809291401854,111.89240722043732,8.165682548591484,333.9461506584836,1.6282056888591383,40.67095190279177,15.911549263324435
305.83704510820905,112.150570034149,37.55109996668192,8.837096203792717,28.4519330473914,335.4751006833612,127.43805231304098,41.89544831554943,7.860233146761298,28.638418596749652,10.544050425500098
15.216098503050672,308.5946728277278,505.80701251384176,19.08645435692741,47.902159672183004,16.201664867301346,128.11059734558458,629.3761497672898,16.298659633826944,18.441280471531478,12.11701173609954
383.82366688523996,24.759508377839897,30.511026699470495,16.990183338308324,37.57724123500213,428.20312334836683,44.13639492888515,35.108726852448,15.639872914367267,12.017449212988101,17.74004049314995
406.98572480995136,592.8879849422171,78.96458705243988,8.025357968751939,14.165677376522613,445.08951921822757,729.1173208363687,81.19141409816578,9.055739734767844,8.862055317577246,10.319639684931495
15.501548259106945,10.026197575082858,73.095614588034,15.615609044666206,37.20638925439213,17.27092257822139,8.946994862398107,119.08981800402513,14.217222306908694,40.21611689562117,9.210322129927672
39.75015564837808,153.25343977116356,116.12637796260834,1.4108626251910623,34.01006854796821,43.29258618535857,191.88758047093447,163.03420290657283,1.9310545086366588,14.537013480196954,15.942837264010299
27.91010737594776,727.61114010338,41.673462504594355,11.97837006735608,43.48225315624584,27.011875473797506,800.1632270121191,45.810160842534025,10.899573592398122,35.68478322987594,7.824757760061242
291.35279099033005,143.73335441939585,878.1794408561973,14.086773374927777,25.639787935873866,289.81186420029974,64.29235295377646,811.8266553753193,16.51958462758065,10.029903475032624,4.378031101302966
897.8564545042844,106.09356347818941,88.35588903486139,9.55547968109753,12.465914278984664,908.7439063353908,125.03604720542432,103.3776863838762,9.837821187159339,20.125706435170077,14.17505792020095
19.212722410089054,419.9375819640138,94.6833821501299,11.746831556112998,6.834464332278177,19.465225238943397,175.71483958788926,82.10862257870563,11.289261122846478,17.73680993307031,4.6278872265175925
271.7766890921775,623.734285839658,153.88511418559452,12.774224053369442,19.097034401779723,323.4456673557367,565.2698403074113,165.0728111351124,9.755293910956423,17.27672505874744,15.858915847374835
879.3037435373489,139.3383977092542,156.88668475862292,6.39617107098149,11.156516558605013,989.285976088913,87.2780489671533,174.29539040350497,6.451743702391096,20.050341755100224,13.299058689636361
286.762424968496,51.64441910825438,18.26793607533562,17.386273590269628,41.746253214304865,281.3966081466156,48.71822511773678,18.437542627774636,16.13684807416424,38.471885398376415,8.141693457012767
20.622991591790004,18.132670909582306,440.2958477249092,17.282019401272912,13.226160443993178,22.829766698610943,33.59354688177458,680.3177748697736,15.174612148882343,29.936161537781985,12.199995362983412
52.90625547205446,17.961901564595635,100.87049411636458,7.098563672557424,30.297243872600113,54.07545660955255,16.41188398259413,106.03365793026468,7.3555035712067625,31.320865795447112,6.69906748793563
659.9975693846806,15.8896058530817,13.246511123924291,7.265137531376599,33.37137646601717,719.8282906814804,25.479897777701638,16.32952427076471,6.942690494407577,14.38379709147157,14.288344203216743
563.1624456344769,986.1284173361735,22.598651883860114,10.388523911050571,39.6435497145919,559.4974798393167,999.8260531987249,34.49390664961409,12.828438405796657,33.02787029254019,6.489510226220542
93.90331403987766,25.474905380510922,346.7657979235382,6.642126243336443,6.192587345680851,102.05414506716949,28.370035232065923,333.482001119933,7.923886019552801,5.9580323018376244,10.495293176861722
876.3946249248648,346.8853273072284,67.42546226512357,4.990098554950968,38.859786925739726,1026.3470943836635,358.8268031968445,66.08366322458878,4.921949186459497,39.227541682373214,11.878480688732097
717.4902702513868,23.859043191009267,859.1454774455408,11.357936335420979,30.43988518622951,799.0377029558953,24.06476571373872,1037.20025751469,10.071346407575348,32.89928887167141,10.61285703505709
128.78486193733193,720.7466971885823,13.459298026224658,2.858929378398996,16.6961456779949,137.5654831594349,1101.6172555647877,18.61616122053929,3.1993946977724876,13.2105324486683,21.71755962716359
221.6017419757165,749.5301359292224,50.627061257788796,10.683954099843262,31.96732838512701,238.46166220389577,650.6432644598767,64.09293782989951,8.352477248880223,32.211255477272466,10.51001698652815
26.628925582739697,185.7577737061729,309.08257809944865,7.781096063702374,41.900992153425875,27.344654643319004,174.63795232192837,268.72750281201644,7.418963729599707,15.872426574805054,7.236022541449798
133.39613747870033,17.667333980413606,271.20253749840293,4.94253674694998,18.95697913044343,143.44535917690388,15.191546557768365,412.741177281564,5.352013095285605,15.19587293751552,9.629525964995555
38.097412030541356,16.73823572319081,372.5935581209275,18.377738982773053,20.30075588103693,43.49660095131431,21.188795684561146,532.9623205697799,15.139938102619132,33.639538389501354,10.639755500670253
30.00556306464895,75.92916975983216,37.31298885318608,2.8454025842466715,31.664275318461993,30.341217547459284,129.2818074187696,51.744258712584895,3.689396687644069,12.24908043023814,13.28397984173639
237.78326319536154,233.67259576173998,80.02922440275638,2.609602111119525,45.31972853988271,249.9741014140004,221.6253256039755,76.45110421585126,14.250981347138934,32.72332425021324,8.017879481632335
51.970160220183,226.76689827516293,24.712099163182824,19.359550130120326,23.170767250332666,53.02597571475361,157.4114513911653,25.097912046606073,18.47366694277334,32.619575217308395,6.106440789206634
129.57216195860423,98.23077645135963,705.8772680981187,15.380089649594817,8.450232776969978,153.45887457384066,125.50662630206898,641.5340237899616,14.535713409790135,11.012736790034626,13.649334983018472
45.86955501831889,27.70997911263663,24.87737353766888,8.174460414863027,14.52624974332139,41.758897692110914,24.65390853656736,27.12705374313,7.066630825039286,14.353428037379773,10.133757190587305
950.3299843984956,51.4012059837258,215.19679356475459,14.429982815858247,18.940098204793024,1312.1292895653794,75.7112489251436,210.14371296960894,13.688059824491623,20.85460518335506,29.927386400462552
283.1929968101215,154.47440112639455,250.26932443969682,2.226756484386175,19.779504165065124,298.31822506381235,120.21091613958184,256.0659687516504,2.1598496426440046,14.060328254098707,10.741553334227222
384.2069816073089,11.147521347563607,33.58476933866959,16.896743443473603,16.04878676946724,424.25609431302206,11.95665249634642,39.300411252007045,17.385556451166224,31.700416795545696,12.861596069351029
509.60340058306946,220.9080139913583,14.064238408727068,18.736940612022998,34.57944724379648,506.2655134615625,200.30132473384333,18.577150693565752,17.12186413002854,34.81101082913811,6.834924542775697
21.830979402950035,41.70966432558159,37.60886151351384,4.686241581821237,22.221370809128455,23.32949950347562,57.588204247570346,42.30403349436877,4.389311674393509,12.648629948997154,18.68256481111174
10.160736203761342,328.97563008140156,34.79902907185184,5.368559412320099,40.77362174513748,11.079128362014254,313.643168690149,50.76560464839759,5.198164134678974,29.309854848812183,11.00805291691203
573.8946472908381,87.97663447214897,10.307589910374892,2.075506553258759,32.366574917422,659.9343057745738,73.73367088812267,13.436956865241797,2.063486321336095,38.58674344998577,19.15358291516343
189.77451790233428,25.565670192034467,306.65642014673165,19.607057912994755,44.336567356611425,214.9342278278298,21.75184495974801,202.1583765873898,19.19445507170377,34.60730812185734,11.94857561299922
166.43089314086444,18.211732058769115,76.5763507183482,7.0294717148199295,36.22403160940787,175.16915328446723,15.101506519959015,70.45419747943758,7.088778111441225,28.836161524797888,6.518093887042683
426.8797907925559,796.7791992396844,557.4325833285479,18.096815230587943,13.01827755577384,516.330068224377,488.802965078459,625.9665730801671,13.582131087461379,16.707561636791905,14.3300122794771
19.003497873758498,21.82554220111366,12.262003276759657,12.960448136776254,35.13370570642793,22.817772339807416,21.214732769600644,14.970994122059341,13.57246444240686,16.753646769286235,15.649950674754429
66.62482362951441,149.05483756566656,294.8766396692628,13.21249698852202,37.43704674743984,68.66017093942169,135.20837234898164,227.52709186984558,15.688279401129675,17.461784276897188,5.841159238591316
15.916948752611635,20.586356544309268,67.65125142627075,7.013977282556029,27.34789864954252,16.84261416778457,22.07968826583922,78.67785963286558,7.654146524265536,31.695676587723234,6.783165116699289
76.77643359849321,58.77249059741805,212.2410275261474,5.061999329331009,45.55697986700745,82.04739819189227,42.07878325437883,177.90619248932904,7.043752338758431,35.279854811309114,10.165067833316096
62.39857981609687,10.290904076995272,435.8978068134049,14.837292655768328,44.804302955236636,60.81115020070092,11.8437668164484,403.7666418524806,13.17510574536788,44.13976881261467,7.490443227058305
21.540392928156066,464.2478002952025,60.63730024051247,3.789513033209511,36.893198344336085,21.49250983500268,580.8019971494376,39.76144470122291,3.607090414762388,37.88354619242992,8.270909082916852
74.2978735816674,577.6068429257017,333.799181935145,3.8069731624028678,20.15955766104545,77.2588547082218,554.882834013125,402.890542104126,3.4047687065397927,18.95425026174562,10.10993479926688
476.17765823055385,69.66868548607475,591.710737690998,2.48273162008918,25.66411400042364,570.5396240129486,67.96573035233659,639.8955369664609,2.690437170842986,24.51331099439058,15.902936989474803
18.742939374110218,24.3701464197102,363.80919789502406,11.299019651265342,9.698539113365994,20.194477349414313,82.51612342463673,626.2434872325945,15.435991320538925,22.006736019601476,10.817124759165718
56.689691335350126,369.5746985530772,14.101266885397207,18.041406952874148,38.36679804153649,57.036981797516304,385.76582716102075,27.577759467654467,18.699939662189006,28.03215295681544,6.619255456555141
30.319753544798054,638.2894170095353,43.24958618124562,19.207942998405766,2.198467991655132,31.018560286492374,82.8677187622153,48.47992013402129,15.40077258859961,17.94705541183711,7.382157681092146
314.2707245210654,17.96564961788836,440.0700313081228,10.992638216541893,17.490829718317897,342.84931364292555,27.64713460229392,632.2145588076568,10.365283720919702,26.444580112485696,10.371465170043962
45.93947322190076,65.94015275633201,19.71498465437642,15.090467771297567,15.453646687921543,48.00023521140302,55.155757580115434,22.417031134578373,12.176864432636698,26.228743402274546,10.842865242414033
32.459406646380764,10.698835731565692,38.59872879830363,11.615031591223064,25.489051076233885,31.889526445077152,11.273339942618628,51.59355173718888,12.594151323749022,35.082790951685965,6.002481284913745
94.95489086356197,22.311041058547385,163.47450010897734,3.2080525434465192,11.486329593411858,93.3982577113583,20.87320226980057,158.4692840206011,3.4849520816986606,10.742212148441139,4.432323837736322
33.69551390332944,22.117419391453254,723.6632199838559,1.8170617640609703,29.127109409402582,35.494552167997156,22.95783268450414,594.8788241648103,2.031318464052238,25.738474808197626,10.981900328593289
80.02292398446188,350.6327919948378,144.16431233373476,15.941226805079557,19.701732885390797,84.28851621119276,395.61299691108314,107.64542204524817,15.881713880852107,28.333677670802267,7.57851355961787
89.49004017450834,200.03763206767127,89.19732444919104,8.75242343877509,19.80719801176197,89.8661786999232,263.6555484871905,77.19975457066954,12.248672056876027,19.256480347361144,4.489116308251189
504.8493237363196,207.85290997540642,867.6159468992105,6.026670196039449,47.41844617253189,524.276470415112,185.74834790246348,826.0028999980683,6.537265684076699,35.48890274764491,7.910499012435294
35.9379227202589,10.530814102711147,228.2552922240252,17.44055964574037,3.612362583114656,37.23155103299884,26.7157211416344,286.06212300451966,13.045136242447201,14.463643549051437,6.466054014663536
21.345411597261297,14.090835187918534,30.534892190625335,2.050584153413902,15.293155374649798,27.185128276427626,13.818263228678543,38.45381218064352,2.085954886727885,18.17151601711525,13.9451984917171
442.1951086298812,243.9373276983082,508.00456988562814,11.480371823722008,15.665391665755749,479.648045863329,225.58807185526396,493.15935670628903,8.454276440403982,12.673471815034825,7.420063197401529
11.792237819702814,178.6591626376722,208.53715538214485,16.487715148823963,6.935523155337614,11.789101529139636,192.70429968340292,261.94767418942115,15.232056005694606,19.96261773106015,6.667498321481846
464.90385258570467,959.5121304543171,72.81027541368952,9.275610107160158,42.86960707443629,480.053808778295,837.8976531750129,83.9347624458116,7.784716656777828,45.67497626894164,8.336474501982059
82.5223621471536,528.5411131658853,188.17898498605422,1.8388015758571408,39.10632645330815,80.07571814509474,582.8370688836102,179.24961481361615,2.106355454586706,45.67398237879487,8.104450451757533
289.1373064126647,69.71832640859218,315.3394515714717,16.087966416681397,5.173344558904873,318.34576140393875,147.92636379414128,339.970794645241,10.735126666105598,13.013296566642014,10.210130197721574
491.38621337049136,359.0176969142998,18.438625548003216,1.6610321944047102,10.200184778515716,520.0183780713609,143.18365578784693,18.516891940680793,5.777357577840554,8.886094943265654,14.73628014883031
288.62038662063554,947.0747150467863,92.0533363213463,8.053570068887257,31.07998181478624,286.9516197127378,819.3405422530484,97.58009449864024,7.332291098622571,25.487433574493426,11.781095908854912
26.503555103890168,409.07636009472907,87.40148855765972,7.626898575429587,7.360255134296629,25.17274836486767,245.90825705996025,91.15877534750713,7.998010129606729,12.754751885735542,6.480088840178066
848.2587437094137,85.6974957566709,735.3219187376949,19.96189621674238,25.33740380411939,1030.321949964415,107.9702662778601,784.1118939438303,19.41826114074848,29.193189946510838,20.18275029238034
10.676055128333992,179.0980980887751,684.2901992408536,15.153704235525739,14.736253000317598,10.994215251710715,198.25825192392352,600.1516885979679,15.381032748882436,16.95608415550248,4.391972800488551
71.87965195116017,419.31897274295864,10.517156781525708,11.8437275837678,30.618033549453376,67.2781636776397,588.1767808089189,20.3534195700617,12.604486218038604,17.95345582932316,6.262392233204865
257.7333819837726,11.578340665855306,26.18893451807782,19.92187605629063,30.654166436147488,313.81833534638446,10.169363157738871,31.938122329132973,21.054599679421766,31.07761603134858,22.110745591768733
36.300408892157456,35.500310386579386,31.961599942367258,14.534263770171648,44.57021291224033,38.64508121278894,47.68077682880009,35.287125557019095,6.896772060025112,15.746244594866496,12.66991274833759
817.2744927473351,298.62276991851473,254.5908540868144,2.007153621166995,23.20025878703538,922.6284752885426,259.8776572422255,207.97387870484536,1.6400041196087443,26.04163536494302,14.338083122626488
263.38177781114507,349.4705592245272,83.83790705324465,5.527928026178177,29.318747798802193,326.5460302898266,545.3811639894832,95.8957713134758,7.123043963850055,17.756397807992972,19.3841073416066
38.14085598218161,103.5625065736792,351.4922305155102,17.38882492441162,3.9297738383673013,45.544154894115884,141.7215806150209,407.3154519210439,13.303949186484578,18.12537075995644,22.30423163403053
425.123639242168,98.91473990326085,97.09757635929745,1.649548300139088,46.70720458382455,438.7944145298664,82.41461629925475,114.99777253838849,1.4333964576712455,27.847929052352928,13.5979365661116
14.845536936169557,595.7798599646628,725.7834453404568,19.808699307769203,30.06887798229364,16.843744879647463,94.65616054756764,779.0130149376382,16.125901833831925,17.520737786701993,16.691140023329506
438.6606254798927,496.3879456043742,20.051132607750432,16.38899348395046,25.06255995492006,446.9841025889969,491.9429284931937,27.330301397205403,11.013633577706162,26.79786896096399,7.8122449747590625
430.81127757309844,333.48816637677965,63.704010824969544,6.1128098829676585,36.058613780550395,446.457004005928,233.17436557633877,62.942206937091264,13.985674473606844,35.67633961789177,8.17804765376463
61.16461815255745,305.25677364042366,88.81476333040345,11.84388151628468,17.07943462776044,60.54990884311232,260.5058959560217,88.46422969890003,11.517491207849972,23.82205994239772,4.605228282645486
35.09789747539134,12.947165343796472,377.20563859701747,15.524465089294337,12.733633540281712,36.92973323664571,16.96291009646898,362.51598262545525,11.57807195385402,18.127260901034166,6.02788056612166
658.9329959196458,41.70018034988423,19.322544171644704,11.890243385079502,20.922170749505888,677.2432268361342,89.15168825998421,20.423060272251213,10.90433948179209,13.96104307257144,4.29948177610209
13.481831510028426,552.3037835641155,44.68779969031247,16.131379293289463,39.1542077965894,12.867989050559824,320.8393274949967,159.8176167047251,15.663901199140748,24.825627313852557,5.372724920560978
61.64771644535866,34.79654653525623,51.33651729847472,9.142062728883431,29.810211439255337,65.64009822012277,29.937489996957066,53.60373918064588,7.828774408545346,19.986859386724696,5.289425752858882
52.39226269962061,291.7151115288879,67.29688971671348,2.206241345719971,33.948076149503656,52.7232352145943,463.1299776237433,75.37388832950226,2.5933642225285243,30.170652779736177,21.50343874555258
90.95658570779176,529.2109670079556,192.53284891075896,14.117637135794531,49.18338423372355,90.41038484971578,621.108161591645,189.631004047777,13.658846589911326,31.475592680814785,4.481856672737697
146.09673799811839,42.09939993854007,633.6235731933143,10.038643016745803,2.265621133465199,151.19671913928138,326.2855484181518,678.9438542815808,13.604817845219765,16.58292890127837,9.528811327762813
28.07681175192267,84.58828953726935,62.79661766751182,14.578442661292716,31.370239116394128,29.843456228622813,66.50451754260173,77.49465305099368,13.057318122354467,15.229549154948067,7.969451664878709
24.410980598527324,48.9251750197403,151.6136887995671,10.625611655437218,9.133752141291382,25.33945376854502,170.1051940684934,104.00611635573213,14.33605559801708,15.576638947400069,6.501267283647355
49.376280047960826,20.814235897100506,22.538977632620302,6.606510204124319,29.963188529669555,53.3047983563948,19.708440464754204,24.074051987327632,5.940874393075474,18.448257412301245,9.336630595701546
299.124650322813,631.9275488458338,764.4929099587549,11.257530987912562,36.55514218206565,354.2049815701835,642.6433854284588,741.6236889228877,10.91043670225431,17.14574375341391,16.815417720836802
179.17542174716345,44.92382474538274,191.92106809086275,8.832913332817427,38.462866510706945,193.25568719704967,37.99733225417204,173.08592118398894,9.330718259223351,28.852283310494872,8.524594958024698
110.90205898965247,116.21865416833009,343.1012297541423,7.867625382984275,32.97437488492884,123.31441781200907,119.19087647597443,400.0111241480533,11.141391193288026,36.0523710045806,9.06394357085032
488.5530330906262,29.268754454358252,153.18586951399317,4.07531251190624,29.609949277561736,548.2871897353283,29.650458594318433,201.6207214612658,4.079702688365672,31.780703046615475,11.342370225385821
43.89861951196955,99.05017020102107,429.17492102900275,6.041509157092172,13.107596237311588,45.09705337890011,138.75627938355237,395.23428281254564,6.221996898202528,15.965050046752069,8.207935472222369
181.13928692433893,38.36749312631262,57.04034579024598,1.4056670057563485,40.317133224179415,173.8508597287963,29.760509142194397,61.3763119095104,1.4144806093368325,31.249747432860687,14.15276559242978
513.4797472458205,29.274582400495547,40.559215379027385,10.856984431619031,5.653735362260501,572.04850159051,84.6596790094452,46.06153898152451,9.699354974060709,8.582266678712346,13.917641864934865
49.312965487202085,287.81833013151453,101.86679628379271,1.438068786708055,7.248545752238417,53.12355611797417,493.85138803691905,142.78036297902054,1.9988246563475345,3.9617178910577877,24.54261595250688
116.67226438538069,37.478661090621436,185.56729214343548,16.88318773877384,11.1197968312717,116.41084259653756,44.78285942056537,193.46364911762927,17.246512115761703,17.666025059436226,6.332747581763963
565.0592569496126,280.1374557759501,11.561370864648145,19.791377281472112,30.257538599034852,576.4891764749192,283.4147081967505,14.924879322020004,14.480748087995872,32.72118504769099,8.71872669555669
226.30052266362398,627.4858737452564,332.1645490095691,4.339118024937756,12.581585475326516,264.6068327347348,615.6705006229633,364.1245689346924,4.572382399380204,17.701244334499567,13.354409929048714
45.068812103906495,16.40874604005466,730.8531176816676,3.3503723160941172,37.50749177595098,44.054723488611465,13.473514729981614,547.0227593614704,3.2341912869494056,32.490064267505616,9.796198685035733
210.26025740699887,866.5191921569036,44.158935579563014,4.247136917208482,16.986905731907225,230.05964748262195,1042.5959197147015,51.16259016177979,4.797889351339105,14.28706278672419,7.508912069179676
74.76597739130807,26.14892063137345,12.363168836961654,9.789976070171885,41.10921672887321,79.88470242844453,26.89453468431237,15.035715453294682,8.862245416735593,35.960698587247656,6.384163319923673
600.1313368853467,62.28309321491018,495.2122242958473,15.947756605289769,9.076677296717037,728.055873486577,120.05130294133177,577.8562028307551,14.583260410393134,22.271110382290015,18.79394344259943
513.9466617660893,23.90072447965475,501.3219598170055,18.165886735893046,42.578053962781745,586.692792089492,22.79183132681587,302.3328257488466,17.76687001046201,32.19128129804457,12.183741877501246
13.60051636958061,623.4566000927723,120.93526812462297,13.710833010869452,47.945030285949215,13.142481887374007,406.2764118541375,159.97399727433117,11.442119385628862,25.147953724486012,5.098639126247395
272.8970376930033,182.69995757681588,536.4170416736853,8.972454791790241,29.67707048240037,291.96196316626316,124.82294482429316,613.2851812115207,11.638284219451183,21.82676733204378,8.486619228650472
71.24050900165605,10.213299225754408,114.04503360538406,11.476308612972188,42.53957729361568,71.55446124580688,11.271449824840332,185.69180626200276,10.897430556085899,42.57118387644731,9.441383799085317
37.42169863634029,37.957715028958944,114.74014386553544,6.085818141355524,35.81110287343564,36.82146210459939,44.169634466668604,128.98092662610568,14.018445173783714,31.69060262261207,6.078951665317659
787.8733348712112,21.35830905011235,457.0325883352508,6.347902849153787,3.375470192961224,888.4470632114312,42.311579522612135,467.3206670411344,6.181106001548101,6.991403386443589,9.338632049409117
365.05845424177693,784.8840674310383,76.14976404435936,2.839422248938286,35.08759765126543,361.9019247996369,813.1692609180947,83.03839164471576,2.7280029110406145,35.068497850778094,6.9298546853128595
60.20416421408245,154.50892489946773,75.00210443525187,6.21835227583763,7.430185744572998,60.993227765046946,161.39935837971174,72.66774466525916,6.574393684673378,13.817630202100808,8.300669791673597
13.28003502584463,57.14431354885513,49.4601710756933,18.499402692945377,17.62740322110291,15.401561348639607,44.03612420733357,65.48525838043469,14.554009536616867,20.55176707793055,17.538496189231353
104.6379994564878,15.768474099231954,366.21143953326424,13.591473128091273,22.561703732433095,109.75647738601604,18.989591236488096,795.4672226198684,11.574314987427838,35.23106484237948,9.105698023386124
170.51117452911058,38.86814425053372,165.56628366145384,17.89615692134672,32.25165464307805,157.77301334087232,32.198155022535495,142.2842228953727,17.13538500470505,21.00398531286881,8.791353608284018
22.083133286858526,845.2234898186636,184.5971748286995,6.173454692528155,11.559181424830774,24.905782374361678,388.4386946135495,154.19901043046562,5.620947608746624,28.094916466641607,12.940336771164496
293.0769039730937,54.043604840457135,310.8591287518052,3.3588502453028886,17.927006012369826,351.6144953859682,39.27523376587658,351.62674838420605,3.651364931577107,13.648719747358312,14.138183691960894
44.607271338891785,182.44847448318896,406.6597953569726,5.324156919027557,28.626681353545916,51.90454107534771,164.98047336646158,391.0992210822604,4.665998453652147,24.156005563882395,14.797593346328142
38.964592463572636,383.90681011438085,319.94549651119036,2.4047326835745224,22.17922214553133,39.08725706039249,364.887655320397,407.70783152772174,2.568828716135335,17.73174513980307,6.509893000713742
225.32360324188346,69.46221499855798,13.969861946743576,13.24709674002866,3.0572301260804444,266.5905379694925,33.93684389051816,14.722916487564833,13.567392508981518,9.556764428275669,18.23505457096488
388.6532335262233,723.0118587654458,24.32740506086435,11.019925020469348,45.68393777423292,400.20150458107844,929.3883508677039,40.64279157312996,15.19536509129766,35.56443331443687,8.124598386873757
33.21958592955591,930.8853767840108,808.6854950087053,13.02801894720531,8.555493012949906,38.39608366324318,223.32206577916534,886.7004115602782,8.975661164721807,14.61598437329878,24.89436770982748
101.33981191452729,11.051906496286941,34.048131071086054,15.690531356835933,44.11714705877458,105.97220730227373,10.095829540317458,38.228585777126234,15.174863902318416,47.72129378430127,5.14078948513134
86.90876166988687,282.4412569700668,11.366325960002518,17.842133855387818,7.429618258458376,86.51002554978729,118.82668273614087,12.890719726580327,12.69255146427633,17.107032730898826,9.16982957543445
43.65763560775084,417.81215039819136,15.442677955781443,14.654498583887099,45.37669438362658,44.02742116407603,501.90582310395575,35.6195657053053,14.781206503442787,27.09447069331173,5.134315166530139
189.88448616084057,62.7053072969818,59.08724392924871,11.396621222764812,14.161667051004844,199.1429994541868,68.16942879375377,63.05419163754995,11.513732448909956,13.43942653206376,7.291550000500292
15.008593800787338,200.06351128528064,15.85532819252479,14.556213839021346,2.656425201065197,14.706246565901246,42.91148169611403,15.424232035559179,12.983031269810256,16.769385992210175,4.875711596773302
106.34546741879475,300.2733511046141,12.160676485533566,2.821942557355718,23.89579407552773,97.36669067378631,382.91355536660143,17.33475137219494,3.448502975693306,15.955673631598183,13.25022395187741
93.90447822852295,715.6765225997144,507.42487097772806,8.286948620349893,26.81946045633495,94.52168993277421,537.1891550114514,571.8274762721538,8.356710664378049,17.26236772972928,5.351111706631654
340.39458856362626,185.73378737679852,75.76172770457784,17.69319240972361,26.79567744788333,392.4122841302887,166.19419604550944,67.48881682262333,11.376434499058325,37.127794772735605,13.835840892538407
70.0822349360643,117.59009679288114,393.79005856293116,19.964965072166905,21.765755870201424,75.93670985401123,82.71767350284149,527.3406353871549,12.336694699426936,28.685437104274392,8.429792934608752
38.4690617280215,458.34914273050066,97.25677593500173,3.570844173049811,11.68225978965387,41.78385114548161,536.7977775452459,107.13005455958974,4.178802919426824,8.219725964278087,6.280505412642036
13.592842759779888,55.16634383619159,227.81923234807763,11.541004122227024,15.772860028399094,12.804386002191857,189.53441978542673,286.35635612957714,13.06121926977736,20.14945447690477,5.145485276254525
184.69280817762285,117.22655681410714,10.265240994135654,4.930277196039388,4.947179647735268,178.60743499892965,21.86567012678272,11.344775676788881,7.227756764867409,13.51375088738598,11.096537642198482
13.646992735709023,12.753054122897018,10.023917608735605,9.290016534190999,39.18194630202702,16.658846742006006,12.887434513070716,10.558454237132498,13.308240836490853,17.722961550251004,19.11528808414043
687.8556273623933,585.7967881231817,108.97011572854312,8.983988119519655,3.118803678112302,853.0902594693159,133.45106608503872,119.49526686073371,10.853403432200267,11.305946282850785,19.97222780468856
109.37523322617913,657.1924054224692,448.82490199315106,18.101375656455144,13.851929835004093,116.87640568188003,334.28214967080316,486.468270199966,15.200686418915472,14.5532681947094,7.240378518459073
942.259189377465,41.08939715019056,388.5166690001496,8.969938716687903,12.634665423300662,1080.3862198416246,50.35448024438188,529.2144976869513,9.473073953383762,18.537008730666614,15.014581387440703
49.762846590739265,612.0076383481648,80.73394740144303,2.049364102579929,32.45702724347157,50.36964703604575,664.3012217191864,99.42065975169331,2.027261049779885,34.24095085144694,8.57846335578109
389.17625387001567,16.573212268530018,87.09677642007537,2.8585403264896296,35.790138832717766,439.3709717775798,16.768583345453543,120.92712647737896,2.6399647955810757,44.420553121306185,7.327806675980722
539.9388416423537,45.59842077702759,10.124903466647018,9.168423118617277,5.867409140156905,641.2332176512475,55.04617120443912,10.591263194234118,7.362467089130816,8.69795163750882,16.584696987607842
133.73614865687298,189.3922856285988,194.42825221108438,15.796916083214624,6.547772917207409,136.3233903160152,163.83494699398275,168.32577508521197,16.413005897613374,20.981487696361807,7.831454626132651
97.9196635167173,65.88436340730256,11.946526502292794,13.032809377516646,7.610060430186495,105.24394243869322,24.439206512088766,13.46350712681902,16.852081574511608,12.702987720000822,10.40136459317721
89.50987576807212,213.34949221617183,57.1388021992792,2.615170080470948,41.50575148392425,99.06243288032017,247.57152197078634,65.12734451147529,3.4401207501873294,40.018657150056896,9.569528870747304
896.8198965530532,142.22441416209918,172.39923690154518,11.607849470670613,23.856961764058678,1069.7612106825322,126.64941353811213,201.35978599961098,11.587062565351514,15.856200198663073,16.77612137048922
339.0148156716745,231.2097076727441,51.433900624439254,17.627876508471537,5.546558701554206,404.2292503438776,120.87977873698624,55.73344901834329,18.392964235398544,15.68874228296929,19.187961729460245
12.65158385769067,26.84317212940362,24.629589429793004,11.744948845997776,15.876579494350205,13.597153232406262,24.080972560274343,30.068613946499827,11.054098636381603,17.51538572835167,11.0861641855182
692.5315724480731,164.15331405904485,38.36593925844554,16.860230202375092,28.537507165411164,719.0036730093956,144.0243481558695,37.266188015902166,18.132433127786822,38.926661542300536,11.791911886687803
251.21697316546454,176.303990109387,10.116254883157481,2.1974019069747754,24.73283785971257,257.2027380495198,173.9151869869771,10.95086880654038,1.692627822641811,24.440309769928913,5.450500747004054
399.1666369458847,509.68439617925657,20.27609935983587,12.070966772884418,15.694975692762263,422.7174111928758,570.5704698190016,24.199988314796233,10.019418630395347,14.407179949021447,9.311969587737037
356.7618047125505,64.88701999491963,36.753519917506836,3.850706285328055,20.92052377980471,421.4826346945662,77.7953449035511,38.51003030397528,4.013726973396732,33.800236311161385,25.737860067663643
110.93314362653682,438.35182474956923,984.0723096440069,18.25396874374769,10.68668434958784,118.31178782957268,300.74758397997005,1181.8589187963232,14.618844664327735,13.8930008350136,11.69948769029708
114.46280624023932,498.8512246444576,13.439180232647427,8.079141881653538,22.88856776518132,117.10187706348512,414.83636504154856,12.632526512024475,6.934438382076408,26.898280844316663,6.991613316717585
542.0811101428507,39.09443941339958,37.780959394384396,19.691181949392107,30.952690339055835,637.0612640877913,68.9596018253209,44.2672582714273,16.13042090371936,19.04008855549381,13.892554056317644
196.16993684151774,29.24680578726615,122.52317135731917,15.362810922076886,47.089439113892126,204.68346202150545,21.130344835889165,113.91379543009684,16.247279291133218,31.665839604435998,5.699362403333512
19.862407141499496,37.44486742882066,675.8265544154455,13.460387583378779,29.40681029975991,21.898914522496227,48.550761569246305,619.8999197848151,15.653408092850668,26.267029916124464,11.206827555533732
75.25633562587583,16.811632826942123,365.1466933314927,1.894378147518608,28.104853385095435,75.80416802818233,15.88087647575141,510.42654127934105,1.6489146064323559,27.36765648277577,8.93000868336305
28.00065827900666,164.15762369403342,36.36577686685725,6.446785535270322,34.15875799399339,28.452571266190326,172.1775227098699,48.58123791416259,6.214312333111792,34.53214888312163,10.915434512466044
831.1863253804312,12.353092838348603,190.66711626003462,12.805239301082597,26.997821865389,999.6657752448011,17.011490917544304,202.1985309215534,11.939249139054315,35.62970900765948,14.617927307593629
105.02949703288927,658.9329678363299,155.76564275893185,14.331542442269276,15.58658416265459,100.81742922633583,457.56989767988927,126.73479727434295,11.117798305811458,31.881460466808853,5.857674056128651
27.945028889088544,106.61818964102869,17.73167898985679,1.8029667983783768,40.128595230020586,27.393234029009644,121.16009240269162,22.055947859599907,1.6662343436908449,54.081837177414805,28.55004747297407
579.1330318999812,37.82363121312697,30.39001821230507,4.493123028791473,19.040516459212064,546.5706337215457,35.075215349496304,34.801899440674326,4.4082715998275335,22.443118935527952,11.033007926017717
478.4447613252457,606.2490852222852,199.786755610446,5.603034856803766,11.585843463724634,472.6256998907802,354.3342709004864,196.5950744889919,9.66359616431066,7.11092575327061,11.593095172220751
325.4402299040318,21.039297114696513,766.7916308576413,2.168786921349464,48.47981027263008,339.9680572873198,20.127622348991505,614.7095798921358,2.0849365832156446,47.928480660165825,6.4554522106191765
876.5480770255504,37.91950041510799,13.466640709743727,10.642783915823676,11.473604835405053,976.2994362294686,63.974684322803135,14.56754258875567,11.164837607011098,12.876042744298452,21.838455065290212
26.471706981567266,288.0532441255009,12.807682535165847,8.819121873608104,21.52845419065338,26.354219604343132,257.18974853932326,16.520079723178817,8.935326526858079,18.772990684928708,6.7498668031755065
722.1540315853329,219.43941721307624,16.068067261225202,8.450567793401031,43.60473653420221,700.485535157878,217.82399379250603,21.775683327523293,6.607307227203646,39.91190751262436,8.589776044981754
428.11450338342416,305.86662580605434,165.92802490430967,6.041735826054562,45.62505605578389,436.4803059000577,287.2369029787226,169.72691555263654,6.667464324501034,41.51929950816109,4.95560974359359
81.05567418253648,433.2645210434588,18.216932389582634,3.8672449182575748,15.114171907622152,82.68901002155636,617.6578310068385,21.955286976731447,4.814923449552647,8.813283224773656,7.983835800811969
230.49537317384414,120.32439004070312,16.505480504896738,9.027132823451554,34.409709854604586,234.9662446925054,92.33570292392291,16.631991333903205,9.754984770195396,35.65575513500392,9.48572731601736
150.8793914141049,39.119370661415275,59.97752218969104,7.128711186042065,23.484724641460854,159.70499998393925,41.634666022809405,73.21325714737515,6.560198456246584,31.15732400555175,6.708607159119713
24.014093974195184,96.48434975939956,19.87974654542513,19.622844625173038,23.043763795242278,24.78525313918418,77.16022457690234,21.423233116089612,20.36508268361668,27.69662520602486,5.439930987364582
20.269380161118114,15.69205427509651,448.3840132575594,17.101213086770823,15.508467769810812,22.085165787934784,26.059650189751636,450.3254497879301,13.95427436960765,24.888981663649638,12.818617601897643
165.22836866696636,10.230861599500487,17.712568124299732,11.62387599148491,3.990595147488333,181.67808292574176,26.936772234563527,19.587956128909855,10.447288708493579,11.38328593920553,14.739106000764677
31.460053460883767,10.934836682020963,64.31452570444559,11.193243301607513,24.058263260564008,33.11446251494312,11.7690213084083,83.26498925943453,12.140694987385535,32.54384312271871,6.613650038356772
33.206748164539476,664.7282495990037,19.07060635250616,9.89914068803969,44.133898607623564,35.579478559872335,707.0490084234119,33.90578479842998,9.963449432201873,40.95247206017763,7.153483319732308
73.30535950858122,313.77457598128257,18.132704365771335,7.124274605391302,46.77810366240567,71.52883049712956,346.439558344318,22.33650171969692,7.152563671986224,44.61510735190729,6.302208092791344
49.092369680045344,30.46967597640675,106.32617414149479,7.321618378671119,30.52918909099485,51.07939617676331,19.86260917452252,105.86815491854557,9.594249272133695,18.149645448312146,6.652978380460113
22.84238335864274,123.04449703350842,549.792539611332,18.37212383286647,22.96394697786901,21.22893104744931,192.5263098695202,321.68665132687954,17.23909329299512,19.991253240495855,6.86869812048647
102.178214966958,153.44164180896163,109.88093509508745,5.7227176460595,46.3665475666254,93.14731869941382,188.891555305722,113.33045404385702,6.347139918028864,16.12256880798217,6.701041419544797
207.64828247101772,445.440034142147,333.84998994381976,18.953130442133308,2.290281665051957,234.93037252981915,289.8948837005089,306.09439383134696,13.938844205950156,14.291875876418338,12.193903695289944
90.24253769460213,223.8565736399913,122.09961431087066,1.092491444390475,11.915046341972936,88.89206450762264,289.89213537047294,145.82047710633947,1.4326493236521152,10.411680918476794,16.24516033720425
166.9153329316853,820.5200812977896,682.0606470830741,19.528238468200676,19.897041062414573,184.13526480721535,328.3275044179266,753.6022304880186,15.78077261303974,13.031382286103156,9.529139793597322
190.79159650917904,369.87021439426536,33.104556757251366,13.896683951957966,32.54078256000166,198.0694150544099,432.23375374529064,26.495454509255453,17.76001330201446,25.261678418426246,8.153759506739194
302.41325373368363,28.315789961339636,164.75442454145755,7.952688899728687,10.142805452198836,338.78199937403843,42.35975740790836,178.69925662157715,6.3859233540186215,19.217262108469964,10.237876890896043
250.5219729347351,967.929841212574,36.05990653656132,18.262226829446167,5.689740921116476,259.48615112369987,243.651022513181,37.34244650095878,12.665950029458292,23.532899053246208,8.78741876473116
589.1776124021416,105.65694078488535,49.33167641928863,11.528057676810482,34.384022713053994,594.0675956693971,131.72075282408449,51.66860127208891,11.613844332196365,33.96064579812767,9.914336241082703
918.6750094386099,98.80843460373458,13.021831581916002,19.44648910559173,39.08995472009981,870.6445886489926,169.7329180268898,19.329320284153233,18.2922472550053,30.227137767321906,9.550126705845418
378.88537564529037,171.8646331311174,63.62566459158651,3.825397738528959,11.589322400825768,413.645690684151,144.8956439598757,71.32528437444599,3.7099431598034385,16.322543838401003,11.521485677998946
441.55854923740185,389.48138697067384,611.8611557776893,2.191294277958744,37.52240686052987,457.4682908146236,271.64532592392317,534.448256713406,4.895957967445997,15.776859447107773,8.50718516587244
702.7306946993576,18.95047519862146,420.91857173282136,1.3428564894913273,41.12375217960432,1030.4840480142957,20.363539845571477,368.4770585570006,1.406909961167726,37.38343278268602,32.01227297091468
66.01069830973731,14.705208823293693,17.073369501332294,4.704645688276322,46.05586505886143,64.68337835521994,16.122841529096835,16.88187354203831,4.154281800265835,15.403957750512925,6.209159036848132
48.87687112615758,937.0437483562454,13.058754863333588,3.5727850345881484,22.73450796002729,47.74410278541281,743.0810035885823,16.813261165570395,3.6805123430293905,29.31665472841683,9.691775895628558
69.07668018722678,14.250059960958064,89.6214378030371,12.20281325408073,40.930105656281626,69.03678141066239,12.075907184931147,123.4894323051753,12.72458577899002,37.28401401468836,5.131732469584014
155.89078518279536,43.067454135975844,943.7568562798374,16.115206408000923,8.209082040178842,165.68439928616831,58.32867115781104,689.6922636112242,10.420006719280336,12.642846313520431,6.866497960872247
16.231900676040894,39.66583494826924,20.88325904966548,2.974079582439355,29.520728949041363,16.954013930822722,54.178266711091844,24.94583448523166,3.111914519374463,19.341611605229588,19.506288043289942
97.2346305431512,68.0236151009238,36.83050218405951,6.024438707116238,23.40690985092868,103.9260866075488,75.16830862157859,42.392756744453294,4.643310117409227,21.094920661789146,8.315888301289526
55.96709452388491,115.06997891390506,225.68121333506383,13.768412933235696,42.80094926102403,60.39925648586639,94.91040893920828,216.96294986482087,16.780482069720385,22.40430554933876,8.48012865811653
90.45252476624306,793.2835455858301,265.8641169697341,6.735860447136093,19.528206875759118,93.75322553614328,700.5419645150731,308.35741314675863,6.1848752413698795,30.081244973182823,10.793945562620411
200.01764582491688,163.7894176927828,17.915257389352576,2.746329851223703,10.97061422612054,229.63046408340418,45.970100151360484,19.55714766578675,9.662975133505679,8.905641208813242,14.542175992265022
891.1166613348101,348.390250725729,746.7123955642077,16.32577416335256,33.2832548001536,1023.6301743625432,435.38083549392934,605.253932930227,12.3717324161668,19.079263431234686,11.28192224263925
566.5297359752258,38.30132508246619,63.49646665540971,14.203632893460089,12.635512748307658,644.8674921924315,40.023677888967704,75.77645614749363,15.422814871488182,17.76652052703444,17.64153548614731
39.860653172791366,34.829826641531895,41.5889203785868,1.3843205246508734,18.235187871855153,46.14471197857375,31.119816503384886,49.95160341302399,4.072561696197996,23.443197449553494,12.888546953461894
13.60214897901987,92.88594351649208,73.71620244426244,4.742600016807749,45.01495525491777,13.821866666534007,96.29503516795353,86.13068103648446,4.148754960714283,13.414724541958208,8.119194782075894
927.8020050657422,708.6121250819479,57.99726012410713,7.346974348625936,47.58529944770648,1017.7655130063688,659.3148063994936,72.14831730130649,11.709607522993732,40.713707765848895,11.589779071020041
484.5643958323992,10.659422357955076,14.58310168032656,5.102147673937986,37.849544722925444,532.6479035995335,13.296750035399498,23.770671032376192,5.603452165787915,49.29710913524634,31.797681313073173
203.77322230975366,40.633126079261984,609.9058142155463,9.003737576986891,18.399748160722105,234.55126178439332,25.224430395849627,523.5599901381248,8.393640744266866,13.202121990539341,13.712651376937398
142.53255332969275,15.78131207753354,119.4858532445144,13.644242228767464,19.356564116704288,167.2707901255029,22.911430051179305,192.1312350790924,12.574601367374356,35.15863978895517,12.928853876928514
114.0784908860799,33.941661573303705,845.891936835742,18.318256899461,48.69944481014541,111.69603954059212,25.023967431950016,471.7647964932634,19.338212991045665,32.975498779758986,5.121977995396317
57.8669298633147,529.5282787766077,222.37652511391406,6.664639827148057,30.83195305278053,61.79569113575575,580.2215372260358,183.60833174998734,6.408552742461032,32.898071378726215,9.739049418060688
479.65846096253574,17.77459486566891,188.2706320179551,8.8556144781723,45.65936641177287,529.753409316693,22.806645175469264,250.55161231130904,8.184839950697473,45.1753355886798,15.48637320161462
14.611920867492096,777.2989234947278,468.0803084531791,15.563915598690576,32.200354236715576,14.949399221884327,249.48822022454172,473.0893809581887,16.03487763389501,17.69397869216542,5.346866056076335
25.668141845839667,99.71610656501167,16.160729799480933,11.596872269358625,41.670089921700466,21.30804560105507,103.15044147385845,23.011721844319247,9.1061069629773,29.570862591871855,11.166615774597524
149.76857499163077,293.6696728364947,41.52650749768448,16.920859197793387,19.05388393513838,140.58502913855472,187.17715885792822,32.48813537187953,17.804027919043275,32.34843526877959,8.609323547075956
87.4128600404565,387.80201844446736,50.60008747341166,4.229180892806246,5.596573973044947,87.81300148000669,301.6100262727517,59.32754698367723,3.4615375833557063,10.944824346539104,17.61528229932308
325.33174970463443,21.443460632532933,16.796906638617752,8.987799983012382,46.24246104295348,308.5406213178346,38.15941852178739,18.980407842587944,8.229353575071523,14.079377743317941,6.521502833140688
702.4689111112779,22.049137151389314,399.4451189299496,12.998818247057422,41.02144374209857,773.9146276333767,18.16105190432662,364.3836906679012,11.987569591226633,31.827423072157053,8.190881591024393
605.7267520670698,76.97435712468565,164.20509294837035,3.13806198755804,7.182666400875252,704.5718201209869,77.73789410131805,177.93146055602486,2.9550673121101587,8.445215353011395,11.438281012224357
35.28770919064487,57.71942689702893,89.55734100918424,14.562624691338845,6.288394794986187,35.17398954778608,73.25649447751915,103.6067086704253,15.22006410475912,17.225968516702004,3.700818673672245
26.298445358687612,115.56431626329805,97.65298427476029,17.804650999592813,48.20713298002576,25.603028313167204,79.73444108062309,110.21075514217426,15.917610368198407,18.038665682815232,5.176907156208805
168.26755711106605,40.829853072783095,13.0195818733358,9.595798418394644,16.100445910964506,176.69366217731556,66.45527143612517,16.07545293628543,7.296522404133579,15.341865421029482,12.507563780211212
589.0753049539526,316.3511684140581,40.233800997534395,10.407995067812013,28.120289678859976,612.9204994155509,262.19569561157135,38.784866341353435,13.065294006294842,35.19905093648554,10.27361070936193
24.5690924687524,115.23353929528143,41.712865852710664,1.2418044395618688,22.989140260846177,24.149705990408595,152.30632892889955,47.69661633897402,1.470216852472886,24.51901648818196,18.574301992684553
565.7659344763232,357.66128115492575,49.2739009447314,1.6137024727322942,22.569585524583044,634.9623012427586,379.6853029529557,51.05031007583495,1.4008430515439179,20.77051185330152,7.74773887967967
295.6502426521252,61.719314021695205,185.13862236922907,3.6490443084663613,40.024076255774034,306.5146370651199,58.85009654213984,188.07553908067553,3.5536874087342367,39.48299177220773,5.5974447678048485
273.72650702326825,14.85051777651517,20.7252778653589,3.5218157979270037,46.759043352455315,241.73014663457138,12.910521889611774,21.040471906259295,3.599592512684061,36.835178957623214,8.229683033704118
575.9691531390553,155.22179020121794,10.20164139304622,11.622450122219444,19.379471045880358,638.750426726497,84.81300214055652,11.608777441953192,12.608042217517623,28.4292934079689,15.712985543680727
836.2115807926959,708.5527786471848,106.23268067033469,9.809858499992332,7.049900479065382,893.1173834525861,147.50835549879844,107.01963141090857,14.916950880259789,22.837265466597568,9.014583584637839
150.62723072259882,10.407882357977387,230.34817358027541,1.7372175892352582,47.079094306844965,155.35818427209864,8.247773247174932,350.5562238738052,1.4692930056890632,40.20284144956049,16.028198506798848
45.81515107965128,185.70860803563806,41.03914420231528,1.135409281692655,27.483046252804535,54.346236603396775,221.83226572175437,53.67258055136059,1.5221540411566672,30.502648544114773,24.869461194672247
680.8487900622055,539.0703982304333,28.935929935084868,4.097898503594793,6.767922524120648,739.595612197896,71.48370746247083,30.56297770332427,8.025944328378655,8.88373606409873,10.643049643303588
269.25204725242423,58.110668820923486,150.76222729559973,18.440520523780535,47.622421283855246,307.79088249754466,40.03343236175026,154.45607188546614,17.17163859930037,27.879657641993052,12.776016547976967
49.27032237624898,49.96959665263281,90.320688254386,14.207014417355078,13.893189355914107,49.74136017522325,53.85070588470186,123.57932829950288,12.838881822032619,34.023837351550604,4.684939333547324
25.746632322441485,118.3145558213588,486.748470572243,3.016970224653245,25.407151604161534,27.087243913717995,115.86612362085025,711.7180367060187,2.511544404843099,31.666977649377827,7.6428765164034544
233.5494316338545,138.46332680344574,15.817095929659956,2.9451626588913222,16.06218754019228,218.5451276388103,120.13909341815821,18.452148141416224,4.238631468741006,16.347736576336807,9.251100819766963
20.45891835270654,26.820330863406866,921.6467799555705,10.683875406237659,9.577699512202171,20.720432928241127,223.6736469074611,698.1999945207342,16.405044300928818,16.308773562130135,6.085861684709625
963.8834053296335,17.949052367488893,235.088858689301,9.077784174304687,9.128979432275814,1102.0167783964953,44.733198867906445,284.1158477273882,8.715763525837803,24.16591996234033,11.937703951942199
53.81460646616811,49.65128659296698,167.4024319292326,4.847966248419706,30.257406530895082,52.85499580003543,29.739704134094882,172.77440921894532,10.588112916163686,9.519748868026005,8.678560330066572
37.554547997553385,510.68286155049907,212.89936165938335,12.7857374939938,6.495563984937587,40.41270256407758,239.4190095591927,211.43844781812152,10.594526802003504,13.692511694697838,13.372726840756528
54.41046592927732,713.6619046293986,106.38154990444498,8.570050688627152,5.0359365603433,54.26351386650284,213.8033252955786,112.77330251383908,6.0976791476685515,21.02061994348813,6.30936812207006
448.6036480988232,10.520772096538424,29.544035186908758,3.103272038818065,28.755716305072895,499.44838351153146,11.181328751053437,48.378778665635345,2.8332377237533617,44.823501032486156,8.788993810358832
79.50117407163201,269.14935102687366,18.883447797627046,8.51488831483563,24.87707071171871,81.31494242576827,390.1746815222391,19.78333612663726,9.006473132541663,16.463099700008698,5.481603881365115
50.073724599436616,47.99990154511676,23.8880522236198,4.3959224113965165,3.4581201333681886,53.56969348616125,23.54782339541496,24.56161140682695,6.410482329471544,13.761174850632985,6.282225384027695
19.413155436923773,285.81034894301416,481.19105025687816,18.62673439399783,34.016801182766,21.002109125872853,151.8970246158025,479.24084501202674,17.73859388083124,18.805894756154924,10.052769162684003
10.064639502642997,29.22202176876319,397.2281173753943,16.139905565038195,7.549492002343961,11.56920634231474,91.87229637136686,540.8876488684929,16.372517102159474,20.611087731269148,17.966950798747877
161.32446722785699,801.5891680131334,12.690962226853225,17.95884373444235,19.446396593321555,162.8219575813454,670.0385575055599,15.356581784500287,17.460800837180212,21.883588625940785,7.912796677159014
674.3333920765147,810.9075177923586,19.666234404324147,7.091155305639858,39.80800143861577,745.2307828242812,791.4873295758603,21.67826471102442,12.049954391440767,31.170398134652846,12.670851413079534
109.6631507323058,22.069643351453713,621.5774203482072,14.693816311837118,24.93289809540841,114.70321130339819,20.788124683859948,745.6740400459055,14.591591069473496,27.073319238857515,7.531675186596335
34.822091267372244,120.14085005585437,295.69882511384253,16.162863656538065,42.67693554951726,36.05920828301219,83.78519013779162,283.93727183349546,14.78499708100575,27.95175479357036,5.801949705576216
383.8207241406913,904.7618706837076,24.655629920990155,16.42895795773872,19.76424179424229,396.3780550557207,648.77491156266,26.42816148467947,11.853811722605936,28.51967390330279,8.431746019131271
431.3433156987345,460.69176379828326,33.125302104794166,17.157538895680652,29.395277085098662,452.9284319951073,432.7860788678404,32.47926316237183,13.162203299839826,36.11259283613638,7.268600534922943
17.290179175124692,136.51246490142853,24.450078470103232,13.787535685237827,37.490741771194486,16.999128870383927,282.05813222014797,19.404523103048707,14.25230492556983,22.46720086136617,6.223507818748208
18.944592896718717,433.96557736000796,814.6391946942194,3.303616265043963,13.085176140856971,18.912712646067966,327.93789930128617,911.131736497754,3.3239742318195233,13.093505089392895,6.385283061451966
55.38880155923882,14.208168105778991,150.6545048595138,13.382800686357925,34.79559688766849,55.539698895339384,14.876253655396095,312.00946328624485,12.417205721736394,36.5901296195415,7.381174165041031
93.99383274146098,523.4534287888558,114.50804343371675,15.458039625934333,13.499721901152853,105.77657151161519,399.4342682696715,97.35618863870147,14.886119518934063,20.476453964350817,11.729617372950207
553.2061839773237,398.1474489448146,982.5304027482917,19.223560876834593,28.97113466833932,547.7891999920259,430.00927934507706,847.4710978636516,15.447968623319301,24.70484101151221,5.2595320674497525
449.2438258902659,680.2416945801721,41.52394697851664,7.304668362379421,15.497183972645841,455.368463355466,895.8855223338891,43.22309338259116,7.515369099878013,12.422740586131612,6.364590435809323
234.7978269952133,188.95334554529168,214.25090169877865,13.844248969105504,6.951740142463884,276.59321269130663,204.59498935795207,211.79024602420392,11.02922569153874,10.545541009508556,12.952189107344312
43.32838424369886,128.28577176546784,208.28373431393214,19.483353017812085,23.87344928101682,44.482181917764755,75.79885364586569,252.9977086077274,14.410020881080916,26.66182975067737,4.910289586382544
278.3717553793949,798.4689113905405,505.1596055087959,18.451270099164983,10.144885953299156,297.9051987753198,706.5856233020495,498.47946228745883,12.521513803773717,23.184845998870276,12.923432920310828
28.96118250138519,322.36311722940667,24.47935890744127,19.073072550537884,9.380751809846718,26.854900771318572,138.7995649784536,26.77161154673402,17.253744186916542,17.755988241713382,7.730094132121263
641.7718118145995,49.64677059040973,14.786052837684634,10.95105516578179,2.633686481899913,737.43096024531,53.70743793478304,17.631529657809246,10.518290552183334,9.45625448366268,19.7763522859633
46.984256867307835,13.767776872444465,862.4523192726944,18.839315122885004,33.29126798281283,55.296040421391986,12.428018382332871,501.5762543439532,16.629394750085236,33.07592299520478,15.444336850771881
68.33311999551958,174.27370583437525,529.6385370200128,5.952480682046273,27.838480860447337,76.56970437256167,159.46013949796296,492.19803436277414,5.804052779269742,32.86954813068414,9.180080447139158
807.611614208434,772.8373016387841,15.532551042020101,18.97554436841929,39.2231542754392,962.414326541928,651.6222770991287,20.08062293279224,14.340811859964099,42.14689758212765,16.790288111947763
32.58149029783138,536.5351774180324,36.25926063242964,19.648456101522527,44.59738552102218,32.77511315097207,421.2184004977907,80.8295093489315,18.295666664350673,25.513287500802,6.593247453645228
86.89337489507896,32.4589172254464,251.15011272738798,10.326313816461083,6.939894513210174,94.15372060457933,39.1363826462256,249.5730958942269,9.994094707160626,7.984037184219943,8.083210795156305
54.73439816113509,192.70349753990826,606.1211519173157,13.343840628972536,33.01579692674077,60.10543848324196,227.17404380372963,484.71286662119184,13.86852735429998,18.122318540469237,12.040136771579277
60.67766084475852,127.64101252387529,29.175967450323757,5.224558441161547,20.306717953667825,59.744546132942546,139.2076269261179,35.81704840890374,5.0499904908430215,17.43992282050996,8.80654378880177
33.0900345632026,11.052482406728497,39.971696056502886,9.869834763218286,41.82744215097164,29.312651311477715,10.087873534853346,44.5460533088298,9.713138299683942,43.052438371251384,9.720841483338637
43.16097045426329,22.100095091227683,462.8701607887995,16.632996276083198,3.963630119285828,41.52381696949034,128.94613480485813,414.7185125188568,16.991571074821838,16.069309075279556,4.541657740757065
470.1987093260736,183.02470916770534,14.816946464081072,12.910608487751935,5.715794334606998,522.3346003542391,62.35853023398477,16.32016004598081,13.672526440322498,13.91526794192127,12.79370384961359
17.075432943304836,156.43392505022592,210.25137990261567,12.291361501787646,22.167540756475088,15.582521560719718,210.24184037417342,135.19829859859993,11.309580002942694,21.193959092090342,8.263484376868838
907.6109584580028,17.44034700804929,404.7787606868275,6.871478484007684,13.900637837834676,991.0647952937446,27.289584011404564,547.1518082487938,6.712652828106088,21.53696861419889,8.193870275607413
26.197246965649924,10.549923258245848,36.628024052829645,5.687999048566549,38.68911472065671,25.12432915031242,9.841413269438817,47.65202261868878,5.460069655348049,39.206593914278166,5.979893225688478
39.75967514014376,99.68064897877072,261.9528408706134,8.611760194706171,22.55690968336484,43.28114829094434,82.89244722492045,257.8204158455385,6.464913163998427,25.885832158183906,8.514200323608854
346.70629698272063,48.918699461759225,543.8550196745002,17.503821967856872,38.579973809251804,400.88874925465836,34.112686313146334,586.0442028855299,17.647673390792082,26.58054123968938,14.463402222214059
423.5731037814397,592.2568248103847,95.44513306723174,8.918476949316734,41.303784400213495,430.0703276125872,683.0296074178773,100.67903030320085,10.634547028297682,28.882670754293372,7.834493481456932
26.617639878854998,14.740629796048648,587.506196222438,2.3651464070081616,13.362816601126486,32.368879254644376,11.856505269108277,623.3462229540775,2.440836085574746,10.52925336416947,12.467423364279401
53.11061530733548,259.66592944821247,18.19215588343706,16.54405313961059,26.866884250272108,53.56423323985891,293.453153178993,22.71314512466563,16.15976314998105,21.16781671825618,4.033903510691171
102.07028454120224,62.34378715964204,178.0553843066137,19.581043592054463,37.86151998183536,108.35815619013434,50.95635886364073,197.269041986998,17.540302900570836,35.30454319507432,6.890326425606892
219.72453286972245,39.51372575751944,46.316261921848515,13.413921445457603,28.374451968317317,235.15363785758643,65.020484842891,44.43789246928646,11.446761488774841,9.681820590852208,7.817350436252954
11.322638378331556,534.4886731536353,47.41293396468182,4.78629062135194,21.641459028797744,12.012891682790372,439.53014589721994,23.338315142101237,4.183895422788851,28.027366677023576,14.712353064999013
978.8197958004251,30.198568519970593,334.4517850839844,11.29667907150637,15.42822952912147,1031.2994525440747,43.69749702466863,612.8144654481222,12.125097486284266,25.5289640238159,12.474155110306095
10.751133946678904,101.15316266385491,171.20651884298297,5.650017555901316,36.915698493918455,9.854438674441173,79.45360167776079,136.39486124445685,5.189444402383201,16.231118670346888,7.143450260659363
176.98266355275211,28.919430381695793,440.939323556729,2.279185967809127,49.317215294852694,168.36588584552769,25.50291048346502,273.4989510185248,2.1048196754348987,45.30315715445773,11.659727159803781
348.6793223321706,21.889117200205764,40.65231721559127,10.225688266705154,32.39131931296851,397.4612408031553,19.891944219807737,41.60489654357302,10.515678909152681,28.095512254971684,13.517066274629588
488.1488583693477,937.6022948447917,622.150491776928,11.919471645986574,19.054567407485347,519.6255145429504,847.6330746755375,516.5392061054459,9.547813660013782,32.91354823024625,7.637238822637241
856.1188315353951,14.065776670372626,34.975479945400394,1.1108859527795525,25.80550161917514,1039.2521970058428,18.928576960638598,41.992405926128136,0.9597437353505235,30.03401209521841,23.944037112501952
137.68426837027422,107.84923971157635,44.41754424170549,6.348669283905596,21.93427810994697,152.8821110046842,93.02342964718514,44.36511480247474,7.267199851986456,25.069690431148743,8.022713990231441
33.043493148602884,74.6441351109507,12.50389499909571,19.843937193878226,15.931626447940051,38.17827994690299,75.0194443812902,12.982583167561627,14.384503924685184,20.662398401633624,17.756460607056795
976.6736931252477,58.32494628237317,16.894346634894365,8.906243206023747,6.207715417966851,1142.1784781141885,59.91281107870159,16.52853651196639,8.631451589236894,11.36268247550132,14.005005114894109
117.38770057520982,106.62945099649687,509.1224941729189,12.606582989165524,27.809887282579222,120.37407880064839,72.42236781038031,645.646466797816,14.55494168975903,19.30510293613436,7.104172609857608
31.013269415543046,118.08642325565506,27.364680872233546,6.09096688701347,3.6782434756901514,34.23723441690692,65.11093477958484,26.32715746252631,3.4451447007437492,10.316520156488105,13.099172268838915
35.92493115261425,43.54835237225629,117.30213729393955,9.051622095547204,26.321481389130817,36.67204972178128,47.969659156323,140.02365317702876,11.467181682581343,26.275222155914562,9.201918839906725
265.6535307240804,576.6182720865303,41.37027380717704,13.58229506120625,16.809598763777025,279.7957556224935,524.5148060317055,48.149427476702066,12.010298626696967,16.38218423615348,6.789773268914646
51.29926624528177,211.2189440326671,11.981179091693543,1.535435682910387,22.93210803174284,40.363193451234416,240.72855058540463,17.328238009468542,1.2108010738366655,21.264033483589877,18.466891708938675
110.03770592078203,655.6960859587333,527.4103121100565,9.163197366208342,42.2213059555513,112.32494365871135,616.2853022081231,515.3644777278415,8.451168608032843,24.702817612196117,5.538639425594707
26.447671381968238,23.873756965410482,516.4068587627291,10.70437324822178,6.326575137836801,27.595597226292924,200.21590924965145,588.2516085937033,14.654048851382932,16.886041963450094,11.620813766931603
11.557693983586121,628.0317328455463,101.87927982643457,6.446978889177121,29.446455687801283,11.20121717347549,304.2959688612974,112.59018995002921,5.651832890036189,27.856166070924157,8.535865776800252
26.52044393176601,299.79595537267556,517.6050448403778,7.2776693009645825,24.406905184224744,28.258489154862865,155.88743952678217,529.1734453228933,6.108438668485134,14.166158216423943,9.42672400037635
42.224827445661546,106.72855662721352,40.202331465621306,16.772779737342177,15.9310710511515,45.70763322745302,103.3072716173716,43.856756846338975,15.613077177824852,14.863500493387567,10.477700357780225
339.95439116728477,815.8940708162565,189.5790409215054,7.6800092030459535,36.61955058145809,398.27625440997775,757.9320508861265,174.5853047630335,6.647966305221567,36.930073482056976,14.141552600025012
111.83934842538376,462.5590244821478,21.08525932552803,9.618071888332672,10.036241198341624,119.64795421584738,354.45674047149896,25.271192067986437,9.02599466569992,12.415953099138955,7.529664405929072
10.652295489758584,170.79433600630117,20.234701033765504,7.396213220457098,23.294620485484803,9.929657915422348,198.9900871180247,15.038225305843747,7.351665673983327,22.26858701821583,4.715678011362252
391.8164954988149,55.082888779841916,35.31906578074092,12.020193555263612,47.0558953492791,404.05736051892364,64.90992466555993,40.62791030380702,12.264286010531103,25.291563821594707,7.93233144201403
139.39269862817136,256.8914003229836,580.474225828781,12.179472325557475,10.653639233698682,152.02368908633997,335.3551090099741,553.3599684385096,13.08279313338248,15.057765292667684,8.942858828694025
153.77549356092484,820.0080326286516,68.11596672989232,19.927917450294256,10.467901015800285,160.51951610439437,432.4677251115971,56.10315319892367,15.742315140814023,24.696795652809204,6.64960077637657
330.3388857745154,109.58474610988695,86.53281023767619,19.238126558144064,47.91018390517937,358.1971656644089,156.76174160770842,92.95833715588783,18.091864467293494,26.459642469294145,12.000663798500895
809.5958577268959,23.009119514158993,223.54448604155306,10.662091315240989,15.745359735673013,920.0071925483347,33.17720584848119,304.1019067163826,11.085625581010072,26.88616177949479,12.857085373374272
36.036507846007,43.18336792835984,27.22149486300502,2.0334870139126933,24.965894124303848,40.153830962435656,63.1649046650731,28.820862901526024,5.699296972335527,17.727694070046997,13.442731675974251
54.097082008826185,231.74143999159878,460.66710845060686,5.871679846995984,37.95570625460514,64.59007390852591,194.12715911185467,461.3115528822611,4.933020422801535,25.60095569456758,19.477523152336445
123.96526631908658,108.29710586720284,327.0792117313539,2.9952655344117485,4.593516391211006,129.69985847074128,267.28765847416224,337.1380555437822,8.407630726597022,14.88432676865448,7.337013854472439
17.371089652444226,411.86205270726435,197.23232090244315,7.437700032917624,44.43346645724799,18.19107053655867,431.6266585375057,117.68034603565548,7.706087728586368,33.68971934241313,6.198751838504616
189.6443428513157,10.004720438501467,69.94481423685397,10.427199577266773,45.507028156818045,196.202479138989,11.223729019993478,113.27395795705328,9.795379662972552,55.89371818338946,7.539218895562118
16.018588270462434,476.0473936348198,116.53745954286914,15.275798032927996,28.298489795337748,15.522553786559307,425.62194571819117,78.18090482709243,14.072636878230796,26.09955679444544,6.164157276598772
366.40867646491006,633.576616173701,14.679614411913429,12.919931559185661,2.419807728014693,439.18899306420667,38.18272574221684,19.562588734614472,14.735033956936302,12.533199185810371,22.094463435457126
55.902344661808044,107.41703069956334,12.55855951857381,3.9785105193636325,15.01357279952183,51.80411686012491,169.19476176051123,15.507244512721815,4.869633913899324,10.094489355513195,15.488031156046356
409.25593404977263,20.93938134166671,676.1801073873178,2.4774182923509294,17.093104961401092,538.3409874962151,22.63659222977863,694.5422800496592,2.4749602473558734,15.66279933727311,21.506810748544574
152.643996449093,98.86991985468289,16.022394463012745,10.140019762625032,21.81715156348211,149.956787135272,61.617981737747336,16.742396318074093,13.3936409777381,26.570048644752703,5.8723666719434915
33.166304740673056,44.15510094215538,30.5467989174105,10.117404610470237,34.79640116762301,34.73737246396296,77.76387113331124,36.15923919099447,13.688038839407733,12.271910100416378,10.974765337166524
199.95619124252383,69.17934345998309,202.61885793801213,5.712722751887576,38.292232558182455,206.18935959092997,73.1988984079481,197.77064247027724,5.282405608976384,38.43484082759891,4.6013021450822515
42.244567641695966,714.7761083991811,181.55660069753333,11.50629854684989,6.324582064647833,46.96836781514005,325.6536562557011,165.45985179418727,10.761973249558901,20.578538549817292,11.733396357129147
199.4667615758462,11.634169064875644,17.16665695505599,11.536939323946335,8.67914308215064,209.54005164399797,28.179061632190958,18.59264899182745,11.211519178801106,13.444887223413582,14.282688413666628
56.51826625258323,723.9259413540099,210.84219249157266,16.902395988236094,43.49374767752282,66.52336769791407,192.81616413981013,380.68935594635474,11.534461859486044,17.58649243974297,15.074973359110519
137.41811476011048,112.25089843081636,157.7553899913121,4.392572480241645,11.194705564505778,133.110669579744,99.76296761357267,164.88524712166472,3.4971534593761304,11.193906315859572,6.109671369080505
32.08996269724646,11.484422398459605,17.294444679442154,18.420119744954718,17.43358359115192,35.97680493035722,13.688093268408524,18.744310511261943,15.278256320414744,22.45599219756603,12.300185556126312
135.3997336530305,63.1395615712693,91.13643093178517,2.2450576033798417,9.779815694004757,143.25404068378265,54.653766889163954,88.22597039148452,2.0250143369528253,8.319653774268671,6.0625992965887034
45.8697157995397,284.15016141401696,142.54231007438602,18.270157438067795,32.222594608351415,47.004690431800306,315.9245056879092,158.1585391862945,17.375257064711015,17.858265262259362,6.4192492866732325
59.82262915761184,18.577547938830833,53.13491650485708,8.603786609021078,7.38129975801902,58.677052170462886,28.685929063298694,76.25483497046575,8.312872147009639,29.285318010574336,4.819842069800625
205.06666310145488,367.67278542522615,28.047955642032992,3.2594256764264045,17.127930615698048,214.18181265217072,415.7541709142149,32.66868928591983,3.5427228543098206,16.627505550536537,10.032680402299022
100.16100100924754,654.5319740411891,564.6552097599,2.2088802485100305,35.22609792083036,95.86800468947257,727.6408315871869,620.0674938486369,2.379190223483332,19.581560022601153,8.26445422282048
844.092494256136,15.229897284551443,486.3599034575853,12.924294716825607,44.61282174101598,1043.8190597469086,15.582050895570811,354.3457959793636,12.575973406604037,38.01891964541266,19.44260932578819
396.18154210445283,10.054767709204578,235.910066044001,5.100315163105266,35.3238557254186,460.33607222253625,12.524720105472856,450.2171850428784,4.891187260983418,35.42530025544685,20.54679218158146
132.2491669283791,112.57676802982505,165.01878448476648,18.83455116913179,33.066711459321475,133.16888865505163,118.28909147401305,143.5644473844564,12.599871741418795,11.223266491839725,5.006587034957607
225.08259755212487,11.979323464151703,75.68434915518033,14.684223600446893,6.9617495052976635,244.77263175566148,27.59008769420746,104.59813351802548,14.508624196095443,22.65943202460003,11.99357338181841
773.5988290457767,219.27686908830827,171.79834818580304,14.492107264923321,25.229315802192133,820.8226083089675,245.24908404703055,187.48426260177752,12.78513364004866,17.260626213238265,6.5780605076308145
62.94490491363145,68.10003764722317,701.3667748986572,18.175935102341708,15.022421504130795,64.0127899585159,53.062566131921216,684.8953703839904,13.705125992229366,16.610387242956804,4.121663444792312
103.70364540889894,264.20562709071663,141.9193991524939,9.040131937166002,41.93249626213653,106.81696302489382,301.0669354595218,161.74606610863182,9.443092996862076,12.817717879598316,7.32705743685951
45.06349667475125,154.47495692633456,117.29168585432731,15.124238122159433,28.012397265296343,49.33419623081039,277.08125402791705,97.15238912810653,15.940530591599252,19.690217096602275,11.49085648121769
22.972262599727348,21.365931883245533,10.527331031636509,6.586034512794794,5.169486750548361,24.446649590506674,11.607285325412587,11.02554451644257,10.636944311861704,17.179620528970354,8.84690826963598
533.0245653272126,10.995990868340469,25.990661479326427,12.625256508298754,6.1044523604017735,563.6755483439912,60.09210745504251,27.10903549616411,10.004052945529406,11.45959412759951,11.588114933196064
951.9398733015278,20.6414503724691,381.3649558264097,19.143655735199523,9.957661344609331,1117.4238229828043,56.969078541963036,574.0962463383546,17.876682530729404,25.2744825166354,15.988568734820008
22.94581427219697,15.281832283102595,352.284518598319,3.48779580528077,10.395916067516339,24.984551750871432,32.58456077334436,525.8047172214553,5.0166499072093735,8.295025658311898,55.60789377389151
13.561101176917427,707.0691753191065,45.23108487275249,18.065083807837336,47.36192615648113,12.920132642426742,116.11463341961138,318.03986600011706,13.250458871784348,19.80972836393855,9.746013481540762
22.244145407048755,758.3194263743546,33.765434720223254,16.57186332851906,15.689526298350762,22.192897940735897,440.1729359935462,37.72711040307301,14.916612448476625,25.03954006868174,4.452545997862226
674.3073150147169,120.20657854224362,12.903480728181316,15.841833002282371,49.50646830079745,728.8849146211993,115.95036176014092,17.957597170401453,16.279500887779523,44.50274463471056,9.695160234706826
18.503260963500548,525.1036513218792,142.19583707035238,3.118566597390944,35.76932696928145,17.133505550602212,592.9889233306653,217.31885828552905,3.226290307461584,31.981756970990503,8.693164227093868
367.8288742319424,72.9295592589115,117.10724198239711,15.109741466179464,36.191545654980814,412.4969275770689,54.725870093788814,130.28672889952244,15.277955766156046,21.296673246535324,10.376669304612943
16.10939340226817,34.74194480091525,21.761153703233955,18.571986379137275,40.17359963874819,18.452703727461248,29.656177260697554,27.465812092152778,12.965552565018417,13.804788563047678,14.580714995166232
189.60804805088225,87.28770776307822,89.2744272727049,10.371069756762612,18.283628996370325,193.70078131218332,80.49494192245001,96.46868467580587,9.23554617595356,9.111903016131809,5.493612687560716
257.34443970308786,20.676305828434405,53.783171924647675,1.8194047684871821,28.71719636415877,278.49183561527235,18.46820162474407,57.41486608323147,1.764589063578092,24.682522020920374,6.877472667136261
10.594455996679104,143.03130190046315,128.52147831464282,2.283899616308387,24.605693327896745,11.088106650294536,129.90171997727876,142.57079482205276,2.042436167448584,16.731891037549822,10.945837504241403
41.70566835830562,402.7225579799132,149.30424191096802,18.765584043098915,37.4116334363386,41.18486026646122,367.8240985691449,147.75756205820443,16.39338235374464,22.059424481747634,6.679243884817811
98.98244680235719,49.75942463635926,99.39734117928454,14.313059793352613,21.031187698893987,100.6063016694996,39.73769685851941,99.8510218935357,10.788382058823458,17.328474800106008,8.332864158626965
993.655900681987,326.7859313415628,819.8976754011383,14.99572737065317,17.834572998148925,1085.698223666001,358.93784535435515,704.7793032576333,15.550066823130539,17.024970012831673,10.563582735998768
609.1385321887933,227.56851237750644,111.61525614946875,8.455558347515062,27.885288660157666,614.2616058375118,217.06709388419569,133.2598693479811,8.701307868516366,31.952339861110385,7.64445745747271
662.1853806747607,310.1594525740812,10.217129709065143,9.035813340923983,39.492354739446576,649.5577164537314,264.74378517880547,14.36475736954215,6.678025735375326,39.085159104091694,14.602118515238077
24.20564589375564,249.61654947149918,18.862467359846924,15.35289017206318,18.316273272041258,25.27499206080215,206.31815868677685,18.12559827890366,14.192958920604202,24.98898322096304,7.718261375264697
72.23947502816748,171.16944389552364,98.66056907004099,17.812278857532043,7.732176866445919,70.17388004769712,89.4989901242763,106.88470867398111,10.351806020615497,16.50251888470702,7.215426899458677
817.4847463308862,177.72760088202665,15.984979847577149,13.58443601586535,6.44109074883033,897.8574781290667,87.51210502225327,18.071395476766888,13.08645385590414,12.615234521174646,10.849392452322256
598.4219756217263,32.29196131758499,208.02640581898945,1.3903176560347337,49.573122772620714,721.4282585032306,28.653324704303987,158.5802162099457,1.452156800914703,40.18117093483943,18.392474602879215
33.368731564561735,19.64071788423289,634.1543940954351,5.366070592924378,11.293764724117683,38.08480049548333,23.485948526959817,676.9529218271103,6.756027455157026,11.387625662694342,18.673465598297373
10.488274450521413,69.62647131368638,839.081592473877,3.144999016354216,38.510928694179206,12.677194708872529,86.15910321233918,606.3002133530689,3.28153044752901,30.853670419353154,21.369617333883184
128.60597239610647,71.58859228362493,174.0679905671999,19.36103201207721,41.46578994699228,120.6862135619503,56.22389446742427,199.6914438058684,17.057749480610827,36.632350114248844,8.393384260585638
689.7948677713193,437.7042359922563,35.95825359885987,18.02664777226495,16.188974470305237,808.4530677310311,359.95905917432873,45.446371012205155,12.853277730132932,20.92046335675372,12.795390630361375
493.45801005694545,270.2676874086827,133.4371536480862,12.153424999670206,38.169486266243915,519.1583482235668,295.1524267291308,152.31976301173816,9.799078640802467,33.74417950976603,7.3324977682427575
42.998777306390664,349.1927637678198,16.950742278826205,11.568048271465605,30.496537421199427,39.01813164782815,406.92936300899225,29.56763825508711,11.038400891785523,20.95477637242476,8.611683105566675
52.00542572688091,30.130609279621382,21.20024035287245,18.858590419586147,13.979819444255606,49.435022089303935,34.620699717033105,24.51654114481478,14.528451621414442,13.080960067004002,8.271255665138732
497.25367289204746,11.532604969765085,259.6463871360144,18.95531216789175,40.76744733795925,590.8177843212289,9.032843161386332,205.8790002085647,20.111559640365183,34.49949665384928,22.171325895849346
89.14308792487054,591.0441411294615,571.1668830203431,3.961223693068352,12.50327689634174,93.29395900659568,559.6438110712235,551.4849101528986,3.753076427116042,15.648545066228607,6.770035663874388
133.13653910123466,243.8035058539035,10.0006064528129,2.129397492401881,35.526197162026655,100.76040005195688,200.5593408555147,13.540735487235454,1.968864403695106,38.448197844436635,19.92739941618978
764.3404420329713,414.0766828754945,17.705088939026428,10.640973640307136,46.67411879201597,852.0592965907683,414.9932974216659,27.012807983785045,7.099280712789084,49.66334185128415,11.599712032127336
27.279254408974516,15.626602909521862,37.339711531259454,2.031208613424018,11.79605778768108,35.24296660864214,11.469193659690076,43.23927133943889,1.9336188134477124,8.969309880097661,15.699571989788694
191.7620607375792,30.071451036911625,15.577664306012036,6.0839641665797215,40.09872584624166,203.17070576033117,32.48030276209068,17.42527836778714,5.777439175812077,35.92168234156582,7.321131226713858
50.38299169073795,65.35756212198848,10.74956907119363,4.487479943682921,19.351420911905848,46.577033373405044,102.05642405353116,11.189075352683073,7.945966819820448,7.943383580900705,9.62094690955647
17.84715323739166,171.33657583410564,537.4766243591223,1.4368220145372912,27.91933737733647,18.64943896767235,175.2573649096016,518.9451599897847,1.6283444414675134,30.335868410797715,6.136022398467782
399.4800158248848,131.19391184763018,29.547442206024463,2.0048783077452423,31.56852281547011,483.288910800095,125.08652907387788,35.3094005873386,1.9303317784094198,32.74317882652263,13.194369085327958
37.01887745128549,106.30774993501002,10.34189918107853,5.714190557055479,9.278181262513511,32.816800125013465,131.78612113064673,13.471186800453621,4.970858456074938,8.118714793933403,15.666960140303956
51.39060646680575,265.35488403182137,21.023916161785454,10.565344449635624,17.252914319785642,48.0541271199672,243.7213472114157,14.807001193894466,11.177388832406766,24.048272405472815,7.715238681012323
15.377804535626629,515.594563937369,223.46434465383888,2.605678803208132,24.686686905594158,15.989934444467494,544.2506748307324,130.7895094696386,2.727189994958465,42.149939205702616,5.763609476599521
873.6545842684247,288.3346320479559,18.271515820467602,10.467757158392988,21.48538275421115,961.1036126248038,347.10866962075465,15.503605480809068,5.6898849930321305,26.05734825687339,12.418162707654353
40.888432097804944,172.91503716252885,331.0806257860674,3.4375719117112826,39.480241016914306,45.99242450125905,167.55149456508397,322.3896768983177,3.3968090837022276,20.493626864819184,11.879309431407268
34.951330420305,45.943534698301455,81.61596189939692,14.325330552187683,23.629161733826034,36.73920235441905,43.884660092775604,103.70199649326685,13.310842890532788,34.265750030130086,8.571739362154062
61.006719300665964,367.256264415924,16.06786664671131,10.49725913095843,36.04256783652461,62.43224516164902,548.7319970053458,17.63037797663272,11.993281857528467,20.727702005110988,5.815061611426469
131.90619569593537,195.25844814563578,184.02630607565348,9.291014323977468,26.97681499893721,136.46778672147934,199.80899702314233,163.28583953768953,8.963564516662467,10.23911019657298,5.795397881956008
47.345708474464615,17.74844285317538,50.117918339166906,13.503975990570874,25.307287479441392,46.76924405211178,16.099546423189594,56.777671794346915,14.53611544392352,27.61888614757586,5.621160816167717
57.103937381281,62.92347455932585,42.66578442468651,3.975227164681429,11.692068253974194,66.20775472351892,52.87378999910747,46.27541675037066,14.701364168708503,15.968413982454313,12.242067549351702
983.6716057969234,13.26940704346178,418.50051558712,4.530328874332154,18.35676029523569,1069.2449195894828,16.48229613247824,680.3568339538176,4.621911727413652,24.323405221541357,9.8527147283114
10.739787829499413,250.19647868324316,34.7391152637078,3.512331347408373,2.2052721091218483,12.232340082085502,178.02059206926936,37.279242862740226,3.8611298162734005,5.882990673524566,15.004850959197682
23.625222092985144,14.133970114084168,81.67981554283621,11.146271949915434,19.85707648506758,24.83793690371369,14.994576987070186,109.54997288560256,10.70153241460779,25.338168853672812,6.783916847666665
124.67308308570543,495.65410925456996,335.9580473956416,9.628972902232668,25.882711767211873,120.53443357696065,501.21123018771374,354.96453603335846,10.236733465408056,24.198415165626248,6.103800733466789
82.61835394071065,589.1163986816298,982.5534717941698,5.9260330339600085,11.629425049625095,84.94567517749888,535.7804383734978,966.069526996307,5.0268933026585865,11.849315065721452,7.906091320304601
14.8780984534804,85.13822267154553,101.32758210541975,7.665251199163681,3.826123800352853,16.460313405109833,118.65251079265407,77.32014357070636,7.828403137391205,15.556037205698651,9.87595937757155
117.87363498625947,105.28074534670431,20.852299914449265,12.361334755939081,38.48474495275766,119.16970931646617,87.97999989090344,18.253367465458734,10.888220348344552,47.39311720148612,6.081813391464309
719.9945693854346,365.1490404581446,17.48809908680181,9.329088107492126,46.602661062023536,799.9535243613132,344.68850180627004,20.11876615989742,9.275640007241375,52.49412193147162,12.419121253465008
11.347818560744932,51.0057287959001,306.0820553201604,11.540543854236892,16.874179448597594,10.974098731709676,126.9784717283362,419.32108714629146,12.70921821976208,20.69965238804616,5.337625672219833
45.17020152692117,190.35604348227054,82.21600282942644,17.124035135436525,3.2546084756958003,41.36557247684022,71.42984436374181,89.20153427804293,12.522588355214083,13.160277471656245,6.223561985084665
79.28271023284266,16.57542604112693,412.907560956045,9.110869154562868,49.87629919935894,84.48927157865725,14.881560657357202,338.8007510046228,10.004912816645342,39.561588550312,10.804389246504687
204.44546424896373,747.0453194592887,11.98471310462275,8.820441784886562,4.547192962327856,174.99507830536547,294.03893892784595,11.85424849519232,7.006301055300055,7.494238058561398,24.951161511499055
149.81599600056774,14.823662701192909,11.727217425180966,4.969909693857863,15.193660621623023,140.63139595949582,12.106190859024192,12.258364169635005,4.9014966302962515,16.038445440734222,8.662208148776648
477.7112055672653,15.02532080188483,83.37712523618553,4.177131401301256,43.70543335154591,504.92769362630486,12.475878544667186,138.286039671659,4.268217371794709,40.14026951925813,8.369579487435047
16.113615373287193,567.3505065946437,805.1159164791035,2.808353654584194,10.293004251438294,14.848231672861651,367.2717433806981,970.1436862329737,3.490527875762609,17.910423617949178,21.2064079688348
10.935220906269635,44.01798136247179,649.2094994943135,4.51577487474826,15.633128979846854,12.284751870746334,55.36158971036447,671.121314010527,3.789066119351356,18.999156658251774,20.63750888987029
94.0040484564779,38.67665919976949,386.48752234319153,14.240290710063604,43.484606489680715,99.16637827066585,25.376593490311322,278.9887247789228,13.710298308689088,25.56499952386369,6.845392732520035
66.95957021992237,86.17453223987305,40.270464071003666,6.375509451529807,18.924746173219834,66.39932444113059,156.16343031947707,41.86917035347913,6.201088446785714,7.77984387786794,6.523823216440884
529.8539077102289,74.53850129413303,437.0590158268925,9.25750592688216,17.634303997911616,615.6529728249171,79.53375078222471,459.98731974530193,9.038222611637185,20.06890536610918,12.45687793261011
62.14205403268958,65.11360059256867,945.4544446792014,7.53999306615434,11.464350476304134,61.62360928341593,226.43871826513288,1042.790876065549,14.936146583066941,14.844741954833077,5.391814818880696
35.147110428210205,182.6217692022069,235.87679761295425,13.82114565595096,25.66403109358256,37.613203690893705,138.27869698716324,200.20538297002759,11.460570030253443,15.443821921272296,9.07858177471047
45.240535318649506,100.65719388281931,747.5384287234992,1.3003464767517374,46.3035171836867,46.26292743019729,99.68397477397463,543.1694459097704,1.101961588315505,39.8969400700905,4.917614306742367
233.14844798401492,134.62791422483932,32.54748924758521,10.911467155874682,30.147536897919867,257.80402275201277,96.75926106973137,28.18965527957197,13.014945455186021,38.90739951814024,8.658682905152947
30.094464224212384,573.3877417829609,222.76348776216167,14.050916722359721,34.317459333851524,30.1654705566608,198.53433182022556,304.9680963362024,10.286104281701048,19.31966956025374,9.792093643329192
183.37793852140626,88.15045069803676,172.1400704034315,7.63162934952364,5.7479015018378865,177.66709750870672,91.72352979096867,178.85815674760337,5.222770686724589,8.692830609119406,8.198412492645819
395.52874512890816,21.003188146597964,166.66183737108994,5.076690322195288,7.381005605550674,427.28326623680925,18.46994248887045,192.03087220128847,5.486667075172975,7.359182967082653,11.875111019835744
368.3715098502855,554.3269900403271,17.32696598951116,3.034118297964481,28.713995196984612,321.5977528926436,512.8113599997814,21.581505493004496,3.090613095087376,28.84082554392068,12.669777741724713
124.68655566039716,707.3706136567097,36.98792448055735,12.943586189240875,15.55112583635403,119.31537608106396,474.67133576932207,37.452381803418476,11.383715974282095,21.240872589461745,8.019722725771233
292.0192554153136,28.84730579100857,41.05800436176192,3.94181393466077,16.178198805258976,315.686938050823,30.444965971779876,53.91749254396626,3.878717860030193,28.434995385137466,8.997282437567137
10.302509972371817,936.5428359636938,98.67035059063325,15.078025227048478,23.709477942458037,10.214539176775798,172.19888126143982,281.19517242651176,12.36233172934735,20.35582680860099,9.01292437057143
12.910788977132714,413.89142367398017,843.867481892375,1.161890549861596,12.670293717034014,14.417975355076466,451.54982382730645,835.5272944228587,1.194760135887556,22.6235846144609,7.406925413542028
61.54396688351639,45.24938051308284,156.3844915676291,1.4357573841676805,35.14246099960432,57.487515575886825,38.01667843313178,170.56799489390778,3.929423416843454,30.39167835978602,6.470474431169106
516.6882295502918,328.88120853467444,274.7425418417028,9.20976775572697,32.11082435371727,510.1306475315551,352.7186736471902,246.63073875640595,6.696789558445299,22.070634724503414,4.823318607383605
15.236603848084293,275.6033237967847,792.5145437054351,1.774011307524891,48.95200986001456,14.205096705711531,246.05105001467965,554.3385507083328,2.0187757425995496,22.268885299044438,11.777453445416949
10.932071113313931,14.330129708106748,659.3182645883311,1.9799244012688304,13.960987290756812,10.986536026724949,43.895939302557736,584.7948252725708,4.718779082314476,17.45513040258542,26.7111191510295
259.40895105023765,11.109548597634621,107.74899632175091,4.364985864545712,28.950424425407675,290.08441021844106,11.41976045416932,131.87593419746142,4.223291175383006,31.299824149513245,9.543371143803526
23.429332700185572,11.063432384281452,786.8934515958822,8.850364692902048,9.142286392878663,26.18568187841799,19.072008583236794,584.1510867684008,9.44980045301857,11.145772918457963,19.278830315283848
797.0971056213297,290.4769015940166,159.7594891953882,7.961616870561932,41.555936530325305,808.808129651598,292.0814066268666,170.95956739987224,7.624022597974011,42.62296871055549,5.448288444522991
447.03629400909585,677.6295763517412,12.154642805161384,8.979730767116179,7.560235258909681,486.13964634659175,109.55202033101902,12.629554749629044,9.455220698035788,9.20164290522543,33.88030216841492
36.13219378019906,384.73765862305004,114.13541825206937,15.412377557276994,19.259149724672888,36.279867181261125,346.4565274044994,78.49604492486358,12.939832979747596,20.138092998514107,5.527949175216547
47.583448867256905,56.25746522814352,182.18878301266585,10.230991304193106,38.92425485937795,45.53524001744221,39.38821709490472,191.3991634009639,12.43779110143618,20.88660317144081,6.474808803321319
165.0700305054217,70.0731244954548,18.56461057429328,19.961098772856147,5.43991037657739,165.63099334426062,59.15409017178709,21.522318964118533,16.54965211029725,13.110915411397071,5.603928173386099
14.90100889037069,128.78863007741361,33.58033146242265,17.5959613274304,13.330546121927604,16.734803270210143,114.99212681897325,32.58681885026041,16.56107317392251,19.385339157655498,15.477244314452932
164.24779139444013,11.327009272807908,113.83694784814233,3.3252698774623126,23.146560547054527,160.50636943893386,12.074980445738365,156.81988935336682,3.0226848051459534,29.36676641506437,9.88491639693254
794.471669932898,10.11400040877086,82.34492296842812,8.862616864534711,42.41040108413631,839.4068206302455,12.246423586031636,127.59019901537417,8.829871766901581,49.773107988040486,9.377774775555206
58.17988202620201,12.822883467761729,12.386350992965077,11.753203400611786,49.86555174112133,61.41758606031217,16.600222996485027,13.25951839108984,10.991282496165661,13.412744440569401,8.303218729601156
660.4024167425616,51.330288166827216,183.73495378271411,8.449656107884483,10.369393501488416,704.4623070852605,53.18855745220763,223.2795118079915,9.21245289739056,12.299224492711652,12.758661396262186
391.48133401124437,80.35928364046714,128.93793332099654,8.403215067222995,4.600124884758877,440.6541630880736,98.00631068996479,137.16831559560057,7.426790087257237,18.287494906222864,10.182011048177882
134.27700774300118,79.01552104850904,54.29092090875536,3.089981216107855,2.559142898418582,132.79468616255144,46.90035278363504,59.1689227348402,4.429358124073279,16.932342028207593,6.474881930537216
16.23236434266503,68.2505164361084,24.643155041411397,4.227337425263637,36.324259696802926,15.919115565698542,80.84325998866613,30.770263678853,4.138117036323625,27.348554563192852,8.228674584525185
18.436939643379738,420.8094652203533,59.52357333071614,12.559115464570368,19.712884831431488,16.892070275105144,425.00799082949766,32.323608785696386,11.847444491097859,23.953595977475246,7.179612395175231
483.3774903048762,12.564240518532047,71.73751399291204,17.091435781572375,19.434530734721548,505.71875966979627,17.98011723103107,67.21130450372101,17.26653869357551,30.994325087546503,7.859725862041056
794.3846601666278,203.9588744616209,141.84107111200808,12.044313564276537,6.404080780164578,852.3937828973949,183.71799212978124,147.766673015566,11.922722440548274,17.293975631922933,7.5391768938508354
249.9614352626592,245.18082643791314,310.6119656812385,5.108160394923646,41.27246223133858,282.3280131213327,220.41519533847634,322.0925942203299,10.715867064885687,13.09168848635477,11.487879222515188
251.4927933926029,17.116092047330103,28.849464079092435,14.910435550619406,9.18617492453791,273.6119603783273,19.61196630393784,34.83131400703488,15.224693957517907,17.903828353639767,11.22784337726699
74.57074923004762,552.7484588048407,48.5235304714962,6.096209150442655,18.328976203870575,71.41199255975881,488.0084955573277,45.22827340871059,5.708742019878051,22.555781982800593,4.05898185808678
728.332049621669,18.074189984218897,12.887208092227333,11.451749932526841,33.43355568804993,848.284630019605,87.06571006505045,14.918110572162083,10.17653446881098,10.995302794268433,14.515248527431124
163.5970065817806,191.27688335352096,44.183211297393854,17.39736043748405,49.144386507502276,147.73177388272993,150.90160118957775,42.18889597317273,17.89851265981181,51.63689687819429,12.558783714546614
183.84806961215082,994.0105298685666,38.82385958420659,4.494754596911375,15.524813975664948,183.51892845448162,1095.9892343791832,44.25644399562502,4.967248179327669,14.66422593953288,9.018001943581625
10.309888442575733,436.2191738652318,735.2439856869701,19.275154202448405,7.710666791334655,11.029767788980848,174.2134643332754,444.7142751044798,17.535923599906848,18.232483510337932,8.349677070166093
257.91470758473923,554.5998240351112,207.55936085780405,15.309074734154029,10.319686222205867,301.4991648939385,447.012986247208,201.84809887820748,12.763452007403796,18.1079065457011,14.647806045048137
77.80649043991706,244.21921895995834,608.5534911354495,8.154094617660673,43.72663013263312,84.73822584189547,171.6078216437068,522.3195796410325,7.901174444717687,29.514920538054874,10.558137866951023
77.67725726521893,170.82145605527293,20.464770331249802,5.220272629474543,41.03637080561969,71.8608336397257,181.25837565951838,19.460297392815175,5.434937330030089,40.25078719426946,6.85851291362078
20.126863898185363,27.165861952252325,56.92795939766645,1.4435896496002738,14.095336693843324,21.744931798957015,30.740817472188656,82.11280543209733,3.1326114529180553,25.589836756601304,9.013074946531018
16.851142652906525,188.0066316630908,176.2480617817579,17.121305045753243,37.01727297737503,17.602464108023877,120.37478852091168,222.0224638555614,14.074863578816094,22.886564570559187,11.393169247119403
847.6790577579994,17.163224073905983,554.3076111311833,7.216060286831534,47.91255640185696,941.9556777479523,21.902655750971004,431.6757223971463,7.314122798759789,51.38938496777545,17.37652939609698
16.30157253297399,12.350940467068172,499.5912601394967,16.27633842828141,8.366228430642987,18.96056669380579,22.167324389526435,549.060773736446,17.38002426666346,12.474571380131975,14.629284214422478
29.46558534271421,51.643774400725,455.5954506150154,7.165850239766811,26.845895838355432,30.87854804188829,55.25559219565541,410.65528768221714,8.214941914558484,28.150584518798897,5.687616598877621
105.65045411621402,23.347717929114143,133.57939562061895,3.808622871894381,42.100564277782084,105.56503079749353,21.856618107694377,157.0402317327481,3.8836419431487825,37.850848095767574,5.628744067460584
101.76002975671159,21.82259331352684,150.14882683911515,16.851678847541027,46.75587505497597,110.43047066121257,15.002815727085467,208.98690977108413,16.758081048415857,35.72466806349195,7.920051386440091
436.7880715250147,31.11054860988978,44.21586853749283,3.52737319579733,9.376630667224676,446.554396614316,30.984599980236574,45.789378179175394,3.6733361248521192,17.390484196704953,7.592337081061307
239.25406379808226,41.07679038865165,678.8700149600395,4.361809874353749,12.213197434975191,261.4183110550315,31.08276101939849,576.9996030319497,5.096695430535997,8.573072514026837,12.80781964526764
293.5625421175756,30.32865467542769,557.0997196034685,9.341427412713315,11.565840755357806,311.20649219820444,32.980697671866174,693.2125593241674,9.129988875803084,16.722094443899366,10.11607863133871
31.321265328758777,278.35468611402706,22.217234478047974,3.7620686091572875,47.08171134398505,29.240204168117696,226.19129175820402,32.69005906829258,3.527921558876347,53.96410130860683,6.844924749625434
43.719065899575334,10.661942524673808,192.94255144117238,16.299527663555914,33.90429746501636,45.515389589541236,8.94223812208797,499.12019035180214,16.48975486992421,35.94835295010297,7.141928872039689
93.91647763967104,41.10172334388311,348.48159843130605,13.110677521546977,14.841920167523952,97.05576265091229,42.940863690321954,418.2518937330977,10.888103055125429,18.860103645744623,6.835129867510431
91.90060779148307,88.38143292536668,423.7858474009998,15.414825488962096,32.33317511546673,98.14373069364399,98.05995970305676,477.649098852829,12.639403141871862,33.61440181104014,10.165481823988024
49.78008924817626,211.66404079974708,25.77790075377536,15.378772619549471,33.44835576577113,49.36846672675531,351.91685366832786,16.35449780260484,17.197002967257074,19.720783996765082,6.560060492096287
23.0582314465407,22.317606942567352,20.290566545260763,9.835470345018669,30.532497655386567,24.739671112688875,22.221133753978226,20.249995036576518,8.716379412872312,22.35100558934878,5.98840697560655
224.18223906083918,223.75437897408247,798.1360635647793,3.427753975790775,12.046586002841375,245.28926723313904,704.0383830099138,708.0709587295897,14.841948938554985,19.07689814126592,9.075718589817056
232.31090748040555,20.425994879932773,43.14637008271377,6.322788538952855,22.423295178579995,264.7463286801608,22.931642634554336,60.04132437732737,5.788791012392077,33.560405846516346,12.227165560571342
61.28252777619698,44.580546604332554,38.91268645192979,1.40188808929742,42.758909149465104,69.6447562098722,50.39453189037472,38.59313733790378,2.1056795644416124,27.771908207339724,15.619473689371386
106.24560016807638,219.2800100520348,115.3749602796,8.37040178671742,15.994017089995495,110.43574184797043,238.85742501426606,101.06582734567938,10.04185147987936,19.464717246513327,4.471913043420392
960.243321679464,438.5859014356854,14.42378641089257,14.684853878218902,7.737418760733553,1032.4815205842813,51.35670092887142,19.239281540865207,17.7866954682387,14.897916471685773,15.787209598022066
31.210284916580274,180.2291289389369,69.2541810037698,11.242285241279436,19.87720082364756,29.363363174983785,221.75843427763562,54.8950614956966,12.653536450317326,20.796243668161093,8.955236996520947
32.54874302667676,31.469687966241782,146.6830583947753,5.879662941537298,46.89598395755931,33.8173960357565,29.142943961261352,139.39306951700212,13.221557073256962,34.6156698229309,8.128372947909222
12.726252370512471,79.51169122717796,87.00847228029629,2.6015185150812474,17.1673748760586,12.56831791670129,84.1409221160722,102.73339270932003,2.4314347273764945,15.433755268147362,11.651846259141973
45.9215174174195,13.83042390176346,12.386518171369799,11.142436601708072,43.221256550961115,48.13922465586446,16.136930673099616,14.296633509743124,10.771057394060932,14.73503733356545,8.81415782158988
40.237425206326336,19.11312355479722,32.54243843555863,14.16586580084018,5.797024811259281,43.33637174730987,22.014418537096784,34.57522060942626,9.224940998457596,10.836626883340074,8.950816381853013
25.97291809985697,222.2186277430294,326.07616922643996,14.714617507940158,5.421561659197559,27.11379813570755,114.08761225823908,406.2545831859959,11.336118319729287,17.77645302182296,10.379498144824307
118.80075631010513,203.12496238355624,544.6602842201335,15.510207777475578,38.956426350599095,124.17429551378365,160.19013170451453,574.0450012983371,11.083261193469344,39.161039174260345,8.772379076836746
110.32998657527865,18.520276977210436,12.019524328496336,10.25638050604129,16.686978402589016,106.12513840741853,18.491079427910975,12.91976539936746,12.050480750638911,21.46117043880262,12.62149339252904
614.7339586257398,307.35155961658813,142.30950585570838,4.288145177772474,36.92703297586679,718.6461651283987,271.2069057019827,139.64397145094932,4.466963433958865,45.95336345396682,11.504171721299567
121.49483469392885,54.230151945430116,74.16858023280118,12.429619175536246,17.05571395364083,132.97612388343566,35.45966967707453,77.79724096706786,13.705408134313144,12.908547647063516,8.124008119018427
196.09104692415576,13.772149298015924,11.038660808299076,10.581349362459802,45.531208098652364,209.66392678159548,29.051064471949363,12.673959428669717,9.90188719013806,12.9991889097464,10.778314452237321
41.798506582116104,369.1768942519977,45.28221587594442,18.496742541679108,14.862409973926527,41.83913444315888,250.17178129859607,39.14511783580827,17.889944611726442,27.10909037127125,4.907556512281902
111.5915470167622,42.70612576492194,721.981801341866,2.9717170753950404,11.139509640023064,120.90393672075867,31.124626047431146,650.7250763242965,2.954079968662738,10.746739295678168,16.79175949746786
89.39031059202604,177.2557759653819,73.80936467928188,12.241647400489466,44.70432724216859,89.90319593234875,301.7838307257478,79.02903959959656,15.063562833943132,18.8292486452281,5.341876704505646
250.03027533125857,89.95538456666348,246.4091594831977,17.207490762861813,38.307765182434785,261.9277475467278,68.69034847615845,286.1032375499354,17.148371519347698,29.78942527670782,6.586882185813087
46.14713546303315,336.8110200897951,24.831006758540603,3.950249524676132,25.992345402605665,46.8262224946294,443.0081950335247,30.59661958777065,4.317826621650195,20.341395429206283,7.722370435506579
313.6738639255439,405.19519318667363,37.67257252757496,10.716320808344387,18.54073283816506,362.7066048346455,609.5296295976339,48.91338842978072,11.668231448214353,12.552941056751783,16.29482744062463
609.7665835951705,558.651367145494,837.8517860223346,18.639135414494604,48.847317355344146,666.5113765207154,576.111565977752,719.5539865480985,13.922442143459152,17.07009550172254,11.41833409080197
50.81339540739926,197.1286355393822,14.332697833700452,12.86789592000123,45.85874840345854,50.979523258017984,385.8461571652591,14.114921534227957,15.73764991225104,20.64195229483159,6.219165209476419
24.777080520219545,533.4310162466453,346.2423934325273,6.886974002648185,8.072025156160406,24.989764593986376,279.6688454498354,307.05963318762383,6.345684992418853,19.233966575240295,5.070405775904381
58.92352903766893,77.0040557208683,317.35781537340637,4.158836424757055,18.63451138533361,57.90787425178875,232.3258235594495,233.10254527543776,11.54108326848376,16.45227448229545,7.273924714822575
358.69357586918966,748.612510496351,62.932493898521926,14.098987602318399,14.990181683116473,420.5945915094656,560.5384337824554,55.513887134495626,12.451060158928613,24.04729767401588,16.45165469767248
156.91029477631443,10.209177536172232,442.63407430367727,13.481513683419255,2.756847495886974,166.7443339107765,36.08915999035219,390.5145360717536,11.611167511198426,9.012110623836769,7.075453470840282
59.390963180086196,74.8364869712785,108.4991706295499,19.899215959425263,9.326300416257807,55.733137518641136,58.884674569644794,123.46125442741751,12.981124131070205,17.340140543715712,7.744502926419791
315.13416110367217,542.5894803046283,90.0003590853614,7.484668036204942,28.462341294614447,348.48207764237844,523.3464789994204,91.39065548508351,6.393628359856963,31.386175176904562,9.92969880671999
147.29003144220917,241.18065786163612,527.5527021744923,11.418588612095347,43.93403642541646,160.63767345158823,220.84391576745108,476.6191386607679,11.972038700886387,33.330150766938914,8.146505559769073
97.75393366848931,402.73711634452553,10.488967997862417,6.645540955846946,10.557859647079,99.52483504607001,331.71155555140064,12.065157547939073,6.946506029415655,12.217677665492976,6.118908947327155
20.56585489144192,56.44863893445599,734.2635136749395,4.988163542190281,5.288556723117521,21.91800874298201,177.33243797336246,767.3413609787367,4.387706770988361,13.006411115131415,21.392734981139245
365.8618069699791,470.18634893839805,180.72629662731654,8.282516276625294,48.16359135167685,376.0556579873483,632.7566326629395,200.52937817389542,13.541014620252318,33.259570491037856,8.889151460265664
128.74671090216313,13.101998721847016,125.59856153474735,2.564723979939658,33.45133355597739,127.13349483261153,12.030624578127403,120.35348251640409,2.2411667343057067,37.467567406403234,14.114038961296894
114.44539436250025,886.7548660214754,109.15827676031324,4.43055792859699,38.974698098423644,127.23929995696413,844.6374888798387,78.95478876013354,4.406867905986274,38.99428309636476,10.825374253438637
325.25258115964886,50.37576641675939,46.35403231532853,9.576590646874529,30.86678014148106,317.479000362162,61.44742725119085,48.3882669775332,9.368888639205368,24.285662883766232,8.412217737537404
306.99239311771765,392.8848827951803,450.57892384138,2.277080013182537,5.463520710661241,319.66297512088784,518.8536508875793,451.14639538958204,5.619309188790402,23.602792335473893,6.312595144925726
909.4858908326527,137.88225760865583,163.10535113251822,18.38752108751663,47.52329241019999,951.8009698672228,175.75868362937322,152.01698527837812,15.542978670574376,16.743324792416235,6.6326937225052385
237.50484309954766,24.67324836029246,88.78278132056096,6.589201713816912,46.8397292045914,266.9153001165908,29.626616224551075,99.12406351318674,5.701624721841485,44.015102888260664,15.642618438371219
76.65927899253394,18.848186493803137,10.206998468737622,4.666514393589032,13.322828200737959,79.10246417317167,21.829345096334755,9.841548143805026,4.120461977720409,10.341387156986377,5.698174414465433
22.38391363790248,51.69779561034441,30.602894412670015,9.63248037323124,49.08841140462592,22.5495369956646,71.81719401987422,36.90794711701591,10.520657968601489,15.684498775720643,5.288268282099943
29.315907009174293,44.84443943075806,126.38241630283906,17.223993342825196,28.23051322445067,29.846832889466505,40.27246725778182,140.53349541755782,12.328318477937863,34.02236403074809,6.417853910782563
115.98941025071012,561.8938176577736,16.827753120318945,19.982879659433127,23.716199453450123,114.25476632260252,377.4944415141662,28.033476858321894,17.41289447506429,27.843010504062214,6.520148431799197
66.9406723338195,313.3900961636477,12.235347196981952,8.331544884405876,5.149120200195126,67.67353714900463,222.33596388310724,12.644895853892324,5.9933287762101,8.766876551872867,9.871327128314206
11.251083687094269,183.00141712123008,56.536217164069015,8.570489053502294,32.597476776426376,11.915084955169645,159.75462107851098,52.020484235767555,8.267774169647726,24.364984123544925,8.685204643760992
332.3074756007992,928.5236239425795,11.42845792203046,4.72519300361259,48.28399067742867,398.1027105149518,918.9959537959647,30.351553574777416,4.96864313567735,59.93434445628645,25.584321479587157
111.53260134459737,12.741753639695,45.49729230038475,11.076509723761413,36.40671845186724,114.39897296142819,14.341694468355852,42.79848725979689,11.35655959452341,36.5836583576029,7.389571249296395
17.866229122046036,126.27045229337708,79.35772056914803,19.98637220776814,28.368834488666824,19.196867443683185,45.07816937009825,126.63472275006937,13.780134581381112,26.498332531548808,8.949325788821415
386.04336417636847,40.7176965549998,12.291661923817307,19.88676807897193,16.56969538097672,440.38803749745426,88.7947177400056,16.270962379565663,8.626088296044774,13.740429386597013,32.34858342038901
13.474369717043176,986.9432376333767,722.3192665328842,15.202996931858193,11.649240092160602,13.957032463301566,144.90796286903785,642.5483719996578,12.587269164032683,17.530512746383167,8.661276024481495
43.769629586472625,81.02226172462879,46.56242028480187,3.1774162237625783,17.575141779112098,48.91772272777949,96.64411955905253,52.44238768810955,2.5443195493457864,19.1757328106685,19.110220129677128
185.95234346645617,37.35897800753605,65.80127147233627,7.768321687339603,36.48035674836637,201.45289002952762,36.67185471272077,85.29413207978708,8.449617582115634,32.34132706120123,13.95118607529993
646.8048470474952,14.646585092353519,130.49909818449237,8.554907279693605,7.601052352497933,727.7486813650107,29.13006617194375,154.48330391370897,8.615871629005815,16.598474885048407,12.4889841950551
175.37358842392845,842.0440650785217,390.39940997216604,16.51650835118273,29.613066526433787,189.60029395349574,517.9908409608817,374.7185227223155,13.235644986062418,23.933686735789745,8.98118622191009
67.4590328307034,37.71559021118051,381.98990105543476,16.216115709927184,21.72630963447266,67.74963634605494,34.17682546376529,495.4546896686587,14.5878192062861,22.53400470385421,5.244416739042328
17.690149784719463,10.661530843979802,24.204900406151086,1.3816900885242371,44.14134044064511,20.068198797389634,10.940345131422832,31.75355075768975,1.5787822011238701,43.81751535673681,8.827301086971536
342.13511870923105,161.96230654928598,100.97978085157716,3.3705468055278054,43.08848495446385,366.2755472000744,152.85912854199867,103.19871784925651,2.5341092898749276,29.813111336099567,9.302340675842164
49.39614116785104,461.2357568996881,22.62283850866295,2.428041173927237,42.627657670593365,50.14607078809163,536.552045005692,25.746045312365638,2.674487425287342,37.799347564610876,5.623301346199624
27.852296452790796,130.2880073166228,388.3796957121643,8.786337254875278,28.780819369248096,32.48671239416607,89.78648778080394,641.7919327627319,9.140042344432532,37.86303309431724,11.750885289338328
67.4325033892652,203.36581512789465,19.837040537359766,8.96974664776544,34.708443416273816,67.19233690570815,292.82371953384666,17.16042829061341,11.655248953102083,27.88685836588239,7.497912324510334
445.03792116975484,494.42794331059156,738.0696502225536,3.492006490830356,25.66735240730387,510.2136768379531,613.6099326011479,794.6066870623426,11.534331955876976,18.766721282195,14.620470494788721
14.961877936962534,190.43361974141698,343.71655569452207,7.474299291376367,26.085150885116306,15.847604864417846,88.77690757810402,348.93048606155344,6.013744901821503,18.994233543867075,7.650214063866671
218.92585213393832,55.87387740293229,10.102234402736995,7.664243623376865,46.949603232467084,233.98319450050312,56.91031497311867,14.258082596468771,6.741213831032366,41.26610037175583,7.261897269625206
49.34362398511457,46.05720702577718,461.8716066523619,9.668088814446056,25.686038117615997,50.87920872691495,26.866763460837028,640.1813499506443,12.628521901338164,16.55506714837791,5.992799420154579
11.58020225895475,27.410322610310637,915.5578358872285,4.333230823060937,46.14588443412471,12.846546146808176,31.00705657797549,608.9894900925706,5.114751389072442,39.42070622181419,14.629006195103484
11.773182331553299,30.832492623465313,90.41850336936268,10.645965426394893,12.443618323588801,11.93504791922522,53.46695218916244,90.34380272056798,9.650274442122493,17.56350706882313,11.502933163246116
436.4956254342532,240.66316619870653,18.403600463194906,3.1695036772258827,39.05226252486271,504.50440572932075,212.4603226910404,21.31152353373593,2.2149564981086036,41.30393773303608,12.839527479753588
190.01370702828697,89.11607390380472,20.486378958780836,13.034967658456965,31.696664324180784,191.8698040106483,86.90973664590972,23.479354109946804,10.611677238244496,31.35434212496295,6.482851272864274
197.45016680649385,26.4432289773113,73.09050476015098,7.78337487012947,48.904519218103346,215.34044817015518,28.06065626327004,88.51707081348809,7.980922631354605,41.692747214362214,14.351638778211475
16.61441395550882,496.0705352366348,19.23782595459436,3.543885365059789,20.567482917901057,15.774311486491705,373.678988529381,33.41216968127013,3.3866159937932863,25.333119820799997,6.490338910867223
220.4754863615237,444.8451714218278,745.3604189660798,16.13644218315059,45.00239176800221,244.66818426100113,310.59618965270397,508.96951102871344,13.451564942398228,17.10854849376054,11.081637240204465
12.502278371946382,24.22302896543621,10.199188566614428,10.579995731898462,27.35909098727626,13.001917147374044,38.781368962237906,10.979333948579505,12.80378056764988,16.041194464745445,4.596594992528948
422.7770126888834,76.92167228016508,18.59791762176366,10.833386390873663,10.641948832258388,488.3761522372309,54.684160244118885,18.107902203476044,11.40108036035954,18.272445276078404,16.252734209906947
317.9395042486932,46.061939593622924,20.751024667936015,6.02854718500669,4.32700816150604,346.1618847896213,31.236386599418605,23.544326898744224,5.913331053463189,12.975398378593143,11.010611610643677
27.07147733697024,44.29383860935221,35.27723805441636,17.469375376086976,44.81542669872967,27.166923581700267,33.58589750760918,43.78910384699297,13.094289257085011,20.401515567258,4.630498524692398
333.56593012655054,120.66740933795187,708.403294320671,3.222025445755587,47.96948846389694,354.39440747749285,100.04758184243096,701.1961504959228,3.271691398543788,38.77519180187228,10.609798072524761
21.10376148790086,46.21194737130692,45.972923334375466,9.629401222343116,11.140136223984777,19.92899089851702,48.79948387957282,46.23615607022689,9.05812260422979,16.04296132285908,7.186742513832699
66.43644021213686,216.16918052656882,81.93910136865662,15.315750249290495,3.5159038732639285,68.08652628838517,91.7209715373226,84.63077034710336,10.113002244834,11.653962720597239,4.297885751162678
949.6781168841991,833.0750498579546,840.150675672989,1.3612068720803343,26.757058756338058,995.7887766065927,588.3393931918436,949.6041284769965,14.360377668199355,15.767805483359838,10.509081119218749
892.1840554516453,481.62849669884173,58.07554557602697,17.89857626194211,25.235139546347163,968.9614233065394,641.5211681105907,61.82505651493778,10.590660434542698,22.851666879444366,12.70981851170613
20.23667719448937,40.654498603280935,425.96338136921895,15.937780513662005,22.903942349266316,21.367009892379155,39.40670697123823,744.2168765068253,17.28878225354391,18.848452862845782,7.6196721258203715
180.10095113739237,777.7495906725912,585.8255555137658,5.140612590227594,9.369243256489826,190.76271626907757,814.8727612818881,555.9070036393668,5.209795006164269,21.899335171819374,6.9448852838172055
114.07094613386579,394.9992513539008,158.06708437049699,18.28854357281483,30.70609443752578,110.80248573448057,409.6538975931888,141.05645802747776,16.635039009363748,31.227475849840626,4.948166720473092
51.170446750540705,89.37259768950435,27.01783190947648,3.2761345068544125,18.887038627558663,46.9048125061732,91.33126164877501,27.896240319921215,2.7438076702105363,20.961465260106934,6.060897512445226
67.58978474612776,33.83909151570103,69.93174078221763,9.488972577173985,11.931572988801141,67.1429618867664,28.96917185826946,86.12083409359971,9.610029499449848,14.426742160921957,6.664081006984956
18.608852283265545,56.17917240180323,62.67574699854442,6.075922691190329,5.747799098208549,19.357183093757463,88.63344000925571,64.3850079005727,5.334493288891884,11.749126833566702,15.845151943971572
12.244547766684342,27.78096289899413,78.1524147286488,15.76991746865069,22.124202727180993,14.672628602800131,21.985439393531998,101.37815026573257,16.07301555828749,16.268508378039403,18.04853373759714
155.91582560151588,384.186123417077,320.7351422546854,17.95828840110666,40.677089520430464,165.33836338212802,285.10605625948966,326.19022604186415,12.324968840993629,15.658260738089927,6.873251159458624
235.53127973423105,54.33955193710063,209.28464596023483,9.005419565009497,26.090139334207755,261.69315303583966,49.71314389017479,236.75289893788545,9.291839253453986,23.17463192277999,9.932691006882157
47.76343562721983,823.5366402664318,129.28371439263287,3.5265296367661394,37.94145783281793,47.76346616552587,944.9849186032964,113.81893654513618,3.7850134254508174,43.35464294819824,9.68862290771699
17.61674851066861,97.91997977480095,25.537751601536346,5.932844893370454,42.21192208414393,17.35603341945986,142.42835825660296,34.84134616312343,6.2576846061806615,22.367672697131297,4.577585193002044
11.223012838341095,60.46786692004206,166.67368293982784,5.038732955647958,45.68615034541719,11.06718880075197,65.00221880171992,164.54515089259144,4.795103369825732,36.582408204538176,6.518374716928569
35.87272797656261,443.45707695572327,93.83446002226499,17.20144706858543,7.193543294834101,38.810355917866275,260.4630418035093,76.42440200619524,16.29926813876468,21.788899453505643,7.318035007931386
19.13423288882263,63.40345553067703,843.5663898482445,5.072224287088102,10.388257422755036,20.507503092528825,166.92305758318116,753.9845526052865,6.125532972101353,15.219334522647658,10.353450989365003
425.17611467104376,166.83817059753022,169.7085762344979,3.959423970756761,17.418357717137198,460.71035489584193,172.70383232141984,185.912541675709,3.891333459657308,19.415962154509305,8.354708248167467
346.047519144903,741.9309604784421,31.149970189600722,13.195724426684492,37.1150522087241,372.4396144306014,839.4590693001314,28.120529972183466,16.372924510502557,36.18281357155952,9.578218214514695
297.74693156793046,101.17841180898205,26.10777820606405,1.0287005721437268,35.93331027218018,302.6223507306127,74.70992034491393,23.79228529783775,1.0530209348153536,33.38710482606181,21.24242137138649
687.1767708615046,12.507918280299254,954.0301330594029,9.944953304039926,20.29646174349457,781.5555414684981,25.374843198677958,661.0899429728578,8.861164970378379,41.79163726149351,9.25061658396148
472.8467666791051,26.42384853481795,837.1815630128028,1.2499883730979895,40.647139047051446,557.0610765556345,22.13854073778163,669.1463403945486,1.2177758435669557,32.9182085955561,10.656881261230627
19.48345781027786,47.210624083869035,19.640306046831434,6.447161368056998,13.481812100027426,18.30504900253113,69.03230303928595,23.421377431624155,6.665344691130955,8.367371187770539,9.163822447286057
110.17957544581012,475.35392171136874,753.2011167632518,7.338478687213754,42.738019749566966,112.53618451138456,408.2365402941177,695.0868859415359,6.213954827121466,22.998805728815903,6.857881225172478
13.739579849189028,318.74804154341757,363.13429866305677,9.761657236670075,48.99815667384197,14.801292524807725,93.8511071045828,545.1008894457811,7.192530424815929,18.830169670422713,15.256937255877576
19.840584590033153,33.36166698595647,42.44880152720952,17.779760377180935,31.9442993181154,22.541496136591753,25.132264753853885,54.350269210111655,13.587577918286742,33.80127788928505,12.092001464451181
230.57154716645948,779.5764993261671,48.75453978446597,11.56483977534521,40.149912692665424,249.4977213558312,938.5206971905704,34.78423521915684,12.095139933280471,35.67151699342777,9.790337987099647
56.78078730830852,152.37916512714486,45.75804607900648,8.420039655138881,29.8912581900138,58.098662075289724,313.9502049555553,48.47161823293012,10.86527402821812,13.866919591131772,5.073068401644634
291.5414878171023,51.63106581532017,25.678887186349062,1.1529729025227642,6.076619371169151,238.53635037163278,46.05631387403277,29.563445093378,1.0561731197191433,12.837825720398676,19.39236699632822
236.47761851231206,14.28645453006929,114.86828078732768,9.194098270890674,30.176643938569338,277.6139001439575,11.866955304190181,139.6153814266883,10.436145204380814,24.031871508711586,21.453452566703003
140.89836637747933,249.3256435179348,40.02796587753836,9.66339968365057,39.10079403506575,134.6192846804848,309.59480414070475,41.85498754015959,10.82549890965756,26.024572729540743,6.977529247286765
478.6444440734465,130.67611435279872,14.888400529734472,13.803125330807724,23.231654340107845,480.00452348835876,86.78877002509539,16.52007722363199,15.04616699435046,28.06992175208329,6.385983601066256
81.16649031843009,19.68440315313602,432.6796015101907,5.967282042500677,49.790070156986275,84.12413783116897,19.10915204571325,466.4746549589393,5.976118441331002,40.15615531434871,10.754899015141937
69.52215947070701,13.412035391998293,88.02698055238496,11.286243633802819,7.606191464073559,73.20542504525329,25.450413933188766,114.21639491254403,10.323116417522735,20.439518875055125,4.877252672321589
37.82808031160827,304.6619633983267,564.9187597577564,14.130150737422964,7.343144090580226,44.57442692703655,213.78099965589826,595.0628999583404,10.885873469297751,16.618124645779062,22.294626608352942
391.26308284605676,104.48474389833969,32.2416927394945,7.904604428091802,28.497648172707333,461.2548801607416,118.22217294815152,33.932482356946856,7.4228957244883516,30.90825824765876,13.374343769681602
80.00015533162083,21.88439020326767,43.97782052115892,18.597340117955167,31.32095370027684,87.02348258154446,17.2820419270642,56.9029259750546,18.942421385855077,30.2665242766244,10.017445823661951
265.84538727675607,957.1831127430099,12.069093718885291,7.780645599777101,16.77943909067406,260.16741395567175,771.6638375340691,14.739307458641148,6.510974602151595,17.801964637546792,10.171038599837724
145.4714625165703,175.2733300356148,399.9128003785589,1.4614905199205928,13.513185276147075,157.42917150176214,231.5833549437253,385.0450171405949,4.7121703932756445,13.521001260227292,6.198422381789257
550.2849018382774,97.49294528998439,113.2267128537246,2.7411723905584915,17.516665254550094,591.3298569858025,89.14119369333449,139.94718634599087,2.965349518152388,21.832398531530988,11.451831698467863
61.14725026480016,682.8896410702968,24.351241251666455,2.987327553047288,48.284534394689246,64.50272569934141,709.943262503872,67.69791691287351,3.210987573377049,41.65348099480319,4.8759249593169125
54.04297869552134,95.08389692491565,157.18015971313258,11.283070792851932,11.76651682993491,55.40573479097904,94.96623988314197,189.34372175033255,9.632517992819727,28.499861488134357,4.392843751844567
259.35952101973356,424.0799353496751,26.207635966772475,18.612521376566047,45.02344576707953,276.107556911272,458.5910098792504,37.24705706752543,18.761636807985315,35.741785047881386,9.308690627178997
720.6796023752986,11.80284700764438,111.02060000636365,8.683801508107644,31.8367244786912,739.238490507332,14.2587517585233,267.6776841873269,9.472058723553047,38.191917119586726,18.04842855729659
431.8727977323457,28.556165483415043,468.0291599392862,15.501545489071361,2.195502579996301,486.107713299307,201.76921187477484,466.72148389565166,9.20864821138861,19.146084971457192,8.182963115781696
479.5427957250323,25.15087638721547,20.415729862804827,8.378069859455945,32.2693767226258,508.20130358881516,42.97243077826559,23.10118740939797,7.382627970681651,10.730644566790208,8.624925382208982
12.74459662066529,252.85026981063592,12.985298907730078,12.438418324875283,14.03315214654791,13.938150425545935,169.29164443279888,17.89262212208502,11.672183435794162,16.30884302637486,11.099071456077992
102.23108399470564,659.3325062360586,149.36466909664819,17.155211677840718,18.348358188393163,103.18195296081251,497.3127381650766,109.74492314733058,15.059235413618032,29.920011486153903,6.109414017587777
14.836505651678912,159.77037032657782,991.5111863172294,8.12033765146992,9.821362041260542,15.976484511758374,187.82625395245265,752.1846253625904,7.734298288129817,16.31070525299512,10.204675659326327
293.0961857543167,763.9934692578637,21.948830520291946,17.156042943630993,40.505802153200705,322.1555427618532,697.7501415260224,30.59934094462556,19.40333271662128,35.051075980552795,10.456210044238226
25.172841115102813,39.557015781351524,112.32907878729031,1.50788060609964,5.747021605082834,27.1602914207188,86.05806189646486,133.027467572549,3.131742079937283,14.12795585497589,11.544011097240764
81.721705138292,13.59463948138708,70.36135527790759,5.489558174030457,40.880186486894736,76.23128828384286,12.34435767181834,66.30865548145886,5.307618635337677,33.163725596970345,8.57916922078311
533.3838782417592,207.91639759818528,16.792352925862186,3.044751346786072,38.427698743396775,618.978579449281,183.69376215501242,19.712745291017356,2.2676424155845973,43.98098894925776,14.892247746066015
339.98763539957616,258.2383420641137,298.8291493806722,4.978932285292201,39.42486240996688,366.0159805496713,197.41403791926754,336.53778390920894,6.945733202078565,15.12840461042432,7.618878149634634
24.802005998280386,608.7018101096595,749.0988510732759,16.43745154380537,28.844949342094043,25.041910193466926,260.2087986206515,646.7048876010994,14.56877495390071,15.603922651080893,6.232114475047236
21.06527951193066,143.8319626849336,614.3281178010478,14.978865096126968,6.616995566602468,19.17875190071466,196.8788044963964,611.7700615059516,12.289653649253111,15.650505615040531,8.112831309786026
932.372272794014,97.03120199877335,248.20535071079706,12.793018866728067,14.686057530594928,1049.6194804875354,109.96304296535796,272.6543013518512,13.073024589458877,17.95999887530495,12.980461024882011
772.7546622071474,397.5171117379491,74.48799439142554,10.579421987111445,40.29083997030979,815.1367742269425,351.89935473127736,81.06721260924347,12.127052730652602,38.961347211341625,4.745879524984691
56.533235556515585,85.4832758516876,15.238973463412739,3.6377571711088375,16.08703809119927,53.983679722226135,108.1699999035048,18.679141004521153,5.477204839013896,10.405051693137143,9.149811711979677
512.5456692956174,84.79397399361942,233.96422416319018,7.329568206473728,11.346272324539788,601.9970907414695,72.3219796566206,257.58184012907356,6.552409602249303,9.354955777752547,12.652881646335102
89.82704634336923,170.74275467009497,123.86067944761415,18.188001809979273,37.167604667154315,93.60324346632477,121.04314713861618,138.80923243535642,12.930003480900433,10.130650378210227,6.2143039262247
153.8760478443344,22.715634642821982,130.7474789438194,10.781314937669714,15.728150873853188,150.23842286102547,21.82543640778334,165.79331675287503,11.6239750414596,19.902642295352113,4.495919165886465
60.89995635873343,15.94961357048107,738.0442209901822,13.39354884798664,6.551504062589362,61.52664102413139,30.579588796795456,746.6740209234746,13.85291573416524,12.880804989193905,6.244003922680225
145.0235568345201,129.98016533867843,94.4184636770736,12.563636468756615,6.030544197251487,164.55112888673085,105.85965527040072,90.78062987862744,13.067290269749602,13.580927469073464,9.59367337947167
431.2983316496575,61.330447388791214,793.7013968066808,15.56290198299129,40.60554010680675,510.6721811236638,46.875509529814614,539.7266497019195,15.067971868337281,27.649505329496886,12.585405593294329
169.11279582488064,12.844221185541324,15.5124134645239,7.675768673147678,42.448914699973066,166.72478186808814,14.125532473828939,17.345083410889167,7.804518801217562,28.361852648984346,12.546912237859093
127.33789370337824,742.7639666894833,547.1359109325349,11.952166958830658,22.067375006658796,128.1940077801451,583.0141606514123,456.0606356063493,10.570022020095042,24.246771763764983,6.276793043609173
54.956614665313985,23.26807807575407,892.1473948660738,17.324479983549832,11.375694418332726,57.173029355810705,33.7714716926083,844.586992337045,12.0642350560848,20.88481677247619,6.158970833716766
100.37591596333102,636.6623726842469,149.5855811311177,7.418180130689016,3.986007982583956,92.55941827511703,376.1103484900098,137.88748673294467,6.683424330326138,7.817096736186399,8.297466851514992
37.51181031781061,35.37939961714992,912.3979882314969,12.046317563288065,35.43114555028824,40.275786133010065,31.6925542472235,766.4487068385185,12.173540513129767,31.27072225546076,5.955656584587251
198.44863826388277,104.05458661912428,16.245621201622992,9.111738397546203,13.862546687045414,181.56912924269187,53.40531385874181,16.621233249416186,13.62323143574224,13.618694735414508,7.4565283369081
266.006159148269,576.6224403266958,11.381436034682633,5.774179443811956,12.664298376176708,277.2193575622291,676.7274946085602,12.07369122447105,5.765027848105932,11.94612109825492,9.127941316787652
63.89223071953325,19.489942246098757,121.72416249725876,16.001790610868298,4.641544281627905,68.4882055057304,45.546120966170065,170.52579587070466,13.905616145485851,20.547737103487506,8.31366503595206
16.842136935416363,571.5289544329972,31.694429840728063,9.242264154459065,44.00900506025393,16.279053185094234,428.1501407754893,69.16937837858467,8.98627689587244,33.450304720740334,8.333868118321861
62.16472612263489,289.43964421913444,34.84848287619915,13.00865787880467,9.118015347995762,60.96465265685927,156.73702184883453,39.15388969263706,10.278751224725339,19.090999349970957,4.3488973480355675
619.6316980314384,147.28915938335498,322.10803975358243,6.598691383324384,18.471847896477122,712.5317585193878,128.4858404121057,355.6651607961566,6.542702613080842,13.717260850233236,12.835389031747699
124.94978621975234,14.566480692082996,13.77533624636744,3.8013092999135036,40.90387645781716,116.92836698901229,14.51189518881098,13.695955241027733,3.549724418866642,21.06531517029796,10.232772961767097
250.23337304175323,41.041525035967844,803.2756762883164,6.737865943072732,32.45310253848821,269.0061349445185,39.94720326198054,942.8424429234901,6.489590443218832,34.64290438819382,7.936833720684733
999.5004057103156,11.907938567144248,156.4487457206364,12.388737874400407,27.195823685578617,1156.5679524417837,15.703706676768597,250.2473075200061,11.754869774962382,38.088679587179094,13.034422628416072
943.3868628679619,202.6602372666529,235.00010962487485,2.0473621823607706,7.0386816191504575,1210.9366370854186,213.9564554568013,230.32813135103575,1.9202621086831593,16.47905938711104,12.64602489402743
24.66150387772779,132.5430908580967,922.2007118074824,4.538822308162272,42.775988758696975,31.931813869233533,136.6527858722063,741.8237816535963,5.251888729879281,39.30300070512216,17.536855453743158
124.95678194051973,44.52052236231307,231.41984295621126,18.654960497594764,8.13938113505631,136.08565368195127,55.46203876588964,287.2783166714471,15.116441376856367,14.409910987126876,8.175762036715708
774.9593626393355,32.800351612054925,106.93629710049268,18.23170510183866,6.8614661644810635,813.5707641468949,172.82618213202153,111.33049664374258,14.07672984941224,18.224959535733248,8.920495971920428
27.301081586951177,566.5163170170567,130.4692952397597,12.46010598969158,2.9951208653633348,27.256791610442086,161.23003782794154,118.56258785981974,9.923685139642402,13.409612013664248,6.437479653636563
708.1036715878898,472.56506658303357,74.47616602792411,18.429158116608907,29.013597668650768,741.2135674158992,518.9596948159303,73.19277129441684,13.589808184743429,29.690504063647335,5.414600490964462
243.22634444254612,11.648773501648204,74.67535512499596,2.706158143748215,24.18089620992174,247.38804475040956,11.267565250015869,122.2994310995049,2.5073995566152236,31.777561715746945,10.724737268399576
81.30820948470907,12.039671946143134,467.7349184588769,18.887862896408116,19.947195162484416,87.89091738313321,20.31204216295271,344.56288750047435,17.374506916342337,31.904224077802468,7.610805761106705
29.40384861173869,190.01124777335886,11.120005769852245,9.387559799155373,46.60091039146141,28.40533853250179,310.91100702570475,22.53267784861188,9.454002681774806,23.776550266945875,4.3466430295749685
82.97648897460883,64.45147056116788,156.4942360224153,18.23869195436533,45.17608296961285,88.15003703631554,65.02952166795582,123.84468736438475,16.085960706094063,28.414742523839884,7.020507317241467
25.734801273604457,373.84363459752524,307.83470944452614,5.665083414747258,10.289408739571979,27.30578814185034,220.84384175773636,333.53470297907523,5.076801351891598,14.248150756714518,7.877040559819096
243.71114260527085,13.96290061229354,48.53265741860577,17.47265845481184,41.89569777262361,246.81619611808284,11.140211960484441,40.55932954636623,18.479818454457735,37.93535634630856,8.901919241459556
26.2358310189033,12.784105246347787,295.73321895161047,10.049883326804652,28.474841680802882,25.817611342124312,13.109697993295386,405.8997454710099,9.961935139606329,29.951031177231858,3.8766795200433233
59.91439445319989,119.91734383186659,201.53207188592933,8.3922037003442,40.21929938463764,56.97651874118846,104.51079769961846,187.77885724247145,6.6352118958881405,33.09491595056262,4.9125961701936856
10.467294064160068,38.33308310149382,31.08758939697852,1.0359000597937196,49.36986311203047,13.065264163161139,50.25329967316297,35.735576005272684,0.875244456318283,16.236832226350504,29.68548470591014
513.5588715384018,795.6727710851194,26.68179543370381,5.612151801484969,48.25604365160585,578.7822779608777,861.7927443195156,39.39312915313469,9.81487774500089,45.15850371337289,10.787285692672413
16.032496852893807,371.9614251123379,12.976032051827039,12.739608231003944,17.145537706692384,15.578728089832834,195.99051992086748,27.323430111343395,10.814861908552244,22.276073232190992,5.509984052553801
198.17330801477357,13.63472448015132,22.98948103502129,17.47964339588075,22.730197344119297,211.18641472383277,24.843681925922283,23.449147456840503,14.180928733139359,16.55921524356811,10.062720923949811
22.200812590429393,39.72696986139673,521.3747643050987,8.975050725379536,7.212771818895863,23.14771417811106,218.0112862505707,643.3146649895698,11.453250722196891,16.805258870803893,8.292345030687635
373.6087982602462,121.01253037761836,373.3200309028285,7.55525591958241,45.15873493149227,423.41237686881243,57.80972795414811,362.193444267075,8.893714645852489,18.246742069990443,10.989613489612013
26.59385162115992,669.7024003669583,178.29621370003252,19.103649194440937,20.972163281905406,26.831866876763065,135.88782472035052,211.32445554710924,14.195430517464123,17.75917732566297,7.552622133196168
152.51976728842934,891.6377572276418,780.8583431263185,3.2942773520352926,20.900750770824768,150.89359381782478,908.7159787095902,783.1322774250931,3.1399665076674124,17.923963461802547,5.139895165520842
152.88308639684553,36.07754464598139,16.925364977729334,3.5137154091814047,29.425610652811113,153.3480613796516,34.38005216126178,17.578590390466164,3.3062976680146123,31.754041594986706,7.580848986016774
114.33959878528445,34.1862380405699,319.77088098643713,19.58608354562874,19.26098254716961,112.32786079043836,31.12023873079254,378.2250259261126,18.019671304977038,19.973113410869136,4.3848717554145376
360.02085376671545,327.5634400761266,738.597919967645,12.177838822495774,14.278226669523422,426.45079973713155,303.4433679165854,668.7918829158834,14.552933480467058,10.526638893503492,14.672812694572478
61.15800628153648,318.18132017619564,657.2765122285473,14.358055773960055,46.92457814628701,59.23668698093255,117.83715528917148,668.9244385976184,8.312590758040942,23.139232404074022,4.858738345940826
51.80620902622881,108.28527439565973,808.6454417561143,6.116006779328147,8.033707414306315,56.19207305690005,342.9010140120766,749.7855101207441,8.560606937754411,12.844547625315318,7.162684159715055
150.309064189346,17.757432000417058,64.96278781918494,6.944590646419618,43.60061999449474,168.67744229223823,19.043386620781515,74.85352497550983,6.766791620673765,38.24647956736855,13.979719313545957
118.69711818751277,14.031188292116184,119.20187698341287,10.834311165985369,30.338199627698774,126.08559619653735,13.338410190587123,240.04341769041085,11.012112314723412,29.25354026134786,8.324802103635026
89.13511735536815,750.4645242230691,39.0940546364635,10.131427520911508,9.238779537759548,93.86055235479515,362.60631658756375,32.240939168547186,7.990865772086155,22.683484513218428,8.059170874030624
11.76111449691031,118.017013413512,31.91659349525344,12.499827767769547,18.767504520265813,11.521638284500595,109.80641360269236,32.688912246394345,10.601367244992971,21.17711704113267,7.697331053717922
64.98242828468358,26.3815299438108,31.034328683924077,18.46010082481535,8.241529683143305,73.70195290767208,38.174107110170745,37.39771221609601,16.592278820450595,14.862075436776186,15.738206981201323
51.7295054355393,10.443848272872648,84.50569183491521,1.4812012804940895,17.470370495607504,48.84785969690989,10.8376382046064,163.35540836431093,1.3130397743426787,23.83068106394308,10.469090256027476
11.714058762689115,445.9424060151351,106.97411452232,14.047005524271595,29.60834648828734,10.99142450095861,120.5703735343652,200.04572904673833,11.333978299373431,18.80743654002006,6.787365443860181
106.7213259732906,19.511127707916096,16.951611546307607,8.418585825242626,13.165705807306518,103.865713566851,28.730433458415852,17.422886979396285,6.95098943256012,10.057204216289122,7.192590091081913
807.1685271083047,63.17906442639937,13.815954568161155,4.460194288680487,28.796762756157516,850.2160877534598,79.48219524176096,16.121346424157665,4.354254497737777,34.89433662024153,27.226879276121057
159.87028773797311,513.1545502454743,185.49103842336353,1.6483679428998828,38.46576386665471,172.2445647112012,528.8048140909234,242.825572181199,2.0193941226044134,40.421739487764846,10.659638282446119
209.1682718781197,673.4281376943833,22.841321304702163,5.076873063949578,13.150550389872656,222.53381846515404,747.4398102905984,25.209424129313803,5.417621040601561,13.79756253477034,13.717961586026018
482.3486210138334,663.8992415073499,91.2136703723069,9.48332948450319,32.46295355314852,520.6744731645531,651.9285695729795,83.97159551335082,11.151789723280752,27.53556118775888,9.485155343708549
64.58715862149676,18.8148725074736,84.6936017446071,16.25561822574518,22.603166888027257,70.35064230474514,18.897655593764178,154.89386736478951,15.268541282504833,33.14440207133256,6.762030572310816
924.7987825445671,14.542633449467045,53.14909550803686,14.34921622361089,25.43981595487895,1039.1656573311611,18.70011109344014,60.27567643076886,14.216357455480969,31.583889199249718,12.651624543459642
71.87072360213955,65.23682477436041,69.39550097562878,7.21738723310587,11.898534367380606,79.26514707859853,43.525544299347025,77.73448375856707,13.35940151617782,18.703020854331328,9.012343095106194
119.42062253157995,155.0386939280524,18.092125094566224,2.139337372456515,46.72469054787846,94.59966484697422,150.02208538978235,22.81074050289746,2.442969168305962,42.60772719169075,13.194166965589888
33.274207604032604,288.8162856618658,175.33971968189417,16.35555242575572,28.241779123478686,33.031520122085425,424.58103582520795,71.5204189731873,15.087064800304695,24.095240135659655,7.271417197562019
81.00348504734465,16.536076997075096,199.30690800711136,6.686155364102583,13.622559426032874,84.76977736864093,20.88308196687114,278.11366827675914,6.086318290191191,17.873925907164907,6.662219903214098
116.85918262638602,49.51941908740011,151.67214901107715,9.929969176031143,44.924448874618705,124.9408583476305,39.981225058718714,133.49390717081073,10.357165948213275,29.958101686597253,6.33394434126188
20.644904809649262,14.945242553318277,691.889512527491,7.620250350783605,7.456342872320574,20.85275726313792,187.02157663151505,675.4216655574838,16.711892369381758,16.15226433191885,6.919442930082802
614.1162778634285,41.988534032126516,772.9232436305448,14.351296300824536,44.54519370300247,714.8786593785461,34.195882609546324,447.291703369841,13.811565339387355,30.277367786515978,14.206846297216483
144.1798086253155,11.73980371074424,127.70006774294404,12.984009143107746,19.6842281392126,162.32834914738288,18.364254404630092,235.2188662896141,12.142635881824406,32.83187069705654,11.975214334749683
93.55207023215239,49.5324844685189,487.28432234482483,14.1128286548894,22.652610038838336,90.48544169889007,31.673349066914,430.104982948283,14.681042557351322,15.04466399851766,8.024198105567686
150.12406739334523,23.429052109442328,11.159134481583171,5.787731541009033,25.972574008464566,150.11519409085997,24.87653309996915,12.68317385173572,5.713356901076124,21.489424786161965,7.182282400653116
402.9283444080749,100.26238060170763,116.09411031169148,3.723641777366054,42.43582368713097,417.0654602580675,83.00678130386244,131.1907463910438,4.08315210470681,27.12078689870014,8.69056389221258
642.6086715556934,538.4496247599036,394.6343381455451,2.8973870660538603,11.811073619908601,663.0549765412873,491.8320833724251,381.691829300221,6.463784060998769,17.82344869378186,8.730184427852606
677.180131098485,465.68161471027287,38.718285447939245,1.090790069935761,41.85468213081343,721.4303937638708,456.77212169932307,34.57665282476974,1.7586117616081278,43.16609188704597,6.252849105911127
36.38307457572892,10.243728396949992,165.18537129761128,10.07220903294137,21.155578755823306,38.570981212526846,11.064881381235438,348.64546963102026,8.705711978200993,26.058077201244036,6.350264808370961
20.456470117604173,367.0331186183231,16.820824479674396,18.080775438467885,34.75915106656498,20.252253273648794,339.90243633848513,37.92469844151319,16.51388618377036,24.839454695273155,4.754480265578665
24.033476404797227,65.05352172270301,344.0702345128962,3.0638063576490246,28.88954655624036,26.190574106778815,65.27872612397061,398.0152027000053,2.1775479567589135,29.278050008717834,13.537573213230964
31.335295339244944,24.924032726583473,439.93132065102407,17.483275869651745,3.46030907583233,33.37403414784575,84.60163431178215,623.4967332220136,15.896251797966267,23.00827011068698,7.8931113831087725
56.09759084427861,34.27212228511769,26.33797521604196,5.099620622790431,8.903536713535056,54.73161082801442,33.021025488478095,29.523340102182452,3.642075021235658,16.859471090937664,10.194521775129088
131.43534492057745,135.3345696291638,810.9095004451393,8.057213594727623,47.2874625405305,148.16137679337572,124.82892496815721,489.2902949211294,11.80213418812718,33.707014276157636,8.787768573228988
100.5384201452409,780.5127056293625,384.42707033185883,13.260954562016964,26.179561247704648,92.3194212783458,445.8984318501406,390.9016011733176,11.21459234268597,22.571611652660955,7.743372395590349
13.246656639151432,394.72884562459456,15.101495950613673,7.085287745911341,18.365544422284106,12.942190130858844,298.38653798419153,17.616595306416993,6.971226867266086,22.60741002121167,5.310640967227374
155.00093854025317,284.7423037349263,25.004323624924606,7.848759571335984,45.80734306972513,164.05911119960675,489.72672653654627,29.4498783452374,13.174168901739327,22.12166321699734,7.413252526933793
102.5280920288781,55.28630909005347,699.0741897004629,2.763697331965349,28.607344383363017,113.25026411970774,41.54023117045912,661.3225183992041,2.611379356543387,26.16821932818487,14.6948347791048
619.9516985868115,227.00705649869082,468.70798221559187,18.59141462218469,23.926880072787057,640.5659566204272,200.86962218545048,452.8931724263801,17.798423548537507,22.24672004783673,5.29543311564267
12.148645034019443,190.11228746085703,48.777580932618015,10.562520955367544,46.01521514311699,12.482799064983373,197.8994385689488,56.94915317007461,11.028667381860549,22.241606653274868,6.808171115792214
18.10520633535078,33.525612160240215,214.8600363642453,12.684343358853965,10.244120803042078,16.750216219391973,150.29201234725392,182.60221118907188,14.242572120791243,17.768848778267795,5.232435015741613
163.08152103885064,69.71010564580583,24.55289620299239,11.037767863379742,39.705080685182786,184.14510621315355,67.2682627588028,25.340831733084435,10.483424240485983,43.15182987245715,8.834040189970239
40.927332908662294,61.21249777515552,14.516763711048506,8.6772390746131,48.66662195689041,40.84235110221027,72.2212281082748,18.868289570766144,5.95365520494042,45.83790520907431,14.704129034109329
133.58892864683682,10.467425753507825,951.7437792070639,13.383789032826522,33.47353246725422,140.7568766438465,12.40617222567942,718.4326292458612,11.772369428802243,42.08028154672621,8.568370419819411
22.150231065346347,51.87103596905431,14.077675596836643,4.799680694089366,49.39064478541032,23.03333556045164,62.81555171553294,17.300064589426203,5.591189346211512,41.97775236719166,8.531740854377054
29.751676647472628,13.067011736615557,629.7265637717227,15.183178849441475,30.695959410016144,32.417433302302015,13.62069716522617,599.0557687209259,14.180538397320024,32.664373205064784,7.461335113423775
88.12016416752626,494.29059077281534,336.3436499420019,4.041223815147284,5.430637181676124,85.71484852132483,456.5506447013116,351.826423541775,3.830111855477909,18.021426827865596,6.2365466550258395
173.5530424843256,868.4136702856523,36.769796268516494,2.492357045030416,30.854452789357246,151.03623054842714,918.5131135135356,38.213559385375504,2.4090021633040375,30.880026732670096,8.41328442629915
179.4284901497031,19.721657792182327,36.763488776566746,6.904822207571099,31.51012220358381,179.2518226361731,18.41357643267412,41.06430509586127,7.302408195445275,32.761210976679735,4.893197169497779
23.471430224034584,480.9270895086076,496.1881010488087,10.287040642939095,46.08194610348437,24.639620662940224,242.380388934035,555.3567680134872,8.393649364390685,16.277058509772903,14.986702851083605
30.854785287341198,88.14494026721613,93.45092362909716,19.117928601927815,2.106147973765893,31.77355008255873,44.77770078673194,117.71386079893915,14.19054347762726,18.281192873082727,4.7905356001899975
455.24288893543235,35.5526670582589,43.11140569824515,11.217961510223018,28.275166349394873,512.2367654526913,46.44690311023302,47.608226137125854,10.06135457791156,12.506767434247166,13.029942695747227
111.6139189907396,90.23603086180017,504.0102715630706,4.749460394782906,37.83346696428689,121.15085983160132,61.61600529952985,436.4619865904981,8.217010848884133,27.780131773771174,11.70827955522261
28.320388520151035,174.1659814128265,252.5384084283642,8.407855184062193,19.736035466925816,28.47746865925025,183.35726803937294,237.35720244245863,8.021827899233017,16.13726768782456,5.136748579934446
780.3726791424405,272.2033048643154,391.1860051314533,15.212828844069676,13.65532038908897,814.7405328927761,426.96564200018537,316.1561338804013,9.780502002985639,16.71911431183494,7.0732063497648365
10.071310067431597,65.73237103210532,47.23646647734111,6.568686089221513,39.14409367388966,10.713714725615972,88.37700966214544,48.894399797213424,7.127410388099271,22.95184597838797,7.5407896706705655
102.79743247593468,45.00556983442694,10.540427137366184,1.671221449451006,40.04591698689414,101.37933131203545,33.87173248917837,12.209171155650406,1.7920987439238862,49.060306418529976,15.644291595108173
176.3496587942848,650.3833030829747,158.8185822404075,14.19285939481002,18.548231551552213,180.2964793821565,481.0633783486762,125.72253723626821,12.550086573273786,29.966795287951534,4.873608829269365
369.8554323613866,69.32973696504045,395.5692212129565,18.81311645143822,10.26421317294184,424.0515052403864,140.55369502206992,409.15207057262813,18.984757883485013,26.285922657654528,15.933158855696675
564.7105029538667,10.541057149284859,46.30841845392048,1.3785493016739303,42.48140950994966,769.2557086864235,10.311936783651518,44.4371899447054,1.1914652182237426,44.97336334678933,15.634739907041062
13.774344322830105,218.64229392259222,99.99939900047877,3.837809461877426,40.665421651140484,14.68541521893181,183.5328540642694,155.58478210293177,3.8204681818419335,23.064376158406795,6.822285340382551
539.7933028462829,14.063556632601443,31.307974098181713,5.021923060762149,32.51166850693387,575.6177810195333,14.056992676296673,48.389297625750025,5.190078179165254,38.2125883936898,13.465877251159439
60.16478539969931,20.984317427759937,35.6060789922644,17.71575266515654,24.770342379745664,66.12819174039254,18.186426321615652,49.35690394559992,19.471448059569404,29.7457599571083,9.192664576852511
238.758640045576,202.75937221890482,137.15078961849073,19.355424027975868,24.691448584500232,246.57672959286245,256.6747608031893,131.92272210492823,11.632436434911705,22.637998667408883,7.21192282996723
401.4511935384371,473.2705924317796,54.55524207673337,8.894102769318092,40.43649100696646,453.5325494656151,462.5709342039375,55.85865666411824,11.585823463038137,35.15554300746044,13.799165914214061
287.60391176698147,179.38566144964943,131.20021455892808,19.88738638238239,14.555091469731464,324.33342554111874,206.18704323681874,143.85755177865954,14.533403246746516,13.454255105198072,12.153881428471955
46.83085611084585,178.72220875675808,19.841036198707553,16.28730473162413,29.593422692109627,47.81004315678665,256.42745043584904,18.765325589261888,17.341235165478743,19.34983694034394,5.997802470803312
48.87074957946939,64.02612344776242,13.861694536796985,15.898891137709802,16.63176879526697,52.42480630150594,59.18569110528009,15.017491142630924,13.931748671173747,21.000109478831625,8.77384097192722
22.557766807873374,944.2863706834315,13.61409432636121,19.32938565119222,40.11793593419594,24.276096040052444,347.59017994399585,123.39926569877547,16.386008104400172,26.651565799055838,12.463660946134773
63.54432582467194,268.44643922148055,617.8666639020053,17.988014816144076,29.633207062729124,67.16993880077115,134.6780051824823,640.5516975527239,11.013372931345643,21.06150325954159,11.935222876735164
914.4790765033971,16.52442962654061,26.639731465657235,10.537872069058484,25.488772120528964,1048.6299184553225,38.71217017062647,25.43175442751516,9.332458804217218,13.096012146231335,11.162985504640078
52.33248543495978,171.42706791863623,69.1632144039939,10.026422021700983,34.53966566470762,49.94584197812747,176.43437345893253,75.90540004168093,8.54738106803442,34.299877605502395,7.782254037188135
173.46088746207258,246.09602366943926,12.51265106346094,11.388425082792184,4.120485157543597,185.00444138981914,23.91233405625332,13.101981698346604,17.76035069984992,13.50227994110316,14.044217962192176
838.708220348985,25.71346066605797,20.904425710607892,12.464552633045676,6.467836665100643,825.3758192687956,84.16815240628216,20.947588666959255,10.498775170014197,7.691043458322229,11.169622506898728
131.02331792634052,36.7340491357714,156.11790002592974,9.25747933793834,46.319002990892216,144.30609576785525,36.98077912795951,165.97565142340312,9.101565249219073,42.85227099179356,10.891106938922325
145.3427314866575,594.0395531077384,18.903317632756846,3.352183096169936,18.84447889428795,143.40241257407575,704.9166656142561,25.300832431651862,3.1079363029771683,18.487569750332916,16.131207780038544
489.96671301045296,10.232573664859485,74.93777603201728,4.234519948015379,20.740718587829495,568.4973706328321,10.837187313734738,109.58098322071461,3.84900603901636,27.644912891298247,10.9203510073768
10.876821878932654,67.3473672295566,429.73981190414673,12.59512708307456,15.196028156642983,11.307761266442302,97.51702702849936,473.7329136276698,10.406279611066545,17.807671962134165,19.00694958404815
266.6504277143134,916.2979895925779,102.07137432362182,19.059300355432036,21.026846462767768,281.09370530356523,717.2970764471818,49.322616654013274,16.971058846795433,34.120203859535955,8.189031445244217
28.216210407234982,637.5245279178334,17.85036346377749,7.2789733775808685,8.169376400670952,26.432064766874777,346.26915255609384,18.466235787239043,7.732720524260323,16.22134222199082,8.284989814225208
97.54312274305217,394.4078469442761,50.61082112970921,19.1872849720679,40.23476574437957,98.22641609277079,424.8399368783535,66.033706118144,17.501485130637825,30.150609711591486,5.411337707754848
51.834386865588016,76.8826114071388,207.04493980129686,9.111705335560389,37.12029360645389,51.90424152337335,72.00811544766152,192.45468588669505,11.911267742709768,35.09120789553564,7.714932946570591
225.81727205607143,21.726006859407143,428.1672340186187,6.917930965028483,6.478750587953349,236.43324621701578,40.02791952761142,719.8115395049076,6.010946137495427,16.29793055192566,8.149225225901606
92.91136608675716,68.03986838277426,357.6300663077365,11.7877402316489,23.179224659381493,105.25786762679056,41.768312035063545,428.4610764595761,11.40271224536462,16.77228888156671,11.857604142981701
290.3530407297428,25.9886302505008,15.235742068416117,2.660249084715959,29.974647672696964,297.17906450926773,26.232481604068198,16.929028820314386,2.61776524494251,31.847738366464345,6.539511305073106
876.9949034956818,39.220164273042606,559.9433183743143,10.207035176675916,12.821091466523498,945.1418681415455,57.75647215150357,597.432124795949,9.846051926480747,21.62922292223211,8.3017483423903
133.70407576954173,788.2066954798814,257.65140904534377,6.677263867701599,36.1219124140572,146.98815396600375,758.4589905229951,266.0052634155162,6.067850337038164,43.631630220845544,11.42787568062191
107.23489060385309,582.936234740019,114.60215045512703,16.27691376597413,46.03347777222505,103.25307793179634,575.9082965574868,151.75909303531262,14.338917371399996,30.453557991782645,5.9508802306619835
289.0020310409483,217.6115001952126,233.67545942107964,11.462013878291653,39.499363844994605,312.2262910660188,213.13779407360278,185.2021793208592,12.487437813658996,18.543860340941468,10.739676241192083
76.88145845403399,43.36565794307108,158.76845091898642,8.78756294309087,27.14434947511402,86.4796867914404,25.85292598133267,193.44878199017523,14.072367786495759,13.485823748610347,13.945106090286718
691.498043522781,246.73628060501406,25.8009827501352,4.059266826640917,12.882092573130588,691.9542865610623,215.3889406026001,30.176101897080965,4.024127552980173,11.9435569726107,10.882017155002782
338.8241500824793,298.21469499522027,15.49943784304289,12.304893072938487,33.59329977583423,341.7487889790369,221.77112461628556,17.56397551558189,12.628411904064642,39.79866477019719,7.35884019612874
337.11638288928833,36.454446367634816,513.8584775502354,12.839650368038827,14.687470837064241,334.10663941766694,30.769461440360153,561.3970536221063,13.438535208754198,12.019669630108467,6.4685636768370705
82.73665050595316,223.96699498954987,76.74523832618397,19.79371504273265,25.388526302453894,85.61534012631283,166.82836992910313,60.7962751083094,18.3428640784778,37.140664086127515,7.146586034278251
166.35292946083274,36.51802052516535,19.173467764075344,19.26927653935177,40.85743792683306,163.97849832093962,57.55354347524405,22.903413196030414,14.27322818084906,20.789013546575585,8.524052347339504
19.274791690994977,153.35529968162572,18.39150530476561,17.32424085148673,20.305060364523055,20.076280046058418,121.19739945799125,19.21888768902873,16.134441901923825,22.45198255198129,4.8590919187324495
197.35688800322066,279.87539663287595,20.42636540499326,17.01526081557325,34.89666479306934,199.67203942187348,248.70230845457462,20.77219627706233,17.72732718751141,38.33707541035201,5.070185946654679
221.91077469843222,43.056632976862105,81.97434173424263,5.639151503795081,27.797466906315083,228.2300395138793,34.46900674265247,85.24066782603713,5.848575738370012,24.13040137826176,7.442120750253113
175.8953457403656,11.470784338871136,978.3444195181943,6.029593831719435,41.07672328690649,192.06158341047166,13.839892090423119,604.0330043467386,5.8711985040830355,45.67413470656441,10.849104781187112
251.5050314865593,873.9451825828306,142.83123883912253,19.181177080624202,41.37166777193706,270.08837788306863,1008.8478360799963,99.46430510074642,18.26161497921001,45.804297186242415,10.055433154117068
237.90915799578482,71.09671605659955,938.5064089997464,9.018747186632488,46.749668084863906,256.4394051980167,59.606602105200174,670.4324415857191,9.080769357282906,35.88331981233803,7.2528048336148805
502.13107159146176,47.89679111490429,16.0529007899124,8.904019853534674,29.550164632144593,470.04767065995463,46.35058846126824,15.48906606693898,9.72077168058482,39.991673982900274,10.45171612718954
196.79746781660947,216.87317296926972,10.18669985317986,14.086816053101492,12.624329349058602,200.32916454824542,209.1292829093043,10.642928001453857,14.843204937946876,10.89948629648163,6.786022253778325
132.782612503111,41.221423805890105,70.66875449433898,2.654065083573784,35.940874755068855,126.78408064695105,30.13956427497703,70.1282395926304,2.772121778092978,18.675262219803713,10.797529157867116
282.7084693723858,16.79342234916412,328.7055463706605,5.59193878668665,12.817960608800746,306.30824636245944,17.914699289895108,394.41435777815724,5.503800611249581,15.272245073631678,8.102293574310112
680.0008168457889,896.6148757888091,127.78262749812754,4.614247373209405,25.549721541572247,685.1733957681754,1038.9019301188537,121.55022179632518,5.679171983438176,26.19992849588798,9.289965851433687
15.889556428197114,39.52766674337527,24.250028615575424,16.658418372886597,41.28047865048457,15.823136707745743,49.87993050294624,27.492471011473523,16.505747392263345,19.33042174610239,5.997135353761265
43.40774070467391,170.38333067736627,289.2718910190385,4.615399298292132,11.08880168338678,46.43872978855109,200.08923970560454,289.5729245292302,4.728800895175862,12.694784401317788,7.782621672430665
118.23932484765928,15.473108499209012,50.80708602157389,10.143109760569338,48.165465747761814,123.74440365292655,15.786228314230922,47.332931231451184,10.982962606772533,39.37831506475841,10.436248322264193
435.25029248740475,16.26039081570647,191.48223669131295,6.710150847658975,38.526859852153365,499.707877485857,16.161066401485698,407.7793509953811,6.599708131830111,38.55061123960137,14.119967897529431
125.12588998386978,44.98035972699205,872.1942007480907,3.031539872205064,8.547067209676271,159.6622760694233,29.01321650136553,1108.4743677821411,2.5737549692572084,8.720198897246524,21.849446364068285
828.3463654029846,566.7607201507254,798.4289611543558,13.517765847439568,48.65377357324717,855.9364774804899,472.8805810373794,706.6079168136888,14.374526685099033,20.923733449577547,5.063381409200893
553.2346189294034,67.322794806959,38.6498451398357,8.631768112436765,6.528479652507106,642.2824834919521,71.96370382825802,45.65064439956609,7.632586788903573,10.670962344375441,15.880608196383728
20.044086250927112,671.2237574707193,638.2339979977775,16.752664083382157,32.30172403069208,21.585977170520437,254.76610366038167,643.2071540974209,15.639152460545976,16.086838163973802,7.437485034708214
233.69607599771768,861.1655352077084,998.4532643308396,13.014271443504109,3.702205860203483,268.58553079169116,798.5270823858671,999.1169342299667,10.838426770789518,18.088433048737688,16.33683884422643
35.859251806117115,89.32871507513363,11.974011874834869,1.7048493138165184,17.55310667475683,32.21698843983542,68.9703597705647,13.192783360471088,1.6470864227574435,21.68639956147763,13.437986106293387
175.7824632445486,42.864190735750796,371.18490280188087,3.9047230465997855,36.393012996669775,191.32422561625162,39.7448618297086,621.2739018599317,3.705208395401324,34.64666799221965,7.581055212491609
506.4327153680774,380.5523486342796,269.94524334303395,18.9613968767394,14.006922801224441,531.3747958103434,397.07732582396847,264.4710269357941,12.636041587483653,16.86542248199457,7.857318071310354
23.129301625616055,227.66934699854963,44.78531566476802,7.259511000071624,42.685893750362276,24.959018505633402,264.1240790845155,60.706482148714905,6.997301074346789,29.789197683741506,11.82150696183008
31.37388363010474,38.60838676480059,272.3752286146077,13.807979539495825,37.859844268691155,35.05800234058003,38.68090933396542,310.1123056932306,12.975021568396421,36.16999801983837,11.412990434461848
107.26039401110997,195.18365484877197,410.0535680300908,10.275462691671041,14.98107866480285,116.44976176814458,211.43065070429043,360.0758643746979,6.221794870096207,12.953657245687758,19.276739640003846
205.56631806454058,15.048675680063363,37.64604356305151,4.150602188270988,29.0487184754584,197.12929249454,13.898364869082787,46.77022952280374,4.435057656015366,27.416372680618935,8.250301706932877
987.3708982841682,45.74833795395039,909.1752960158387,14.157746369783421,13.428137610993563,1300.819822315141,88.92124416525768,779.4690430865845,13.972310206532784,23.875973700767243,27.788887900304417
698.3231621725515,235.91071149643523,23.95196323711893,5.235280890264787,9.418542379447024,752.7462295808181,155.46012956525368,29.445805576191972,5.339092061890518,10.620014829086562,13.540881493565182
35.442088622066024,238.72059744206095,18.272672817101423,16.656706776607322,43.57880562840818,37.84932231768464,360.7020091840576,29.553755394824407,18.7451899659405,25.310573676072142,6.658566448505973
59.34258748780024,19.034470860685044,46.04001514717287,2.4404138308043666,4.37512140917265,56.379043818332654,18.060885729148392,58.426638565084836,1.4141031647984466,9.276467828910775,21.253501064316122
124.7851306426566,49.03129461295935,493.62585460445837,18.106520018916278,34.815353455096584,125.36439466486952,42.35382526785338,440.4516766299595,17.678130850220732,31.756480485470487,7.265794029622185
54.076798112737485,157.16928487303326,580.448752105857,16.693048075755108,18.750241457613665,57.56047608253538,234.07073657471096,401.4076237559109,14.209860869705913,18.304087359463136,10.131687152243085
645.6981613743703,164.5553315623516,772.9958957917769,2.960059113568703,22.94791666543529,717.2243989303653,114.38662436622413,688.9071969008239,3.677223810533209,13.878345481800139,10.875316529644333
975.592138471735,53.277741975231145,149.84848358470106,1.369691443614101,45.348338505879326,1253.710463178574,41.72411646326502,152.87265801859178,1.5035021983590329,39.674289961678376,24.372936887230797
94.2409232091726,215.63980445410633,193.6074756111838,2.7494944182567176,22.428409460903165,90.85415169938143,250.8187369033132,210.0101685610732,2.9905288078175243,15.679154815064225,8.724100035507808
844.1255743334306,60.198074027034224,513.9602377924194,11.947326996028556,45.068083274966284,966.3449713276423,43.00853571378906,412.25272540798005,12.403376179906553,27.578993249796603,13.545992286847166
13.370624176800717,304.77404200022016,50.8341694209033,13.353566543656768,27.609902142590773,13.177584396857611,330.6781822838235,50.196261030064555,12.674023010123967,23.601743499907997,5.488496580429861
14.854717745600746,20.95949313365635,75.27227284791317,15.965789428989465,44.449229069277266,16.41050426226551,14.140889939065977,84.00764964822628,13.393355188612055,32.67568230478213,8.023173868873783
11.595828443250419,21.88935927796688,11.280371788746454,18.774676211303404,44.42911584014637,12.964626602455851,22.92287768380021,14.8052821750717,15.241803570728077,20.386245549194616,13.686295735254038
39.86534809460231,155.55424443556166,329.4333031346051,3.122244506708894,28.984879390747075,44.07179966580778,136.1592976685083,347.9260355057703,2.8405362213893666,29.3279696780642,9.871651718859116
147.82051860750028,84.50545526047725,14.276030698023968,11.293733999723,15.031404091115762,133.42202958867483,44.92706526110761,15.256032337275713,10.969882110718746,19.133676273214874,15.313846560282007
152.15003310152565,28.68094992008688,214.21194372397898,15.578563657970442,48.99016549335222,160.00768581182982,17.036000453247055,240.46406481986975,16.125535308838707,30.187182829172084,6.762159127036173
11.35669251932574,159.3186616545913,170.28072897453202,5.293737424930068,39.759295499302944,11.484513145750931,216.0886913593649,132.4144506477089,5.734422636469964,17.67331470794305,7.290418408608354
244.97307236175172,25.477983648534227,931.4117961282807,15.985823486770382,6.273154419011913,237.61453710234514,50.32232226870582,1181.0744974151974,15.713100993060069,14.632418579299939,4.201496641325096
45.87167183700203,13.334523416677808,608.5198529968362,8.883638280221067,13.041905679336692,49.46136064006574,15.733253976830758,620.6998254904232,7.9309798011129935,15.499314541239128,6.512456710813675
705.781635346386,21.946600775570545,13.207692670659998,16.742127366310722,15.83447661591233,833.6932493408066,76.88759958301745,14.117323977802478,13.002361439975374,17.725793623931654,13.771269824230048
163.38699395128054,392.09643365216994,614.1799886436959,16.047848543169987,34.75885026729316,176.84394268868215,344.11678825198015,526.7635089354211,15.61802373537494,13.480218807234223,8.907444573672736
23.956357529915635,306.4347428279896,479.05416485881534,19.20965819045657,21.467251232251055,23.244888805091286,98.30499343501927,447.944906245943,13.0691403593881,22.087416374826226,8.81874543018161
718.7249375084715,17.60679854374909,11.320969272610347,12.650574053636603,5.2500020401352945,780.0605616651395,102.77278488181078,12.90802674904758,10.018015263564852,7.812060920694053,14.123212563623758
750.1801936232193,51.93443692377098,19.565399699640547,15.386942656711502,49.83509303216285,766.3339292167312,52.58063488335996,25.816717639851824,16.83496583291184,39.72451385171658,11.568296364624207
818.3285714268537,139.83994432297297,128.48386202010695,1.6666121672722285,19.412995629555397,878.9783732764636,151.6163971610486,122.63082042907955,1.6620167549320328,21.836411868034467,10.439304905195309
809.4440995596672,100.0246224506783,671.6878735260109,19.140095834792685,19.277992530170746,967.4245778542776,145.40300554438556,597.2135462782269,18.951618921048592,27.485463173087044,16.21828763163379
579.1293554727557,45.79117405406974,23.912669398322482,7.718208149394658,48.54151304507653,620.6367509424042,55.757244545889904,28.408117422500442,8.687727390945005,38.94568611568421,21.755109398162627
16.188961222426347,294.4974959094981,76.42335183423572,16.49870555451128,17.15784003272697,16.272648511293482,330.92308472810265,46.559821297798386,16.489779204425343,24.108155683303135,4.211622007681048
14.504134728052037,213.00971038922626,339.8619718698278,9.510414510553758,11.014763403106071,14.94506156645354,103.17338606082383,452.88535954685835,8.02455031596636,22.47110568794593,6.193621729227866
872.2415750125226,64.69541504470119,36.463094062373145,9.081059401608988,4.502158608400125,973.6792391987642,75.40433740897198,44.60053445392487,9.172264455457963,12.820383781880667,22.090458286751197
138.69423154748236,29.688534439821918,787.8465237180812,9.4682609291587,32.11701926257855,140.79234478189613,27.4384351385273,653.3481025451397,10.027858404842748,26.51195121556374,4.877371499656627
28.27355935036793,50.85571449944244,10.141297098228145,10.102686617271265,8.160935222733793,31.01731789387257,31.629308645792122,9.793796350987572,12.986493308964087,10.139707458449772,9.260347773020488
20.265678479661364,11.33699396922539,221.79738252859065,8.014843586991041,20.282020495466355,20.480038458043694,10.549318354287855,283.12761746965805,7.350781197939935,19.168900552193247,6.4252775480499045
302.6036132847536,13.229735691438211,143.4750276226181,4.215884654338634,11.96969307038403,320.0159928198653,13.553621805935002,200.78939186625587,4.070724110794756,12.380603097949418,9.786495399573258
89.57790837299916,623.8739858953313,12.250931486544435,7.462676523231128,18.864698690658596,93.14457995511802,609.9706062485488,15.47217508598194,6.717422001325225,19.17531459414228,8.746691205491434
10.11085578728131,511.6444896146719,18.873019060572943,12.221248205568527,33.69142883345661,9.395654732166632,300.5045211813905,55.80841432085491,10.857350575030573,23.493035543013924,7.10178412698492
96.88043977482157,851.4948866342285,25.411304520036094,9.44457011531828,2.428559387833399,104.80231147547575,213.80077126714704,27.58217114193637,6.318566737126077,10.743923042194512,8.361110268732833
820.2442021098441,149.63857406094382,213.1521594571277,9.305432801796211,38.29379886766756,831.4481224369805,145.94777079830445,222.8708323516602,9.037735877344879,20.622340319147686,8.654934906704431
104.73863893841808,137.47021850177478,32.96428605928885,11.157433924090181,47.08947184931101,104.37349510285671,154.79423409471772,36.768511979363105,18.132284937646105,29.389047051603864,5.769950515207889
17.914389252989558,76.41227056413886,40.469451685734555,5.956944502441891,39.385594127781566,18.053218620966547,68.28021658751496,44.373078185275496,5.1989177213678985,33.91236362003197,4.5370405898657
424.54727214528896,339.16093972452757,40.26633842563225,13.35380365593351,28.882047025272982,471.2559244449122,287.96180073420555,43.33709053182688,13.955332740887158,35.352464552586845,8.665713543974832
85.31303949663076,26.937484626862776,262.51580645083334,6.933118765410326,31.713746688076085,93.2296064713558,22.425870431340332,452.96364617853317,7.7918430525979705,27.793091332403893,7.196383992358191
12.698483999392788,104.28872003495071,179.02617229470368,12.576466027239968,15.959347962806403,11.557395868593407,233.86617928206255,143.1957206674653,12.849258370022115,20.808890662256236,8.427329057725483
254.51992807491453,96.46104819075273,116.68694409054073,11.838421330962687,46.508726078975876,256.34837812186834,96.06263442589159,108.5998266939536,9.665216757301428,14.51994019590094,5.256839251707596
471.3256953695551,229.64826418818564,44.803937677048694,9.479343539108187,12.821496069014486,528.4629586406477,196.8110546089011,48.605522755619766,9.136002706001113,21.6546108737942,16.294412612945166
455.69534197620845,321.6652823937345,100.01319264065367,5.4358069629333015,40.92206017009229,476.52243683826663,312.3950819516747,103.25374749780475,4.908574473201508,42.964979167159534,5.134765098561437
469.69660778005107,87.57429683375028,15.72678493402068,6.7142692118503495,26.094469749658174,508.5009910731996,87.44489203229145,17.519093626265878,7.249380529832366,30.212676822907984,15.953582475825575
20.42065994771889,80.55732638899454,38.33471546064205,18.161250461790445,10.621074238272383,21.949639871598876,76.73650880281629,43.808063203083094,14.823741949047687,13.603762711730479,12.651064106475888
561.5729389414048,37.1626067771896,68.80429746835092,8.773114454680135,33.63208107529873,634.2603305305735,30.69897911651012,91.26206310246315,8.310741573246288,20.918261524328873,13.703453021008057
15.46040414362983,424.95109628860286,66.74289457458232,12.400475842465406,33.233198179943095,14.541090364771938,298.09820314707116,71.58742626039307,10.911346970921212,22.559331256289376,7.868957685273218
110.2860308921123,907.6746745960211,58.25301312392882,6.3721988623045025,3.6089661393065833,116.30774792754104,473.95474460473366,62.30436894710749,6.710241723660057,8.114336804570279,9.185830829882912
15.975584593840855,345.7209297995801,50.831517810653345,11.85696290074907,49.00307962165085,15.98343864565789,190.1038784176308,96.75244956280056,10.298604016729989,20.82352533552861,5.872997809768833
38.48453505755618,59.146181085670996,21.360452124100448,14.053306635542592,28.752191639734104,42.63538700662285,77.98883251598892,25.824743906972266,15.572583169936236,20.101304009898012,12.53171106951156
27.446273841372946,42.737868448457725,49.579010312143595,7.446877252853093,13.113141433320935,27.564568454222538,62.399950320418064,49.715638464348544,11.81385056004849,12.280181350031333,4.6219659631143
60.54490345162107,240.43123421950372,30.020869241006274,10.071139987977444,29.989132006557274,60.95144351506197,342.3709554487697,27.734848362641852,12.173771796921567,22.024139845771767,5.418400567726405
41.955152761151986,47.4361790682005,18.65498508271291,7.032366395102985,10.14117517539016,43.833031408758714,23.35458668825678,19.5090457163123,16.608452158729968,14.362357543958591,8.122843057536855
23.35988804746849,581.0452100262673,819.4014665464322,5.811097218962733,11.930380683251215,27.906914061553586,171.17721129857114,1147.4679050790853,5.04902547649218,15.580165240369176,16.099984075720904
12.41616497733449,188.73964468593655,42.57534727179089,18.383683111204906,40.89093054262317,13.122422124632887,209.0771336975756,57.09119050208964,15.718411523198458,19.85117995554429,9.962253959451514
27.27536784560113,15.223653467766184,25.035985303070664,5.707109474243983,7.332111164556941,33.27205810650753,16.710196106136998,27.89730796965048,5.6681772571957785,13.782676388137665,16.402825404534344
56.21716616242101,674.0991511394953,311.890934187289,14.657316748039545,27.170991215475752,61.365935091866305,350.1523432204408,366.35539563072587,11.062686691441943,18.785804949845563,14.184541184506525
40.75427019160507,305.01262185668475,111.26189064579691,12.31086004122204,23.12074266473793,41.089652896332915,342.9036455712053,86.0580495588644,11.825090124472776,29.76661492884325,5.7891117132196905
10.965725663366694,237.1542637350745,209.68701485754556,4.046695304308061,43.57880274667553,11.142639192522479,166.72715944727085,233.69830237490268,3.663820479556732,17.74440052522018,6.110002091943924
61.55693500522699,946.1920974328442,575.289571878024,16.591225103426854,13.040320624462275,59.28631082559041,355.8509502721646,531.8149849856507,14.363596647446562,19.54617590389466,6.278671727560512
453.77319852591273,109.38275103310204,16.104730592884547,5.151149686830711,19.489569357559066,497.5073602956958,106.93387945227053,16.288811719472324,4.620753604177275,21.615544027314748,8.50180152364405
15.63366210069097,79.90261689178378,12.197812862942168,1.0749732405166954,46.711949094785254,15.03763289590949,98.76875980744839,14.207224802800747,1.0508541716356095,57.97383685328366,26.304901012890447
25.24228514636211,40.45101069014682,353.235647682445,11.728411367068546,33.03218750279981,25.7913375424194,41.47487898198684,582.3082473690589,9.10642261932188,39.7303541692923,7.863758067063233
77.36551861867228,533.4875358892147,625.114833751926,19.118021938144125,6.812657462080658,80.62920257770485,159.37555225466542,573.0106629962471,9.379380504296538,13.367756450309571,15.760707928745607
56.108469736489745,101.89858497465691,305.7642182768102,15.764847653001908,36.640564481268896,55.228199794744995,77.92414087267882,234.6432962952392,12.201717817540658,26.061592039595386,5.2166425829055765
30.517030754901334,298.08281583068526,52.32304391598954,9.676645286777768,42.28413877814973,30.2076141079302,408.97433526184795,38.663174003663556,10.22431278324043,28.094622586230443,5.306919953567335
87.02279710355704,829.3698977095047,26.047489327943005,2.597120642772879,15.467411993399683,84.48675765488547,1070.6832947560363,28.54246460797856,2.7940807971541517,12.977247001551946,11.181582542725689
13.419207204545812,56.741665986729195,30.2920499221352,4.15146690163869,48.081446940588755,13.583529329016168,71.31210783059888,36.12934061273559,4.411787189807561,27.238210493041663,7.691930453043064
469.34805694198815,206.45421291071318,10.119682019460523,2.317228743762093,2.8573973942833177,434.2937537632105,11.863406600870396,11.503828641172186,3.448509718180937,21.018940085714462,13.14786934071048
106.59115483272282,263.7226653556955,15.922149721902734,14.333537121512354,36.28176199969807,115.86587173886623,354.8857162861128,17.92463309550983,14.521494191686823,29.40466487637413,11.440273564617877
10.59086225611417,73.80252686120643,260.23267151646417,16.225629697016842,31.006750582348225,11.540288511714268,94.16138732998465,294.93517608080566,13.25887135910533,20.65148261288413,26.03353407615532
78.79380077790732,13.38947289095843,140.93615728792028,8.079914472178306,35.18245950969573,82.7660146630035,13.668013279998116,252.07612203548484,8.136886887865748,39.60087816321674,5.525077767135698
15.264972707747866,457.06008700717507,25.60809541362181,18.93500458096973,9.46619839698886,15.286695942430587,235.8304370504226,19.475816075007966,16.767246560387566,18.80286108438041,6.1152826100032875
545.4205868357108,25.764238673144995,11.450169365611455,12.5738466452139,49.101547266898216,612.1748125271695,53.309161352588184,15.004826576318294,12.595487088033014,24.43958199472847,18.37618184011346
197.265699738848,49.20124039145782,70.74482658338408,6.700440651661589,47.13702005245077,198.0029396723219,46.328545496636025,69.1732753012663,6.279636427033274,24.542019227842662,6.997635098052579
858.5568191806,407.62934074079345,242.83619517199259,16.97920219357723,38.74133464936424,883.1732603408639,492.8309248805608,226.55522323365045,13.586740423064413,33.87056171381707,7.693929430339343
185.97019412150323,640.7624353654397,821.4606352315944,5.465516867703136,12.104905250951868,212.2569487888262,756.4002711803851,839.8930904190196,5.061568288513048,16.483949077212202,14.482251824318858
94.29634151984541,39.78494824892381,30.900663129223325,19.822654243533204,20.475489481833577,97.05065211302905,39.65142959658645,43.22116725432385,17.144632913180466,17.93622955718669,11.274001998799662
14.347916948846539,104.64786697672318,28.655235458678533,1.4331450298498063,13.598618370941924,15.73771938509649,131.1671589834266,31.5718527610907,1.5165591137429117,19.025246015393726,23.795418482540782
24.497691100456432,129.48308039065282,32.5253398448169,12.782412881082292,2.304497261258211,23.96996308783302,55.059437127639804,35.785417331537154,11.160934888560698,12.569196720018356,7.23432241460429
55.8088039525922,141.97199560639675,98.24850954421255,10.630106317018907,20.91163224711848,59.69979632921919,162.13729107349073,92.6003899012057,10.739697406726318,12.12848016980588,6.809987675502134
106.5009763432648,131.8354082335943,175.84752724339546,19.674176062166243,23.564238077998954,106.19200288621799,102.39367614152535,186.31385133296234,14.989792861818582,25.119057370494986,4.76895805426834
95.87659641764833,307.53360083229916,346.739025763743,8.3337211645256,36.85086875873604,95.77035810035889,229.49227495177118,346.2272030403936,7.1158287801088855,19.903922266476588,5.077129557594392
308.6837105674568,10.34710375258358,538.7807289265392,8.533482747149082,37.118612217146186,384.1450501164335,10.536542469535561,403.17582228712166,9.278989580999601,29.26554931951011,31.241362512594716
15.794181498315437,94.00258914772284,18.001386566967764,4.916380745333933,30.170858846400886,16.111188177998788,139.27584612241753,19.65761466608798,4.971403415394751,20.205831596946332,7.177919948316632
491.8489852663306,110.96649069386444,11.506088627057075,10.805943329887343,12.280747858642634,518.6753280051369,112.77000919547898,13.131244895191424,9.65740466703009,12.254623044581075,9.129806538813712
27.20164698594478,11.179875046549183,29.08180674859856,5.455960933240802,28.47349232803361,26.83666743463853,11.401465643350303,35.78607902365848,4.577917142579265,33.66197411050431,6.294597566790487
45.381114366224715,10.722628864849568,171.0727251029097,9.996335972541909,19.917567146563005,49.21137502885069,13.556839334267618,348.408249795297,8.915099816870647,31.47368933843447,5.770105451793719
198.88920845889373,71.86946906955076,13.973208362734395,6.728670860083578,5.62168223257021,188.6893472294179,25.59869854056662,14.296946039362666,8.195373100209547,12.699740308072105,7.720100064615498
57.51190307114961,56.097025151839134,333.7445353660607,13.726757301047508,23.081680595590345,64.05733921811755,53.592398384847584,619.1131829881526,13.107392309252413,31.870281080861727,11.471710967934335
182.04569694102844,13.305952475072827,73.6676187555041,10.385694378166313,19.218663194103623,210.29827236098077,22.621127258834438,107.14413810596743,10.320188910579933,37.712656633081345,14.945849789144084
24.363323347799728,21.50008802244051,206.3653111142707,4.524447638820792,31.85871595144687,24.346893156038263,22.71253844405863,407.20138311475506,11.777671323750457,26.554415593315408,7.737486024898043
567.0415884986213,58.75818793289915,22.81589496274354,12.551864828808903,11.86223965199409,577.4453040479872,82.73057272210225,23.126805924907607,11.255620712798414,10.605079819388674,5.618610902173675
13.883965437398079,52.277284058772345,30.625943771418306,8.744146994476925,43.29364063723929,13.94462600438949,54.51089391683585,30.99151931929311,8.278689982642552,26.366781375461148,6.637861394882491
104.71176464495784,859.3817818550816,11.814819821052122,2.0356949028274043,22.51339929196058,101.35614053171848,807.4283917956267,10.643759114997904,1.9926390411889199,26.76938068507548,13.49287120610959
345.250184171483,39.75745949487773,962.7387650651916,17.111873785891106,44.58238473631707,388.64081376714927,23.185794214661374,765.8129036177072,17.826091902623258,26.625872587787363,11.865451146405288
24.938966650551606,247.5788974873744,72.45449495495431,12.64885079057171,7.644831224574097,26.43351244995897,132.69339777302525,67.77229847759443,10.038201504423686,14.228523022286288,11.368005573416758
60.00593720492015,30.721694244213605,193.95238850695563,14.56565205843446,25.179484024462212,69.818700959765,27.074538271062202,275.2525864831042,15.021392145985432,22.796890463968516,12.856821518000002
67.13003052248517,221.0158566487912,191.8913712963427,6.690607920221352,44.3206514866754,62.253694401571025,182.48242455021918,228.34853569767014,5.9903849340102076,12.679873968272574,6.929228918600884
17.89343051662957,34.8741341127444,357.231851032725,4.2009583810330575,2.6973198277445167,18.475360640295296,169.97001126573142,347.9387786028688,3.937013672128058,17.47117244250221,15.534650409824003
54.76823651845327,25.003103112371317,20.51149880047496,18.89228268995992,35.29448894735784,56.549162301240955,30.034836946269344,23.35013872520662,14.829259319694227,15.301868366972288,4.57361504755871
184.64739186162663,75.38572051255487,28.402839750957305,2.497196204071892,49.421258567550375,208.70426484423956,70.28854881077784,35.01475480647356,1.9853008670116312,49.64593944411572,9.36340385577035
567.244862485817,299.8717574985535,356.73154885177587,7.024710311858889,21.111396791754018,613.9972862543084,315.863836408852,359.48670640758513,6.810474322729537,17.40729907917694,7.864750604004514
104.57318458787454,320.47444754238825,48.09664899782016,13.25033452848678,45.05893221298937,110.92983507943157,391.7950612913363,59.81919880123734,13.653833427692064,33.27971811182234,8.887078610355259
345.08643223618316,10.317924094320205,116.33264848634705,2.0748932914391656,44.77403366968888,345.07277969997904,9.00710919116387,213.04839312387253,1.8297017492635834,48.82217465677773,16.33544227907788
163.1052399476764,93.77368231090294,98.87004273581637,3.9034262493370613,40.97081712672077,176.09839072525696,66.20577250808347,107.30671551120784,3.966785723515521,18.699590072910397,10.51963047365942
23.753818502034875,40.76753732384933,22.23633831406952,8.674882354578932,2.1505707379598284,24.236149504698027,32.419179423062985,27.992524195405046,5.572236289725858,18.509428341603087,20.002922418396828
29.335816455136612,122.16683611231677,15.331398822264799,12.82099859705769,17.544952550458476,31.294385327428785,172.64988848176603,14.254598243643349,12.862875561585389,12.281684802918516,7.66476928961888
268.9811727525606,28.30689814337922,11.190411774386087,8.80793024913234,8.126890216547642,258.0760207088906,26.63695804464086,11.815491114061384,8.25972224314955,13.288740441645338,8.069009180861423
176.90059135921902,12.42650826552017,57.131899528249875,12.64417431164812,33.52067147614767,177.6802939617352,14.698874496751197,64.02161234931299,12.537256202989765,49.552956431221816,5.175114090652214
533.82371495631,130.29292283375474,13.271584240263495,6.049794770280798,40.53947491583569,547.137079695951,113.73404152090868,16.799136801550848,6.068034824813012,41.88485083548997,9.578031017459965
428.1245919985192,12.493928887404664,20.106162000584682,16.300407477166033,3.384721000807609,467.57751490834454,64.08597990220524,23.785983306792847,13.748379233395383,11.102631693008025,11.131474846142222
56.26418475414999,361.56647629423946,769.9291915130462,2.346644562750636,13.298791618185554,55.02996167737876,327.3369514622496,824.2580975081399,2.4892687461260583,19.0283626237336,9.198529226404068
28.94335416729129,22.1053588758085,101.21378796923055,13.595861304472239,43.761903042948816,30.913009992072435,18.753832850888898,84.04816861192596,15.017793477288434,37.23684235816934,8.21233576497042
30.922598913938167,954.829849806253,16.933572952729588,19.377340975734473,8.882073243689787,30.887477474406257,391.7811766666494,18.193584080605426,17.11766290427305,20.829238384964423,5.536497470120095
48.31435556801233,12.517155680727983,533.0958607725094,13.832488423915596,47.85033591035081,45.80233147932967,10.871280682699581,147.7117779884227,13.744060612691754,36.37057609719702,6.255918932699083
206.34097312730026,470.65643708401245,445.9816696629159,10.457044477075819,5.562480275830096,220.22369509850475,355.7058411830974,452.96076229781363,7.327682054503615,17.387732528155645,6.04120830192907
643.2531312667672,28.281054318831185,10.899095602086684,15.087358651244768,40.67774984465658,754.031152271904,37.52074964053298,15.491704316199147,15.787135571328678,38.692822699209266,26.836199544655003
233.02191797614853,20.381420935362364,49.6976201236961,3.335003354565937,28.61046788924022,246.50328793956075,21.906875017549787,67.77239108403118,3.173263035767353,39.9554977414591,6.4553450700866755
57.38964341703651,45.58369252959849,39.670992302682684,17.737938543869436,28.765297987307548,58.985835175714925,63.74804935271164,41.046847668168766,9.896681468423749,30.583298972581517,10.336043624027258
395.5005869986777,977.0287302516442,174.21887864351385,5.813093944125561,23.739910364012005,437.3197513867797,940.0747802605066,163.2852640752014,5.284895756875941,28.972255408841036,8.147081909237533
244.99257492621092,14.453053998667787,16.700357414780214,9.756825128030542,16.527845516412683,232.9234688519042,28.998394573750353,16.505831753340573,8.169964925845742,13.908361740528564,9.63251814573374
43.380194216579895,13.678610963050138,31.251299090601574,1.6864374511538984,45.668288497165456,40.23538633422968,12.294713921839428,39.95418821766436,1.5296168988106644,38.95432191051892,12.562093592204029
147.09602376571686,45.952717506736604,32.56504673934246,2.6093865812173007,28.878206237172844,151.96854656930788,47.7076915658932,31.61886119073766,2.823853405973235,27.138885575203794,7.201292075328386
18.962790346071515,287.41510428093653,41.41555758649775,13.407426401939993,16.698646450613875,18.789114413101753,195.4223837465009,50.13387963543562,12.06224595039951,20.994569991624697,4.999976084568499
86.8302729899401,692.2272188609238,22.84790316492083,9.512344150080128,16.096528197006588,90.02852324446293,522.1416754017416,23.690551910786773,8.633597578283425,18.458586812747054,7.698361587986621
89.44935434177022,617.4160571667798,380.3273856958487,4.755010745611017,19.85981736450928,90.72034425688196,481.28290684325844,416.839865202615,4.6150976436137015,18.44900994575626,5.06892345883824
243.4398130691696,51.49306322355075,112.03689904245998,10.321400446824596,7.177609070850327,252.94250902103923,87.33941041415446,123.08485648785181,6.938479607878869,18.856813829240046,6.467233999459077
28.07569353988668,43.60032897850924,12.26745898190258,4.562589611497391,39.62523467006824,29.219719833454917,43.7164503974015,12.213105046292773,4.397994914461826,43.483819556248186,7.383983059911474
10.178952065178912,12.93376234551907,315.50677810109033,15.18721404729479,46.661520276190664,11.97495268042361,11.592785309121009,197.97655573589736,13.428483606430971,40.921569861107244,13.949567934178914
215.3242596519944,10.448310332193842,374.9790828788124,10.987409223735652,25.50714579241544,230.50923491635942,14.655096074608961,545.5990172707641,10.663295029968678,35.15648314170681,8.827218458398447
629.7366809318665,14.854497801160718,309.4542080585417,12.191312194658153,21.49104277146062,658.4509148775904,24.621163384985955,248.52086952508563,10.087932448554021,32.060882537703264,11.981201923402212
303.37197480995536,277.2791176358358,22.413341710441134,3.6132532021313013,37.937409346463504,324.7542465418732,231.98832476127407,23.271026846283917,7.635353669481697,34.24706839948191,11.880827792937632
42.76186848979029,61.342354466779845,23.900502854968167,13.011624860703375,37.55364203872771,44.98868563673184,67.0824365745471,23.647322507471582,14.45918105753111,34.44507337185981,7.754657120294282
216.3960299092135,73.45029213364882,306.0394607823826,8.298619792818547,40.52597668868576,228.29296611972768,64.88376497630234,243.66610848230513,8.802214816661222,32.61128858476254,6.221517445906017
136.6193559584118,18.84137940630574,134.32091384855246,2.1703061573694344,22.682475075720934,129.3417295756916,13.641936505412692,117.63730847535588,2.47131987883844,16.796733355565788,10.212167516403774
180.21967483468356,83.87233589930369,323.23333248464405,13.029741310349578,2.2011188785184004,203.87274720950094,223.33717822500518,325.4903508727746,12.868116776698713,14.257843314610282,11.135048199035094
40.2182994040212,36.2881316586789,51.34846363266724,9.425989185961882,9.77518616627132,38.54674952591879,38.46970338173458,55.141089327399676,11.969982501283312,17.42239102788896,4.87384572387102
193.9186119041353,749.9574758749089,36.70191030045437,16.508470502124784,5.9575495956310025,204.66303940208843,410.75010137978654,39.38083398348743,10.390803910192112,13.612523408226458,9.256883365460403
44.11056955579441,12.690655261903437,14.670397080732226,9.693970254194271,3.9191360997942617,45.51900385522742,16.212306631909925,17.842602610980055,7.740738941985961,12.97613853247815,10.144466962573821
72.91043786453756,300.73529678993566,24.38793077801908,17.61098563487517,14.253249059922158,73.45850089072319,234.09006238088406,21.215162645331947,17.169901195904277,19.28847755207501,5.712238717266778
10.143893478386314,30.249402533477976,529.0885140156524,13.5212163539217,43.67599097704362,12.278181485933668,45.49984637739756,312.4536704765882,15.200113154152787,35.38457611905013,21.959222432079404
111.41241116925089,178.51987527923268,51.93538445142286,2.304881725434231,43.09559179962408,111.250347884802,163.05293290196613,50.5948478631361,2.7424881740581637,45.69904662552575,6.853123174813561
196.02328224504896,902.8394005077591,10.57044304832383,15.459851921193302,30.50118749047073,209.46388965026364,898.7465524122857,20.376920804192444,15.792746122398952,30.421589251037208,6.351178725671571
84.70512882753172,16.541746359799284,12.809197875875777,8.670301737594812,21.981005008453305,87.25646555423738,25.893579437374555,15.418042796829633,6.735928813962799,10.506587505376206,9.633432407313222
143.63281304581113,369.1313048595485,123.83327656373362,11.219275789073642,15.584414161925155,152.32071805853067,250.44852868649033,115.80101430808517,5.466924034189493,35.24786393540387,8.676841712486317
70.00852761785474,18.31621827563988,318.7008628199031,1.3664077397436576,14.108311304041994,75.77017352666861,12.276382272045351,335.83790844182084,1.703577911699259,10.389664130395309,14.672694180266758
13.93962607265134,13.519028055723341,181.6264642876533,7.928225007941071,10.371570830348016,14.700015696445686,82.70699155751265,277.4269571728521,12.716640602224807,22.103637631580632,22.273579129628622
11.33148755490042,250.23365267260553,23.259209969682978,9.489656956642316,28.954451900436872,10.518787428674438,309.6752297087148,17.265221326745376,8.594383842438331,21.884878025776477,5.368724807764557
15.630138540356562,26.814002013293692,149.00327811177613,3.393247371637332,6.8296541726490405,15.996814112135638,101.56371948530175,140.55795940265165,6.062669376031899,15.841376790302414,6.27275306970621
22.924369747797517,160.4886282204265,117.7612993984901,14.696678499930854,7.63887327320124,23.809344226528097,134.279289189427,102.64174692205717,13.155177193441808,15.579060349933547,7.327050644005734
96.68168886767117,110.51993302703663,30.32678123825208,4.126303576453724,21.766499245218533,91.65553647898741,137.34761207103145,34.46662057519575,9.655499563090878,9.231900534100069,8.761039298817403
23.895535506522176,14.033137396357997,983.4067937391729,9.648916170736916,41.91432302978733,26.591374179764756,12.029931362924115,470.24625134495153,11.164826870733021,33.331162442804,11.420818530452586
251.42618977232974,154.21026592111238,340.7580287095875,10.116572516447892,27.64554269822563,287.74808083530456,89.74019401801974,399.7680813509695,10.824615766063392,18.974697844782895,10.912683493863954
48.294142644848336,20.221649508768056,672.8064192935947,10.245072142668041,35.620872210514804,50.77508410122075,16.605488579314976,776.9709764642421,12.327059491936248,29.614446222434353,5.680551309101773
548.9218534947998,56.41517480072761,394.55168521581385,9.870221581263003,36.20482680099871,606.2110069470831,66.0178648068287,387.9662491994276,8.559463113865098,46.62461710354382,8.51448102255003
147.11438294019592,12.227152014136777,27.573716290188774,9.525518745270766,22.650645749342864,165.3544335540725,14.210857085472135,30.617230742245443,10.055625546867425,32.16645949788532,13.515933974390618
52.05605691021876,10.313446482319405,51.31199577735323,6.88695847553085,35.25227046410624,47.51718286411648,10.107170085193268,60.35631207538206,6.026443018477157,39.57899923194568,10.962963881695147
632.8310590657975,36.38463766663246,559.5362879448242,6.092932640042188,21.025390782752613,733.4240541634802,32.52312802426799,949.3693534017082,5.897903989391919,20.2827231613034,12.130260006210857
326.88922139164083,487.26323819994286,141.13808815698243,13.476645610994709,49.038173873996506,359.68795971819367,604.1999096529754,154.19987245813613,15.671321882606975,39.33346130394586,11.388771889645701
149.2845285804793,54.28196966092188,10.879402899687078,15.8729427471607,36.43719516144294,158.74940099284743,58.53626262650219,14.743842387828252,12.629807886227708,31.76006131110218,7.050630702140244
920.7171456255974,361.59865871681825,346.9122967476948,10.589973493755664,45.099807353520355,944.438366015398,341.9201496774786,331.4437072319675,9.164561650916339,17.34844068908742,6.555255953083138
397.6419366131169,397.70372666578913,143.11985912061343,2.184756313609735,30.15975927167396,453.3704680958629,287.5253456441283,141.82078528541976,12.198469329286828,27.31400327423245,10.99209238486217
557.5817711379881,109.6607825033673,565.2363422192334,3.938820734418951,44.17311964940346,615.6634020667389,105.92821376897994,608.2678853972669,3.786623544781855,38.9479495880489,8.217259568859577
51.10017997795386,44.96577557825242,937.7471667407709,11.371355591564162,37.20915124949093,59.51809646651993,46.05664119151193,767.570955084235,14.724778741204625,34.01296916950006,15.68889780035701
170.85861911573798,242.06087848470446,35.68421770259296,4.814296712212528,23.933658933161613,183.4610646127525,289.29786942400233,35.18606981692536,6.269702299984161,17.2549182065206,8.521894763547616
23.207023189150018,105.84883716863813,46.24015931113781,9.217866092278497,40.313455342425605,22.449292132417302,141.42943429382473,52.89201515869978,9.105904785007294,28.174369677936863,6.328920147032306
11.999328126169802,353.86669350370977,59.250616117369674,17.512425245076717,44.187001084795185,11.929782098669014,159.43391127424118,156.06539677498887,15.043188415914749,17.849107025104434,5.908642847118075
35.45772494927709,535.2080369932527,869.3015649771511,8.699789330489866,8.460138786813216,35.020578607436306,272.7647426929293,807.9173439587615,7.56762219070291,13.055529253760648,5.450793840877444
10.378909742458928,644.4669456011687,15.004967276890614,5.790426289231966,39.7416086858299,11.657627176823903,494.59491642924746,36.97905908218773,6.356833077762326,38.82788711440239,8.989748311301907
467.60899514822,737.0295867217844,53.09049541464022,13.27083267757233,18.097463683952377,543.8689842689752,693.2993827036521,57.11113997336888,8.677912529982562,22.182210905313845,14.340002533163448
488.34170807401637,195.96869962697193,40.02624791300864,5.1911250373148885,29.274625986292435,574.871849833276,173.5731893783566,41.86330683178104,5.1578712169892675,32.15631249205652,10.319065736551329
25.61827888585081,14.768237219113399,69.25655901369278,12.744387827509033,9.107036310812031,28.01340416578943,18.836419251045143,77.55399652101212,10.160088506377635,13.168839088237146,9.808696536410883
153.5217287694778,123.04208688108127,18.031704223028854,13.3394528705533,18.931862154447387,145.45888526141775,81.25192983949395,16.896001338414443,16.234540420102928,25.543520644035695,7.448231414585643
36.01674616454401,44.88704328329051,802.8813481390745,4.221218838370022,2.355208422883381,39.53646964774311,395.29650893178916,699.488861884917,5.005885845688582,15.002117365858917,11.740830231922706
618.797181125586,224.0355261836605,73.99520991932505,10.817190576711976,3.8528770256506992,709.132289820453,134.50051010337796,84.03411988656804,10.23161857447046,12.517616338996563,17.10120711573417
141.0133887931526,460.7351191046462,185.38215077306683,15.607906174997064,37.0789568222837,148.99777699146605,490.6196815757149,178.64209793164437,14.500245726886433,23.277444184344336,7.706331830028461
942.9531457475022,354.7423107133839,179.16985506817844,9.536353240689596,41.050990414786284,982.5897585392709,416.5999552908599,216.8296489982834,7.725377467517783,35.034397728241856,7.162891487061845
64.11265228085668,27.993938346512532,10.383340621990364,1.5339502003681829,10.464462293705589,62.450431916696914,26.82864778031443,9.608724606563431,1.5568817617168305,10.0213030234161,7.41404974823764
23.518493591061105,46.54187768360469,286.47330063439404,1.478632898784362,10.995028238485235,26.66523724099485,72.46057844040125,452.35934981283486,2.594059341247485,27.075438124424522,7.4417627017673444
84.33603381642143,99.66030179416038,175.0465984361804,9.249982377845662,43.61968293074306,76.27620767803262,90.07683218643741,166.87280094935747,6.693823656277118,31.47787987869633,8.465463111434667
28.98839954983715,475.04936777117933,13.386806407881902,8.907002263459265,38.84097849097936,30.746539676409547,447.8479707600736,24.349788273520417,8.470969886645545,31.467743193395172,7.276238949025175
136.21305422726755,98.4277673565006,416.7474464324724,13.946081626139595,15.347553906561107,141.20190869743598,112.52525149495119,606.578297874997,14.14991810679809,21.93887061461656,6.1030442667325975
29.45911889777841,27.727017697399027,54.38130501750709,11.216273622731041,18.165282394329168,32.227496685071024,24.401639787781818,63.108021162852744,13.233040411014656,21.006331848200094,6.81491334951833
57.240269729220515,831.6492493117639,185.7043878187988,5.901555199833167,7.066020973581245,56.73338222831407,388.45112943224945,186.63688828369305,5.040136110889356,17.372016837994522,3.838786379394996
256.9716970511029,199.62688313691493,165.25632089878565,11.486437411557139,13.603028418765392,291.67256689884726,185.39735495151365,166.59893920610497,12.016808239812619,13.772073913048912,10.448509933134686
174.33110603349846,21.57572984600788,55.02581889408751,10.300593464257568,32.93896235553665,196.49520950891466,24.365937452348195,69.52705232437101,10.48986769020996,35.9986665208923,13.496150811688166
10.06235974040512,25.78123913912086,11.270714552753955,1.6660337277797574,29.552520070092477,11.185785334248141,31.134810247031957,14.169434122266287,1.0202669979771937,34.3570278221239,32.404347612587664
23.53784816837605,51.05421831341376,380.95549965912033,19.222109910712682,29.547575071645497,25.06368893526451,50.28178956849295,388.3574301721918,15.629190798604403,32.34705567091244,9.260987664703789
127.43414691247966,275.4174657987084,88.49757585840149,2.2970916391100378,4.772301186836131,123.78271924739427,372.06933448268086,90.49236205381897,2.101910182966976,4.4884896287152625,11.862211671100084
27.899302923857615,276.76401236964784,757.3419223878266,9.763426380230051,38.407794953016314,26.46431849910408,105.91557443053378,511.4136679462666,5.840859577844655,14.38624589105334,11.065685634252382
68.21348165987042,32.299920967994886,121.10866539707206,18.201501178038043,9.8426462676054,72.16338043810157,59.63720451997217,139.11401462539314,14.909368272185604,33.6327042769283,5.874601708641762
70.35328087006798,45.59470145856247,109.96033435338664,6.5270017533898805,17.944626399358775,71.72876163686688,34.14284814854995,113.88692897362229,7.369108129124236,11.817265445330122,6.398022088078868
40.2862212074067,305.3218013762062,25.22736682355398,19.577659069991828,34.999244584644714,39.11869142714018,341.417854150986,28.41720974753831,19.76949324655759,28.600112207856032,3.3822136247632155
16.846225173262273,78.41877502947429,142.74410662747195,18.961484707914906,16.081113934276143,18.583935284496615,52.81917252686857,379.9174068717757,16.345887074650804,28.72616428533859,12.517035655243202
30.86552989240908,17.741903806008498,66.45296415440924,18.949670107205108,41.6919471562355,36.53369946477108,13.822710236124577,64.65872832569188,18.62223820782277,34.91345193771224,13.958745882789596
65.04189947036905,304.2462965201215,236.81385390840177,3.6241796382067224,29.9914675633319,68.5384198292576,361.0402009551839,260.31782116559526,4.054839570769343,17.099134415585823,6.0037349811627765
18.38309679617872,11.753634663794989,276.7634511864292,17.106595527811514,26.694720390282868,18.897746975621725,14.436034565866438,402.3207022887527,14.716506369852127,37.446115078068885,5.795942664292996
925.2460802174868,306.9623946087422,412.18857031136025,3.1685426413944455,14.973495538845642,991.7110074770812,276.36448378090137,370.29860361144944,3.304124585223922,13.256986794942575,7.26600187571072
90.40623456332237,14.46931308207466,23.986799274035615,12.69606935042774,31.606311000468743,99.9097297826829,12.517611235157084,27.263693922953163,13.584506610857382,26.850805080568293,10.465422442680584
230.73090212086603,54.369986918059524,360.216126613162,12.431273847303817,11.575386699994691,222.43613867985005,46.53508898946476,540.7933714239637,13.040303366570425,15.729841522359807,7.189484299740527
94.32479438403692,29.333203936607006,277.4992435881189,14.31750954233205,5.518209046133143,95.08229073181626,40.773560379221266,267.24607014204946,13.92819236267476,7.328478971504563,4.789867225990896
27.829377127560075,90.68057884014975,684.0602405697848,12.201370261199393,40.933515022897254,27.944436944026126,73.56083436287618,557.2629055336271,10.515762920760764,27.50561827975702,6.999016680460017
55.50102713441161,221.9886949030615,200.02768730044878,1.046346327700081,31.68673751843566,62.42057402149141,284.36325608590096,328.04790077935047,1.3134006568205028,28.115851300539425,26.68815209952265
157.52538691918218,125.90148241553703,41.05138335914355,16.407737712605645,11.885552980870596,179.14635753357385,82.35405736403669,42.36590372855886,16.11923493874982,25.401625909618243,10.370909716672859
64.59315472450297,784.8572220887054,54.06096491800587,7.23357565796764,38.98380903433639,68.99725199074135,745.0192829558837,59.40700341490195,6.721860055473469,41.14982255725703,8.079068865408955
18.92638735730948,64.76730988585352,263.40688734093175,17.935805141864318,35.66914436208537,20.73469249973946,39.68090213243282,245.24853269351567,16.565778852159134,16.500535285513944,10.640838965209108
10.315444205807083,24.631314515806526,41.220546932451825,3.6857521777709215,12.22545778094299,10.787275854194965,34.08114512203874,54.979668966332646,3.758122955583073,21.406829914810842,14.264184890553791
13.69387032919394,240.86494201133627,269.8866648885466,6.228107443920208,11.39118255139493,12.833845887247534,160.0824015037071,302.1882918520161,5.864610822876435,19.78937969684632,6.545643305793923
68.25038624054669,136.44262994216558,349.20735164556567,7.708939371868415,23.767693522604205,69.76011246041794,124.04002784144807,296.06562869260006,5.439958016057935,19.14524735163067,8.672682856570487
14.474323462507247,719.1635907983745,545.1537857686333,3.258415547354918,7.639021482603714,14.277523705898535,311.9660688340409,678.4155340994747,3.4654001237124796,14.24323946037809,6.988124309385125
11.924308115458896,306.1336370148362,11.698836513139357,12.483189375659862,31.61280660451576,10.776121227667,373.4792374811605,21.924748233429984,11.08834964626077,22.013776043569113,7.945819842057183
668.3641548250691,224.27606175160614,176.09640831962324,14.921094818745463,15.647785124449497,707.4311001722605,209.07462957502997,182.1283084251224,14.189944797328813,13.680227434031448,7.094393108868342
65.70073619968105,628.7278153460852,135.32060263073032,15.936940187062653,7.226241793825278,78.81890875808007,305.66337782327906,139.6819743051314,13.192134874880947,12.93370073903328,18.077059207088205
898.8012289424653,91.8825601293754,171.46374675237675,14.741856926707852,13.221510020649136,1181.797826514173,134.99376094521656,172.46785440354734,12.499375937717865,15.679399964576369,21.977693020411294
11.212955138960915,882.8786973641456,10.474730668667167,17.26646376211073,21.83512800459432,11.642386198322182,193.935932060658,104.88871183224063,14.937878975660654,19.63881598320771,7.7039521728802836
119.88638137121653,344.65793557376054,351.75938961089497,6.421516208136216,44.52134883534918,119.53539172804014,329.6574985886173,378.53708769411645,5.758850446504772,16.041630637522953,4.137176326083726
595.7525815039154,100.10811513609612,207.87025216333748,18.974451365732477,29.975147211690505,644.7384463317153,101.87147430041364,165.428634372019,17.398843716953163,14.116113857966461,7.087945387080313
272.78343536805073,73.09956833152002,456.7440243977062,16.743600378898346,10.946951338027903,293.52179866765476,97.99113719513035,427.21249233786926,15.431361735343144,15.15964173190737,7.1374997009476555
559.8726227613446,10.97517759413234,322.3869174074807,18.670042472211623,39.13587562304641,646.566738706733,14.198039267635254,135.5871966568689,17.976579146616135,36.3276058624016,16.064525151690535
50.57782972430136,103.57014754001041,39.88851366630806,12.614704840037314,2.380329601911088,56.73825591910728,57.26189616269113,44.99253078053325,12.942009490730106,10.62948070326184,11.35856141701919
397.18654153622924,744.2125123428864,43.866000464498185,1.064359192416011,10.719828770520039,463.2454289417268,290.5774320073154,60.20526521921896,4.697408583995923,12.811304101059497,30.220597043949905
45.50566232137491,75.20035561925268,63.083919501822834,11.204591554275886,22.410504587313053,46.95508918046265,83.31009054941514,68.7555484986222,12.14296357158437,15.741484758961393,6.804063648877992
295.89626199776035,282.9829209932001,14.31672176343232,4.99510931923446,35.70548920562809,270.38450165271433,214.90020815273323,16.726130193185732,13.317453068062525,27.854907465855145,11.756930876310522
145.03874846873526,20.944599333835107,507.1901320846675,14.721479803910004,15.455858070969382,149.0578660686234,23.932274157788473,667.7617395932114,14.18390918594386,19.852446000361844,5.985524951721819
382.53230469836785,287.29695207971145,71.16544846410987,11.121331556909636,11.782642760461941,445.2248920083812,188.66675592057769,70.00489049793701,11.79630492925678,23.210481165153652,11.911674701089666
37.20483040351524,24.932336048293607,11.090514122884617,13.662889427490326,28.160724010479854,38.18914878518365,22.6879518096222,12.836306369558729,14.874193316381206,28.89620422051821,5.783139172055325
299.7459415211299,197.4316637906593,927.4082640397933,9.64016104449689,13.007190334063372,313.67594489228077,163.44483242619148,946.1240404420748,12.395327007157167,8.598283677528633,7.374926338184013
43.50202457965712,57.04088702046537,463.08769795708184,15.801802231915584,47.622181844671104,45.26680928331473,51.46863980371145,330.62122082225886,13.636528900251069,37.531169264898125,6.060344635651948
397.6686278606645,520.5966532118093,271.78456243736235,16.29718084498665,6.726671091183071,457.49713135573893,354.2570920033466,262.7043398813878,11.976003023158057,15.115529484336628,11.8615891531235
286.2553097477276,26.00372084887967,260.66793010960475,2.7485884639548,40.97476869315042,302.4739146196908,27.022725726626778,309.8017527250033,2.534879285910566,45.94153821226658,6.338228544057638
44.36093095401436,300.4998664998401,136.90411302671376,8.715046041177255,42.53487747824027,44.871057528033106,413.7068749060911,147.4156112997864,9.352798690872861,23.25661517198978,5.386380121709763
52.31285004923568,352.02197496878625,16.30463977360529,17.942243880090142,27.771787550640887,49.383799265615394,326.2703583565814,25.77479984057321,17.055008937019757,21.394188195700547,9.222683689187136
15.426193131604867,713.8831291520702,135.11687176094563,6.159092647471402,45.14521359144771,16.887796044101613,654.3754146784753,85.7582270446723,6.780609079469331,40.73386383912995,8.629743419913606
142.5919332840584,62.989208831692885,464.50096160373,14.269630318174201,3.091590245080301,164.21075304524365,154.4583788863033,430.5598933335607,8.891944943994982,10.824363908710296,16.76679767505762
14.110531598306515,10.07694547356766,718.8278753016308,10.006797218121715,35.22145030111507,13.669658108400787,10.304682471584291,297.55396713810364,9.434954438293571,31.430055749168677,6.967704421921578
11.125547697955128,132.21952955934404,68.32798174011864,8.606108958711257,9.225932294036324,11.910460500838273,94.3147008571058,56.242068888789646,8.14190852210062,23.084716403394264,7.90938639507717
17.898291282514943,404.6784897363233,38.5795823676238,13.235931258514123,2.1767095105645584,19.146689669841845,92.58216288383801,34.67926706916809,10.914067225545208,12.709601584642712,11.56639778530051
154.7781589185106,13.011359684818926,477.9487520317916,17.17983387889749,25.26866547281893,161.7686519378271,15.246254902125518,488.58189341645635,15.937677197133906,31.079854612956094,7.228519127011207
495.7204620012437,421.51075755152294,499.5055236596667,6.415060981944219,9.891698374123452,591.0531066053913,359.75898761620505,523.6111712255954,10.276620211363563,13.227721248044498,14.190523594176451
126.41493225269654,22.620613674837355,21.07339404144826,2.2444259853737423,40.03016936874805,125.67042426116976,20.73726348166202,20.83507492304448,1.9913213242745773,16.96109793323717,10.978765020371576
59.89896812529856,12.591002499165317,109.89456046133296,18.236464061469853,19.735441734251175,71.42758505155781,14.207372401035485,227.50308514323285,18.075148572762494,25.18436819712386,19.037868331326486
62.44207082341413,907.6283926559818,28.83972323191866,19.871660550446457,2.1251327225340013,62.39216344551189,178.66687764332423,30.079200900130957,14.999001417135295,11.611030429533741,3.320703652886122
361.7388402551653,102.85420970646132,28.434088917223235,13.166322381212733,25.71770998397992,382.9373696699005,104.86399916917779,35.21812908389035,12.451061749152602,29.834742823877562,10.307278760375146
80.46476673571769,47.351056790051864,165.26535178980208,2.062769016101071,36.81353161170695,80.39263815880386,44.178376171120384,151.18782112244102,2.076454499277699,36.462295108613844,7.372781095186438
210.01184170569962,27.31521337696571,29.291709607826345,14.964798667193662,18.819491683632055,233.8617377499441,18.622048985668915,35.09954313118159,17.184946458659393,24.791797446919357,13.23428524648857
26.362474917736265,170.03102609543416,14.250058952044752,11.971391206447953,8.044193671348994,27.80019618704894,59.62724416764339,12.666089030211896,7.850695539634731,28.196098284765274,10.098805767061107
49.461430752365196,129.68710849622795,364.9614901257606,10.483469615533458,47.95590668475937,50.25442125391224,91.96802013584733,280.6299243658272,7.60722719937523,37.91671599598603,6.8428573603904805
15.768444216074213,12.913543504677227,40.367255703540565,5.235836371065268,47.9928571110065,16.609318066396305,10.227100536559155,39.936418076688796,7.743067151009179,32.33230543812303,5.735241670737875
17.844622752020438,110.52322331834492,151.6635601634258,10.9114491098442,28.12899076023652,18.52524323445272,58.56068433928434,164.5511920039498,8.178212930035581,20.459546383566085,6.794115103255534
112.86297475474605,37.806827289201756,29.797985502920888,2.085003581466078,46.214650854338124,111.80174465786348,35.03155772845736,30.920239909344854,1.786875504372763,15.003845339225327,10.84487274005929
51.40121693570786,29.86856847213378,456.10704997309244,15.53998780072816,25.519244071319807,57.33559303731825,36.217480131756886,599.5806502746195,14.930357892836817,30.759402576264776,12.94663583186473
22.891594063029057,103.95432470457631,510.91295167791037,13.411499816953281,30.84334253712132,24.33249431290245,147.87166442255585,406.70067892027237,14.545869221312897,20.491477001877126,8.929215557526408
13.841352065252646,702.6791428158506,296.29138232736136,19.44896801724524,43.53506004351877,14.485851784258582,142.86540313034294,550.4549486001132,17.66895892839815,17.84616188822867,7.126233614266978
39.63038184220152,833.8748815742656,174.309779961129,3.3369398918701965,5.372298226713066,42.905863262294886,353.53475324021343,202.10980228967202,3.2839142482868255,15.828812586817152,6.907328334506049
170.96629528554217,788.9912407636417,322.0196492557763,8.792935873166343,24.22725767279231,199.06940470201596,651.5429230192789,359.42258848031196,7.425407203019279,25.61741914017061,15.592905953240841
31.31826301450186,173.9567839984895,991.9405946479194,4.202145066904156,20.171751331449187,38.403678485202235,194.35474838216828,990.3091611365282,4.925681769483358,19.19724465823085,13.96698922620631
496.1963850027002,17.364171880805312,350.6141374026348,5.217982362461428,46.56158715932572,534.8003905963279,20.574942164492885,466.4502114752924,4.6199077743035435,48.894754788122256,11.595889455830035
18.05503505272016,44.89794950124243,62.37977105622978,18.27124039787966,19.427720868963856,20.209244089185756,26.606031709724558,83.54084151101301,14.683635368031654,17.639574937977578,10.403570508743568
842.3962186508915,174.24690105895132,33.69273041120006,17.476035358950956,10.540240672338987,889.8438414938487,100.27993675649846,37.10704655094969,15.982217039768006,18.468740312544625,8.325651693114311
556.0764869205608,49.44470542894461,19.8447395962675,10.930024758436415,49.61330319968673,585.4673905020444,74.78680000029063,21.095316044760956,10.794163451937427,38.66846722506035,13.028281627626539
122.47146713615453,31.012698723058715,103.53758926524067,18.5176780909382,34.165553409074704,114.40986128587252,30.00487403678255,169.74850251575484,15.24281642286693,28.129285358573693,13.558923575997364
236.5689309732202,302.33564664861154,724.687195402387,15.599701013886646,24.978275239914783,247.73715664848837,286.50260548080763,752.042245624055,12.724797151624255,32.42131523596454,6.109107137576887
373.5540016805596,935.6273100029188,142.32858036144984,7.968262737000422,22.81281687089444,421.5168093055367,838.2367100535079,143.59280118194198,7.360341858512218,21.58007656602164,11.723852105882331
950.8497157965487,554.3868989669292,125.68803784335523,18.0833417907407,48.21375097773781,985.7267569242338,733.2343612183712,148.73418151233278,8.912071611776113,34.377998104318834,8.172228918570182
22.154897374836448,397.7177824613663,79.47716981725583,9.144234337371662,19.365648840313998,24.32697313122099,273.41132491084306,56.95495209668718,9.009819619771964,29.324791494678095,9.370469668819856
94.07519547686756,17.5033049934997,331.7953252139895,4.349158064007183,41.649354743206956,99.78465535080684,18.172913329789864,401.5390800458508,4.0722308569269385,37.86657126476181,8.28125669008636
802.4191970796637,677.5187208238503,183.25425935139103,1.136785064652785,5.41722507659166,800.28385159377,174.22753945170734,172.67244810779448,5.777753745085675,27.254922675355033,7.032574330897598
50.81941467196605,18.573080542364227,17.912818697859247,8.74156256122544,16.706774683997537,53.639207840708764,19.04087476769972,21.291734342614845,6.632313655379423,16.012940109277917,9.241204528888144
296.69392255033813,120.14823094811676,14.57980996944797,8.792333823158165,3.7080069105092033,345.4962558127521,31.755703048448396,16.664805697548523,8.751716815556062,14.190121001484496,13.204145528884412
18.011270778437154,64.07940927780906,96.0359017276121,14.725839920658466,49.82372273060709,19.06769677902728,46.60369602714367,93.53710448610354,11.17481628413153,26.09682946596737,9.550848004195164
702.0179854860127,13.851575792775265,48.656151386220074,2.0890443814378745,30.13008473981163,833.2539888275453,14.372539155454865,84.18393178529655,1.825719585116303,42.96777682295084,12.784495187676326
854.7008939533226,32.46006073010572,519.7690016005188,16.892592862842626,31.344166379139878,982.7083304962266,34.49417304629639,419.44016232513195,17.33332751209936,25.301117367300222,17.379881063088543
408.5732165468724,11.85897757109972,20.00751574892054,1.2347781637831394,28.65847008588352,432.97695405899725,13.921935362511512,24.19745969965008,1.191005212676242,35.427856851866906,13.144835161495047
38.17997821722532,107.18012481609675,32.503503929176986,18.7848278309303,9.901175243936873,39.897426446734244,68.57861460409136,34.37929985115818,13.29225281359024,23.768302333603298,8.937382512185648
395.00148171466884,43.510886121803495,50.992180588733646,12.950482736265606,9.060514444805017,455.9743890689338,59.59577082035516,57.290332999945555,12.264068247323832,11.93713733400851,13.9696399138446
19.778566587315066,50.545284216224516,11.079335413446334,2.4311602836810047,2.352462213663939,24.52494550736548,31.933377043214104,13.492831560756358,3.7805360073678873,5.2036693480094005,23.67215342079274
287.1020024401883,551.4085300953533,17.85481581656876,11.269521526245383,25.209599442849278,301.9298640690913,618.7620025386603,20.102367932762768,14.081261068800753,16.791992916658845,11.514944866933332
74.87841941085668,360.88076727625736,84.46263296359285,6.330112973195296,44.77045331183681,77.50137539779745,417.7940476699121,91.02356011440894,6.032280512579607,37.95595673237729,10.886488750208665
60.94821229921066,98.6748582445488,484.98656370817605,2.020599084127874,25.872195373317556,67.49721691690068,76.93270297888417,359.3054810865245,1.51720187682959,21.586253980680578,13.325895030590573
233.87679013835327,19.835338813330843,109.3454661457026,3.6366746590441754,32.20147946180263,234.441613026019,22.190254433226237,156.04976288361308,3.5425040885509125,40.042481228393605,6.884289618317707
714.1469943949561,20.86414805342902,10.470057575785003,17.193766444757603,36.32434981690402,836.4982274339842,45.31286398600651,14.227297064191326,16.082554442687904,19.69120922631911,19.30759994548672
452.4901073172699,78.11516624769648,357.3110531671068,19.634658564361928,19.122565586826912,508.16617217117584,97.34617554539432,447.55556735045093,19.241731467956832,28.72665220562461,11.714964274602698
303.82314438412874,721.4378085389505,150.42643794893021,18.806148029317164,5.831706739121736,339.0811376988764,397.8406543339093,151.77596430434235,14.22497461275624,15.151244422754807,8.987409650795069
85.1476238900616,43.114881453993625,711.205847570237,1.3056035036077935,17.21839469377946,97.88943731247062,27.326312505456247,671.5582585940864,1.7822499764832072,12.522836029907864,18.018532200749313
873.899897648024,106.60156556580674,13.999726220545753,2.5366177993519634,34.41404873328214,1026.2992280982676,102.27425160409172,16.80957287670551,2.1694453008224026,40.34208290260865,17.331031848872094
15.42132953095233,712.8099504488428,146.88431625370595,6.593267525868686,40.24694595810111,15.767263185087184,280.21330061142885,281.3549644192578,5.4095734596020115,22.470635563580927,8.649986014363128
233.30982755444353,157.30952986551677,903.6635527053649,1.657450491470612,44.14371860866707,240.1406208454843,149.05097993041068,891.9476270555416,1.7771693889062896,36.912756769918126,5.000914173404915
156.92393449503686,18.367460202703647,745.3184708891039,12.199583219991737,17.252246504385734,151.13636426847575,20.69019762563722,944.4434309523542,12.548084661213515,17.831635577707384,7.683128728804313
67.6966300772498,15.672013336585417,12.736672374362662,2.226020172223491,7.028097299918549,62.02894134570789,15.312942728237987,11.974822435042855,2.140060773049271,14.201812902675416,7.845763488297518
931.8740116295018,924.3487533228304,15.250600803140216,1.9101879173097296,40.79590854391695,955.4920508631152,789.9996198345797,19.248406649305167,8.936729403021461,30.554537371853005,12.81800659436278
417.2724496187813,275.0239540976422,784.8152319877488,9.113292929404317,35.974467132408925,461.0013620600228,200.2135171957423,613.0077216783861,10.823755843955427,17.92330830627516,8.306357789787402
22.029948206322956,23.747874109514232,70.4067739422225,6.0171511939158275,31.595699827817093,23.91135136970416,23.861438124977415,95.73432734027175,12.851667394420241,30.36923630155861,8.911136633946347
24.468520972656624,10.658174530650339,29.07180538613158,9.664432054813448,24.726777477889197,23.80357306157743,10.4301639124009,36.91639860763322,8.997770029129565,37.12351657525556,7.718369064460218
990.3489771786926,188.36360950699537,968.4057478857468,10.896051382316942,41.07306368453686,1165.2409305629237,109.11567413054641,813.1690528365167,13.258707553696105,19.837517008781624,18.08004690507937
89.79370054816452,135.4237813112869,251.215975499698,17.802971033097098,19.035208974284807,90.40686056356218,125.10087641668174,242.3625634381756,14.705281940317512,18.15343321438883,2.8303290136714883
424.82434409925736,627.9847992577601,18.703014651468077,1.0990811887417309,11.376002677498372,451.21705490256375,312.3002556560545,30.649121158294143,4.1465158019676425,12.647261834354824,43.71990391403539
65.70012848173322,27.24313317456012,150.18013722342985,7.023777315027519,3.730872045313458,83.85423573782569,69.38378201215151,140.89392204595725,6.715327536765262,6.293151488782438,24.857574844558705
523.8226929884877,631.9658411980473,376.3514453963962,17.794745590109628,48.496194859448785,544.4385709075698,621.4246980260028,382.0983002069795,13.636926898820443,27.937132256962993,7.572238419431455
870.566342390754,408.5009276316685,110.66416317271022,6.058443369374095,2.835875004444817,886.5092144847483,120.70446654937881,117.85544433975006,6.62333432737339,19.775405943017468,6.9944451754172565
27.515443544093294,13.281033386109998,485.986086146002,12.624417042755576,46.59896444735617,29.510145206227982,11.178060880081778,380.6146538163635,13.614073824794913,32.38674384343936,9.097048627521072
47.408512975200125,419.396095185752,637.4023029206552,12.468381001612327,28.888643799660983,51.27524091131185,180.7202160118779,527.5366996283939,9.159710590731848,15.994405458249995,11.831640911155914
27.81029053105983,833.8628933774379,294.1289794101946,15.51183548055656,37.533939145011686,27.870166254195173,377.284763471477,303.5683422260276,12.221594129663055,27.233057088031014,7.511303947855312
11.026500073893256,42.44340511929401,159.18910604485168,2.927502712813088,41.531947781317065,11.604533260452724,52.72969687467253,180.48446869472255,2.3972678451312928,46.08312350172551,22.07136596499306
153.44016681133107,639.1342501815042,278.1295306774516,16.215870948455233,23.70449515543418,148.3335612057871,629.5806088043043,264.4731502493781,15.123347810694533,30.340063136496987,4.788261091159018
25.721789274314585,10.983335721162227,26.614012791859313,13.710413168098519,22.2832392226452,26.81366039974703,11.036558600127504,37.51968414551408,14.658343992402953,31.844195795346007,6.980894636785824
128.9888867654252,222.80651977080456,336.1231706498182,14.514604561699329,17.81231434093298,143.35835169158761,178.61864205979327,434.891625095622,11.708869528075777,27.92364236257681,9.250482437202672
21.32932761821635,17.479937800911994,17.222100903272203,17.14077958002731,15.665840279416836,23.357068965317687,15.870242986042996,18.47777040212291,14.466964506268194,15.232475647746371,8.66599083745938
109.98454448192743,11.705096629938447,31.32819255847933,19.452106789787265,41.04374985118668,116.79318113785303,10.039770447455597,40.1512537767269,20.038371588021334,43.28184091811454,8.12807995659917
446.061684067146,25.064610870072322,60.564755752042764,8.495598917575679,9.335564091598595,463.8639229116403,31.317426163925262,72.45063289996443,7.649070894560248,16.16339775419507,8.205172526642277
784.6165060887571,65.13939063397268,562.5094500118344,9.853017973207578,39.71513898853077,870.4627801962342,69.92316220076162,551.9710277204576,8.672372198751813,43.29068120943092,8.829654797295783
178.2914629702834,641.992269950022,61.225326217135176,3.079359987045788,24.95446049826167,171.18710326515853,632.3206563683965,67.79012551590594,3.184945667247148,22.39249274199821,5.075027472968923
29.1021344171097,133.52629724420666,40.520433406949195,16.665777795735625,49.73439042893603,29.051588949546417,215.6527710462946,50.88619195546113,16.997898355716284,23.444583730449068,3.2819441987796667
27.01611008040311,30.44990132672317,116.35639687152843,10.742420168582374,16.301901824516143,28.392826925143375,41.68637482588905,136.77164734885952,15.565868973799388,17.64486150210851,9.267108082476879
132.24892513314222,244.35305387953377,59.75900105290229,16.212322534079313,47.90462086875351,125.70400816937382,374.277530295408,72.9987781735896,16.354925614443097,23.32888645496725,5.0830894361888515
65.50570610518288,17.16243987679895,209.69326781309016,12.251122252757053,33.09069813754771,71.39942650782422,16.66392165279533,294.533011573626,11.631760840562128,33.2269876524848,9.458505295676567
51.438048299273056,41.620516734238706,31.949812113928562,4.29571565250304,47.4936856298037,59.46505551750014,47.7508377218356,33.62534406037624,4.087629270182347,28.143138538278574,12.585661343007972
262.02391922656375,772.7658888335776,223.64516644455307,2.523025000799548,12.8891657853667,282.2500449289874,735.2357433134749,235.21907356425498,2.9121241816586902,13.670363128937238,6.751960143351739
884.3959380730885,352.27790661228266,367.00267053765384,9.342251495396148,9.39476660099658,964.883861169539,505.1503983338287,332.9245873607659,7.658298310685952,15.072243144058756,8.023661756405343
34.29428204838865,11.653766859662746,12.680941141093108,14.205200001350622,48.71100060761951,38.130978788122604,13.4412747494875,14.044461735200324,13.21130761454352,18.91840511576881,13.157164615865288
95.29371307761022,300.6622301216193,34.491513441597746,3.3256080186695858,12.887331003698126,100.60605609711757,368.79875409680375,46.46065329667345,4.030429949151671,12.571062939563008,20.708126878447263
44.986712743689125,126.56622849298122,440.0110213405688,2.0048221432992364,17.18230842819419,44.69253891726253,100.32462374277117,527.9532106768302,1.6176899512239185,20.814756072008354,9.323695942774954
295.7664570485845,445.41369546171296,33.30502850680594,10.506424170006165,17.70974067205199,348.2970786776889,571.3187228517298,37.21996280696196,11.524172238191131,13.94451517807997,14.916343178878916
700.5452635096832,170.99509372302455,123.35183895721364,12.902310480976611,4.7447319245332285,823.1429616304929,159.14008338297327,139.77919244492108,12.41801624779191,10.416632268663431,17.58921994712209
59.05855592467605,380.53537855089564,956.9543845708843,11.004914410650839,23.683947087336772,53.51978674918241,281.3115403907137,821.420375573617,8.15927674085947,13.776656191944683,7.910296378924804
94.31886041959208,32.52376841670404,473.2798687768391,3.196891406669008,36.34708971605021,101.23036111323715,29.630040782171847,597.2856228308934,3.3074598357993903,33.36147900947117,6.697182183517471
19.058029465074807,65.2993940465723,404.90052342782917,18.073644004647875,7.560640781915604,20.63796387339742,75.8389624236043,613.1168337754,14.04347220980819,21.004600342718952,15.646171445071804
66.71084403101419,25.600648052380656,985.2298714294,18.661754183030315,40.504925651647355,79.29656065731491,18.90876908208488,437.121059478789,17.475615863636797,31.673985821902395,14.619557694674851
385.53348183507995,735.6357045538988,12.056407153046694,2.524826025858013,41.336669601770105,342.5079655257458,632.193659085627,16.90547758690922,2.5106652999615227,47.171005516578155,18.631899265423105
137.483966939266,48.73901352842612,16.198919887840624,17.637714078647743,31.582382105065975,132.22622458766966,54.7077256121368,18.255017399316166,13.65792390467222,27.578214374714243,9.227571230663225
177.0297701864888,66.89082841583743,131.64656677416318,13.257879937074945,42.718461025729546,172.00599090491812,43.252139094092435,137.3277655839312,14.879766576716536,25.550016888669262,7.163878822510577
132.69673329261482,111.0676766985912,248.52361180889167,11.036728041936986,22.048689827151733,143.72278251961828,84.3360598639704,281.0951570969399,7.581240387081267,25.209070842122873,9.415549232732056
863.2742270764612,31.588712843335625,57.951441538889625,3.082589152680548,4.517299173101318,1031.9946664836903,33.95523453581379,72.06042475176208,3.6009271085850645,20.017339112410298,27.74271684214288
13.05795842991097,499.0715907327508,251.73919286707272,10.565110683168204,17.194893594280906,13.591798884122822,143.98520845180118,287.94143633035986,7.659489999773983,18.811281299332737,14.935008507850918
28.064584278924876,20.18156513179461,11.27749785451134,9.67363565813673,25.844326735643566,29.12354465022438,16.879599691706254,12.061001049235227,10.288308701889088,21.18881233475811,7.940486896125766
425.8239330707849,954.1714409200285,40.52507565490411,1.9847015743258816,36.6423281357473,447.27697451038154,950.0824191704502,46.9066529598115,2.3703154873891803,43.71283643550796,24.148558307897975
147.68963347828955,554.9971893403084,748.1861070445127,17.17811487919349,5.21120903567069,156.27781140167286,397.5586870065993,747.5117415921687,13.931339630742142,15.415843694427348,4.9721273948899425
25.3873422412349,12.869101161046498,19.001801030397125,10.37619899750112,33.287145010763574,27.482147385189855,9.911278779409447,22.330857346300753,12.32248854833052,27.406816206645953,7.148365018382805
553.0601317802352,762.3548312678847,353.83112395566155,10.449540925208197,24.170845338197136,562.8413356628041,680.4547337598468,323.82933310623275,7.452881835531646,31.577029601835058,5.755760411245931
452.7516419777274,173.83093877238773,72.81747465164571,13.585156416092397,43.32857546681972,480.4213243286329,173.36921001828858,75.5602432349253,14.148804131538299,37.20938790433458,8.225628377743337
320.697829106832,219.19105724629352,260.08234547798276,15.645844758965508,3.9014809380844127,354.46440182000356,278.18605044328785,232.95582996554518,11.730368249691185,14.368902787752813,10.084488491899672
782.7217189030636,499.3521237497203,24.56913683651105,16.501263103178875,12.905657321644176,829.2011926645546,317.30579182275636,32.65041435844499,16.209705810872173,13.408534405300994,10.567881971844358
27.632276361800436,82.68600260633009,865.0215236945007,10.886717437952724,12.21321356054056,33.81985526791964,119.851072745556,1140.5707815587798,10.792436596024583,19.255663994571748,21.052085619462403
59.194430675238195,29.7993025366175,225.00549151630284,15.462605839824834,31.96003603349128,60.92421442542537,26.36169401417625,221.25498823597937,13.863006434021115,26.292269948288578,6.838891032164862
46.27072426303701,78.4181909045198,643.681026860987,14.688614646622172,32.7472008296743,50.10417066832758,65.43261254572039,569.4888050064924,14.890036951188051,29.18351395388433,6.932445020759169
54.30013721765611,526.7056414861426,354.04636382963054,16.0969403891051,9.69384093663258,59.3895987685964,350.54138934796805,297.81307606498433,14.801615610797818,18.283304088036374,8.587707370484981
39.866628397514475,646.2730544074639,804.3103536146746,2.5506693301493906,16.162299247506894,34.74634936491953,509.8324753560688,831.3563206340165,2.413409266257706,15.135413621686087,9.830819600588205
256.7938894376231,61.12608288962915,27.43773639234676,9.816130418547928,38.1127291183225,257.52125772681717,65.73569290883715,27.18774949193469,10.223836419307927,38.67205082456424,7.016748787227341
65.17251878091156,519.0059285880184,213.0152108729837,7.313747307567296,2.980348965172613,63.00554006888009,237.9410539624985,252.23513660634396,6.522935097070764,13.504559654658655,5.433350472709604
596.6936424349484,126.81018403057921,19.543795964634395,16.03529806648856,11.855562913457847,688.6547204460039,65.96513317706514,23.949201399266794,14.649265669742285,18.61611045446528,12.92717523957936
158.20819976955968,69.99910194760658,26.740153968899072,15.476753494330055,5.402972945990799,174.3950770751112,44.99446936505572,28.369209355704037,14.518925729124724,15.55920965434197,10.80380349937157
24.84633057211001,32.64132041900523,529.8246969534919,10.109810850289538,36.41467650960535,29.786030330624598,33.915195347563476,628.1692889022999,11.340022545950337,38.78546218612246,15.166792500411699
148.47492944013757,437.7470997609905,64.66620869539364,8.73278327966863,26.01829687348145,149.6996379686896,464.16120122342676,65.01545496922222,8.827404326412692,19.630151691558215,8.41154914788849
714.7619342461574,103.91705467910305,667.4472765647014,12.37987046912577,18.53528827296046,845.5628601763402,102.73455369585778,675.993450677221,13.10989108957162,18.776033675527575,16.717992242063325
16.360824625139262,207.7983019185897,55.28103934207214,4.5769040775480745,3.6867293582665703,19.712606203940215,194.52890133285302,59.79349277542764,4.876286733433264,5.951706620213669,16.27785599334703
656.2100037173544,150.64745095880517,292.4580502997958,18.704398319051013,45.62253885446322,729.2639970191265,186.36936647095615,202.86688269309758,15.935122148393582,13.419561902721885,9.9164206566608
57.386829512884475,118.30551301994576,634.1965002723515,3.07434501578328,47.861840089686694,55.7632892281802,112.56075193416692,655.8980403686397,2.813960006156308,46.481329361585296,4.878985454791992
10.747148565074875,411.90780019930537,21.62967180838651,15.238871110444494,28.701108876318838,11.293856294483847,308.45035607331545,45.08512452992427,13.313978064760486,22.788702823128933,8.914524311879948
17.99049262488339,351.8429315932568,12.28813236529415,15.658624769396656,2.195690593047104,19.947705228647028,95.45502754919077,12.079363919210413,13.610807517355699,10.284489627454425,12.839756036648955
22.182593196065284,213.6158108789078,660.1560550602853,16.226767225399993,49.28586740879545,23.680744210499356,182.55837818730845,467.51746876833494,14.994953840665472,18.583164765714514,11.321857402961875
390.46052180975,123.41029434916456,122.17748757129999,18.07950995008976,48.646583295042134,451.7021210442574,140.64911560577525,125.10588708286986,16.686019973359244,13.970375909014844,10.723635950612024
98.8527484733096,231.73254543110642,117.61675278327866,2.3339371795605905,23.396331831840705,104.30305697065876,386.2920272797542,127.03132396038195,3.378776071238711,19.220027493033417,21.183998246250855
17.68835166300158,24.88636650975616,339.34577614715454,2.8417562939969603,45.21334878153966,17.52538206288998,25.191471297396195,400.12005687697376,4.0304421119406255,44.852731471407566,6.345277242736233
40.439187400296426,25.78869402377796,336.47666265509565,19.337077947850094,28.956881037249026,41.81157565793782,26.487792977667326,214.68856922958548,14.438557923798797,32.444860083196986,6.789060729128265
141.42061061497617,541.5137562762606,31.448298897203554,2.060328997866153,48.2001657859424,150.7403686546865,551.9448783545485,48.04049393890947,2.581193244493107,46.00710136780987,6.371755597201824
22.978944833894836,67.37974294515155,14.074825785899797,9.359625142587914,40.783197403523204,22.552223190971056,104.75361634087432,15.918619854974061,9.795799043640393,22.75793091187757,6.515441899781124
33.37082891111787,424.7706001032899,316.2986517806626,19.1037832612974,44.76396026516643,29.910402491843623,278.22395052910326,288.720253825463,15.104846029456743,21.873257041715725,7.3145043446518425
23.406745503059753,735.1701112703446,16.684459971760862,1.689035868771131,7.604567469751463,22.59588206299,643.5404821856416,21.82540927765419,1.7818084613455056,11.91898159782332,33.15380985226642
14.18294066931397,90.0829444238259,105.02527583930333,4.424702056987893,46.239022844323834,14.612036242519595,105.5728198363668,96.20476197771372,4.533844429767585,12.910371720179942,5.683390619843669
172.09483302914398,68.1452199531939,589.1930073373736,18.93091435496141,30.01989597870029,172.28166654238845,61.536650065285606,710.0137077515673,16.05752148755964,33.106668291614845,7.094258331949195
418.345152974611,13.389660986930277,278.3997729371804,16.777241631535873,27.745563623781052,450.3842500160299,16.517731936305296,312.1832314724557,17.583490049573417,32.39770119606433,13.561673800468357
25.567107217945658,15.775382875631157,17.332356301148984,5.841983757470591,36.252197350524995,26.718307041398308,13.422658686850005,19.402919534476926,6.322225614922746,25.941384406412645,7.396049020500096
105.63726999429458,13.052059163643715,416.20759909069517,2.062462908166476,15.98214712427054,98.29738507717416,11.287636707550124,562.3697340447102,2.26414413749491,12.859869302415582,8.818439089583668
111.81500366932117,19.329076878973932,15.67777548945666,14.52439128645048,7.988357312842671,120.5213831485287,22.53775875414383,16.83242903609043,13.414400964900913,10.967967780592593,8.510287508374802
75.38030300767015,21.844119395741863,34.90875360342258,10.133457012899067,9.875113291442611,80.4289958049612,19.85336208947968,36.63609600740133,11.671890407008489,17.040993475832202,7.635367301261592
683.9036209908594,191.7937646123991,540.7574603225761,11.32663249467403,41.34978847079146,811.0167126013621,152.8842813297662,582.4199520127324,11.099395403139154,26.856744837701985,15.764616310426144
852.9772283418632,85.64916166889444,361.66365028474127,19.425296779433268,39.90925864368866,987.8365592269943,80.43610177891375,300.6114952866226,18.290477094474614,26.770610598879248,14.494244224233174
95.99565113576236,219.15454873251304,79.2500616702247,3.9374834491304993,22.405136130431256,106.63852243002533,279.840075841103,83.7095843048144,5.081990765297477,20.21807468297866,13.369976645474818
585.2046370075655,92.928563509521,422.31311273930953,2.3362786994846667,29.469072684074398,719.2201440063628,85.10183005763531,494.86668480334015,2.4754172842696955,28.763932641600405,14.225568634564867
11.702500400065414,13.664442255846415,435.8888396225496,12.552093105225586,49.60235188854557,13.879480383748733,12.942756756814592,128.91634518569106,13.442304973069174,38.41196034202729,14.158379536104082
21.268831428586324,396.01795336888483,521.8850899803748,1.5786814829291185,13.211533019032892,21.215430476344412,538.2073362548836,549.4419665276068,1.8412401819149897,20.862586266938322,5.629857765709404
529.9755614513813,504.4904740675423,499.9614860456915,18.683752200724854,44.530158376238944,606.8764952460446,466.0227184723108,493.7374557646326,13.008614483798326,18.11172061637516,12.120179418338994
699.8176696525119,97.7855956049297,224.13728713666404,7.8668357313631265,21.17990282520245,816.2891874387669,112.01421648715389,243.95573835742118,7.261443590883546,16.111824420973115,18.600349108463206
34.69709529857958,101.2448726749935,10.33692186298195,2.565801149512847,40.86869774810862,32.745567906025094,107.74693486582791,12.86901941222889,3.2274047149039062,41.37921054750033,12.949124315697528
331.72217744095735,12.139393677004989,42.245715822701484,14.004170786502991,17.822965178018354,342.2712476175976,15.14882665035187,52.51022004654655,15.438646938108672,36.35553846330962,10.6900069003565
180.17838396357186,40.06345461960127,17.95764557415884,6.115155784557647,3.928963670044175,177.7578858129074,30.816910365396616,18.69278703201694,5.444757195044497,13.40706348793665,10.916301788006667
866.2184874746965,853.4117208044914,35.385166976879,15.56254204324495,17.209044117436346,952.6028491515216,715.539399183967,41.02699306770556,10.727557948547645,20.676275242815898,13.186060529712837
31.595486801768878,571.5294676854284,321.08376694960674,4.843187022956931,43.846741855840875,32.04407632214077,608.9090810114009,316.0554237758097,4.77586225806317,30.644741815357644,5.994986691631454
31.117887745568623,42.60668347846133,53.53050151518068,3.707987422831733,31.447250715290043,37.099323226667394,53.4459897968739,66.3883360534797,5.198509738006645,23.270266399693305,23.009669965846737
879.9145662681609,43.48343268576854,255.06199156340855,18.85866180669896,19.292867372342965,977.7899237268698,66.72530207099476,254.9704920644546,17.19400064248982,25.182090309296242,9.680574786917449
535.6810644786669,17.718103133337184,187.1400741039464,9.727504625687391,24.59790910084043,618.9104772231818,23.633263902498026,311.7117728412144,9.083148367141526,35.984861885052254,11.336645834300969
20.883657658063626,97.19303588261876,42.32811739442444,19.112298610797968,3.3950244055575687,22.132897209636816,33.28367755549686,48.80412144021318,13.857334190352345,20.098386268605346,9.116483173705843
224.0079399659291,46.97048472977751,21.055585232146978,14.204203670866793,42.75312094781168,229.90760069924227,56.45590063813228,24.772877254877486,12.8990687452813,35.98809452407756,5.688940283687523
330.01725870664666,38.69090090098303,262.3464951803846,7.159107656848097,8.124444801064762,408.6344032568142,48.05886251434572,282.08183013313106,5.719089598489256,8.865297690658494,12.89746416430545
11.970273783678184,542.9769516002316,137.1747038921728,16.783793026886567,37.558632270133934,11.92331874639586,152.58390518303057,315.51914075527407,13.602569016078021,19.640952942067837,7.992121975947783
532.2795907556912,301.94906861257743,216.56411787991055,17.822007414196506,45.369105307508526,556.0969901179794,319.2276759024651,226.88417365080687,12.747151224645997,17.974580702248147,9.617427198579282
345.86405309783447,447.0340618367345,30.85520660791492,12.686098590609204,25.498945511242944,368.1299136906562,546.1673439162154,34.83446234018221,13.165011025107965,20.53043907134947,10.167627945101051
36.174723922622064,79.83082038064003,27.527405066586862,11.097972975445927,29.755526478303764,39.60379112989107,135.24389039252597,28.679868929318094,12.915246201564322,14.086238049072639,8.484588460160113
11.513788790197138,41.42262597852578,58.983387363607186,1.0571507501136526,34.70841022648295,13.883932006346837,50.743157703831464,68.92689848841785,1.0057130436301536,25.237744797354758,24.337430395370653
85.85783242980315,116.7635389483908,92.64780657130102,7.488913755427842,15.739439821188704,95.17866443653718,131.50946628667546,91.89470235039204,11.204046524907971,22.926190753876988,8.12551689136587
154.58681116868766,394.33764125082166,358.3925437051666,17.507232094677516,16.05933141979362,167.9836742148123,245.55297780770053,401.92628228342943,11.63545178406745,18.712075444485247,7.369212408025703
15.834736188142145,71.28770306896433,376.7143586330275,1.6851609726425791,27.134953762993376,14.420350107018724,70.19795162139302,529.2734946664536,1.1005733984876203,28.740487669029054,11.95360276693205
51.132281417531765,90.90121988254192,27.0300585759926,7.518036626715316,34.64107567588305,53.729526633254736,136.3613152075152,32.67605295628902,11.195732967147634,17.45204501612799,6.480863751509834
414.6934525207326,548.3395156314114,181.69349644551778,5.486142798727746,48.12278292346509,459.165553259977,693.7133400397925,184.850877829409,11.445085377429768,36.66867323618223,6.491369391500834
104.2078583284726,328.1586419376635,11.805594729678658,14.831059189874184,42.53343857542696,108.76616954036174,421.17037477476845,17.76502232148156,17.097641153428885,29.28575350805395,5.506896041191842
121.7999032008727,14.747976906993399,120.64657749706359,16.45089819145356,13.107245251761913,117.61549982345355,24.95360897197862,136.11385672065995,14.631994444254516,25.27136098858356,4.447390163591144
22.773877414359134,568.5506923835428,17.32525882159824,14.486997891317882,13.728659587196786,22.846720826491406,324.264509913053,21.57655157348526,12.780098229190408,22.304443720612703,6.781536768439883
132.19383076148154,330.08334717451623,793.956166530568,9.034438570423829,2.1645894015915896,134.187491639499,591.122489438785,812.899857001566,7.855302958722018,15.941866565297618,6.8973774901457885
551.2268888145957,322.80496328405025,93.7274751602854,6.0798982771900425,19.94158642033839,615.5955080608221,277.3333512345726,111.4408797278112,6.064862528627889,29.47631617122026,15.855126876204482
714.3285356640673,61.49670674041882,135.18603567160346,3.0129047828282696,12.837209315180782,814.2209238016562,52.49562154263286,158.2764512215474,3.1079404768346137,17.4199238762997,11.441806798832541
624.2115249273766,742.5486582066796,809.5380410544831,3.7521525855491653,27.897455252438387,697.765096329712,814.9582817034726,903.447615526195,8.466722284092274,21.56618060067794,9.799623295507349
416.5896839700545,76.68814372360065,191.1864948468636,11.025885713987584,39.27267463948879,479.443256407342,48.378360518119145,222.82969117389644,12.396912491162826,20.69302645671079,13.208867160018592
173.03155397721744,130.69719352344882,197.46187637201186,19.202698408975635,4.885676654953623,183.45269033037656,132.8138176058393,200.40231799534905,11.868150770027047,9.470078450036857,6.940527028256696
59.038218481472775,26.663130699630155,93.9325179276262,7.50250176944271,9.261264800210256,59.736800485942126,23.285013843044705,97.82914068774437,8.715170242507709,9.048516879882204,4.214767019840101
156.79586466786745,101.51080010620082,19.97115194065637,1.037226064871233,18.099979983987424,137.932435043289,82.14614333218313,21.228339556557152,2.664198268281469,21.36192703735727,10.563551041685784
75.43804391882794,26.381043718813512,23.184242315430918,1.185487309584122,15.7410826031668,71.84646862317766,29.901564548130647,22.68095673146805,1.0951185602495777,18.465241348329517,9.365259726303812
43.317421681676734,24.007581526650323,829.0619955748105,5.185813225176819,29.118812620558376,47.181528182122214,22.897345768662667,692.3388955741964,5.433985307704159,25.941735617519473,10.265142700972836
24.96678843835508,706.1112682621845,113.4394476400734,19.385577809990146,7.860317006693525,22.21403631021271,213.4602594365716,108.87161133825785,15.964883434472199,19.780280079199255,9.58628921436168
30.051695947923776,35.333746823471834,233.3074515609103,17.335801294255166,10.08120833074096,30.876238012840695,45.7417391544952,309.30029373484115,15.596441749609053,17.177970109144617,8.07857036318415
17.111910757187363,56.357597069973075,993.9107458473387,1.4412978364521434,28.21502210354556,16.90845780316215,66.39527932323891,1199.0978902767235,1.2849211872313844,30.849824619402135,14.807437503588265
87.56425099768589,96.12203055350646,986.1136444318913,1.598327508277983,9.738350506113171,86.60402244520075,724.2414648250173,725.7426695199714,9.539007447221648,17.975533526428094,6.2585855984106225
120.7389574508033,867.1860262757191,666.32259044696,7.690357646124184,21.66174356163113,122.82814729020056,707.2960329442982,634.0313829539457,6.4895123757513655,21.5687601032937,6.827703295884422
31.76138748394788,11.279788212756822,155.08792503375204,7.976732657677993,7.837335157815519,35.06196518151988,14.875411869004944,150.34339355759317,7.5021748326915665,12.599349346586992,8.979993211346372
25.167532000889953,91.42717721626475,106.84368599206624,5.562073835615626,42.4090973142896,23.44017250483766,76.06781724027694,109.29711689994538,5.016484679100235,13.830228895924238,7.6876529535193665
11.776008676175296,256.0991550749451,17.908678710965166,3.8214473034246046,11.97597587968057,11.3512623621134,263.65336125334045,20.309363395858355,3.7542513861537286,13.151843924321527,10.700199889009815
12.185875631833566,24.808832523125744,120.22606478536098,4.55510210245191,23.772002992750327,14.661337872152846,33.648160612474946,191.11006531804688,5.739582271472988,35.625438684234304,16.678385308179017
55.92140327792209,100.64691123910274,81.96484197014574,6.795728210676445,25.086390864224835,56.86103471115138,177.85753188690626,78.65720088906997,8.532593206162598,7.320740482545621,6.259403739785388
411.249179106189,184.18549948138994,219.42113168728096,7.979570536067966,12.323453739130873,443.13253792003337,200.46704003475344,238.06858106255845,7.330214953442876,17.834088503836742,7.338093212897327
25.341393244436617,124.43529714388102,347.99938644719515,18.856612771302448,18.282412316752254,27.04164208503336,133.70064519467047,320.541028916197,16.208780808948834,21.47608748663319,11.432460120649537
825.558649753387,85.91751522788967,336.04939984135893,5.7505790660873215,12.087040266981868,1036.7516381068665,76.7665550974879,377.62945310748194,5.487029360036897,10.18644591927462,17.186757371822214
217.3929449259386,427.3405153427823,12.549165124476378,4.039014779941276,9.569984464425248,232.31427682954254,544.0268550509344,17.335406745710625,3.845805829632514,8.347895214245312,20.631693167044336
132.65030609135997,447.2071272443429,45.717484135180825,11.047754950608224,19.15928907467278,124.22091105357936,530.7485484349145,46.86716889353917,10.706573809123222,11.902502874700206,10.889189084203263
59.25455108936995,17.535782545910834,13.672746790998922,1.0332953559714255,19.77844665869605,51.47507489839509,18.7049993158132,12.155564738517501,0.9798611614513911,17.340082802910395,7.2499941634234695
14.571688780497594,20.911933918158017,404.8181599778072,10.065977534219043,13.142297411878998,16.702520506543195,77.48643078472598,465.38458201873414,12.9670917282434,22.332597908556675,23.42623210954658
346.2337965243763,11.900490353502327,153.33693541982535,10.533470905697644,3.902960732483404,356.3633289043056,38.68346759932964,160.82260150847185,9.476285041916046,11.558783285214302,7.366728769802484
33.21906097379913,43.108672480328195,30.324498476280045,15.344456737270379,24.2759477107834,33.74879705799416,40.19000320977666,32.46607414165407,11.836363643743816,18.820382836598522,4.957946323352923
11.284566559587752,15.93737928090022,83.1918716129157,3.0124947389195427,49.78669032216826,10.947845662508653,19.797128670391384,64.21909772590281,4.020331257831364,39.02868230186757,12.336266615043744
794.2702726258012,29.42676274034389,19.501334102212653,15.094652343762325,27.083692604801673,924.8609122584785,56.383384426043676,21.768856046189917,15.306196933532384,21.67197983259242,19.620672278569167
213.55873419623924,211.05967672055158,112.28700284376146,9.814511248233092,36.060822055938544,232.2601149295743,268.4133965173025,122.85546418194961,14.190812709915527,17.28877617767643,10.340013065597756
16.61380022837799,137.8660027880746,101.02586259578348,18.600498631513826,12.08481199671843,18.642238899044415,60.87713071369927,116.91538557056745,16.46152901294683,18.582878106940814,11.386330373301883
42.266318672761884,12.841271082763074,213.3474139010004,19.27938863635374,7.741938931322443,43.55428290297335,27.050677450995785,312.98452533945004,13.25890024378183,24.233938592074047,5.628371749062883
18.154142151471007,271.73233000357556,321.2172306173015,5.01583431302996,15.599964344506473,20.07075556377324,213.78351608979636,368.64955745574525,4.5584950496649395,15.913240419514329,12.183352861964533
13.099371040593155,548.9350996889613,113.951543417947,12.109415801115324,41.95209853068945,12.516941124903422,228.4647675490079,256.7561586318061,10.621374493369833,21.224497445703893,4.622282073637355
83.19408843423453,594.6086700206198,535.2546680361495,16.478169593451778,7.07606103502837,83.57782870365159,369.0879034776529,407.79634282546294,13.537134141462857,17.216490073047638,5.945451913652598
855.025499065071,657.9474922191378,14.763961113750689,17.498717418723906,17.771418490315853,931.8872693755366,526.0146036162016,15.78322508584692,11.623090189409295,22.498665981528376,18.46729633036968
100.07038841665587,551.1524444993745,467.24043536726,1.1891702864121112,21.644243213996607,120.45960499229693,501.30509719401294,594.8903578370724,1.4478890748681454,25.039713005454193,9.812580104442329
971.5313310679377,26.96272582790462,312.90325624840654,2.6392356005514856,5.704341068293338,1107.393281011295,26.479281623727424,324.6630568376004,2.4079182062536315,6.335805947052126,8.771205518578801
16.541107428043457,224.18742944170054,267.00315466637505,15.700692972280903,43.54191430667181,16.395538632343968,179.30402315767412,225.3172024387007,14.188538701829177,18.833407659457276,5.118903598942749
38.95502126370334,927.0600696128322,48.6466669305183,3.541086045161837,25.098918640734837,34.54695715599886,757.7724279012778,39.931887536230825,3.9071686428909094,38.39870322053013,16.782592058343955
20.694835581895827,155.418703615898,99.26641704381035,4.796630151850676,19.933770851319732,22.28713455320888,160.55360350190858,107.57686014018371,4.764370667928745,16.435277021955457,8.567458857149552
17.046221936501098,12.217938294595738,100.48006994616705,11.382251531579177,21.853335226985468,18.298724832655065,11.517356843427372,114.90037090307108,8.569147979055307,22.01447507580312,6.277069541124374
403.5495877867311,10.717197809864633,89.32087180294086,12.865854067557663,45.97031831435966,443.49571365316046,11.89471645754887,94.67383025678483,14.038549700238871,49.36696174609206,17.861776678249925
408.2770030206986,293.0874595747129,192.73337097387844,3.8004482646586455,24.338294751974555,409.6816131836919,291.6117300738725,168.40265688762204,4.570971533146778,41.97497542568551,6.303140091873846
668.243127499528,307.91928751707115,146.22100008674968,18.51019298228252,32.27431507159385,714.6875120537937,328.56991415293885,149.70282469836417,15.004374219712792,25.89759067242102,10.511310115760708
26.77091805403824,191.43496967327832,609.4081773541855,11.449764668033726,39.44129458466941,31.292755212693326,106.02149304799305,576.4581340051227,9.230895324599397,19.3805478154716,20.22508833904268
16.10961352083949,12.099877367295019,338.96987331762074,4.281602806052815,31.357763884050502,17.820277027706375,13.769525850590666,446.33761077871225,4.653915511565963,28.818152388508288,16.153734575836218
34.186569435715946,10.173126491119442,75.69180033739255,7.348726276596615,5.156079412974207,37.92159522880203,15.74401207046673,81.43914649013203,4.018542751716745,8.831825568841209,7.777480931061281
61.992235385410524,828.6630791444073,189.16102412845643,7.98557352072338,33.17824746721377,64.33002766479093,884.9963356046286,172.38285577221927,6.624316563884673,36.98283863248412,14.976802635137766
434.7338340481902,177.68731140884665,378.66031436432235,12.744923513504908,35.26351782625565,504.9558286422787,115.0700181072057,397.8216372047296,15.3234674391411,18.650226900277367,14.163559251008634
367.4881122824789,63.537714148365666,463.48478979050964,4.496578186985451,19.60963640957068,463.7806147923645,49.632129332493776,418.1393874028754,5.175104057406557,12.012644604421684,23.427975026539976
14.876062492401605,481.86023819942204,724.4591968740818,14.050190120724501,10.730394112230663,15.051626506045933,224.75728718859264,575.5027292228505,12.865072076687037,17.767432346933425,5.521378815548673
36.09927068976939,21.501760639057448,43.661091393980485,15.544475411179416,7.795632185976618,38.65751725871395,23.846752078304586,39.825140459306425,9.87781395800318,19.250605248292906,8.819089632574743
110.71810657836761,762.0338251110715,386.98147284393,17.74588252911277,34.345473976207465,103.48091023155057,617.5044080631687,334.19064266377995,15.937044050277201,28.7717380949874,6.727191883736556
465.31978602609337,22.541502900663673,622.687307851569,7.969618440541242,19.884079321480083,503.5634262118968,20.00388362151112,776.0270934341953,9.088486920002106,15.834302054918966,18.58475830069945
590.0508892251854,546.5849336663159,216.67315215436943,13.628424404067367,25.104490662250168,602.7460337543615,411.95821160346543,205.58954285033406,12.48959554055361,28.69019934757579,8.914044559804179
10.371233012714939,146.1761427046954,452.03946246901467,10.36234922572397,42.77453881152902,11.299145176334031,100.26463807420441,504.59308793846606,9.408570285446615,25.110314429476873,13.437787460600587
80.35225955346462,459.7488556462937,78.12343497514112,9.364606867506591,9.547518184608416,77.85556938753065,414.83765661588166,73.04277261898578,9.642948636063984,6.871412180907582,10.414462295069562
12.938434987756363,53.55115125042769,236.48114039357333,7.49238161052474,5.183015245806798,13.468322056646215,81.21628464856991,238.95736710453536,6.093225998530851,18.18811178613969,10.707707485992085
14.845040565317223,12.818465810086325,33.07337834114824,11.421519591178901,45.04638195749373,16.3196005486128,8.91079703391471,44.462288880170554,15.725779759683364,36.15111880377454,9.275555326715073
534.102144864262,659.5277731518742,56.82984345808215,17.895708172270513,34.14567099355395,588.8654156350898,636.0188872681553,60.98513071914698,14.180801519567321,35.373794036041176,10.634704167027872
17.966172178653622,75.77050084079609,10.140983420660767,11.305073477748083,16.318540300138423,20.26274180181418,78.65697296899296,8.944436485769238,10.966657597423298,17.227736432190415,11.773720370814916
250.11918211747053,20.499761551375485,47.80179394573464,12.419635919125358,9.822687054341802,275.7994505072931,27.302183354867633,54.33643586466375,13.164646455326766,21.145431262530725,12.032864968976948
114.31315569331336,10.471954754591003,999.5796442863984,6.4906144716441485,32.326442015483074,111.92926594531903,10.817685232102544,341.974496363383,6.041826037392219,32.014171642835066,5.168210231873466
18.598514725469645,62.432334600103545,156.71370558352442,18.68452110388188,41.806764099118425,21.368858704370925,41.558229530346274,290.816984894866,12.0335665991973,39.52442913957819,17.633661389522274
972.0511363798234,42.129195472680124,294.0411196308156,2.2339887250885244,6.215217157276665,1076.6969040570762,47.58072241423024,358.38325475421817,2.1556952691087905,10.622872696409392,12.62456475767122
19.61041824862958,18.803955479534714,18.1052886852144,7.613208083680328,47.62005357334731,22.168410706298427,15.090214412386636,19.103440896234414,15.078312220710613,18.442123451804562,10.971373794102249
14.991390713098074,35.34243766608132,11.394393748790174,3.487616674515014,7.109410992059273,18.740515369215025,50.7865417528123,13.399955927239251,2.798751757402004,9.182643173415503,37.13640947027337
514.385918421278,240.27725343731115,98.06190412671484,4.767233160804976,48.36970850126312,558.4033661987984,195.33429967673175,99.86099260425682,4.364673920269548,53.13951636251016,10.160651874869593
25.231349449856324,366.4931529404663,220.64995037278786,13.296563199488048,14.815397983184715,25.70640804398273,221.11283660230475,194.51058190175326,10.633225155610152,20.23559998806021,9.165965593689752
56.05337854835939,48.73224185624444,10.263109667919453,19.661892618108848,31.11227995390635,56.80919498154815,68.7710351226423,12.851022748945317,12.074071394639583,26.40347543932854,7.677768391819304
123.16847503652814,39.191252583165564,38.864680796131566,17.97825106749581,13.913452324913067,136.76659038218986,46.14464606538847,37.12890237651973,17.18732285453033,20.89164944148906,9.824780426864299
536.7118284913837,304.794471007818,19.200079120579446,19.093012334657338,18.83837188019989,632.427467580639,426.88764029814524,25.709480064850162,11.721270363379608,18.083485285324862,15.670352803246473
114.855306586859,142.88669834165273,55.62594077562644,2.780261965886318,14.326606550118454,111.22243166227038,131.98273088907436,78.8112931911883,5.551651804239208,9.721386269735715,19.46335296112313
179.87701411870285,50.80042676300387,10.99810397711119,7.078518523105015,40.249752429672135,200.01295026153142,45.634363538734235,12.541084383728052,7.437439477201442,45.77388998829968,10.059636918495565
110.58783056811004,122.50288041173548,656.6001046648211,19.14123762960472,2.1164488986579557,114.07049377979342,274.0266530293489,640.1080784809651,14.572029662983809,13.580014364184905,9.767019486663095
84.06103940374305,841.1327512142266,312.059157345003,13.302109387500682,38.536607195708285,92.73849179196289,883.0627621778244,122.79278969232438,13.96265818367028,45.683605198224605,9.232000482303244
437.9181591001832,11.392200558348542,11.89956855157881,19.3803148970904,28.676453487781718,474.4897369270761,51.47263366897153,17.08780666765103,15.424703687767991,12.27846817947002,20.133949694957824
170.32773403300797,16.29832121922239,30.10118425010067,18.196421271046848,36.16632795203692,182.6640631545242,12.079684959410507,38.66379939028167,20.801931505043015,33.73812449057095,10.90221687745607
168.26910958382146,267.27803094570146,428.71464665923634,7.278415131635492,42.16237002822964,183.01150755639068,279.2598874773061,404.5771530835818,5.199329214147483,30.962205741075273,11.399444325837237
35.30305889438404,11.631078825023891,36.20008784263505,4.66589299337616,20.173804516856887,32.023091508574694,11.27647972986497,49.190622576931254,4.374253980296554,27.971518504010668,8.808384003500828
30.84293253718076,35.92325558184739,117.31787454107877,17.359553015600937,37.49766792624892,32.65511044130328,28.406484056284437,147.37710476431837,13.368023248945173,36.81732691351657,5.831491419394025
52.758205602785765,27.031585404662884,255.5084654337366,19.744986509597855,24.661674180577393,56.83215430027593,30.17020237558449,313.60990683487194,15.4982233992635,33.84425120442774,6.1604729088014425
639.6496038406458,224.14059897236075,301.5877273455512,17.578551868277508,19.216747374306102,714.2437137214483,256.6373145785215,272.2476456592946,16.278486198119268,16.784433318652017,9.788633751422152
399.17859142791815,172.0195538761264,534.9013061575699,19.028019033109903,18.699237236316424,432.9421909835602,218.86958070651548,537.9780562222285,16.87734705125638,24.176113931736385,9.43915192041317
575.9145471347043,118.71354480529659,111.76168562813305,1.7279917885212943,31.77743998415272,638.068279006249,123.73341634460105,103.5986332285142,1.7436679649973756,37.128573561308876,8.424097798955138
694.7795025844954,207.53040127568568,23.931331994043543,12.249772917650347,10.658777985706589,731.0177114881276,107.05742388812706,21.99138258283724,12.170642665780766,21.039166735079256,9.552255805890798
455.74295695680814,17.727886475942135,332.5302127244566,7.232647576698428,43.63975008647733,512.3616909702014,19.204528227457168,410.7154065887334,7.1600237725827665,45.15932556829061,12.035128738703408
58.09473346784648,29.73988450187167,10.783898315695064,18.200293336960325,31.010614160866908,54.95863627189196,30.614882291052886,11.271829322560228,14.593319898546081,28.513956152822285,9.526126206407964
210.44945668265905,563.1819894667736,506.0322941933086,6.288708097211027,30.03190621542158,223.58195647630268,595.6816400221718,490.5241154240791,5.730014236822543,18.898521053671804,10.017179109898706
493.9090904561111,501.62544778063847,122.02669338134018,6.194664218174861,28.820912578270242,538.6723365787869,415.9933888060448,127.04957039647228,14.527205201399976,24.09165623879482,5.7960581580122605
50.38764487371112,58.24428632322286,65.73428600421343,12.55454853774417,11.308003531375917,49.23116786141423,59.572256911216044,75.3170409173229,12.563519577058322,14.403343158548312,7.6648391665557005
968.5219771429012,14.485244103480058,586.6333941099834,4.684506970091039,3.055172249264281,1090.4430606055828,38.23475497153347,644.0624704887465,4.750935723618245,7.608549574484401,13.023334219177347
16.673265876483402,141.31630382560056,59.41851447570566,17.499485229906867,30.70341369953729,15.579240556831827,102.73683820059676,62.28293149587418,12.215166593534,17.195897298982548,8.265089370670815
137.19909198955574,72.7308030334855,316.0818131330548,3.569196054754169,45.747076608928054,141.46375573949607,70.44676285138387,242.66620978116015,3.5080612931633604,41.95009084652456,4.619424922340044
602.0559410582257,132.69008874858253,670.8392671681333,14.992847846776344,38.15280255588911,712.9569527291814,104.58265712020652,511.99321034790194,15.05309829982143,23.628330420974738,16.418296659499415
11.674328436189237,819.3395477773189,796.0583058533396,10.679563162029778,43.952697826112654,12.047989060748085,158.3889899380343,848.6515111208595,9.64053699873997,18.949338427733252,6.967763570910844
14.407410037558837,121.64376865470739,912.5851080504747,18.48231027629426,11.052821231228625,15.26505033007177,166.52620510164425,567.4662682155721,16.393794701580156,17.54196408744025,8.419663743051569
153.25633001587218,24.698623879647457,85.32905959325139,5.879828138885842,26.893065225107467,156.68128194545667,21.498670456531155,81.56260949501448,6.00016070576644,21.782442345664638,6.084355725691372
846.0302477247587,27.740148158078917,172.04634853705267,7.240143723425509,7.856834017577277,909.9266935663973,43.0128392914058,196.46260539172562,6.6413931472398176,13.509115261301181,7.967301298590505
103.13886724476149,74.58397635987825,335.242811191672,5.845596641617451,31.32854035885027,111.49025121150211,63.09842937132713,287.8238752800958,6.159575087343459,29.727278562351813,9.741371955683622
24.137148426350233,10.833425527621472,698.6151967296199,11.570061514593858,33.053762511134565,24.84758708546769,11.423279150063761,405.25129761304686,9.881339589396035,34.89560665645174,4.0304039729952725
13.943099211669841,19.281049196841348,77.24415295626117,16.901705842877206,2.300727439932988,15.907916684630438,65.71859863383219,97.59892987098198,15.635387396020937,17.677139842231856,17.083835594813284
176.42240444296615,150.6261168709696,16.765101002265737,14.258269788365732,12.1682021970473,164.21610490236537,107.1640335650112,17.048202346517638,14.818575849031573,11.091535842429101,12.099672486750432
981.2761083058836,215.32080367636127,12.868834425706199,15.678737621403569,19.33347031022507,953.6273657654385,110.54220755994821,12.736079056585766,16.81998576161934,29.373125455069925,7.909803605769483
34.1754962759997,227.3730544172359,276.87859061332,5.4478937372975835,3.91611581495817,38.95311430259064,395.17538390030563,267.55746865478,6.438251330194199,19.362007593917223,11.576870098894453
386.89931009140423,39.856230078718276,25.340456661773956,7.663945083122291,21.682424638206925,398.98439348235206,47.117487835725875,27.281573528539365,8.228037444913747,28.547112574428454,18.33463589909568
699.9628253561067,135.76860745383598,64.69044200734132,18.89909628144229,12.320851705851718,725.6349049822676,191.64040214230846,68.3147161801973,18.491043989349905,15.043626557773438,6.351697110562972
39.9545457994903,799.7036819971411,22.911544779458506,13.030732115201728,32.879130722277516,43.62914150936883,727.763988806284,28.147977162532985,13.222159319251844,35.181663950508224,10.245678645924373
236.62924841853075,210.39957206005363,65.1575239675513,2.001469920426657,20.86580359372348,263.3050217976532,184.48063820646624,64.52917817287853,5.28391389685497,25.095690247442896,11.955334741431258
62.43472910967765,785.4007536048197,100.55546070898735,3.233941340621381,16.11343641480448,64.1716739962666,648.834549821878,102.51461439376905,3.255107418937887,20.444911612701354,4.339305230064061
44.202525236862876,17.911297941692958,188.14578725904656,7.601211818305328,9.945140636646649,42.97134546727898,18.992116671800957,212.3630249248314,7.033156876832519,14.170469244248672,9.467996655138286
85.44471460619128,13.008127532779582,230.078198692297,10.261712256898708,8.414415191943482,100.43935238222674,25.400564226681634,246.25928085925935,8.79696379610895,18.439641698634546,13.508864627403632
56.57742683543339,30.45013143632865,10.871367847484178,13.460658768546244,2.5108148674709714,59.28637553305304,15.697924861962605,11.79867657945468,13.685792140171337,12.958192645868321,8.982550773917266
150.5952005628538,80.13504503462029,980.5019940023533,12.66436974335441,40.302992083255994,154.33206095372057,39.684010494384005,622.0367041927664,16.446196716430435,16.082817430690447,6.160741307998522
684.4923771755291,25.405542863660184,124.12857801990012,12.874892706676128,3.6337713041187154,826.8442921628144,90.20974757869749,136.6379025509669,11.659160719319164,12.660265373364883,19.78373067797003
166.63534049121446,162.70295439660526,496.6386526696503,8.462612636406288,28.866543310344124,175.88228824165978,154.9599170073978,495.1364399406247,12.241537496855464,19.050952257050632,6.875501216426986
287.4814019328419,452.5590711793968,182.95052892606301,2.576790383499109,2.323495898302209,322.87479578985494,143.7433090528154,189.82126379630603,8.687524609366518,7.133865230997791,8.172390996698084
17.29374519166599,11.221684578104043,427.0995203150875,18.944385448597235,26.228502424212948,18.366355075124417,12.889858283310028,291.97449249468264,8.947559629790097,35.22895773692372,5.784184885875643
75.02703228580297,72.95877576794383,106.94388506000136,18.32137387112624,5.778088210339286,70.51600932316359,67.0199095878293,111.88908702111242,13.661244460191547,11.603535873848237,6.0825220112956915
54.5028829400424,104.05197983414361,28.51810421907473,11.277978558648961,40.523584099681464,54.955949198207605,151.87645318946505,33.86012047761534,13.124177915787229,23.719831776426215,6.13851807421714
30.99338412060676,20.445646026639217,397.62286076351046,14.577585271729589,11.233236811629366,32.94705434965171,22.61255789209169,539.952312766927,13.557564833704745,15.228020940167942,6.497607212371238
12.256637309873321,20.039951600751916,145.22715437119064,19.196948894548473,47.13525119741226,14.185803947654787,12.717622759418855,128.51739341675847,12.664085597261948,33.54486877025646,12.796197854887298
590.4694648086962,326.00391948462635,388.0603520056936,15.06614391652531,8.177595354903076,662.0056774789941,384.7775617019903,365.36206667224985,11.770382315090687,14.046792628227191,9.343723685403447
156.05700567968046,701.991741487222,441.30451111280894,16.049061834457472,17.389452646826037,149.4281462033554,498.95721017084026,375.73023845172384,13.199185213592592,22.096025422152227,6.40119986694059
322.40954642050303,165.75564603255995,104.87426832827325,11.377617457291183,6.254610646211141,318.71469942477216,124.36087099309727,92.84121243845337,12.8231477190578,16.486530986853563,5.424496762840836
98.60270331630649,54.71087118724177,69.02313451988883,10.195754805260416,41.71654158396299,101.3283230740007,33.909104897058356,82.46318783996301,13.290754722874322,22.574963957710292,7.106866848408204
348.9009477427321,230.09759529350382,516.4819748405652,11.817650337671415,15.22421525874802,397.27715396495785,206.03405643305175,469.1354304634882,8.500460325370847,12.223611192421998,7.296549218517266
42.94830520543452,286.71027558789086,278.51245348289984,14.406792788428424,28.92325043479668,49.480154461030146,324.18616038813116,215.80596705144026,12.486392995304138,15.989514067547331,15.72593468694586
184.06478137679724,272.57203304689074,977.7709806035734,6.362200699522474,43.70225100320081,195.34021934339106,296.96094768995596,1029.5134164104948,6.0986537816318735,42.83457032587082,8.62779732082169
390.7385161213486,124.50641873954578,34.18236813835685,8.67826249100536,46.15641664704367,402.3712500986335,123.21367964343735,31.665527244401144,8.24861836306892,45.44206057368837,5.910697031460279
14.926299743157244,15.02007842381638,432.5725864819675,13.319194572090398,47.52582945881486,16.617529808092918,13.561151929794454,502.6653058849609,12.425413299707234,43.2702117710387,10.493003478565429
15.13944921798721,214.99795577342505,538.73360995889,3.6871944724913934,19.57307178638957,16.24404195401419,273.9511270389878,505.9948655463602,3.9223638110424353,14.79527352187543,7.792232519207934
22.4417225502242,62.03167845597105,56.309511894705665,15.738603849325312,19.375986648236065,23.79602471175543,100.04892146071366,44.83156296502756,17.222325626961247,20.16677990858293,8.693569727150638
10.687339497716776,20.47345386442006,98.88247192305273,6.897631521571305,35.33038466017043,11.469236790688383,20.26607880456074,99.84198083995447,5.634442442454448,40.40867086634549,7.821921536693177
164.8640809815654,199.2038897555853,396.5780967260688,14.493636501220976,40.0051961938492,160.86321283110638,174.64907876978398,440.15524750072774,7.214317170493989,31.707311973628123,5.369606711671068
28.024195859674563,198.1496297161992,14.113659080218873,2.969867225965308,15.292845196918428,29.016362023789167,351.54280731871114,18.950005519858692,3.1952309277925366,9.699009255697758,14.12044011981518
21.99638663832584,250.3502530033344,403.2761889146828,5.303110468876763,4.081273158368901,23.419132822411775,250.96495159671866,351.3605956887124,4.210996135902821,15.107186451674496,12.775703926252948
272.0935339823274,100.73690255325799,112.60791678616923,13.421505110765223,38.42140487451584,283.3554360202928,85.01564645722893,112.79063575864151,13.637576271006584,11.805365148401657,6.86215593317333
512.2732298375722,907.6200291361068,139.9328296889733,2.14254129453531,46.20987874552457,632.2996312151602,1000.795159881454,126.87425121373582,3.2758057386086445,48.42057204427744,12.800223251974622
194.77574919622566,21.192476535095672,33.37715233973158,17.220534930188762,7.365581653940209,216.00891481639457,34.5332047576814,39.282688857670266,16.194832253405167,13.745189208906536,12.000712986661915
176.5629917569609,15.461007580388085,29.171981790421984,14.438199339874998,19.059181287056923,199.22267479437454,19.99855595338207,31.826196133436515,14.52376195939138,17.521582758559116,16.8502964650421
203.55687571361193,489.18512701274545,30.148475347212997,13.930131020941435,15.101015901312293,216.9052896557908,425.2830896389814,28.422096392928513,14.924986711123891,15.082305408219971,7.252525597781709
59.09332203056183,31.819321759490027,36.34783391366369,17.640148901924114,4.592409783574803,68.67199606707182,27.038349111974846,43.07221130525456,18.121170595935272,19.271687940438277,15.036531588469343
142.37464746518177,594.3086270979404,532.2531056715804,2.6776379532763968,24.34771426389686,143.22816480329942,686.5950431186341,544.027552964473,2.910984360466333,22.829446549314255,4.4681536417699075
108.50826956243343,345.64436647554686,73.4119777734194,4.858880268389417,41.47450736818424,119.56708763198976,380.03175878060273,84.36220840342774,4.854752307281767,34.564077462227516,11.486463119635982
319.96672262008235,127.50501774097111,138.48429631148596,8.907115490573165,19.630364067766777,320.6503028511604,144.88042870349753,128.6480743343865,7.13918865925123,17.60077589804421,4.802373793509977
436.0788174597545,27.854209310921824,113.88384971370205,1.7715586003750716,12.284279500806175,470.62416650325395,22.098619699600018,141.6097743040461,1.841398028480552,9.793352947183847,11.201261156196978
97.37735405844475,18.353898135874307,712.9139431846123,18.43167780938613,8.717024601236218,95.91342364063802,31.621232168980328,691.4191419585558,15.783883472558392,16.237478025757767,4.256498007722423
548.1275227641406,41.71807469231344,127.60983721327514,11.69514349420894,37.51862805679324,604.1521838066245,35.89929880607532,165.90984147159912,11.26790623685165,28.181424505445097,9.554808537500604
36.886155412315794,16.94579086122642,121.50359313524524,17.411148510472554,37.98575181459732,40.60988814245903,17.419655029451253,120.79775946668518,16.77048763814593,38.24162049235077,11.129980320977685
54.02298523758749,10.626794469097018,180.2617429699802,10.917923647073204,18.35635799709972,61.404660507466794,10.81441832398536,158.34825804449943,11.642964562355335,19.104867073012667,11.22958785440199
333.8102447016585,608.7977968862409,771.6212965062009,7.930368870232419,47.26570999711727,369.43905259947746,487.53487775307923,712.7457593239055,5.331144867044643,19.174057598968343,9.163081569875086
278.96128566265315,15.421308246450286,930.7752274408866,7.397312307046592,32.83593986178795,328.81847496902543,14.716863433168164,906.3714368434626,8.161411210744879,34.19979106364931,20.396901769974612
10.97119294881602,96.78458760251183,35.69034900949818,17.962725258194656,36.15215121572932,11.766267302243136,52.233448867693376,60.74929484936815,15.560562100382677,17.353216476141366,9.639851210927601
179.63820768827125,130.77066957225813,420.3564495299428,4.288250061757239,16.42965224536599,178.9642574635406,104.02699696487386,398.70374861819226,3.929297106151408,13.625525161474146,7.4590219351959215
327.69943587567866,20.288396945375798,94.1481418441285,4.714487337214968,13.219151799174217,355.58576308472215,22.713539768167074,145.6327004529519,4.641699107903113,21.59484963360486,7.558359920227069
26.296410372819924,71.54040139840725,13.255621000221483,11.907885273443268,22.662815261338608,26.967926370184728,99.84823564083707,14.352917970291934,11.11142766399332,15.992483817371351,6.300955565581276
108.94270357876395,483.32495513468433,37.772803153933545,11.543943233518238,47.62992872504868,118.4019785654791,621.1056731495794,46.20176097105532,11.778009441221618,36.338088513731414,10.695391871552234
18.18424315319251,836.5636648283846,213.30160998163868,7.450941178173227,44.05970273087319,19.895934959221556,325.9110583602863,435.3912822109934,7.320203351083597,21.57592017453363,7.66950113416797
678.476264798826,692.9390974766708,164.75221520031607,11.625249670319873,27.5500041051617,696.3155306955942,649.4984857485778,157.70467832731245,11.260478948782055,26.94998196288737,8.00186675535801
691.2381180637623,757.6900543130173,680.3557560849164,14.162137866792586,11.710416232686187,784.8679656194424,607.7574296406603,702.2077032556799,12.15436593261712,21.8023138306113,10.53222726384313
121.94335447161397,50.86991691983861,422.9225378716671,2.8796988816217786,31.427873324695934,143.36957534037506,43.7989813412848,699.567493341667,2.225059831056855,40.268665549351226,15.585911457606198
114.34694319393816,13.452912052272621,424.46733116326567,2.734921893927611,38.94840963468364,109.95396584874108,12.059338122346333,627.5533324023199,2.448619844900575,36.99771256013478,10.937878977244306
355.0302044886074,64.19540987738722,913.5027489431263,10.142847056993828,14.91309919124166,355.47346711074744,48.84308676253658,1007.5345318667814,10.266959091990882,14.000237105878819,8.484878877825793
935.8522567052664,164.86359803748718,775.813731638288,5.914975525357638,5.310620351389437,907.2077814904727,176.419430206776,818.3667257408562,4.292007976550056,6.487383067440454,11.588217535921011
462.40562444172616,29.603183315159793,11.967606846552401,16.266267164797764,23.889444814779917,528.315968696978,59.98800855664994,14.375836674213929,14.797370413278598,18.385584824472073,14.920546596587336
223.89155967806937,19.069859265489015,13.021913520651664,12.881804668258727,33.35476663881165,274.51408198189375,37.59360046020881,15.543937511018171,12.679344275214254,12.441597655196672,21.37836129791782
17.800152990010087,25.30110518267062,65.99473207815517,15.104941407065114,3.1681654722133654,18.131651542251653,125.66617992806724,51.08940978923762,18.4759882263833,17.98794971256927,8.103990135026173
39.19727235104804,332.4928544750352,331.0861140575901,9.369865603319491,11.772129374234227,39.07550221111232,226.57838247735197,373.2174676923432,8.230519248720404,15.366924527987704,8.26237029864829
271.95748143834186,19.759293500876048,267.26647496581717,19.015745032917998,31.752009120953485,324.0318641248324,18.442711725109397,402.94205910126794,18.67289661435271,32.17643158276718,13.754284947517778
11.738834398607324,11.184180395552767,38.62732334017635,6.120582444090362,14.391060951242174,12.887306531205164,21.722426207253374,48.524799675045784,14.770570797620913,18.780037689611515,12.066156918675803
772.1132777483368,201.77012455059403,132.66807962644316,6.546471278566363,30.633229495199153,801.8430129993716,203.520992694768,120.924336229754,6.52967785175341,46.93025478741716,6.812477998873723
783.5330598060889,22.753347952611445,40.61248461010487,7.6184558891424015,31.998913238394046,817.4627782880802,26.098528979792896,57.055340136565086,7.474426937918814,30.53028477883127,17.752312588307284
97.32938746049658,123.57486145588186,18.762948811302547,14.26684825447735,41.74339952690679,89.80041536071391,131.83815085294162,23.66462471846066,17.274393368437167,31.7154979825094,7.4622243720631944
447.6729057474742,544.2883066502454,21.935835108191867,8.160242650202882,7.565405348855128,517.7781862951643,40.712408395422734,29.815035701899546,15.314649958272044,16.55203927399798,22.629562533470686
329.33631091937525,687.1006440759863,10.829598915318392,12.116367683463913,15.054395746995334,301.09015992256076,415.44583654912896,12.605102297692254,8.680345144568093,17.53525107287778,22.0930811833915
69.96178912701026,76.23539578559594,288.4396922986099,11.800247969642614,10.798331084377962,73.38471985636106,143.60161339631046,363.790949983767,13.98829752457578,25.035521532788685,7.913273633808705
62.88809071729564,53.3285575813604,12.894076207425544,7.559180072295037,6.403909540262864,66.12850804760859,16.6567132333615,14.709116225742656,12.4476645967664,13.86281052977281,9.052158448884096
129.39030259706144,470.92793916524323,122.83439364075474,9.789661343346802,44.829092428873345,140.02625437942956,573.3610117030329,117.08746150915235,10.207003198545838,34.363520275958976,8.878746337487627
30.878258898449953,189.07014925641508,170.70132340441694,3.8799855556511202,28.681025404435726,33.624477450694975,146.78663734101818,207.6404120368783,3.3750176175922917,13.995999783138267,10.06080881267472
537.2387712163645,60.56244919900413,10.498084160648954,15.964117878346062,8.399917855155941,668.7712621999153,52.9151870926038,11.945877874254736,14.393131444045256,14.327821027795833,19.29360363489449
86.38754132771308,303.08018295197365,18.306400857213877,3.3124595441337967,12.772860990755913,93.01469409078537,523.7894092553581,21.43184075099323,4.349878150596825,8.66298628916457,15.829488600299266
23.929124585697476,55.26662764817086,225.68998157181863,18.94061347598264,20.994987613594848,25.08820259226387,41.88917464052508,362.07772720796453,14.948030426550208,25.241278738317853,8.429049321512288
14.124242104297895,238.186919049827,30.691333369173506,4.849253670550196,24.231375432972232,13.005515888936731,259.4107330920299,30.145710412367702,5.224579348043828,21.287964948279576,10.045709508946265
452.64123776437236,105.54465294674372,95.86932511749316,10.802057538372612,26.547962406863608,512.9204901997826,128.2801147627425,110.45620322550725,10.260561923547426,13.421239695809048,13.649423834787147
117.55850508748995,144.5151377812989,48.138361727284604,16.073521978344573,41.47999548841173,116.5729334874804,137.26472552238994,59.494341976263314,14.857769948573939,31.23408202312386,4.114822770885918
11.302220454489056,15.02779956321371,68.15048621921059,8.603506728473796,32.06511737817832,13.5172526164911,16.985433823750103,79.08303944778127,11.81910853923682,36.69880744331929,16.069510000716825
583.2486833077704,123.45419059797452,111.23411491364402,8.044137739096696,35.86758256894169,636.9624683801044,132.87621111265693,132.67113976272663,7.471648887484196,18.337395615051662,10.865753628716718
12.523329676127345,78.81443009241521,654.7614836144553,14.522997857547757,4.4457909466953645,12.04750723752954,238.7042120427209,647.8181776062377,14.43322641811545,17.037334626351726,5.676118535510771
15.9887620463317,361.2865248764674,103.12784131089653,2.2104048247286334,36.542186284942666,15.15574866449007,502.17864181272427,147.14957182465346,2.293842997399389,21.95165093801242,9.594611523213809
21.64623798712902,53.13891936795197,237.56022677729547,10.75975008960536,30.66948179722323,24.157907883901878,67.20703211968433,378.6243745335973,12.93166847082147,38.34930639523016,11.021038319912678
78.77608434005282,286.96411777137456,673.90875281661,1.979990139205024,24.062711488595717,87.54008573495754,211.6412602540434,641.2457870518706,1.8315378626254073,24.754881952597646,13.323884166767025
96.47869757083875,99.3976903193543,864.4564563108792,4.508561170751682,39.10705929213529,100.35191153346474,85.16779425982715,745.3576189918559,13.446648999856418,24.220301305442685,4.805555496172167
160.74886403581505,170.21287522009908,24.259947463049546,17.303778575690224,6.061048062335761,168.1801058415352,68.63005096172006,25.630252315534833,13.593953216527646,10.280763717619637,11.724329455804385
171.07816317442547,27.415588396831833,42.5887947976855,19.185158196123865,32.24977016044573,187.2592464456272,52.09539427082785,42.09444640125558,16.262393602047553,16.25992458200314,12.64849185299849
406.8137799455576,30.23458330794065,31.72508967134889,12.536382267650087,47.11423140100665,414.04113751138846,51.68283386124277,34.16442578150126,12.09596686084734,8.67799813147446,10.247260261792212
368.3953410497811,76.11738869537066,23.741765291146145,6.803052461493695,20.12767817197385,410.71995468944993,111.13689527605855,31.976988039763892,6.085178193178428,18.93530901399082,21.940677775909514
10.678439256725305,106.7885569703905,318.40240342449266,18.10336971049322,22.06949156687164,11.634424510326484,47.085822117746034,337.54953687724577,10.621465054819256,23.725493771016556,27.56026906282726
11.272878005202871,470.3265570314867,14.239044691277792,4.697936020493524,2.1869190262943654,10.964114056422693,144.15327498568885,12.586129396799898,3.8445055070371845,10.074112294976098,11.2510635810998
289.1442803272967,14.187039662834058,48.0607056820066,11.42903674209646,26.598236234341208,306.1247198516477,16.3013541809682,65.41781628243805,12.42893027048575,35.96083812908761,15.276100601816154
132.1501392261015,32.362286918372135,841.547754169677,8.855207643432578,15.028801603427095,133.2662307111913,28.138734694608594,805.0368618296467,8.231859204999223,13.856841740783818,6.100782539072952
11.012896808138583,43.36550113923796,323.24662909117154,18.583712802743463,34.782841670277605,13.213265291641356,31.06516315062254,467.7035916706753,15.287220123477942,28.847138382290506,22.926558619738657
393.79678571094934,17.404289349819145,62.48222314074056,17.486182805690742,38.06550879645677,394.2996603019621,11.063689503193343,73.3171403341105,17.948163509599407,30.755451888478323,7.038190735909666
75.60971609157455,652.0967286829896,186.5426737050831,12.53613204698395,49.74292274858589,78.90169708113194,383.07713218810187,360.92547057722237,10.369791794196306,18.74906773923012,6.043657886094582
10.32280386110173,193.8717280175428,259.55070355479705,18.137306171671003,9.42092529452033,11.105243979982328,150.7535030740541,458.10586754386475,17.865659231020214,18.563796005558235,11.14035318222209
97.90283573224474,862.0074137911986,601.4599145503729,12.5811910682629,9.533038042198994,99.85790460826121,410.1151652753483,562.3450881795367,9.469471249111017,14.832428508894205,6.8842645355525045
157.49277793048282,907.9424339960617,516.4268734323233,10.375021170900396,2.8876944127563124,171.07008864202348,584.2162873765482,443.6107428674771,10.107376654461635,24.43212867921345,8.464129373909918
71.46840890379727,147.737760897168,11.559482334711381,14.556932505896023,28.276017883736834,73.09445635450624,206.1202507317369,13.400234217912477,13.92228407470627,19.864139890088097,5.6176567616579165
130.86111851820922,36.39821273848354,362.94227275753053,19.726942994638957,45.557775456033816,124.10019077838953,28.450289397681523,386.5568415627164,20.027336757242825,33.6957058719844,7.752378711523633
18.30049132506655,718.5534324654731,56.947026800344254,13.358540006765516,43.36089017062078,17.90114642426909,600.3870976589254,70.45517594749396,12.470638488636606,32.265544971830785,4.682362862886892
33.02412102041635,350.924192171815,946.7687179221307,19.126400247892224,31.075540400291356,33.9805074101746,82.47064568967672,767.0644954591527,7.9193042437992025,18.033789351142197,22.854946349356794
32.208262019474866,266.0212868400317,198.37785237955035,10.674196053412416,28.641195378057024,32.78904163276509,414.2272235544333,134.55532314694258,10.350605883764802,24.963302573970225,7.088445064640274
46.266653105160955,248.29899386753175,10.147913628662355,16.26115408537626,14.172276484159472,46.039860456175106,225.56387420670927,12.186408231546325,14.163274874276848,14.15001093142659,5.246353095827051
149.3723128586404,40.95038609174129,18.193085113383795,18.14012633558292,49.09550905531933,158.661520300262,45.84495406372664,24.227370867146156,16.029040251152995,29.24434477581557,6.0017961120384165
12.430859594159484,217.72280978070194,27.466979541856798,1.5029172040034011,37.42428307343111,12.307349888015677,220.7826355511054,31.36274189798001,1.5900098655985093,41.49286440049009,8.970057923790627
44.423154172856094,284.7931022876101,14.188250460180255,3.5879302894229466,24.06140562287379,42.29428780970692,362.4450617877756,18.49090388480041,3.872866348948622,18.389818344581748,7.944405041603966
120.3300573668272,40.182558346260414,58.45146230487426,7.268221225267649,14.554390862956893,107.71372059133874,38.81494546616804,62.11357620150078,6.709011853455596,21.013552637786596,10.094096087737695
186.9623334047138,277.1660832025083,56.15280695766096,14.608324244089093,29.661992228997264,196.2168718072724,257.72117064143015,51.88278483048937,13.522662455569957,29.99877689024535,6.929225105908177
171.74404267457234,17.08823408553554,30.5344875934387,10.866264871021718,40.24839450642817,176.62252676189,13.86582200154112,32.84081682797687,13.05166290524112,30.588628990770182,11.655459055637388
149.23988485867122,52.48282608783869,56.239185124750676,1.4145120582319466,34.236486855868534,136.14244151767727,55.481788160905744,49.469900520867796,1.2440751801756986,18.579980496303786,7.385300147129796
146.04604647184766,327.26228687563923,71.95310135336555,5.625120169015199,11.228069872553391,141.96370169663282,354.2656483456147,73.7259762943278,4.973998988240166,12.982642971244076,8.303497732508488
332.8742629988296,365.0604097770939,253.85613796512172,15.163170822038966,48.24512415211185,360.3894107387164,367.471646832621,246.87431461031608,12.957093179281168,27.82306249327867,7.837996370788145
37.84997190199487,83.39399147237555,12.07985784200567,7.1462982280333325,14.587655271180054,36.28320791058206,79.01886887698386,13.316179474991344,5.884639898113063,15.949374782884679,4.416461746390226
693.1066638197666,10.916123919368076,191.33273729216026,2.8037409486089806,33.052231416727565,782.1137949759965,12.923421348716555,442.87431434847394,2.804082663213596,43.89885174981531,11.256900894882536
83.99154033479378,49.92105517862466,59.6817046476389,17.61771704370365,14.852228028367106,76.12717324072871,93.68321561638489,67.27145605823524,5.562553462665477,9.930188890416389,10.399737355689938
25.304999402357794,77.77993026835611,22.140007938980542,11.371809416876932,26.772910824017004,23.407346637318533,95.16297544571435,23.925265204492405,10.642504734190997,21.990935642222805,6.319814208597026
12.139110397798705,41.16940950057666,28.84011073664873,10.178860086723834,28.674985217713623,13.295950387513138,69.37672825615978,26.194003179456416,10.455800022589688,15.612421562498298,11.947153626292282
791.5919959338255,151.61049887987699,32.257112467420036,16.524012059755588,12.507012527737723,858.7883151836309,178.6483152113564,37.92845202318243,13.520129911659026,19.30705162803509,12.352118130455894
12.198491194129666,41.5927201566473,369.0837393244075,3.252656734767289,14.552382381304373,12.944912666006207,70.36855435692644,455.5474001870956,3.5738021459544123,22.34552707741197,13.24545278101626
15.867476686476772,265.0554626322672,55.24125692399926,8.32685982579801,8.276587485701139,15.82022260736176,204.235433035303,36.60380843859809,7.443024622007375,16.477231907719105,6.785605832103976
328.7205410182569,34.97122602716501,31.01205329854986,14.681281094695356,15.753036842446269,330.16994497367136,42.328437589958284,36.2955267993991,14.967871683559093,10.405163552384158,12.58128718619905
134.65836841343872,95.40204726886226,839.9146130763462,3.211797488867571,39.44316443273466,142.57510093343774,99.4096451158619,590.7234515380549,2.3288034226810312,36.21065555002753,5.9255094491581675
97.01570939824593,32.20015109316316,90.49801603337919,19.114748191106646,29.24579359057341,99.50007567925239,31.59104734072901,96.31801970769109,16.800563664549465,26.678474009999913,5.180366822814954
23.172407310963386,21.77235028016597,22.830261221231474,7.285979011006924,15.46977035324835,26.69326778642191,18.510341541096995,22.421430433735974,10.43931316613571,16.030361551856807,12.39022272788675
808.0748836602273,29.78356818413703,244.47866432337113,1.9002872172791023,37.91613990224068,965.3242744093678,32.18103299179815,502.64866177122343,1.809462873837982,40.55141543241008,12.563466170515653
45.84569157322445,657.0423935020608,20.52833091793223,2.3601519128537927,48.79740968166491,47.96970484971963,679.2116871228412,25.439448302755416,2.6916340985709266,52.727268825567684,11.48827836998586
223.44297955541083,143.59633201113485,71.35127235359778,13.395336848696632,48.76826497666575,258.699415308561,145.3942323073654,89.47131205712724,18.16691600151193,26.564200287992076,14.975183099821276
339.35479128371435,16.00200162091465,137.4245092512998,7.4787052482060075,3.7986557626491804,386.73030306941297,30.913401684554646,150.56245619471537,6.261783240277335,7.902358231790487,8.722704007847636
259.11775196337857,647.2828447752817,133.94885084574966,2.289126875175909,14.999620853451178,238.48969471436425,632.3579632355494,129.14604399602877,2.661097760468586,15.146216390496443,9.993969026629532
775.110444693214,368.8341914255694,54.50160517112067,6.550530355871209,18.446566418020268,902.2098806047128,389.0866525823478,64.34859366586981,6.468527400919883,23.210545413610998,24.31183843794419
14.471602196081154,467.77543136437936,116.10151681696871,12.496224023762778,11.446264806814973,13.581330588128747,288.1197179150566,86.99641418914112,11.636990785977932,22.585109566064443,5.904844495801993
346.4596329924622,51.173216109364944,32.989400711976025,9.652447204723009,18.060448009364826,362.87979613904656,56.397933743753114,39.66138918411252,9.552785959814116,22.223964584295125,11.24981471261405
169.6321074933748,75.94697793522045,534.1381181814791,12.28071999541028,16.78711747081766,169.74050189177598,49.04354650138672,606.6951710755458,14.458976297261671,9.91572736199565,4.462331936697848
370.363083522349,47.807463821520635,637.7689089420466,17.20307466686431,44.690161195886404,426.0720250324959,35.05080956687847,566.2038317528315,16.083290549435258,27.615578524400277,13.137766360579514
77.95769055481924,181.70882466952108,355.14028948336687,2.229578305787657,33.577704789444105,75.63972053184293,176.6944666651011,411.0260715836675,1.9374311644166708,47.5666220133038,4.537671825211062
64.42811735050846,563.0009105280707,210.52901543692025,2.0086978164126466,27.97202992576543,60.42912438727954,609.0838414893911,256.8725641213053,1.9828265037754949,30.061527117621786,10.353162322020857
780.1424985691153,544.6854142102528,14.433238376783404,19.60613600682319,21.880271105614735,844.6192083473811,476.85687259661233,17.135607133454517,13.241044025853778,26.71496047288805,12.86271832914955
598.5877359212814,143.50809869872324,16.032295043376056,17.06670168307247,24.934125877546183,602.7799585507039,133.23746056985027,17.33103478422525,14.367515302874686,28.68118042261302,8.981065284191553
67.52339753928683,158.68996536530668,839.3490426180188,7.779807509886573,20.44254775663558,71.67146603088958,145.08149838804198,886.1383621951571,6.551055570646221,28.125419215748302,6.836758251389045
29.954770231597593,51.05957247857223,38.104942417445976,2.763630621023545,35.42962417979649,33.98178503849927,76.33555894711141,44.31879841543108,2.6166777885162222,17.488349055926697,24.952649922186716
336.6364080080989,528.0462239454932,40.848821023231274,12.250116652554448,7.587914541600808,362.6265446313781,378.21109533827814,47.49502520185652,11.985147054284173,8.114185771260116,8.83551954954888
421.05787286378353,493.8799902125103,221.88006628855766,4.960410081453348,18.423711335574914,477.05406641628963,599.4281803861801,238.74238753802115,7.047666630135592,13.658656764187004,11.308147675605667
11.52396628884795,308.5946656747997,40.20532291914491,12.610344614075501,35.335808669110065,11.242976408869753,261.44292726510315,62.15383822702554,11.569124810977332,23.156704192311,4.522550035026668
61.64226540104208,35.742797349446505,75.34689029513777,13.457156965203756,21.503703872093755,72.62542171265234,21.885633968184976,92.23873547064782,15.0738906687333,15.666612309465423,15.207140392851434
186.06442800332235,22.956191515676988,35.244954109985635,6.278375169725532,12.18849908294064,184.8306599593185,31.249148726407963,36.98912766340542,5.480347239967364,20.60802769951346,7.464081690776951
893.6559304332437,86.39111342595189,16.433816631692785,14.694046883296888,48.15047381520499,895.1717195991049,118.33212969339279,23.55534513761854,13.119251283073453,36.64517884488342,8.150911986940471
48.869555168880034,22.856167353924064,20.161924199367554,18.872123037545045,3.1180135379565286,53.569699643359044,23.759308732843543,23.5367127409612,16.10990217011913,15.355253682648456,9.627638050260213
66.94304525852723,123.17781636705827,959.4780165028325,19.080519831557183,7.386155838559354,73.22945313960331,158.77309856982004,890.9360458241256,15.168134816563176,19.8883110275733,7.774725142840129
468.69807746767117,533.3133946852951,27.71091205731266,8.097420460602617,40.309688554425215,569.3545568174405,514.1735521371106,35.60210978232284,9.675368423329974,35.11934268905898,18.273684987315402
32.48572581670441,54.44123334473857,10.10171056940571,15.738442895729552,19.649926396472413,37.92229306731976,64.64758591700877,10.494707781745982,13.901128783953745,18.083252058729222,16.591658553080688
58.35554353876911,384.62359877830227,602.697337798407,5.65945802319159,43.256422351482264,62.647729886040956,332.75989202478513,507.94933321078463,5.37080699875911,14.330767775426553,7.731265255158746
155.40510303837158,373.95164178843305,139.11902557151276,17.169884247297116,6.06225075546487,164.75666987853162,221.29592176439152,129.03988932109695,13.15315442697142,11.87559637511119,7.168046573177524
22.272487345469337,123.80631345229426,10.564516437795117,11.889425949513187,29.945770756836623,23.71219016094402,219.54724887502573,10.863854137247962,13.770384057174061,16.88954867990174,5.4135668283860605
131.47498466218926,158.237325172305,21.578422564850847,10.323743212212689,7.177521224367232,142.45381976131375,35.73123358189257,25.920645712950424,17.960529677294236,13.171513324703419,15.356459148664495
10.474386832893261,580.6234440693943,784.7595399946088,2.1153939588693627,32.12352041886446,10.235134434595906,379.93178006071406,795.1797458309884,2.706478221490502,15.399033657540656,17.573287383859242
13.24644808131233,268.7721096541705,53.713404602226156,13.294979874026037,12.644088252357847,13.148150340262351,157.76213118390604,55.55417132088981,10.979881381051923,21.007607042246736,8.23005452634428
220.2119598728725,463.91048818900435,201.43648643936143,12.226007619399663,6.115577570768006,255.72291979681793,344.08012364497694,185.3325833551796,12.356042903311696,13.039789692218749,10.62347225327282
25.86250582285643,547.3912010130842,37.140295994014444,12.870927452286843,35.18632060720061,24.969902697108015,613.7700684966394,26.35426276392491,12.121621451694208,30.518627283982873,4.663562640344179
15.674031057857125,29.68993775066972,191.59111722718197,10.186037089620294,45.636741490651914,18.781238237911943,28.51157529042048,337.80638797756114,8.392788572358802,49.495293211682814,19.64197289148427
35.548926122695775,582.4243829349574,65.97202053615707,5.636336977195737,36.09943069113335,37.90353633610416,635.3161896888267,28.073152897490996,6.245220123958782,41.34643185098278,5.3039107507636425
60.55151834359316,256.8288165880953,629.091519385231,17.53443984061151,22.14101448644775,60.49963214288757,260.10245038152704,544.7031332471877,15.974439670139263,18.35227024691666,4.994163272415113
167.02820018351852,355.5962555552774,234.7020709568349,3.9015571442472265,12.912843625604724,178.1123644370456,416.040708404072,230.84558374653759,4.25916766322607,14.77002027849932,7.014032342775628
11.180032124795899,37.80711690982922,21.621878197246197,14.432584214250193,42.84641542685582,11.462741428659173,73.68207516796068,18.879330006377575,15.005236942247164,20.90488873794206,8.493206148914883
13.497054740679376,14.17303492562766,957.7458704304352,19.112081637300278,12.533366104375427,15.20122034901957,19.252014564557072,1110.00813474284,16.722280634303157,20.765793317200313,12.398366208918448
50.771368832816584,766.0631075209352,591.4938401022588,11.601106671085384,24.82344021415257,51.459316859987716,402.42243818855485,495.7669848975408,9.303214481659762,19.028785546897563,8.361870746534327
36.7462158685319,121.72440912866622,113.0294274201201,5.70042669932427,18.698297594231263,36.64834927175226,98.6985273247691,127.64775778617282,4.4119852551774015,16.1024178790481,5.581820965553617
649.2636620059372,19.09831564452551,646.5771457617878,17.72877855232643,12.232739009849805,799.3714247917459,37.79930693293763,652.2017239739472,18.59291131075341,22.052013076924613,25.23419186474808
204.02352006161377,137.72266882677638,257.42918362453923,10.536394766595627,42.67653009878365,208.37307996870683,91.41157860143042,267.80778807127996,11.825802751238383,19.630383058848533,5.932817039078313
204.9249912822024,468.469439283702,13.568174810488284,5.120340670529235,8.49393182432607,220.61464641438673,464.9100944865755,16.880921692083863,4.216522471609152,6.822665811327715,17.509285493962693
366.84523469671274,291.5256316899112,15.54478422490182,11.693039915529324,47.93725768184435,408.8719767021523,247.5169837159615,32.499854616896485,8.338174566564048,42.788516970257525,14.436950536172219
216.49201638250648,778.492750913314,114.16924398077795,3.924903287494611,49.82573562794215,274.7166003634896,968.7195184769092,159.732087334408,4.676691900371092,37.69611454306134,16.995309274274597
17.054039958183004,64.26669107253689,12.749435672648943,15.063864944302079,18.124316287541756,17.787734471095995,78.50524240584542,14.615135640699599,15.014068778095739,13.135774857085028,6.725898346588238
128.89734845359982,11.942611022166863,168.41681398427346,7.269222064804785,32.57160732632804,139.6341946185159,9.3724203163705,212.83170884920432,7.466287795653041,28.549626784151457,8.664786369022208
38.7683330772146,20.452015706156047,23.298338328910038,14.682727980631629,24.46624940504886,42.57634829648108,18.64659317359254,24.25881030905266,12.43613150961883,19.595268853422706,7.983943316495629
112.16159883107194,502.1834187856583,982.3234582333733,3.037006071342672,15.026630375601778,108.58211690234491,511.530136888235,1023.2573126105636,3.1409289216185834,17.263940972075957,5.206225401367661
10.343075259866344,27.31527334284956,340.4337044901934,15.009026436930384,4.9764073598264496,10.370242860457411,201.16743985148156,449.41080905845087,16.25565695996056,18.187180907241128,4.108321621750923
446.946737069365,10.310183327138796,596.64152610094,5.987062982479235,13.491211439041763,575.1567194589838,12.850762764431177,1129.60244046442,6.219238400455277,17.66875784023805,27.53050795155108
16.768844059125318,20.57365460051656,239.88616529661962,3.5533740692844886,15.621527360262608,17.56858104500662,92.26095580242657,241.92721941184936,10.188276227927142,19.750648459617043,17.158437203395398
713.272760228404,920.8455049130544,353.38345735442954,18.393822377225202,8.552203617161172,758.7521370494953,498.3799759671657,338.9405554462849,11.684037136575544,24.15222592522898,8.041568121798155
300.54442004283703,175.4344947573314,558.3933218058392,18.810214760278235,46.14409286360333,288.8770943663788,162.97651220142686,410.07755784858176,17.129876583183602,39.62642915290239,6.5575411256571
237.66363315851498,17.225130434744635,873.1825134390605,13.097300866410432,26.777090813523273,255.08073107666218,17.75614981825717,559.9091623593532,14.124772698908538,20.110404494374947,18.23432095789569
948.8723620088222,433.1274787660336,304.2490742520509,9.906426643265096,9.338101862064129,1006.6731726251822,373.43713738527987,296.84756975435636,10.348531622637017,14.788780776408958,5.725994601867899
830.0048746797613,546.0933143609863,93.04947744529306,2.7466897409220143,42.33196908229526,1013.9690915274728,581.2257350560656,82.23390268905366,2.4157764337802026,47.460378601168664,14.462674094842814
66.94202358658758,25.003844141828296,125.77291258206355,19.465286677956577,38.57094929008656,72.04457307094248,24.361042581263998,170.18073640741838,18.972561118193674,39.451890286330084,7.642590390092809
38.1810233413575,110.54753358957498,83.16877965902879,14.954373788963371,34.36179276581923,38.399406647991896,161.1090046834094,75.57626416052044,15.831580611396976,19.24562603647493,5.665450226732148
33.230112273447645,700.01628926034,16.960455965802478,4.781564713835249,24.41420698714608,28.059757710303188,532.4441483726732,20.36311554196642,4.5741836989662605,32.86440978341522,12.21477273668145
16.61852763851837,710.3042112197584,127.67229972190025,19.96214360521311,34.465580448833094,15.94713849100303,165.81314761643162,319.81375236118856,16.597119894413296,20.383099862143997,6.603481904364042
703.5032220183658,439.1434277560068,15.12941845638272,2.2777291709448093,6.11147930140804,821.6250455704236,48.46860335015112,19.07220276480983,4.773370651443231,10.686046624388888,24.35775346702199
19.500240682077056,29.430621611084362,11.846530463637071,6.701311390837016,5.0921738939802506,22.61666739043661,13.22136248044843,13.182808412750168,15.26231240500313,14.76635915179246,14.71747925238826
214.909180441215,712.7392301115035,297.0967712733773,11.384674502629194,45.10198903287179,230.02671413434845,780.7098942708448,380.022019938385,11.80839830306326,36.785396520707366,7.1928057098019025
606.0091622801951,183.73220583897515,717.348791544325,8.50801418137348,37.21993345949075,693.3062820171571,111.77363495261375,601.1306209851626,9.559269746720222,19.545565393818293,10.483861602138152
49.55756468906395,16.055154389338792,40.1917514702975,16.327420693696364,25.68701758491883,53.54356610890678,17.034545736141464,42.414359170139896,15.239165317532184,25.53955731274304,8.587947192561831
14.327128868856374,188.39018008620403,389.42009360987987,6.367115543536075,47.10599009472733,15.44119073791956,164.8455229199375,299.55230587900013,6.673159934151775,19.638923017571948,7.2188273855170655
12.567087621784973,69.4961995163964,400.5059647516629,16.418245181815447,22.14672763094819,12.60923403987939,146.35912622520857,423.94656419012966,16.164106140242723,18.882470693225898,9.069408878420804
154.21646558204822,134.42714512594378,25.52868861462187,10.336663101388108,44.20390522126019,158.52099488820738,126.3254892189891,22.64335167622561,13.11936746750658,51.886815821921616,6.280437998170059
19.00761573147109,19.21926697121294,41.81071413603598,5.067630185521807,3.085917481125776,18.678575138204852,42.8352289071173,41.82745464405959,7.919152843347216,17.704808036649933,6.476567302056437
12.471867566158755,114.26820369549232,12.863374019443842,19.560160530726098,42.28162282638961,13.40571366888714,210.6772404333734,16.19001421324219,18.075796642842143,20.098427874439178,10.943902962088746
11.731538384239755,228.12141046256303,29.809109677182754,8.755482871091724,31.911405560465557,11.573171515223661,222.99780224517835,28.02282592271739,8.516374124933646,25.58862585963831,7.6928155919321854
282.5761253291607,197.64794851068552,59.94874153717406,15.98175387639067,48.64426099514569,322.78766836003535,183.01400223752495,54.26015505397751,11.34248719666046,48.27124162188655,15.414996955276466
54.234853384319294,301.72043164809975,727.992478650469,19.322279845489557,13.405835950358988,56.65984588743284,137.96390476000172,752.594231622443,16.427684019090158,15.502012395287208,4.71937995924075
73.83371835704847,468.2590914845326,484.0152569798187,6.906198599922674,10.581683253905108,75.77639332168752,385.60522661769187,502.3108525925058,6.011193943019962,15.075402166997751,5.456359046917207
933.5939571546033,488.1303034476287,65.34791759643319,17.64174727490319,22.82004399230796,944.0131772353889,479.0764815709895,65.03108949257519,14.512663254461156,26.940055190396254,5.214698599327053
29.144329187833495,30.84365233789285,23.559880809311355,17.07111983743852,48.862389879293396,32.338207043171934,24.199706907598767,27.205570742448106,9.408554257950861,20.787542635515056,8.446110155246519
21.832701848202547,350.87171394823287,57.54524826601209,15.782695375991976,34.365690546779206,20.79166858937383,351.7761872939387,66.1072234469455,14.24983815792788,22.13876250330551,6.853400722905379
52.61488505768078,261.735690338627,44.32513699237776,14.490625738718089,18.135618798685016,54.68049445759527,244.35269865000635,40.38099722809653,14.477879713635327,17.76913996276257,4.9058667853406615
14.931959692026345,35.044613138487655,404.66149515277,9.353819755379538,45.62837264669357,15.515047240472944,33.74935370152874,458.38225430560306,7.407274737425553,37.10655465704261,12.20169990522046
72.94310306091745,116.49888785708396,206.29890978774347,4.114316291365466,25.64416073373665,66.26984775281005,112.67075703495517,212.9524130725902,3.7142645567069104,37.420093887885386,7.5882509722566045
632.1130710351704,50.469540152408804,407.9495400711144,19.666894111564158,11.928552840685319,677.0529748015011,112.23299147925941,415.1399999837499,18.358298655458444,26.64995753654099,7.221610366920034
125.57162185075427,351.06037482016967,209.5607417762083,3.739579556729078,18.704167511915138,129.46563734076977,370.8947952070862,194.96016833826133,3.85402373848213,22.509847582627618,5.609386349607486
119.46210619287915,882.3584059665124,97.89759883614812,14.418733573654276,12.19084740953986,130.98501533939756,564.7207738735738,78.06354132585011,13.35944225976341,20.412613597047464,9.416675637219447
36.05328917221301,12.114600942818857,45.76701928383915,19.87743346810767,42.05234737065928,38.09139859671169,10.800430371566973,47.76097742147051,20.830022822931372,30.919193291515967,8.76925476213373
77.72189641594822,140.04559843612893,39.85466635382048,17.063692840764705,7.527485904359886,81.96506030449699,123.25839456688657,43.2661707476609,11.627483325717476,12.998216307187443,9.15665885406525
87.60374701946023,23.568067293665056,29.314659614811884,16.173447536203852,2.4989852922847278,95.19867121498211,30.54378682872506,31.94107954915331,14.458568637407637,13.676319533678003,9.256223659919783
108.15553033904858,23.9340757298356,47.06863164147448,6.254607412463503,26.771441149373658,96.67770601024242,17.8758155292169,42.460540305002205,6.402223917195195,13.135272126082247,9.454235475102731
38.80894454461915,18.429942159288245,12.172107029763747,7.217901268033749,26.477272829836725,43.625270442170994,17.542159956403236,13.488660374240881,7.241291196031403,34.19098882043582,10.089617217419278
144.6517921842685,59.527865174142704,903.5887509470791,9.28746639869121,11.89609703010117,161.90861488714197,52.959805062971476,788.7049658441779,6.087440548646482,7.812951592629745,12.114184884145775
72.62837205615611,272.1087105074877,274.206466307592,12.833089604468597,19.448484467693856,72.33484409546863,228.42198851615467,238.3068910387527,10.804365045520674,15.490683802924304,5.271774649362899
89.16719253495552,578.564292497453,263.22976426168475,5.097186444639977,27.87366213877374,96.41441776661733,691.4765928705602,303.19585929962807,5.671379332603075,25.71302022846477,8.638459849502182
52.49149400935835,906.186619273053,242.91672282649856,11.9900093451503,25.89942293863948,52.362993867152085,755.1774032683877,170.06706368978067,10.445967716233735,38.38402560961246,7.157136587261284
129.75109493806,13.035031106257168,157.00049664848186,9.153884007704088,36.034094251252995,136.9798820978586,11.330345415034472,342.4866605745539,10.085053057989125,30.214156033664935,12.201750665086161
242.39602888987508,87.52834722996064,133.44572763798183,7.34451780358666,38.991732656836064,252.93467954137054,71.70002701201322,141.46022703603774,7.194876839085827,24.73029494971171,6.337549883750442
44.84471745018705,193.446304467725,136.8086600433998,11.166658974050746,7.26983069653036,48.53183767542624,137.89640227507903,154.7121217880588,8.39511851948819,12.529659873923144,13.586746964349693
29.834107696448246,784.0811630614829,661.2370276039471,19.60700611220945,27.390823085673052,30.517908857662842,149.31257915284826,717.8949242691837,15.48166795898272,15.870369114322143,9.07708855095964
544.7957754468407,246.93710380223817,773.453287580264,14.571444640748412,39.961953311947276,668.628485453936,179.74106079507257,823.7606780704169,16.839124535825665,28.199091955273424,18.332526978288744
64.3039046825103,18.201878788534334,14.105105092275975,1.4380836589793144,21.78559289784899,68.92291345558972,19.345299604475525,13.358376743546815,1.2029840889693328,13.401512040858584,6.8717642216522155
383.2304637859595,114.61167973405288,20.61720616110762,2.273894916213181,13.789259892187872,401.5951444882748,171.78996273289616,23.532560518206758,1.5011560491330604,10.830906416005345,12.261108858054452
32.205505026215334,413.77660516871146,731.4323096535405,3.280841681305846,34.14384703802701,33.20435570679345,286.9785576184819,684.1699704166292,3.3841785423602886,14.644249375804261,5.465533657160376
942.5132064585335,28.901384191622963,196.63151913877982,1.7989017048917118,5.190671843041049,1008.7161685302636,30.60618275666838,212.94658586988587,1.51105233274358,5.52725742259365,14.540974283593913
66.92038310766267,28.14383516421125,75.40345608587481,12.29202814877004,4.163563360347743,70.9115999698839,36.5627988752839,91.87762250187328,10.236267102861625,15.462503618319442,6.449035776345884
18.10893658168178,17.759123217660356,186.9813663112395,2.184455714986557,14.180033183495482,18.283854400546602,178.23339268982943,169.85609974363118,14.586380700812464,17.51343240964321,8.06144309261617
80.44971711246605,456.1459504874629,202.01571951009663,6.354354865282637,2.594354888911869,75.54369037801709,274.8465085986419,206.18423883623655,6.414398622685681,11.769179788413147,5.76592542401494
53.418143934548816,53.67968876381469,730.6035436849079,16.4958783238606,19.46822160089232,57.49518380488265,71.87384537332298,750.5549972110462,12.00473203234462,30.010979134322458,11.860242470751823
54.986605124975064,239.6923968093011,157.10497506117048,19.974970707143065,5.708565170207532,58.35042845996143,161.01365467648827,164.7431766123074,15.941927829818324,13.035995634673194,8.968066568190794
57.82325340513827,149.2892350749899,14.66133455784806,18.466366084877524,8.200351252151865,58.910404299073434,86.69796876712432,13.816134890488657,14.108526572772169,19.834675797666243,6.218643884770567
28.8708856042895,120.76553766109328,17.895136554284445,18.861387022325427,39.57146072682011,28.949663533992855,146.4207493355976,23.11407914224531,18.149673128553818,26.00000794440623,6.1804874606582825
994.9808460794782,26.055193982460754,349.2177632861852,17.93814533251108,15.84469748709597,1220.9036611687914,44.93134049899316,529.4215570172173,18.30905284129861,24.636532567644142,25.485119019773556
290.8179564762362,104.82485682670675,27.375444693161757,16.88317767034598,35.651346240862836,313.0612542846592,121.53945290123346,27.409766180370756,12.331611824999742,35.1723872931765,8.133718925638073
384.7837069732941,395.08853903707177,631.4987954024409,10.034194225051786,6.491784509818356,462.2900507580207,690.1575978363073,638.6721815317906,12.618671866851049,19.603159634504614,17.43060214451106
47.65041740316371,12.147045964062146,26.852540967160145,12.725884176275924,45.060283147428905,48.32147986246487,11.85739076292278,27.722711895772708,12.892290842807776,32.45318393465839,6.70065442110345
986.9423248445318,31.544433411492864,192.09151535101208,7.101416145481804,23.97647553639318,1002.1742131736034,42.619110210711504,229.21310357432964,6.616569948236333,32.870593639348016,8.024942381317043
754.3853871305057,50.7705551874848,208.67713000019583,12.32989989594982,9.878606485852933,809.1650033277989,77.31892104244797,273.51551426416097,12.862369565540192,17.361031070032105,16.087545867580957
49.463761356731304,114.8581649845522,39.682977803766356,11.312945601431709,22.73254000983372,49.363343575265034,151.7577470940035,34.18219020339088,11.549842619157253,23.556881167695824,8.640335320448052
55.44694605929171,88.08334370419222,46.701091274667526,4.542794108440583,18.305933431840597,62.47269543171233,95.94466099155875,48.916381521201835,3.7322672660867835,21.845317060149238,16.243010743436702
583.3083578376867,352.6061508452919,15.60076931599472,17.80645966310911,12.904191916945893,627.9098658317312,364.68183687524817,21.788303441798476,13.153849311770907,12.87516073201122,17.135958949558553
107.02877084082817,113.48679639385595,341.3768543416095,4.129399647549037,36.31595870271007,115.93754053609808,96.29297489122675,341.96363286574086,14.308171332307888,17.311451912143095,8.11171726561401
26.47623267046261,206.1383794362385,55.54285530699905,3.7096756390078904,28.617328263026895,27.797302657696555,239.51639743750144,70.74092525075963,3.5923696046248956,27.935785321096503,13.289576431523747
267.4565975837069,80.9745814754181,353.9438305708417,17.817275872514656,24.477992948656972,286.5024779633644,96.17577547998208,373.25173146992626,14.507516513683928,31.33439711173721,8.384012675898877
751.6511753304662,94.44447298517426,98.86591648397453,1.2703741838486218,39.805183859178314,694.1451784453893,100.36846630535861,90.70074916101241,1.1366492581059877,24.331616301681766,10.751696922538628
129.4174169897727,263.2196947177504,70.32246460583686,7.784665688219153,12.718553308643374,134.7708733146443,276.01199926188065,69.278292879631,7.569639372195307,12.642063606330666,6.322601242993972
509.19369609863475,33.61787823971576,155.8613827433167,10.03983727579783,39.53096411763849,543.440563195123,35.96681386965718,180.93676690012813,9.260177856556265,36.67662305475498,10.957015428025029
669.4737799515557,254.30395527366653,96.26884349721617,7.178984025529324,2.808537881542332,674.2907998434202,89.65844810252794,104.6128111911638,7.758390613142892,20.681155094751393,6.148853265307865
37.15475069276844,41.388523278434036,23.864394627039854,6.194749334658519,22.384125270177776,39.35973492515535,57.19775328184447,24.134862930531177,10.25105376467582,20.057396696981304,12.504400978484922
262.9777105326312,179.52913250327015,41.7443351406506,12.260838186687968,49.84473956432642,271.8375379702368,167.14887338886277,46.16597539184451,12.925519236800769,52.28254228692818,5.103126158575191
33.455486195798024,359.2445413053979,679.4382308887608,16.063368790633533,28.613988959614375,35.59273567013162,178.87517301393652,809.7094604113389,14.056022763087832,16.58974393917458,11.317543184245784
68.84381631050871,185.8644432759722,118.34127516001604,1.1159044128075748,41.37592400739134,82.14509582816231,232.89043854382263,134.47955505919103,1.0150875379793853,37.91060416775343,24.989527851132127
25.20803437846407,65.31787485675339,63.974271212678595,17.150975828187352,24.920091477676543,25.8671663038768,50.014534831987326,79.96165239422675,13.681015195551637,22.4840648994554,6.110603006957019
15.051000731196508,359.319644738209,458.2855939373951,4.347919836592246,46.286830478338025,16.38205284164241,271.11643581547565,502.5993825140321,4.359168102928416,14.770423455301314,8.428291522679855
67.99938183509505,99.90215660686734,44.59243773968468,19.052563977987727,34.61001944486046,69.51647543706197,95.79905489807962,49.413642371350846,16.06063038299493,25.49014341019018,6.9324633783604375
27.514699671115665,235.66528691691465,158.76609181435117,8.795212392393255,14.472400387460707,28.596703672695774,242.0849659109277,141.19384813641258,8.378350377956513,19.115670513928286,6.716479557604344
13.510086626616975,626.533901028506,19.771906203468216,5.304814266405712,27.790897254603333,15.442209502486397,540.2204923143191,27.46118749659,5.318098488993289,30.012259385330854,10.547662204005823
177.53258915009437,888.0396368470907,29.30968585331038,14.119190729039213,22.64557167667154,190.41665151146498,780.8253599215425,20.113857273094393,16.073611840255715,24.05036801492937,8.471638278536439
25.202787329122074,41.969517491404154,36.441025343192905,18.67210244932197,30.67553332364799,27.74062522861719,32.71032536449358,47.39288247541822,13.118261666827367,20.129060277705708,9.758069830127376
767.6643227065044,16.396016306016524,120.59445193791497,6.526032073771532,41.213939773837225,857.8605927237871,17.033578286999017,139.2597656657165,6.49974302200467,38.12235705452606,12.965401123126957
68.89634878984975,275.29714368063236,744.5985550356012,14.617713550795374,45.906544255581984,74.45160300936216,213.71137440473424,682.5419757646532,13.501105003041495,23.44621621142596,12.169503834657974
671.1295624401204,388.37970383631966,20.763650600541013,11.500034709630382,11.053999115822288,773.8152453735133,58.35074025411429,22.857412718879285,16.163433476572223,23.005082097249762,14.548162003020717
112.17657710541486,34.89975285942529,710.5202541814824,9.366585660144596,27.543548449757285,113.81013536452757,28.114983951134548,796.0433340558449,9.970637932556244,24.282341402687223,4.997522472418666
21.389666396146833,139.6972825628247,16.04156693429381,14.732055903780116,46.80298271655177,22.237255914140274,227.54742815109984,22.03361997556512,14.272155082014857,26.772888394436947,9.17362479022842
635.4549372973047,15.09938134842875,79.95930750538231,7.484535709123726,44.232822968028934,722.8194048108282,19.143301995746654,122.8657655877151,7.260093194308539,47.16415631334729,18.30060495609991
679.4106047555365,38.23519804795066,89.90764317816175,16.711578432888857,18.384875060376164,792.86816580361,52.29919905292274,87.22818685437484,15.197091251988864,18.35375759464894,13.917427525695688
40.10099082627553,12.401535790630243,21.867608564876793,1.7468896548828332,26.983566420669316,38.343183673173684,11.110889857112033,26.225575761967953,1.5400285435861698,31.358383288116983,10.724698678413798
245.75092725817834,49.141329216585646,134.4890139199672,13.104760848786482,19.19394613757633,258.44585694182786,50.79486902516461,148.721988112741,11.650440598322236,24.240902530924405,6.866841561354509
42.18323652156705,12.64506206041563,16.718631924318583,8.30558318180863,4.905365639673733,42.95942929908977,15.3020134005114,18.465030260237324,7.346826117275431,13.480435128599009,8.502845942928078
20.778721806178233,242.24007699997162,136.60317720279576,4.323052898431964,42.23741981826577,20.843980675291135,240.5200159058775,173.16377851338513,4.050371284087938,19.46471993072004,7.044209773891649
162.08559620199,213.29815544945018,15.33257062761024,5.928359795343386,16.83081480602348,149.61001677761072,368.15843467860907,15.617410263307871,6.315170388355833,10.943857057544081,8.799539860443986
51.719538398498244,222.90636406398582,860.4379181845494,13.567330861555767,8.678777676203543,53.47403167087205,222.84997505690322,622.5654205447141,10.702470942567116,13.624828283792507,9.771138820501802
14.346730585431967,106.39471571689785,34.180047281792156,1.6102415536369676,17.470461002680175,13.840489340008979,121.53921587696868,38.01329993758435,1.5460679036102678,23.39335393958093,19.1988647120598
467.65156388290967,621.8866824809418,296.30877365890734,5.078868279899818,14.4977152815905,507.9271224393311,509.2840872159537,298.68522892491995,8.253171461672435,10.51387729806414,6.8306013163338175
344.41098420350244,396.4866861055521,66.98865129965216,12.92299297280112,5.028170952901342,382.0950735757903,119.79563686768022,73.12395326121997,15.819777275886997,14.08108692103562,11.227133697401023
23.904783893144586,25.68853901964114,373.8274305773805,4.026646614351439,32.88548922352589,26.12390217520334,34.67426904054781,557.4196044215514,12.249544455280489,28.573264739038784,12.996464346130725
171.52433378405937,10.58752120567444,89.62004199747822,5.0001731311554245,9.2175852836261,191.07265421240274,13.149242132102636,116.04869288641004,5.1511633812779225,13.031000867849142,10.821386560441267
24.85089511344977,29.352740038191666,71.47887998587804,3.299500458317095,21.673756270839917,24.925960216530957,35.89514566916911,94.97674951814676,4.73832076854321,25.152219061635748,11.175466095704193
372.7930434001084,244.55629976801745,13.271342886341936,18.588887743338276,22.58291222341542,355.9070645370734,219.2118127522906,17.317263262665733,14.228779432142321,26.601072014583465,8.462509255555254
290.73912916365384,345.9631642136598,88.6711016247271,6.574145316504305,27.1485921445106,314.77168814609314,356.29832589741443,88.2912119795267,11.132204147274987,24.23439404185904,7.042853658045721
120.78306120644432,170.8605739323191,866.8811655034444,2.8194971518997924,45.9869386905061,115.78672340466524,157.48754691725395,644.3687544082658,2.7766632033190333,44.90974674659302,7.689466983444026
11.21436967693414,26.11339917541491,142.0091102724352,18.87342939790841,41.05407725783149,12.817723304690151,19.959337877404746,173.68485355966646,16.594834262932675,33.55773133244706,15.805292930862331
287.32209322695957,903.9057697726716,87.41504047230387,4.155386378450984,38.731107228211634,337.19087048204955,1147.3318832608982,94.88308193521888,4.812610950695373,30.814579485319292,13.033418221011072
11.993826495444287,98.25484469810189,858.9812137565809,15.729093838417645,14.870451085241431,12.900076875013257,173.80411487330736,710.0214138392877,15.87329316296207,17.05327108939888,10.263521025180122
149.75528509727388,37.45289364627662,26.336658672143926,7.523850429545531,6.217804364652011,151.26752801458807,44.4101559223652,25.899603175171777,6.267344482231586,12.97914854607845,4.917419475771474
30.491808536426785,17.685745980644946,729.04821004525,11.570548328424413,43.40333105533496,31.050121583310933,16.998371221646238,388.4341407847391,12.551675599994347,35.06395456465858,6.953894159718767
267.94552941986046,160.26474092561705,124.34679411131248,19.18981633749604,31.53418093621041,312.4386751231631,184.4840008609794,117.7102788082962,14.42505774227625,22.68206168982292,12.830609641757102
104.14832981053058,21.9246580002312,28.25869115218176,4.849235355734827,45.48397533729031,101.03573856665571,20.15948822431234,26.0657416552144,5.015075500988055,17.692168845773143,5.020285669466236
119.49657324503016,563.2455159582944,109.05904178658017,9.710866738913182,26.83764685656284,142.74636636227333,462.72511285071243,113.65642923357838,8.201672205518811,33.34380793750614,19.174372882989843
63.74036182136784,248.0961923227934,22.4633980900243,8.026447304090285,27.72784314025263,65.84693696369432,435.5537635454825,23.76171740037874,9.899895704986085,15.925486310811822,4.265095318207736
100.52527217698807,90.02156422141125,110.74042070430148,17.53866691573996,29.1245401889947,107.56942018684614,68.6853886616428,128.98684799311616,16.616458756017394,22.90416510427937,6.084682762635916
22.240921768130466,190.3610510759263,417.4877427779369,3.4576219358078597,29.253868205938268,24.08044315109749,154.97144514750784,418.2048764074843,3.439525764205498,31.289698964289503,7.516897394527041
14.065085790716306,45.92149803092397,59.09968283044238,1.772374948243415,21.716659716799064,15.019455184855254,61.22598698695582,73.36079371802785,1.8394845321038353,21.7200110597765,20.061104881127843
69.12276817562841,26.45099350526244,18.079108795739646,8.219969495763936,29.639437043376812,73.22883420792773,29.4321810110386,19.706155148823463,7.498524196221618,31.203531468962968,8.933756313925604
17.465885819385207,85.69596040411739,20.158542008766137,18.637184259795887,48.76951362214143,18.54721952427358,110.89423018354518,41.07279607048643,13.70693755895682,15.543015610191729,14.773072371897342
69.28024259490476,60.744768519960175,607.9953313218865,11.192808570421155,45.37984274374327,72.69950056803792,46.92505967887005,614.428647826892,15.187382277021653,32.47105768037554,4.7430808136952916
41.947859044491615,10.48969682651689,24.435034708501377,10.741449340450865,41.79073488456288,43.37884223905822,9.967877346185634,28.58653528173825,12.610557408895943,33.41973443403149,11.96589459111767
114.43194520909245,932.5648547741445,48.587219840100786,14.945503612276635,41.89060698071318,134.19746467926836,911.7205459126161,31.859294282920047,14.683545512781926,36.65200471596462,16.451878157433896
683.0923752392812,27.50089998381437,228.70390893135826,16.427537917772717,6.574622111060895,791.5660290954054,85.31200306564324,255.72334659463135,15.889427349314952,21.8650401284009,15.507369719802439
23.29444419944427,542.1464537793929,134.11883430852595,15.021586867923123,39.96417819619418,22.670982729357643,378.6714733128816,120.58857646053748,12.432173542335217,22.844565613079165,6.407517488179189
167.78826355310312,761.5862772443645,15.40480861252151,2.5268120730093298,41.300873222392454,170.48830724857712,564.2378245509899,22.215921354102466,2.6517062315250652,50.63637693090472,14.35529670550009
150.8390208497459,10.933323616951354,78.74442149353824,18.767905953648555,43.55025385023218,149.5450627566218,11.113553442722889,76.05124124586655,21.2324463907442,43.40045667983475,11.12202537382249
137.4306353649574,37.999977875324745,255.37272713550811,16.58122527243692,24.34115152467032,134.25208630567968,29.062882163551368,305.56563604338044,18.86634728641151,17.990881862527583,4.401316475713437
232.4088237461035,44.60893709706412,609.9486826840447,8.559654536429909,28.466213839790914,232.85323912957222,35.117352416416146,850.5485996187994,9.29783518210245,26.078140115924935,7.3053158310930595
12.788397096087635,50.80264298908481,24.351882378315448,19.090764382205933,48.189477293997285,14.134414252866073,58.46871019851997,24.835993944174543,18.21194648935756,22.687531234217914,9.178115368189976
22.84731837164715,104.46484240621213,168.89687338329853,12.621823551933584,40.50876968913061,23.23839601237431,65.0676108061712,140.88169353452813,10.580989105391895,19.5203119771635,4.3407829719288555
713.4129297903316,32.79351869382295,243.13819102342993,19.758939779185727,9.228717787664168,827.4345300324876,89.16102213342275,236.11322771076456,18.27886218622646,25.21329881897126,12.438263278241937
836.4871721460861,95.9678031102506,24.03629071305613,6.145594018651089,40.30801986018377,987.489391250579,108.98944928323479,28.917595841765646,6.081631118746821,43.6504781403149,18.36560684814124
45.734332130566436,11.097405568283172,29.478447635966866,13.889613154130734,10.263072709842794,46.836636752774616,15.077523128554716,33.315936593198465,12.261995766851504,23.36631037515284,5.922194519772806
260.2825131978,15.970396457580973,375.56265082422635,2.153642728006881,5.993629152668277,290.50917883982635,23.50824226497339,568.8256062972566,1.8973169991380938,10.731561210826625,9.704619593372529
82.1094447837934,88.07153683828592,41.966097469642826,2.5496632784783166,10.256384540085042,92.73741194885669,35.94328314576665,52.517736071721735,13.763035345859413,16.49877487187858,12.760957928507644
120.14852861286455,253.65811677492866,989.3500028692412,12.433047751996064,8.753083075597866,121.08731149137816,530.2023117154629,853.7282107053322,13.796152760915355,15.689401497723939,5.045927759022074
178.63982255183993,96.53027464273896,11.13696848779433,17.903819904215613,9.08309009810446,171.2046996596023,61.489113204234506,12.554172003347983,14.435846861167898,16.397774412409024,10.471115231984278
41.67007759221962,858.4762713389902,26.93332457493953,4.022854834593907,4.185170818714987,44.84843752914349,560.3425008675821,32.73690666503815,4.383995334264951,6.309326711371196,9.755717225850024
547.3668694046322,571.2280979586195,351.2093135284135,13.884095516118737,4.322222781158622,628.2326523751855,444.20708828895596,313.18758150352323,12.519701069820147,14.167301674098285,12.468714984510164
28.915486265127413,671.0957241598841,577.3711042105997,3.394242040179896,30.597331716305185,27.537156325758424,532.2787998645907,687.8346125545233,3.1199173096930557,13.646936859946711,5.660959056239787
477.35663491772834,14.301231589268008,720.5073036636289,12.859154813455929,9.995947733471912,534.4848956963511,29.180341136821216,774.6054432232687,13.187504763922396,17.693013362520993,16.512104112779205
535.0756460099044,617.1356499664466,14.634700257008499,17.60454326009518,36.967690536474784,577.6869819652069,487.9598873480585,17.298659380085585,15.430589690331232,41.40612152926571,10.348686068211107
179.40891981610676,23.34964990864708,16.420192514493976,9.314625922445964,29.111761431812628,180.47242355920886,30.930864038529098,18.71319389930215,9.202358318147787,23.708152639240243,9.438993658413503
28.687425212297168,634.4777351283982,73.92859218498202,5.889119766916009,26.343337006588,32.78499877589629,692.170241695589,49.25003650863348,5.540258473478609,32.55978966574909,18.27933860539807
559.2793041162423,95.93468819871204,375.121226255774,2.2086225076518984,36.03374768099845,596.6066858563311,95.13031684375967,433.2310200863706,2.4421505395458847,37.23747423645663,7.253694343485156
207.3158669581236,312.4357836502654,28.89129978771188,4.158257654042343,8.457579157010988,222.69819479729466,121.22948107179849,44.76090041895078,7.278036442357188,19.199435775180554,40.095634938992134
362.56554371391604,18.452716424646866,774.21816307492,11.306616443511276,38.40295548436639,393.93975577485315,16.65117710852037,693.074413550365,10.520729602722065,36.210770098609174,9.229993995781896
464.3243930530286,15.750087350796273,650.3153092917831,8.581916686139765,24.072915758155958,566.2795770740532,15.539289236409797,533.9492739923478,8.806795849942288,20.518198072846108,20.346595744585592
11.789602881712353,36.958466870750094,15.55080990866622,8.289027722103619,37.571177453922495,11.956776252394386,60.515987672745595,17.096537365236376,9.386981876178652,19.849660611687202,6.004518712529363
264.3483062176683,58.54840119565637,971.897447154369,14.592553636316154,47.37424658465933,293.4165145232119,44.31504150687812,435.62345057105136,13.657203693420293,29.091317636577973,8.743255870623274
28.772166809461822,484.85146882406633,23.535149850043332,16.011847514304723,8.437075120635543,28.926453184381554,294.4296069332841,15.172666650465606,16.42542103873196,16.55847490815921,4.978904820454365
30.11139578234477,25.129497902378425,23.47890543326551,15.722048121692579,6.122338338918185,31.001926856936805,20.96336293970853,23.83503590675538,9.392240823169818,16.316134508043483,6.541205924249908
24.3675498922636,62.577551476569525,19.815793913452016,8.821711941405043,6.604224312289914,25.98217616512862,62.234395641249144,19.346798600019717,6.7511287924165515,7.966728220850473,9.614919071047003
14.199243374828047,710.7314555995796,181.61233807099353,15.521399031875855,19.16419645698949,13.664313684279913,111.63256729410462,248.508793104853,10.847792629619848,18.802380434213827,10.471693305241509
24.270623777170726,798.1079879605511,730.7176128408677,9.913710520168173,6.944571339956902,24.847726445349913,363.39512812601015,592.7179126355351,8.42492700784179,18.650934757050155,7.319235193780563
21.89426023675243,17.366461752790723,59.000296842092474,6.431529600354222,26.5294275082403,24.22307805818397,12.766907942214962,84.20618278912788,9.17335796109198,20.462644454737166,10.07895380057504
577.0318454801294,95.52563242597735,10.26466743591981,11.8464495567938,5.317482229444406,711.8916765319528,67.36996312639884,12.381749778311914,12.10006458438533,8.813066415162407,23.562437909649457
38.09774327852443,21.132495315066244,887.9478033244901,17.420363913000788,45.62924188868709,43.91152718649305,17.856714431293412,507.1525477121022,16.9668995235002,35.86647811402368,13.28186268621599
583.3584357746805,11.677660309870777,118.68737940643067,10.29929206141982,45.72982184970971,605.6112920177407,12.311250154340975,123.12320065077776,10.556056013991167,42.450640128832326,10.351229312478674
16.56008341886801,506.033442934717,22.969374845038498,8.489409894563599,48.34977606104407,15.676803605951937,531.263806948214,49.51857420423572,8.29477296460391,34.13551162388533,5.464641983480941
27.87302277784978,31.37974638304491,11.050489727123555,5.957039569941761,30.000691309480445,27.103766320400258,52.559567283485755,13.416744117071616,11.73004305630632,11.339299688181214,6.93932099159627
12.905974965020459,22.35027864198878,12.786858675917339,12.231732506108452,34.674297286376316,15.218850872985621,33.652058094712146,14.154749482383707,14.65676147177594,16.159212709182434,15.792938539912377
268.95208245756334,336.21897979367463,137.25337053451997,17.83566350834843,47.81904858683125,290.2138215422544,312.3385066319344,174.2388883299372,15.947406637803384,29.44903476092128,8.977296002861143
378.46345511891593,531.5677331941733,72.2763512737472,3.016793911057201,15.51098611296714,408.87013692474267,655.1191910534235,79.85109276103489,5.720765382063017,9.442827187888803,7.650759291741219
321.59071554193275,758.9232045140022,37.89920580457218,12.824319842916406,38.08836114961925,340.4502498584034,701.0577542854057,60.288675072939824,12.945951468682132,35.375987393682145,5.7209407881913155
130.9820409091177,47.57327148635611,14.536173534263988,16.814022628258822,40.03138891988997,132.8696689712438,48.04840466612428,15.902489751574054,14.597669497496856,36.578857851094874,6.150998780226355
14.204201054367143,446.9205321935494,550.7859367671542,12.982262813626054,17.873195469920788,13.973916422341063,197.93269495645922,477.2310358907738,12.053492951375425,18.80034603509667,5.051495235341593
20.895960085545642,696.1222617905553,10.222051810648981,14.880377711825101,36.684573611749826,22.02016660755649,689.7961588035214,25.245806256141808,14.219958403907828,27.898852801981814,8.152784400160543
23.062634197899996,23.717171453204365,90.87125568176899,17.010335572740168,38.38408472640062,25.46174083952222,20.560063002323965,190.3254425590583,13.444943876937115,45.06380913470392,10.153726850698662
56.30620787989942,870.6904201060721,22.17453980411446,7.0736457849146515,16.110102604379403,57.86497652447618,658.4905724999074,15.785892813480077,7.166806709990797,22.292033704541435,4.132918438677066
806.1345761786296,24.59456676420422,829.389522341258,15.455937966102935,32.76539226201072,992.4924790435681,23.73132273418451,539.3929960190248,15.917774252235677,28.94879199522861,21.04655862907038
48.68589318981017,27.1304924118012,79.3617327689955,8.91758099223069,49.258266325355166,47.955208628438186,20.14294904759932,74.4386079109436,10.50477621663451,28.493130700324816,4.536592395314639
565.215483823477,33.92101417446859,15.730307614993913,18.242095096199098,15.190978035439212,650.3225053235028,70.55474825529085,20.63434734843686,13.48960491479593,15.166703398073802,17.608827270018253
15.084780294018175,14.282586096880125,309.2008787115381,15.490235400733143,6.535347136598181,15.585986615935859,88.60542496171921,328.96242281824675,17.93967077198985,18.375873390012078,8.910285064897826
41.736165728085034,10.690927413057016,83.17883688560558,15.049242288014336,29.744648353070072,41.27884294350473,12.43105990382898,116.68245507115684,14.165684432589138,37.11554708208643,4.7325424723609455
106.51970364275236,121.17027297946343,33.23535313991354,17.927343508824343,5.233559655019876,116.53016396255414,68.37014988453457,32.105088349672215,16.81889978150248,18.622939702171532,10.089984340855956
182.39108239754177,34.81595826551616,331.4760744705238,3.8847195549897697,32.25884942629936,198.49008248814818,34.52637311271831,379.70494400392624,3.5570612166464257,33.085775441129854,6.11077603484006
96.81935755054816,156.6398993604735,524.794861177494,2.949836815210099,12.262868245504956,103.77005033144786,234.7788667130295,491.43084324339543,5.340249057376216,14.011172305952082,4.728360419301836
32.97688641217075,44.53752720060354,25.62880324721359,11.485884552144427,40.941267179293256,35.01425041282016,52.659589121803826,30.37412811923723,14.016253968493196,26.472113703414312,8.971299315510928
31.52435328441941,23.871306633191754,659.3224018893728,12.132978265159892,42.48023967739558,36.480344268609,20.724766741804622,451.65029314004437,15.41938808692091,34.45126263914525,11.949176786660464
761.2002614814,688.2126313158784,30.667257019049565,19.139767811866246,7.007342667281634,762.3789533874349,496.24333452682123,31.66660023918595,11.22156543379244,11.40063540710776,21.84884907486936
66.15803582999152,49.371937811085154,37.766195409197664,11.7937987504768,18.734509526977387,76.30028273203125,32.31099460449693,50.04377489178904,17.765012083330866,18.999804773914533,14.25739112814323
19.369701809010337,263.1774047108959,130.9132131956551,18.260235001604578,19.17294310437532,19.638704876033493,241.70990012236442,110.73615711277648,16.28739424519565,23.375548361901753,7.632738917891457
166.97626080477994,421.9551022174698,919.2270767700164,3.686746916983977,29.89864033727505,192.8453075649715,387.38419015235917,799.3358109306047,3.6413236041688126,21.147207397066968,10.22049123068428
116.64878435406003,22.15046846430407,11.322677313424634,2.370123423708569,21.504229047452405,122.2401612423118,17.829361744930054,10.71712564071155,2.3930833787518475,27.182865459406354,10.217642906003968
70.61721675118292,134.99216230700446,557.452534814328,5.41927814710606,44.93991981552625,70.71630006565259,152.16714392813722,444.9725613031237,4.605609260264257,43.463898189666956,8.60548047333852
169.7026827258082,363.290345078095,395.2546641755379,10.896167788515449,5.436406834462161,164.25398760686565,509.9516295866467,348.95205101213526,13.925130082102045,22.331266120221578,5.118870666851074
85.64772286804785,33.97489779940346,12.870767446028532,17.02672672031904,12.776959307240451,86.85537269805921,29.066866639948152,15.374916909499463,16.485720291918792,13.644895911145266,6.962130653632882
12.858138513257177,43.72782932770759,181.0586332916329,18.34534859376131,19.174190588454973,14.327858583365312,37.27161025410999,220.79865253754468,18.550285074052894,17.841188579911584,12.565923977876459
141.08367244714503,101.76668067705266,10.499550145180681,18.055581998247984,28.10674258332803,129.7276097578062,94.85463404603546,12.177566155023962,13.50937632972071,35.342111620242584,10.069427713636458
754.6732374215579,617.5088837404561,200.442729381018,7.178880123487134,47.27846305855204,776.6211121441814,565.759041218079,190.7997080328495,10.172697498168123,37.39035218801536,7.600826374114342
37.78121622256439,15.540579000820992,34.64822327825601,14.96229713814705,18.807343678767158,43.94389554014947,16.069584169770796,37.12288409076168,16.94833059970432,26.9435066245844,14.210861687765275
103.58659650104845,629.829152484434,525.8632458139577,3.010059814619689,23.178830217778124,104.62663188316131,740.0015105776536,561.3690896674835,3.534693239124907,16.657689551885536,7.368421772469028
13.783598538456946,12.129096337371019,80.25543813652608,5.143496250631316,2.3463956102416663,13.791307515764537,62.20276759370136,77.59922002150455,6.495583030170619,17.297472902516088,6.1521896267357326
245.35632611551398,150.76185875326422,136.16380496551093,14.446373401774908,32.175482488777696,254.99796025976818,170.3662160038834,127.0019441879418,7.821363991808027,21.24284507062435,8.585179979157555
44.46183181049024,175.21072295298592,93.31481436323102,2.915952853737238,19.97372903315709,46.57249965170589,293.04149184868396,104.68099538666611,3.728767549163151,14.608418741697195,16.055803694741158
20.322161460022638,52.28140056481298,329.5535377310605,12.24097748004092,45.794408537970206,21.969391701460097,56.46995835122522,226.9996953797989,12.694374885016412,31.319891536238273,9.567547778242544
21.01760746522823,45.24356045894278,503.8329243320011,12.133201747678237,34.1156603587593,23.047048994697477,55.636080095364846,598.8982104217716,14.12299712443301,32.44361634089941,11.962657864460372
837.8040973416771,54.649518723896364,263.33600036336315,6.252924379392118,49.87785728554497,858.4400249944167,58.699312465136714,233.56431757697447,5.487795610732079,47.08258330364952,9.760025247879298
15.787520998209816,25.940020757863707,70.05966696756013,4.346627684288517,8.46521719632067,16.72873213829931,41.72818405388768,68.14130466279342,5.2169834914709226,17.590910650000396,5.075576804327656
289.20142398038774,20.0898547894111,18.49403369270487,10.459504404031922,24.799298689263328,303.07710165420167,53.32537480359654,18.838631011024162,8.453468981820809,9.072077814929953,6.603407173553541
20.754908706765242,208.6888898076033,57.51595815586317,9.983480815675323,9.398471400172618,21.125605892520202,167.55117657975728,59.55896138036615,9.689939603121399,17.204967958741594,6.11649889480566
36.17341749006441,16.500756451363905,147.93837575435168,9.35917865220816,2.9264404261400774,39.90878871572809,125.05439010702584,157.03717472156063,15.160875434616154,16.90504709524876,9.15157678899949
53.89965797619993,95.042638823865,349.718643712088,9.218193875364982,42.36209568792828,60.41735332158302,97.17650540527238,306.2569431738259,11.71206387954559,36.20525652675433,9.552031574151906
94.14971711105619,47.212347684634864,399.6141765494049,12.401483999447342,18.16967870633957,100.63253762229498,41.45389330479866,510.6928079564587,10.937781071885821,19.80854995251734,7.963316766315167
999.283715873972,28.706474813142616,263.2731405762818,6.797065035551408,5.944945697120131,1067.035397893148,31.72707305348484,345.0369998817762,6.497092049323932,11.067015139943246,10.738417663230027
112.43505547705607,10.838267682546338,300.44760951554576,6.70737214992389,22.487909659307387,128.72511450656674,11.454274641504409,576.7912431319005,6.797354174510503,23.050621655045894,13.068841410315263
15.05158502986489,42.711719242381584,204.09211337592643,3.472528155259437,46.17172951729605,17.736563839056682,51.023948145656384,228.24068543119253,3.807216227896222,43.93853439955681,19.371511189016307
22.33540370455683,32.54864308925941,187.9341846711221,11.548686967258979,42.55784504428423,24.553025886592494,40.77046091085099,140.72304792295614,13.200126803553363,37.36016041878249,12.698571133839328
22.01138237168423,81.86855515942848,509.5233968578977,11.623800049335678,22.26689189023937,22.204317790286517,111.86082406125608,406.6759011603225,11.482976078811653,19.69154054413775,7.619655864224181
32.37546510735947,116.20911379952763,72.5950115351064,3.6681521508491355,49.06072463657684,34.799931568907304,162.78972433617812,93.85677431426801,4.153058150809339,16.962034543746093,10.976084514435195
49.9908517146732,59.14590304946636,11.18020991443014,6.505871877725419,42.81736253539431,54.411732593740716,80.96965274801757,13.75727600057544,15.362119680669862,23.997720047877824,10.799616267469329
20.62855073107487,161.92787388167176,60.224292175221244,5.565429027757092,12.06057150030039,21.31215200439422,152.02716049916074,56.47411035200158,5.718604622152409,10.995192560499955,6.8409962869562735
141.53656146316266,479.5559049565658,209.1098546082817,16.41176352730947,33.54353610529057,130.52722958280773,543.8266283263812,185.541277061366,15.96118495300676,27.704177537062762,6.137711747031688
63.50658162739488,171.74456420514704,95.41852180343244,1.5095337224958103,5.010247898027297,59.026157617506996,156.4627720974966,97.77862306157394,1.3529881802981591,12.903508325677258,9.917437882655504
11.14593514916021,179.13564591947735,20.590643611233627,16.51273071026139,32.752857422780345,11.245890011312834,232.97430084790489,25.537818391146455,14.738690510206116,22.310165891582916,8.258721184194993
174.9163739525614,783.1339295274154,55.39863566470713,7.409771935535405,3.3571286898501427,170.52900904069367,302.02723170137205,71.71085597875337,4.392630049240811,9.317998776989008,10.926793316115479
25.572999758342743,790.6002351552788,15.8038197225759,5.494249312126604,8.784948826682864,24.555677609245965,402.5998837223079,18.234599197300614,5.051696905758638,18.337506522194385,7.313843381560472
98.15155705158628,73.99536541535822,327.5428555589123,1.2057289506032478,47.44124566341337,118.18605965963488,82.07389985658124,264.36703771647626,1.5975196784544208,45.621042997242675,15.944787746158944
37.24349746090729,682.5956305351115,115.07050796711792,18.332921260934086,43.13782437570564,39.51051706142563,758.2229402321867,63.37326150622352,17.173373276740886,37.405481808978955,8.648732275264583
11.88070995405235,506.67644644721537,153.73438073735048,1.8707603653257072,9.612195098948211,10.894440571211529,383.2754689151598,149.5744289628092,1.4992755492533316,22.703412197437324,13.283968032756235
259.6797495882896,47.7086912677471,183.97144411587965,15.640625943032456,6.189679710124301,269.9361646821736,80.14207708679956,226.0596152999441,17.093328007924743,17.734912832975635,9.58640661859927
15.598974098561591,269.5231543515947,10.018087050581183,16.097449001112818,36.93862545497865,16.64833342563693,493.73513529379727,15.10993467697383,16.101515342704666,23.54454370136835,10.019168211918098
110.2213095137276,14.634206697469887,76.07518843106502,7.267160013222996,14.597379679924682,120.79958757758996,15.975473651531557,73.86669621011399,7.347124900682633,13.917928238656172,6.707531142225534
15.501170814651802,581.0869631184719,878.7397309699704,6.353061299849648,23.899224595620844,18.19652788805899,134.54551375162467,971.4825514937102,4.626199825584291,13.871640778940792,22.360458439851204
12.800856509696853,68.66847132681931,12.04471248889767,3.7864130984452,24.20126967550648,13.32065920156758,108.21748850552173,11.85934663554217,3.640253026605667,20.385093513330457,16.88834679673327
11.247322967082775,90.0318712896552,591.8805983376318,9.860262726481102,26.44775764674989,12.240053452102305,134.84775621744274,555.6372073600941,9.061025680127097,17.56371013743116,21.524440743197488
164.0840322940609,534.4928221670233,110.09362267120135,18.322898619772104,31.115642790395604,156.80011385652864,545.0414728565809,80.70902571530313,16.68587125802406,30.605902624124802,5.8631426394670605
47.66659221782567,18.648816912778827,90.83854826372601,5.41267700185693,47.69947420803186,45.551018131458065,17.48368583604996,189.48810994595414,5.621596334608992,41.831965681105636,12.18789480620942
161.43274856266223,797.3572309674576,325.10990678701967,13.982353652430907,22.915556096886945,158.08528719578024,854.9373178999779,254.20178949758903,14.008564612105369,34.1729867335154,5.192246515684975
255.64676366328652,121.56232755262086,29.641476209822535,5.584262787683903,7.094518143903463,281.87105328988457,80.41462369604037,32.189994323167156,6.46332070371615,10.663581606738957,10.353550094577828
432.9902646311357,970.605361418464,21.502624408336814,14.800722923830802,40.77826811341548,470.0023272308802,920.394728618038,42.34414560023001,17.363998405498524,36.17070708936716,7.341173984787266
14.220881355062138,989.3285557685601,23.592403323265223,17.36502472520305,6.514890083847961,14.925907318706683,296.1361835129264,20.563361712307866,17.03954565719931,23.668577370897903,8.250515523033778
230.97807227097005,12.988145101929378,12.9543941629663,15.0330806981882,11.924246496648943,255.0530402021246,31.73323380186985,15.110058875266088,14.982664136111964,12.4340619937953,17.12485926867355
41.92743462159009,854.7695597803786,941.5397221694908,11.802787760782348,40.11628205805647,46.17856188372452,262.07920090502336,801.0197599243414,9.0961077772926,13.706753529785356,12.13194731994205
17.332698140656685,241.8265985583978,216.11656074500252,8.044019714016354,48.576137186215725,16.80404943111495,253.9045940626041,133.96589279558486,7.834774749266186,24.650813624492347,7.607585435940588
77.76509338050614,28.37565383423953,234.457135386357,3.603680324023117,24.658062773901374,83.82360898589145,25.253916330988677,243.39477307512317,3.9281518308888446,20.443060582872935,8.540376609765623
108.7386783194234,23.86189205912254,150.73073373904887,11.876426278292433,8.22409236621568,114.57447892947496,32.409654030148445,158.87086558031095,10.816357555991502,10.65957019420228,8.816706871618177
116.2511656363663,184.16741710475046,148.47350303772743,13.040059047821071,47.215326634928694,114.9904811136511,129.11985371812662,186.26394238203397,12.039541158630948,16.969806087726983,6.158403002989486
171.4357850468706,122.12623227047557,136.32465960756244,15.013725112626298,24.833020007620476,173.86755928296807,128.97526371150371,107.39578380492418,12.913943255050794,18.428222218460913,7.540376673206117
683.6532561789559,184.4606171065891,633.6999741777383,10.255994903147666,13.053943880587047,764.1986847100492,205.2517541462432,539.4953470605576,8.681813621777396,11.845562858159736,9.844789212676028
40.967647285175794,100.88487388442094,17.082823666363243,3.138042227885452,12.084263421267146,39.8359897685905,121.06153873551109,18.642912257930693,3.080191030778021,11.183855920245847,10.6382310768284
20.039725982491753,124.84564461533135,73.45715697542364,13.96443125856474,41.646349478314676,20.095886562608634,154.20539795785277,74.8514192649635,13.085156128049336,14.621343666143636,6.33456531619065
700.6622143350953,851.4219857089554,224.586510104197,8.24908948743197,47.557896409766556,717.7562075635013,667.6422730644631,211.84382693064424,6.741440081667018,37.972091507198115,17.541967208335823
39.183578056215794,46.0147006295881,234.5850607047558,1.5906770702275106,19.74360837742537,38.62993335067065,47.918386303772586,246.6134824976175,2.6149478149174348,18.118101044414644,5.066756456495759
746.047491102964,988.7807912331095,294.3462314982805,14.885932495009554,6.506016828219076,804.365701209817,494.624343823409,297.40581901076956,14.399213494478952,17.54048218816492,7.256171945324358
214.32320596084202,621.729373457933,745.1387885838076,15.574601710712624,16.8860135537449,230.60476648326943,514.9294632425962,714.3280897020925,12.797773598641868,16.519492869568513,10.03029664226407
465.4829391654498,140.56344086857794,288.3826056012198,19.41877910641172,49.88044870898105,537.6584166306968,136.2290219071732,224.48048319940577,15.980277222750036,20.80324675223523,11.972775034002199
100.22293472966905,19.073267193222176,795.6581676173099,1.664960444119236,47.49004696921873,95.00168875927108,16.113024628582547,585.5723975109574,1.4823536066548693,43.23839118499277,15.419906466077665
853.6011942404631,285.34820335324383,723.3780238598396,13.051623735979106,25.904515246030844,982.0303198226858,309.15838916996717,704.8432275053342,11.055715627515987,25.189935414028596,11.542556058911547
10.798763073630985,23.453119434423417,14.159628899101953,6.361225572367079,38.495890204050674,10.506213306306199,26.034108839903162,15.718768653385444,6.936530544805761,20.21991618096309,5.242903421716762
161.5606191855518,21.47458572386834,17.832174802899214,9.44275363600228,22.78091291129123,159.31751485990415,36.084865672686625,19.739273665643264,8.679064399495541,11.290713192861697,6.248083744405434
98.79075039100279,471.4141353982124,27.790353097470458,19.96840216389607,49.95303070344723,104.61418260668866,591.8012479870364,46.25342940100808,18.87317907095057,37.465030932943435,8.369344137239393
10.38781062461388,64.37484803915422,22.57244838532695,1.999916952040564,30.84829885577405,10.385425334173899,64.40635046140348,21.955883640282593,1.7509207693406919,42.06818341796296,9.525210238564025
17.045064644594785,24.270519616973633,12.793050309185677,5.046175629756272,22.176035494488666,17.717621268692735,30.922244710289252,14.539856103976964,9.260038772079106,18.898513048203377,11.038697784364023
70.36993513328363,324.44206084067173,657.7286148452271,12.169576061639646,25.922535230139424,77.67903706360394,243.36756196108013,560.4940252266384,10.410843530760197,13.713448415520888,13.415872739981486
71.93987820005358,890.2601070607338,35.01261132645549,14.771738324181621,47.3469993602241,80.11974987798408,907.3703320347616,62.93160654839537,14.783148581901187,40.97363921203991,12.096323588440775
391.84339138843217,122.13298043418456,44.10529815200236,9.41155769791186,46.116358626312795,417.036028391227,140.12822378681173,45.90892856167651,7.987678712346871,37.55948078108684,5.167791503480757
727.3251920354132,32.51134188662664,464.8323142385434,8.211068150792995,49.94482823506589,817.51349205895,27.77766989418822,309.733807541384,8.722674934634982,35.47217690947717,12.080992252324315
507.76813133620266,198.87007598364653,246.16502361635568,19.48339069484424,16.65030948934825,534.5510482037708,251.79732558127913,227.532798650964,14.220463107553789,15.643938511158227,8.331609307150687
74.32314053858282,77.91970952491747,110.76830568113891,5.003027080484129,20.631571297457924,71.00873367117383,78.59351009072213,110.99835359425215,12.95113711751037,12.939942050438686,6.686031205805255
182.49782417776012,11.915110257185155,14.2786781521,15.923370651925698,29.238775925907955,230.29225676436283,19.923479014308786,17.9663793933004,15.147209859192602,14.865349626708836,27.703414589251746
162.88093110744936,706.4181093593033,16.375373984338708,1.7712408094745045,36.900601509860515,127.45358421138144,466.4376987612974,15.343039490428914,1.774704251441374,56.644979394189676,37.32794392667309
523.7800618506135,41.21890927200803,708.3981548030936,10.865565638089542,25.50620597792405,579.8406641998274,45.502626564975884,596.0214136091919,9.753050906754119,27.78065944309581,7.856055841063885
20.567269790739388,117.71755343124086,101.85328069577524,4.209049402616593,2.975311927788109,23.51415262831635,119.96122342163005,98.15699771704978,4.49504153279522,12.411282056698374,10.988468018963292
42.864993898084286,90.26815489552598,58.11413124148545,12.125222228785056,32.29477758120172,50.11036536344225,96.40147182455651,49.44660786546641,13.253059378128828,38.76715148500325,11.467872960423845
27.471748212598825,206.22104964527412,18.38698987857975,4.68721348919072,36.27916355515685,27.417590714652764,205.41608151405399,28.585376665443388,4.561674098550586,30.01471488233301,6.639877531650177
89.14952298630668,614.4139422259551,49.20611394184721,2.139330692843868,24.42592976886518,88.59247510966905,720.4476597379316,49.32040736624869,2.3834127210883898,21.292704847074432,5.531028863943
72.95530554783905,88.26314978905508,41.50435745690682,19.370040471224524,8.988721813375228,74.85578673698268,76.88453188709039,47.73997446858695,12.368102713256343,21.226477404750774,6.610115458317203
357.10731117173214,562.974596873229,684.2390776190314,18.726714448370565,45.467927828254176,426.30814229786716,317.5941703261901,651.0532560774014,13.353056584544655,10.3884077874986,14.373246007727012
85.75500699874205,87.17608477010582,219.80001994073655,2.152508460359651,42.948191074804974,90.6102217665668,66.38540831143133,251.67459304523706,13.988036685735702,21.959215047231158,6.969663405908788
544.8183164090564,29.011788595420168,730.4895390333046,6.98575403087364,21.915000421677206,633.5204790286372,22.416551148779234,772.378063625901,6.750737995454837,18.185817912219616,11.634459385982499
12.551613674977926,392.23612544375356,57.976151389990605,8.825829247159241,48.68795143293336,13.462544240085075,340.2284332001005,68.72446814443789,9.124241321069633,31.00336421774358,6.406451587737058
786.9435137194624,114.7071553993003,899.074018123353,6.890874839511132,29.086106847977508,942.4036954572975,99.49967024147647,953.359509599123,6.7335846723465345,26.39125992426605,14.567237057819504
11.134176999913475,126.75302710947713,83.6330463758555,16.141015676471397,37.761591399222674,11.604523370483037,188.80992368789083,72.04721271986702,14.62159125693817,18.210972357370682,9.715961239615192
84.34476312432076,305.9064135324505,41.42144463240763,8.47394790041222,18.33617791033949,88.85796510969537,318.1344662960627,44.05363394608378,8.207979571192615,19.366723408213552,8.523056155823753
73.7064033007035,69.02690669838788,93.77032265718825,7.586255332898028,14.307893657534903,72.60493290712294,61.2068213702027,110.14968721448673,13.516340298680072,12.670879478060455,4.836949375223474
18.406312080147682,106.70759334949288,34.259762321633794,3.4051502810907914,27.28775822136415,20.45256833094017,165.3131405776749,38.76070036260157,3.33692356811729,26.82297656813038,25.17807162231537
19.235015600485372,387.68465868058604,97.28953885210693,10.24984623945175,43.20430793536703,20.320061351173475,338.2770270735285,103.05340591854171,9.201209936358156,27.61765704667857,9.833233898255456
498.6325222586865,26.44714978439409,27.874466781141532,14.090375485783781,27.96532888801228,506.19240846287784,50.53012251066564,29.083948356353243,13.57742718800674,10.92117884756439,7.138203754759253
193.38572332215276,10.985291083710555,10.697841973208817,12.851119312705176,31.757842557990923,223.36634503064917,29.900749812867456,12.239795783858346,11.948378697541184,9.48958660328813,14.5350051004779
293.8853108032419,122.02307333319925,16.575781839056567,4.928054006178183,24.419500161946125,308.8611830740625,117.84939070407718,18.83682922426493,4.589952854198653,24.857631764094386,8.291649836227396
290.9531627796123,392.74785783883567,164.7772028382454,8.05244831047742,48.185989464272865,309.7279434589745,574.4052121599633,137.08562904039772,11.20526373905833,41.398213168192044,11.650571947970805
12.726451742734763,72.13543429631369,29.88254109674296,19.169435837415715,19.43666986854596,13.671927184704725,59.000678937071314,27.662801898116452,18.474266827544174,20.49407462846561,7.885751505545036
742.6153105296303,160.86021987864606,11.416574519968108,1.762665608072537,13.113792234279828,734.6946998679159,167.72172680769717,9.83847575785571,0.854142770736621,11.855604813418546,25.897308596280528
198.36283446567137,15.382923290699285,17.59710183228088,4.628392316900536,8.382252344696914,194.6478291638071,15.886456418861753,17.31718854298972,4.244820444754038,18.900219099256326,7.131844827225062
13.803637663260046,197.07041607982242,225.2772211638406,16.730250696530415,19.807053090790493,14.39723045342326,151.5208102917013,298.4468359649114,13.747550139312557,19.866906780833265,14.213459101130185
21.23797574549394,33.146579488279606,20.63765564402943,5.026903499928478,29.168125347342098,23.8118979145324,42.22728400365668,20.73115214720909,4.619183331495716,20.09363011221299,12.337018686383484
908.9658753522859,41.2302109933841,22.71769363935939,1.6151190982485044,32.40642857197607,930.0438968973301,39.936782144803765,20.99686302087742,1.4569613185968813,43.35067168371478,10.871304568980644
184.72592616985793,341.1453267499042,19.36125355331645,6.225338207057357,43.74892581136624,184.0412204793046,407.3108758212888,23.603556831532018,8.103344160301196,32.93200571786918,4.514111706936449
11.95467981491877,220.76236242723286,504.35951003323277,1.918534074373596,14.259564472466622,11.90136753591329,240.75863573990628,570.5481865289395,1.8834389849402906,17.764418767554922,4.954172085178827
19.623644054413266,160.15839601285228,695.7624805655372,9.317598974244682,18.50270951330483,20.339711631635044,210.44323210081473,742.3786062262957,9.012476132444053,15.2717987163663,11.202546312424722
76.39751633247985,672.7715127550637,309.18431285471524,5.890431426116473,3.9537047514732806,74.4940086994204,360.3466804960422,269.7550851977114,4.731879885440524,20.413050034863737,7.622886229814665
25.944852221496852,730.1372952629691,64.32854975300869,17.864600021641277,31.045457823916433,25.173957080571476,651.4477645533141,64.99649757017634,17.20568592949579,32.7585019006918,5.245484407741188
34.77252630297457,145.2874525296986,538.9032438464492,3.765999459905183,17.23725449177569,41.341429478693335,120.04744990775829,541.1837103679172,3.6222525808718156,15.965446526350538,10.621890273659064
189.19107486663992,502.09434494016364,39.20772670157684,17.459174224555994,34.878706246565976,205.48196806838004,503.24431308125696,50.28776950286586,14.124312514290624,33.85904869877143,11.617209086246422
822.026174837514,24.921313884888463,12.15717636753351,3.391708454768278,49.8802447658019,888.1833627972323,31.72117517711465,16.431778085847146,3.1307871817736794,42.78272136034926,17.78138156673285
100.12983472496289,45.29217037557092,55.129763078757506,19.862798721115837,20.10507865862949,106.5685879658204,54.049781863064176,58.35981902549895,15.784201106949585,15.865418946327342,5.955259091079173
311.2850524004112,32.050583662733494,425.9468928958434,5.572407465064057,40.74319802088873,348.1264129190627,20.29334262697238,291.48809236834273,5.615711494496237,21.194769429903964,9.465861679369063
24.83079802309344,868.2305545384764,669.5828452735559,17.16373028984472,16.570823180591486,25.559800517086344,289.51105758701465,778.7654328712016,15.169011806642903,20.63907326075314,11.711107738576136
432.662344695736,886.8891409755852,92.78991495374807,3.4308589349069525,15.083653922004345,433.9559868945005,896.9507142208388,77.86482438333752,4.9362660244396865,13.430712907784345,9.076783092277239
26.04587067842276,86.58631159546385,11.166594209234962,10.253714147763594,46.75411460660658,27.564566732062026,194.276006341531,13.869922627593725,13.370852086603797,19.94117281411672,7.64048376852937
609.3556889383821,173.29931009792895,99.51820339639717,4.035551488367895,48.21361685822022,601.5948495205024,161.71654444587722,101.9120827831986,4.218449706303953,38.502715793191506,4.965592325001158
20.064600555961444,33.499357643711775,662.3015133819813,9.167496812712582,26.513032130527684,22.081220324060986,57.88461621142899,542.3278795544599,11.948427540304923,30.11483705533114,12.750938490012112
275.57889443535163,217.44419306911857,191.69923553145728,9.308179999014522,9.99566793788431,294.5644455788351,185.23394785476526,171.52232410343984,10.297855930387065,15.089850500292522,8.707620388160034
16.201660976076127,57.351695817278205,108.84024140089862,17.301502931376525,46.18726076764736,18.723502094968307,45.84358418217228,100.0034708332356,16.35264893116623,25.673783885175954,11.664332220715902
857.0159987295254,138.8394847043827,600.3430818126506,10.275931349143566,40.83064494420085,980.1084104517321,97.65268245388516,608.782994973116,11.37584730251948,25.460459641702514,13.888625574492359
550.3118094245165,475.4350261422133,363.35911675072913,8.824903485932797,32.350144470584944,624.6000469411956,376.6219676849293,340.6544731647555,12.589393895609472,18.758232798944263,12.92200588315828
116.95580979516897,16.5838090352639,431.6510845800629,11.329700588019573,12.131045620959908,118.19759250940301,25.56959283333769,577.3353846047128,10.160327003919111,19.550601194828108,5.403004647430657
157.06539295289187,24.540492339311484,925.2720351879836,5.853326014904583,43.93607470268436,176.20468981521196,27.660204565809938,480.77514528457726,5.475279625923926,39.7247926326356,10.613543940226549
131.4764639348125,920.6380815193289,120.83379518561982,1.3205214791392654,34.124117703714056,142.4821366139461,1020.8234588999028,132.7482617017252,1.5290451632777122,34.265174451213596,9.577707906589495
665.1053386230385,38.89689892214329,705.4791809350565,2.036516474984313,37.17952131714938,773.8251420553562,37.614019375805626,707.7854691574112,2.1040016786135967,31.706247310873792,12.409331679355448
22.989029835159908,169.2777354426152,12.28728873774759,17.642094737345932,29.397906282610062,24.596562861679697,263.0323912733321,13.473048861322528,17.921763625941242,18.832673242675988,8.60797014346103
17.39124182010853,176.63792396884517,81.68150440788861,18.608388283122547,43.11228204687265,18.22973122216633,136.74766116418124,87.24354019442185,15.654936593435096,16.824465788942632,9.1373637443978
10.344184977879397,51.372282799784365,170.22893791208307,3.4653866113744005,45.03713178307683,12.261014609580597,57.74761636784378,186.28860670746312,3.3676668829371095,43.436840738231474,18.27558990480788
391.84941823092123,224.9164311971654,176.55800039389126,12.960928742436352,25.14258772371062,402.14076666999296,208.1210895042634,149.476259922253,12.706425748912478,24.454812117152667,9.200988955783952
14.202331486999721,25.978030522175768,158.42502574698335,16.66766901971617,39.01513855392764,15.65869955664475,23.66126898963624,184.7491514923382,15.153942085774025,34.088375666410606,12.15419778143629
14.384642419137018,503.22431748859464,48.55579387147808,8.718305665477535,18.313332593002688,14.267621739336782,354.3149018918104,24.284096822678638,8.21115761811606,24.813555389801138,5.947788944118407
26.054048304725434,155.6553006696743,46.40889277870295,1.0169685589318136,3.1661260979150883,29.66296500769558,170.30610373303298,60.36201458961537,0.6799952992846515,5.824046972078535,45.617300950807945
22.165515718946335,15.77483188604217,229.04311276922206,19.15901282914613,49.448749844824675,24.72175862034977,12.441498653893625,126.5251377276002,17.13904607431047,34.27158082077096,8.755409886122015
134.67823876284305,657.4823452328942,193.23520751253866,12.252709709297948,46.74239311770917,151.37093726232877,674.4110956815763,278.2497613446669,11.211403700200405,29.254676536775303,13.725314819962255
46.05589827115251,90.8541092778004,19.908053090850345,7.754120003281612,28.194765831121508,44.55765639455247,85.21280026348236,18.728942894645556,7.838423174250094,28.13597606544753,5.7572340959249635
101.08248112112426,269.82455492273493,217.80762824713457,14.150067024813374,6.781017829211357,105.01476178849978,258.2965296245707,214.63228861582544,12.939766957610765,12.633126490423042,6.851319906818314
275.6865181225609,29.43991684421688,43.441933848760016,7.696367788077699,48.74161282705023,301.3547841335816,31.879927664179927,47.12590307623529,7.511693325556096,29.491314546012372,13.128312072638002
26.0997244245838,817.9221066160342,506.7761521178725,2.278589487001063,18.878415965638343,21.54630707227892,773.1223500351044,525.0367677519486,2.142128371315953,27.998296702559774,11.351542704989027
20.255621719938663,10.325803362556456,116.43933664762315,6.539220657450155,41.80916023381297,20.4921427957936,8.319363214287854,93.21987169138521,6.455002787179455,35.57271919602618,7.440363288275301
92.79664987902873,29.9108800291226,52.549098333881055,13.152622494358543,24.67938166718598,95.19714768550666,22.52071361587311,67.41958288329258,13.888789081475542,24.72163659451369,4.795412642648654
681.6589070531079,10.177612089588289,564.9754705433539,11.247043410918499,9.259976954792636,817.6340506472937,37.4250223831056,762.7733971193076,9.827221293969526,33.11808243205689,14.053156582657197
29.757684128543918,840.9997521936973,20.75949861156091,2.9979413040322718,8.608760558541737,27.843701486775082,604.8203145082164,24.610314096751825,3.049919085125211,13.46990131485001,13.722819284365832
356.6540824544468,178.72421850662087,17.277113152150005,9.554496644145114,13.549705754777772,352.144485483928,158.9598715189039,20.448091147917452,9.046086355198725,15.545680277108715,10.218717313386362
16.2092727742303,31.184152279422324,489.94016953767215,13.464026315884137,3.1969560574260982,16.239218195872468,272.86311190087696,407.7077892347253,13.353226561691603,20.70287316860359,5.49725228169366
443.78244546282144,94.2685343646603,274.36219325882064,19.308176884546615,11.526484446832853,483.7740725677329,181.1297604292132,272.6903202224632,16.00120031861067,21.66428736975668,10.091087759242566
16.899189705754743,81.1515351759503,110.13899709581236,5.924816693126356,37.03122252882237,17.588724994281687,103.2589832762577,103.2123072014545,5.723812538862673,13.835772361052788,11.416262577008226
12.07370325174624,43.283958697806334,48.78994086892106,19.605418491999895,30.777427684600205,14.042935575706117,28.17889016159795,58.93073076505444,15.092466133083414,21.306339004553116,17.44360807250772
48.23383882630163,17.071796587095413,29.370502688144807,11.579947944559832,15.318366299030433,48.054267736462585,16.43229432794667,37.783638976322464,13.999068918979269,28.574085623184178,5.260604269160982
48.79740878167174,63.04850397937416,81.51663423379638,17.2078381262103,15.922686736669252,45.16942947214636,58.16205550721373,83.4929761544923,13.122671581450469,20.162882697182667,7.048699981107544
31.109325489102783,243.16075712574846,49.178201925434706,5.40561915354785,31.57603974434411,32.33200516292777,344.8437239236313,57.541995034810505,5.893014681774306,18.369163653079195,4.913732042102347
35.658469506582676,17.744241655471757,242.5439723502299,19.242840570679725,7.5778440255756445,36.37938124012552,46.43105362166471,379.20271830666604,12.226443332798606,36.8334013408303,8.037704529976732
313.12794208766496,126.10651858684344,32.24256716476458,16.646459966301492,27.651177714960934,357.33870673474826,134.57087650542957,30.98440029298373,14.543993056852756,33.35555337350868,12.139316777215582
322.58041819539153,86.08591416175113,49.28177604521711,6.546763962955557,42.23020835831125,343.4048117047724,91.6407971834987,57.70053047522831,5.934111253023404,37.427613034994835,6.863498332304699
12.718324752638852,15.31988895941152,15.008462825225855,19.099822937946925,34.834473978444215,15.763445371217118,15.444390260463125,14.17589442513436,12.655595210246872,18.737331820971935,19.57763513939993
25.148361152383856,622.1200027042556,110.86445299929416,16.19132811624336,25.314863952179653,25.04270168769856,377.1335663202748,134.25578385361433,14.764459884788884,24.53936971214123,5.872198746055339
240.6797650056403,205.91545107073264,396.55703139300147,4.069385379805305,9.858713496416412,277.70256177632035,242.78466005164444,393.1224265928997,13.527645249484126,12.161371570565354,14.938353800580353
10.161138352366368,467.8603438604787,23.375421863793513,18.85201838783241,28.81996977414539,10.359598661797314,296.45358571735056,49.087665748273665,16.421060693619392,24.245407256724135,8.076701458034021
223.45557660125945,35.00872864638476,105.43298280439792,7.355317319695335,47.00109427695374,233.76946736374467,30.263458504480692,127.73901117713062,6.804367757972756,36.70144265680325,8.121620570215647
132.62609018417726,914.8636345801525,126.07226390423797,13.265580477948504,34.52362265197635,134.21819428829556,873.4014237521565,69.5508535879492,11.973066894500008,38.9732352983933,7.137591346110131
26.325129029447755,34.74089020589732,40.58157854401413,3.997276759653341,49.95636951870601,27.323005138662353,41.219371459092265,48.913562464918186,6.66527618133447,21.609950299792054,16.64273828376237
81.25501703731263,47.44639560899412,269.3544209401516,1.6275293192572835,17.417456760124278,94.85923493340353,25.355966295866565,265.252082598408,3.4679020222259185,8.583513656166527,16.105641256656682
954.322438511117,889.2776871740605,290.531920224277,19.53144211681963,25.202481629993247,1004.1618745605364,774.4181215031572,217.58205225763564,11.141987848922344,32.92932020469008,13.313129008435713
16.17856228306127,175.02454251896924,159.65117738111738,7.0191754256404115,31.567228994662795,15.897448848008578,152.1341806671929,143.1337825573341,6.691285423170855,15.434675722434902,5.2914263131290395
212.1673970356794,52.07570145659637,609.575688554997,9.056115590727623,12.078820759862891,244.62339182566407,53.45847143912399,487.8274720844753,7.99291224257234,11.497596026055984,11.775146982262612
18.448636157753874,33.88558070205576,13.176168739524773,18.931474372882075,17.607938393100504,19.671838143203612,30.027995019008088,14.644460058993333,14.324487450672645,21.759883026999347,9.070409261760414
14.738436022373588,375.4065960497375,28.429511150801613,12.276029135862272,16.570975013349983,14.290863153049477,260.5175660966865,28.463620335300902,10.89980413047505,23.469310731810282,5.121518585986305
27.80410757516612,351.79516029102984,515.4551090051381,5.789570648212573,19.38023346472212,32.446420663319174,268.21327692098384,579.8283413883545,5.37208716397379,18.121912130221276,16.606294154098823
18.357764630039277,971.126807025103,33.182668724008266,16.381127608738343,2.880926002774432,17.28539588754528,186.71746218863774,24.062998621384256,15.491320468359751,20.546986393444463,4.950484969169495
13.379254014598958,30.14749566701094,327.36511977364455,9.02109416156745,32.84854087558203,14.837809308591504,44.403039436214726,308.86322568706964,8.537800842010876,27.072183891505595,26.798440492772503
295.9285589310238,133.0470072875748,150.65103326289972,9.125967709843453,32.18764085856836,308.4956973511768,85.49938722782068,164.07288760638562,10.084197367196326,9.84188916600993,6.518275175637132
907.6823944323045,69.58824484984719,151.21270446084583,16.916713310936515,26.900160677673,1112.9784218822426,64.91347801432714,135.82220872641528,16.359524228825162,18.68431130764591,17.335465627779055
493.09715250516285,62.89253377725442,929.9672615608605,6.97917920162309,7.392861901345562,508.7049583341164,44.62663008076448,961.9357753222442,6.47909663762926,4.300675927007542,7.682179180120056
28.098453607821963,781.4162288115347,65.43931215157755,17.678865074168083,39.335863041597236,27.980117060753912,324.04539657838114,197.38462230444654,14.583597896572009,23.13790001275405,5.6467647802216705
267.5354158004069,74.97290510600324,273.58759508248113,8.368444166126594,19.855662256395195,281.5584642385072,70.45531501636376,282.18273664817497,7.549509384547658,21.290823586342153,7.74896694587518
333.71628578938527,47.51959520442604,659.8254131908697,12.313098810179271,38.216918757545244,361.4725987835922,29.194876818966716,509.91069723038663,14.255227054888984,18.01705084744017,14.46473512536301
721.1175555530345,30.323775261714523,945.1803381554686,9.385654413690679,39.06105549787484,811.2439866662869,28.21586617509316,591.8750071259959,9.486185861866076,33.23505865108543,11.508258620067965
177.32699065651784,990.6433371782789,46.91469910398076,1.6738219657193842,42.364740238893404,196.5997935305471,953.2692224239296,59.27685811587363,1.9639516875604175,48.30493825217236,11.945229140243114
210.42625777323434,463.88268886244555,12.148629231815729,9.628459519421655,37.4627707837013,218.519322751486,660.7830516393719,15.930142354333432,13.234088760052195,23.548279066439406,5.33684674801516
838.2654739250243,543.0419556996073,691.347677992222,2.521474343238408,33.433825789859355,845.3172323940024,463.8842483944088,548.8098346433931,3.0128702559699874,20.739578177423013,8.991922268847748
23.930001077504752,18.190431896729695,89.41489120323659,5.311277631966799,34.1510717447605,24.83348969895377,15.413298331531625,109.05680767528251,8.754524663052845,28.823976181351142,8.467322468525476
926.1721971628141,170.18099342055166,11.634584093742987,1.1384771768492843,39.0460079743949,1020.6688546362999,150.0072010536777,10.014090705462285,0.8423699585363287,39.90638345839656,18.404910283756735
105.91579357896062,550.5226741772535,221.24507173817904,7.890628499283321,2.945328972734444,97.56804692383122,251.14458252333225,219.94857091911166,5.672029482651688,17.155886386044553,6.001865551260444
50.11922105143495,744.3601634272557,349.6310090746321,8.78747898815347,36.54938296259869,56.47932474110488,638.7347950432758,353.73903831319535,9.885607599520778,26.408362012319234,8.923956594260925
30.214154736376663,477.76229352847895,131.78269774636522,2.5023734776868016,22.430320981380966,30.49000004959476,473.7834415884552,161.0038460936083,2.5689885111412845,23.439861641912692,8.370981365776359
48.663465189630934,104.14662642897683,179.00902073877674,17.450401402242765,46.20400795605513,48.19541485732328,77.69396252582897,162.54564951576893,13.483016586822524,27.859519571575706,3.8485940774712
28.130836336289946,714.9147766451197,61.698063145168376,17.05901267433271,24.03866332095752,30.986700520085154,694.8304289193212,28.28976453890741,16.264509116812267,32.98764311711717,11.442116071920086
187.55597930746026,54.35101448065373,172.52674761875912,16.769057478646506,16.19723628101392,177.72386571860577,46.18500020842103,150.67219461855169,15.876002208291855,9.142588840625596,6.553036845284578
77.07075705380855,952.7136348422091,71.9537606476719,5.196624979563648,26.893569797489658,85.84682176044946,722.025183515584,68.47371688317702,5.225923904716819,36.723267727760785,7.317587086371523
854.8452174336174,17.202332144787245,416.4686264186872,14.396207832184864,12.164406260060163,1058.4815735815996,44.297704115712044,368.1659426839586,13.821846755423481,29.732786802630105,21.775904859293284
125.44770954801375,577.1411544690145,547.2854269724886,1.2780570758732592,14.712353771160126,153.0450529387356,496.5125814673515,643.9034629654429,1.2205509655570954,25.291255228623125,11.250381457407142
443.2820180710452,15.969082220017071,29.600815870841114,14.679731200392009,3.3934768041692425,472.7566697108304,57.561493655103746,32.70677830524921,13.411318935374844,10.446932248424734,8.05160208356346
66.426304472409,806.5574412411107,23.6874693677365,1.485383046038915,32.32071759957292,60.96192818532614,764.0081630652745,17.97838149212843,1.411773622907272,41.07653979087718,16.654023247897488
49.77109332028493,102.45253898636442,935.1846280000709,3.4514945027978285,44.817149180868135,48.75557959990187,107.52975375272301,641.6802220384891,3.52742339774257,37.972409557559565,5.458868690067223
700.1462976551966,37.29250837366094,471.08843870598554,17.974299877841368,33.25873311968198,878.4123373118776,39.18282603705919,484.4877248878228,18.064813121200295,28.68869930687858,23.475112131424876
30.8622043065877,790.9507165471305,22.120457750226617,9.616491489312327,41.158169623702754,32.69269079930956,650.3735642691377,35.138736795786954,9.483032151896975,38.20791057117799,6.505731057308763
572.2191560930876,30.49964715291034,111.48355898031689,9.410776324264688,2.758499637048619,617.833304174194,79.60062087878552,139.07545581682004,8.619567297525881,13.617827544293503,11.990643441658841
207.00561294752552,616.7360717532611,137.18642681526566,4.616310546383663,29.123956774979415,245.23978198340544,662.677184543309,124.26616421819979,5.101097637360531,28.571206822721887,10.091010243428268
180.69977965388182,195.23770331772857,49.072857145162416,2.886007071965333,33.412085576473125,192.01760853521748,275.0849713080455,57.10978818536436,13.840948870844354,13.754007364330642,4.820455510492021
34.72817338072716,613.0363932681103,71.11184222450596,7.228346693185733,26.120578368087017,37.61400286737796,568.3691968390116,38.63677216196456,7.056063987134674,36.6025045675572,9.727958081865486
59.38464921473869,82.86918532213804,360.94377129836306,11.675877899333466,26.05402408308242,61.134133725300465,105.85126325242123,388.7494286660162,14.245183857453707,23.541488739713035,6.450223726330087
424.7651709916832,597.9119606665729,219.75269032844432,10.343499653712453,28.0108374915386,466.45701393162534,562.9361343758342,200.79692686219997,11.84845363010794,29.648856082270008,8.247547544671068
111.23118525302752,62.912897520421055,406.731588893108,13.441064914244716,45.587016849235106,127.44720741330022,44.78513386029873,396.8544777192571,15.99036527515272,36.58803931811992,11.353689109365755
117.11668949004657,13.401188404345493,309.3793231981136,19.03065834040904,40.27918805292199,121.09604119221223,12.808289832285897,201.7172276574908,19.862244240182626,37.60259025178666,6.637381290897136
11.870107482764617,153.8424073820849,57.62527954927822,4.692640511056049,45.177413932428294,12.285483368573363,189.78343091996743,60.502028981316656,4.516603420894549,27.18059405591427,5.960110543943153
147.54739753214085,31.26752890525506,34.50874117141044,17.6362558103743,6.200859197207889,154.97782013618297,41.612409654265754,37.02036139475209,15.213804355047138,19.63432998321482,6.621286997266927
118.4949833738443,150.27453548507842,160.53621002352315,13.440134680069894,45.5910903876281,122.19100681190511,130.51942290117384,144.3972127518715,13.744201273519167,15.301902623107587,5.781505922910435
949.2997933016134,452.282058694362,63.17796445421148,6.454993929435939,30.97794289802421,1054.782365504063,449.79906990492526,62.40331923632337,6.498656035306644,31.43337303564898,9.73633453119569
70.05293828928765,26.32565718329039,134.4453438025665,4.058835194810923,22.211707937706965,67.2740226767417,23.486721208212114,137.19276835088766,4.636128886530473,22.13606160611169,5.491056242537471
155.886244958962,200.5229863244101,12.857042725596084,19.760239952834727,10.740230970237732,157.67842626620026,177.8059204951213,13.685970928733619,13.738020442286535,14.92354605335541,6.962387507110654
66.6975038575503,469.6717055973458,20.455932139519273,7.02756107900978,10.7097158231951,65.96158937563382,378.32064512702397,19.953960071716548,7.162472660343266,14.76974152320453,8.055096580553649
363.17850250965,496.7325640250536,125.10528189501295,11.816793907849627,34.61895733343347,386.72593188985286,572.6085996360111,121.48830157762696,9.735559565795432,35.815875540448744,10.663366667633708
73.8592635449853,24.772571004081886,94.32532048986528,1.3918521064008325,25.2039655416963,74.64793569261634,18.849632697837993,112.42259769774023,1.11754627054512,29.920473822643654,21.488938355886823
741.9250475204332,141.758303436237,41.89358017223551,17.395939498061562,2.645560919525744,892.3394249206873,65.04477644029373,47.844213056948725,15.47469339571704,12.249997503742998,18.88824872381707
15.567417833039036,61.9855977830923,521.3514978551194,16.307820633708104,20.895369287600438,16.428434457969217,100.95316006456099,550.5644733846976,14.378431324153611,18.635186775565398,17.942689571862214
717.1746252917569,11.71453939056685,35.087391028299095,2.283363567561313,15.601764987930471,994.3932458189682,13.184336259219872,51.0715988103654,2.1166992862051344,25.765349961850887,20.43958348174574
83.36927629748222,12.354183176535674,125.38445494511117,13.658416370700753,7.256958739071154,99.61618850784787,23.45040085289369,169.19944661463717,13.729172046481743,17.874388422981635,16.60253282675542
857.0073651998966,28.839905471165313,71.05999340723636,10.535586168398726,34.20562124327058,1026.3330735242077,29.03669691664501,100.2326433098456,10.678873260597005,25.461528316632425,24.04368935267768
48.61229273021569,62.60940978269892,479.807493039965,7.873984702980733,38.50081244854497,58.51739777214122,64.98287949250549,643.0877746129213,9.392554507455094,43.10718460237764,14.902475275765973
63.60707676081536,257.53821196858496,967.8560214378249,6.577430282104334,40.236173862821666,68.68407523570228,250.00484243553868,571.7195656199492,6.380672181794473,19.239731946643197,11.440212564344074
14.681419161403138,149.20239481726452,307.5555891413872,10.082070164457237,31.46536805365014,14.590486983779758,108.80575742412985,222.52440081125965,8.723898858143208,18.478271247246067,5.916349349016459
72.28720642201596,486.54311884875443,10.58768020315282,15.75396314405323,42.63935899576784,78.32224425076829,612.247504352837,27.99028105501088,15.72624898797953,26.49512426903644,7.93175075193621
680.7051421805238,124.67016443764888,124.46214812696162,2.29985133767877,25.310292856457245,748.866125778004,126.20709938436515,132.39343940654462,2.335463905040142,23.434680855423903,8.507524044913268
21.476062826653546,920.8240339292647,142.2501528159846,11.438558576700496,26.273320705551296,20.737161239277096,649.348873873203,67.03066020749074,10.590320794156062,35.58245897934203,7.325264082428013
751.5763028393959,10.632764610303397,443.7122287152053,16.1892902001709,22.274008060024947,880.6844872569574,16.1174819451313,460.8915189729875,17.510147282924347,27.39079456385179,27.421025658619698
284.52647266186125,23.32908079546659,149.8591092751145,2.6608741489585936,14.896551505904009,310.05214747737006,20.709510517040197,171.22149064161138,2.6278319276676028,16.025975404677013,11.049974800564161
57.685745445279125,396.72679211232264,23.355084800636146,10.490816716143799,28.023371929848242,56.17968072251199,384.33145630881666,19.573610693669185,9.019567505355742,35.42252451117959,8.01123773204049
40.890052970148496,50.57151766433869,959.3079373338513,7.655705591672856,17.842406403237483,44.236033859380186,176.98101649819426,739.2153047149662,12.9546513549942,17.685832094749607,17.399002957276764
660.3159685966458,66.50619595777317,29.711734574413327,1.738521565661875,49.082125525142736,735.7344767330646,72.81187014208764,31.289635170602736,1.6757577234988836,61.846093969458856,12.13775510988385
10.431278719440163,77.51436182934172,60.5204073732257,3.636808561273587,4.753917204681076,12.684830181415236,83.54875765448999,67.7746892133954,3.8338747719149344,12.380212078529041,19.041462640795377
122.9695625667606,46.50208222799223,36.41386480193442,17.065549901010865,13.856583991753478,135.45436483345867,49.60725082284243,42.46255815061587,14.91527177547602,13.825112452245,9.342518365720666
646.7321157893165,29.90287079730711,221.35881539326792,2.4443913200719005,21.506428670268797,807.2236884171167,30.334111452992175,335.24538400584566,2.1869314825893813,27.21483531767004,12.075767775604877
627.4246368238666,114.27380108331975,125.4556321519583,4.943115141174337,30.180142468908677,675.1656946268434,66.91736106931562,126.2986585609554,5.175913313074017,16.386478895116777,14.606531777232105
31.45444852743382,138.21400916765757,688.8753038156673,12.038742853183084,20.10706024165764,33.70142964301571,248.96271642689698,435.29169537265824,11.331813658400325,20.068433478694953,13.335356734196438
15.138948847226578,278.4317142027637,83.89855104787753,4.0641638016384345,26.050149204961446,16.58439642274726,262.7623747892348,71.31844218194446,4.252489288312817,31.384432461925822,4.296404039359534
256.36951164185825,15.290639901631852,19.426996799213743,2.422536331092008,27.28606314804557,252.35181952392287,11.338088726896013,19.988427594548153,2.345196298300815,25.333642857153006,14.61457958283486
63.1248485683875,15.260977548368405,60.66134476329341,12.06792632888228,5.310789291730178,68.80911178196457,23.448812037003187,66.90978120495421,11.486930712371805,16.593597739132722,8.315997141643022
13.071411063043916,672.9636179812316,850.3993689578305,8.342273138982573,44.71244037207896,13.31205109092955,193.19857505528947,548.1655633274977,6.689497530831196,16.59433018038421,9.168510329586399
74.49928706987372,390.3900757203625,419.35823675810315,14.640422889107294,48.68356399360673,76.20784145007191,228.2874248000477,351.0222964607088,11.128780538595105,14.507066645879656,5.526241677267632
874.9706208014308,44.53200002556737,425.0835767775172,18.788640901316292,8.237544444976892,1035.6268216176347,136.68088887513736,388.8878133436512,15.525454015551322,25.390294863681174,14.698605628351158
948.3587111026526,84.32025145173613,22.48993992926325,13.80170739020843,40.75402969316234,1074.8669898085152,79.62080593858073,22.574928846403893,15.867510543747219,42.55821682878211,20.825181016475845
176.5346727253811,539.5168378314072,831.5504508123452,15.135597563146236,6.765351435021828,204.41677905921924,431.31038188312687,889.508047511854,12.810556834198222,14.097569749043835,13.672033736172368
508.5262032036461,131.6230978511458,203.8143245741145,19.65404255469181,48.573865180829884,562.3353021790653,197.50375167386844,172.9689518655877,16.27746599986219,16.71600791474052,10.031668803172057
810.9555710722859,14.910327663736469,83.2426178905576,3.1681403497094234,13.031384353569168,1116.0621294494263,19.766789716211782,113.7112825975056,2.9423614341683324,21.012450316988474,22.06400246872654
49.318586855028926,120.15597743209439,33.02911614558322,19.714634074471697,22.909007678834172,54.56034019062713,76.54992672476568,39.76798025450125,13.321254922780087,37.0571542496571,10.714386456373365
39.25941334428912,497.69231617356706,958.1247233308508,5.977623034928578,10.856547932038614,40.8795534776191,337.8141243590118,915.5731085404921,5.04874570441114,12.299465733517733,6.8456613174893555
30.760574725283462,16.72057020650902,17.627932340599962,15.238306891902152,22.61418700671836,35.25986394689559,14.818520088599474,19.48250714487853,15.650622696729247,22.478893765187035,10.503999829567432
67.60998244896606,259.8824459922299,314.80262735274044,17.722245528377634,2.5564541982083373,69.90863293816635,208.73949354511058,261.8926601676489,12.85681829909109,16.035628359283503,7.564638863652812
550.3972542531843,15.205458454500349,26.671806517637226,11.672653579707966,24.134424560302143,644.1371251405201,14.629442788393707,33.844374595869745,12.976198063645462,24.843271686733928,27.331127805191684
680.9024829558579,158.62461953038385,510.5503482651606,16.211140520418468,9.61408962711552,769.2062873239513,359.3085887887287,491.1362130050636,9.106198686471114,19.79032306620462,9.835359516285477
12.303339755234669,58.12343143864472,10.66456503960533,11.019614190879546,15.317999290268121,12.310523903701522,66.82700540562372,9.736314533274944,10.297326707709168,14.250993928028176,5.687881244665087
27.228930685770635,447.70773688235107,24.18997951734427,6.44414286268562,9.78772732979284,27.314814889996207,308.4523278448926,25.690523498211025,6.2415663094907945,16.2327164825988,7.30905110338016
113.07438782349323,189.28683569174342,404.9634636729534,5.406996835751866,16.673012300289447,120.71833302280125,167.43604754039012,365.719343241563,5.209088813153513,15.533201484586176,8.141240075881193
27.13990680420076,50.800486636496544,562.8712624422808,16.54152417314083,5.9665974000528745,27.064647203475843,157.735707254464,584.585660651225,15.097397985326571,17.36497916322901,9.843361825222075
251.97009080974314,58.35509624397558,174.65259260437406,4.63824668846694,42.148381984124576,267.9109284578021,63.87518251636106,164.60041505399184,4.222271662635789,41.01171410644797,5.929507863543203
43.42857157568163,791.8653181360255,15.72601378845717,12.301202173603437,24.04603626741243,43.055011574894806,536.3735171065821,28.050813261125896,12.520707777793378,27.332665513911937,6.996443642167634
117.28275735940466,95.68861176055901,120.14407642362397,10.23743095334971,26.857868609741722,111.41710359298874,77.52641650509526,111.03553591497871,10.881237729163846,12.84930703166115,6.18653605296955
132.21264370817704,571.2541036654387,122.30801637315533,6.449950912992204,4.975086656111115,133.39567445781637,419.5245171208411,127.01565741258787,6.711344615046589,4.638017138307764,7.3728730719827205
13.97349296830451,110.53533470059571,14.345278609697463,9.899275687494567,44.07080125354696,12.845348423128232,186.7132429424315,17.722199511221536,10.158538975388076,22.63627386183151,8.354271700631447
10.227644901565073,232.60331283374222,329.199323167245,5.400866559666387,9.347378748466893,9.868829349658572,135.95362077357146,427.084170414255,4.95889180172989,30.264078993572152,5.795486417820391
569.5773850944289,412.41083400490544,361.6472495533601,14.86702548110911,20.119443596165983,679.5066676820716,392.5444728787081,370.8523427293967,14.501989859488717,15.32796840362412,16.811911022850843
10.027828782205777,29.537566070405983,30.43516754412134,17.703692178036793,8.364890383012586,12.247047940680641,27.697287292700736,34.010177321578496,14.914469001670826,18.922441046913892,19.265097781923416
92.28122741324111,13.042835746082236,194.4639724495829,7.991815368210615,37.58843638207211,99.64850009070408,12.509403411656262,357.1541970573813,8.462730547272965,38.846505138826416,9.856029319783557
94.54415894487566,24.056325438579442,49.12667377728222,7.899721574863639,29.83083353476714,94.50999974071657,23.802941828437117,50.899856741785236,7.309058983438343,32.15187048130441,6.243684209126503
243.04981982774197,650.3864326166258,865.1368291044499,12.146267742726618,48.055882357360744,276.82799462105567,434.7008760415501,857.3845568339148,7.736291844292075,17.103706916148568,14.374640247283748
382.04486540311393,868.1001819827276,255.23189877392014,6.327171185128799,23.320662013596127,454.15587579353365,727.2871862075278,268.8319445179044,6.387705982460845,25.91203046978121,13.774306633040217
132.19599361595863,21.432308899609353,34.753998672805345,16.09306820929471,44.2031618242793,135.6358150903858,16.659818684587872,31.81399087047552,17.00501805766029,25.2010538727761,6.358373174150538
141.35843937858223,145.60092908396297,346.47017546177614,1.1519262432614017,37.86929497276449,156.5740102364026,95.82722686078041,369.5220010320817,13.553399810453861,15.148979210599963,8.085746406060263
102.6062536750808,433.8301521820596,475.03994688504935,7.704901043970462,32.377246773561644,103.762403818269,323.7906208649204,462.17342657537426,6.455895955156554,14.44617297607877,5.792920107798192
24.976616944283286,17.040538228470165,87.9444688119266,15.314939958021268,6.466653698204373,26.985718721092983,37.93854874398691,113.68973277590035,14.0846845728858,24.520108947132055,9.555413717114261
96.20858419061103,38.247959261805434,198.7597738556006,6.016730968269362,39.25994468201208,106.20865681518096,37.42526103010038,248.3804380276307,7.191758567180077,37.54629687386185,10.76683557960822
258.34327737208747,172.01719944258946,10.232221446100842,4.50189003970729,32.50598206270776,248.35695349611046,181.70715587478423,12.23591089811877,3.23386416043928,34.401823455401136,10.466147553379086
66.185695877938,84.11050947529563,46.3108351644182,13.47318899439031,3.2075648276535382,73.59779354575134,51.82124040954111,50.186193133421504,16.663267008604638,15.136648283905322,12.175884106589388
20.371818604884236,287.426335753185,193.0280878643452,2.3263158880533816,7.5220551373857205,21.55537522940812,260.3393342109322,219.14980823411864,2.56296872162736,16.749041985245483,7.383241919587753
376.6149647454242,126.08002635241925,265.02879949482417,4.860437645140254,9.439960780386114,406.15057710745293,81.54057509704339,298.9988229212216,4.996879523532401,8.043737150087805,9.149026250621834
522.4395207527949,151.69605420858338,78.39908745180739,12.992625852326963,20.322117266179465,542.9796965769206,170.08919682191558,95.02326542412358,12.209009286110437,23.675764490975926,14.850113558178466
113.63130213723518,30.268139091775836,93.47030421505171,14.843525672496753,39.033565633206884,119.40773126113191,25.69515944677352,84.66702353213074,14.27439451068769,26.27576144835521,5.314519343706646
194.74411985814064,716.4478437544722,338.0566004019859,3.2493352035053285,38.73774485293575,200.87650806576437,915.9253903283851,350.9770733655762,3.88452254010302,41.48295388395817,11.428333561312956
42.27033813285988,211.93825158387446,19.027836988784955,10.973086593188444,7.573282915502824,39.5522242969942,85.54296411159257,21.085484812404253,7.4111365299545,18.818116682132214,6.047415314626905
74.09890029207642,30.49461018299407,28.71494103934617,17.915994400809915,29.294687788968645,88.9286121371593,41.84813581822563,31.187569068486955,14.838916781124816,15.031230885552281,14.773184406613316
19.400699646652942,572.9774883022982,15.566481718408394,3.916984919037664,27.624320637150102,20.16893026053594,481.7920179156684,11.652991316639497,4.4254252747039,39.32918459620043,10.552234910224117
104.66738495094202,33.19117897584633,45.785816347506156,19.59692959116288,20.821301984705933,113.47206590303507,37.52307897356203,52.02790340424076,18.41954277678915,21.523972309429034,11.827665888606186
159.9635010371699,720.5830228000092,91.6190041503844,18.33590697570649,10.826889522316048,157.21695417907347,378.8622840482955,91.72343518748502,15.223627546544133,23.157136203224887,4.448114746056925
309.5441735987911,17.765494147105088,124.62471732327273,13.066500291698505,10.861037348629923,344.25705702166067,34.0394359148457,190.61921691761523,12.037228521722115,27.334314032785077,9.563779104350752
54.30113201875114,824.6656227548895,763.7151869828142,14.108034095171273,27.211262707117786,64.38204330877947,186.52353625903856,829.8702527563473,9.667925473113032,16.734875531651312,17.989258331952033
72.76819343440457,52.99483665839119,97.98950444560526,13.727616363463842,32.76270635166334,80.23156429979437,37.84486046121619,123.3468591330659,16.182446467578437,24.787111741350344,11.504077222975177
91.55076448940198,102.97857298910611,28.197713453178018,18.592501022273932,45.89218842401007,92.58967894948063,82.53428795605656,41.60001261348221,14.770914702684017,46.39767149615615,5.934591521821946
186.9198708835371,35.37557542529971,81.58335157556354,12.511652646671092,13.586883371002493,204.13510653919909,41.93923198772797,79.65487511026312,12.904038948087079,22.892982118700864,8.754767003896449
49.62667529240026,69.80420589159243,93.61219662586839,9.354935087051317,9.063825651954613,47.97143983164819,75.38498648953222,110.38372613657602,12.526922945624051,15.860800869708166,6.667924234749854
43.908680131724,340.74008901771515,535.779014276447,5.820959669432792,23.426015466059695,50.967752931488384,175.07340079619024,530.1824060592759,4.49749331326528,13.53293000060995,11.672056561040472
30.25361866633395,206.40676069948702,40.528184910520096,13.004154421082951,21.389664359214475,28.503662581320544,118.73967643692508,59.326317721809495,9.328323070475964,26.978936353497446,5.030100301175276
24.910217658616183,531.2123145639424,240.0359140676791,8.727625316849178,32.21925444956982,25.243162468474157,498.2950839587792,153.9074156000318,8.868087720269868,34.29651444919414,7.464742881811941
165.7008215324056,18.14183636745496,424.8926740635745,8.080154785434408,31.42745541474743,192.94878567181712,17.92699923506259,645.8324777258422,8.678687450233713,28.285784351762086,16.841015528052036
440.0799484259224,217.4846992892576,728.4098349854777,13.944441125482562,4.917215623784619,489.3141939625411,286.46089377030626,667.6040798611044,9.588746470123475,13.19701123774574,9.880636577878962
73.31387727985953,70.89572576887943,543.3074153979779,2.245580789180755,37.31508522714001,80.29097219479324,58.22300128474716,653.9443326350711,12.667130989252687,27.5307852985842,10.653952043939716
54.278623620618895,61.23634009935407,153.2749106107345,10.137438077000189,10.2820333329294,61.230056112967496,107.16409475810401,174.97462510108986,14.95476535582076,15.416803141401656,13.686255988019488
12.593344676995711,787.598625325521,665.731047730002,13.894619701803801,29.618264701756594,12.796379750678053,299.326955364446,536.461180842094,13.454862584429463,20.227039961646643,5.0030356197490935
32.27142903999193,61.05358979721537,52.60502785938643,7.683720966635743,26.913026320461856,35.50310541224513,96.77094567103138,53.36493021285765,9.970323102815096,9.091885800149623,8.317282336133712
39.14905442287515,24.023932855042922,42.447620097737484,15.96280348739738,16.30272495088059,46.60165249388789,18.834266561275502,45.83885458036288,11.386419041618625,20.30580501804563,13.081208965149283
14.204076203031521,23.56799219780691,71.1608667201083,16.53865865712424,34.2281540801738,16.816023813319223,21.53927101816596,95.55139380292533,14.566520464800169,34.09463875618841,14.648944469147256
56.82036440288048,13.107986889579417,992.5963130020124,16.92700914933863,12.631505038330356,59.68141170679783,23.04298203079737,503.6565367096498,13.592008150301536,22.090362193642083,5.230286359641385
80.46585547671339,117.51034152116469,39.29624396700401,16.272487343889708,24.678119558625244,74.8778461760903,103.39004422773573,38.97519236146593,13.845403009133687,27.75713069379316,7.1040740865594865
481.7670169833494,115.1328786506862,378.14811338928905,18.60075890358035,3.1214043011424426,504.73426124038724,345.982941560335,326.3804222232987,9.962803191271474,18.03910296786609,6.827056048059996
413.53267021048873,27.631863198835017,780.6756108721652,13.359263609959859,40.31730269101889,431.34180026518794,20.052356916180717,713.6781223788635,13.425230050090752,27.774904331767388,4.3308162692714935
909.5727602139798,42.84731778587844,11.745961024554246,3.7136296735319894,7.727456451736198,1058.7101222894473,30.294158440238725,15.215923297252447,3.6310045640660737,13.557250035473986,26.130342085800795
29.142938428415817,720.8288003195479,410.6476427259348,18.57389141094956,44.109122842204464,29.772452263489456,235.89045670101763,598.623799559451,14.490276221226535,18.2773804984439,10.565249780034817
24.45725879115902,239.67625100309894,79.16528080445717,19.689357918171343,13.83345903559726,24.837841125230863,164.49347374302343,54.69284948804655,18.19475368036222,20.484628637684015,7.362491988387585
70.1523312221676,82.12787843893686,291.0369488699895,13.456100694583283,36.383747148883984,78.99844466048911,80.88863593829504,373.786377501571,13.677905379033643,33.388315086961676,12.912380901412387
64.16456435042682,344.5715658585812,292.5415211715002,1.2336643916065406,28.534094987784254,67.49419250656408,437.98186010242597,374.3611730296962,1.9436499438461106,16.9498653661153,16.142760584060024
35.67916868790577,849.2543347733339,33.82168268654621,9.169183948100908,22.760748475633573,36.57314345700724,648.073469091057,24.40187660554546,8.85667647171439,34.98857507069057,8.460449330350398
109.47702396607798,69.23084935132533,811.1934310637254,17.88562856666729,44.59469552861288,127.77918649327299,54.033764136699595,583.6752570269057,16.217788881960498,31.180997125572766,13.003541283496334
687.4902123656121,589.0973009818008,140.62843067929123,13.81172160386729,45.51527328413177,731.1134792491767,552.8446920115086,125.38361807243672,12.354260068180896,37.49827116695408,12.121990336772205
185.65978405225002,98.31155581801397,822.0499046140765,2.58070591184886,39.946300184847736,187.288646585203,76.29640912449446,885.1841792946855,3.0196044998750797,35.121425749680995,11.031024215344834
24.462762304843157,844.0830470730929,23.21611621147587,8.222552236783915,40.3325762154866,26.462565570534892,751.9153367672633,39.8937286904462,8.546405950894325,47.12861302546813,6.573184074612397
11.849673758980268,202.56933954289963,158.33316378093934,10.570350180697954,23.689418986165556,11.858329346638143,131.31197824289617,118.41031995257632,9.625749336643004,18.20275700015986,5.9546052021435845
20.52655979906985,13.393694164616782,287.5473786796187,14.378083600813694,24.153186229318916,21.82332834379614,17.292731765360553,336.343301160933,13.353817774067513,35.96950977012531,6.907659639318375
324.2963118481277,103.28311728263714,72.36937117541083,19.92150845000119,34.034436078116514,346.06476687299914,152.8669667349647,80.78258635261979,19.290007429718166,24.483348825869566,13.73304247665822
37.45182712666159,54.7262702155772,68.25375169809784,14.740513264970566,15.44940238265174,38.684404837558795,45.429220228177165,77.27674514790758,12.066579411251576,12.291626618892147,8.83518355233178
198.231681024673,10.023237772459005,120.14955569930548,5.679009494424282,38.552256800726155,211.50621772121886,9.533555291452998,172.6515093640214,5.494090204981686,36.666954682346294,7.386454026850445
32.06273204972089,139.43633056519022,11.31886255309584,16.747304624989795,25.72175036842979,34.62095987793593,196.10156751534012,13.405244830448424,17.94408924437194,17.67300660478903,8.085612319473732
12.574117983635993,45.2649287980311,549.1783771977942,18.42217513137391,25.539124028462417,14.993050417789203,36.127568784097164,813.1640180173163,15.697985635092474,24.320664997327412,22.546739834629907
21.7388979422425,21.007989217790296,40.18856681137011,3.753368980308457,46.2522233971659,23.853775254792087,15.578242458506098,44.527542959556875,13.414115357702945,30.53826500508787,10.637832735890616
43.66324225428106,976.0124219575405,21.799545606991124,13.823596349372611,3.5072183466435582,43.22915499054229,231.24632538496854,18.538695415611702,13.469230334333533,16.440522801986262,4.538504142988385
230.58850956195673,378.27533621156374,78.47274183548241,4.853694488209911,18.396409719402737,235.83217515123428,474.75315571058854,75.02284790517571,5.977687420005252,15.54283230998817,7.2693677042606515
840.2701582300529,195.9973078509413,169.3267147625677,7.293926791640555,37.19396719760369,863.5906593012896,208.59250940264351,191.96186112097305,6.506097954755072,17.873070182574626,6.805751997694628
140.78170808547006,93.50135056640224,316.4130238705101,2.84471265796871,22.554180199274484,149.34513088987669,80.44601099095622,335.81950044486763,2.195666558629986,27.355441638842727,12.531120699550216
792.7669590191258,84.3516560746561,182.16753845404443,1.4419483623135874,15.378088666704318,839.8208822332094,71.36810412931723,171.53792586051503,1.3859118936668946,12.720901037255077,9.227839322966553
56.748785598765636,132.06804844335065,30.763292310273314,17.62280907110066,48.0961534021158,55.32694407287061,137.62098326688962,32.51122497679963,18.2515856037921,38.488709354514974,7.992659564208064
16.99699343343637,134.1914380342907,276.7458450851435,2.118122209316204,30.69708959389776,19.427918651405626,171.67235100108635,286.6802875485153,2.4934562326441316,27.054825800200224,11.123943014848006
364.60174732398576,23.51935874980175,95.53036857912747,17.988560428344343,36.885510158776874,395.7004458816224,16.671171805877588,150.66621438334172,18.312663376489727,34.06910248550934,8.318400280534458
45.620322836464844,413.12718330189887,853.107345479374,19.39135661648156,37.80430879133599,47.01544662949995,147.0445271423028,689.2873240892925,14.33162452645156,14.670058537828425,8.852581477610883
10.04816213520768,11.124114551850772,19.590159952829314,2.935398050672541,25.507008499135733,11.561283767348154,12.843033388094607,19.4791683438528,7.292960546913699,23.0895935591061,12.071899151834202
554.6280451536028,17.499157851413525,13.260644875517151,1.520858572978553,16.560636441174374,525.1635805508847,17.25246223511885,13.386759844872634,1.1683085075336361,18.653453123129022,22.460496001310403
131.41770169922572,651.6740431223097,15.906983656319419,15.360150941201681,49.34215312175242,136.1458756385702,729.7430857095783,35.1330508901352,15.62039085596201,34.82633009598645,8.23106902170505
148.9936205282109,134.98034279721904,37.237217725951595,7.621922454474474,44.788735418077835,149.61174451635728,118.6133104154011,43.33582963337857,13.811679399553434,40.88595746813338,5.282748907386645
258.02932213178286,43.72812958445503,729.1112314735109,17.501647181579475,23.65942648549484,277.4103247314919,44.8397645438771,555.5753739444631,15.093416474088535,23.585584804426546,8.06862193909218
11.000633177506124,346.7889891152808,26.05491428104514,6.704871646848436,12.58125330698014,9.89280725703264,268.6662917012138,21.251465340022214,6.927630256120798,20.2700503209597,8.501799966520595
29.167070305395946,18.574342982534645,215.69137060052597,9.32537187521668,49.03322569605675,31.14839349211233,14.933799873270491,196.1607082949929,11.321682971269757,37.19851205548393,6.793201119522857
109.63623734326845,939.4201827915837,11.487328943998207,7.663412607873069,6.664103350481409,108.16506592225768,418.58328598606505,11.710225528634263,5.8886320435421515,16.129791498909608,7.23571482546707
10.412756910283596,333.840491942606,52.55173709381869,6.490315186400853,36.18799396332796,9.521288616606073,169.0682991321952,94.5780280403771,5.383551959604115,23.359656731970514,7.828000065671194
169.852587848998,81.11542544323842,978.4476924108552,17.39829718201132,27.24717833151474,171.21599255960436,69.88194138365532,776.3006477288418,14.653672052967467,25.793522804933918,7.1037354948164975
123.3905068070048,16.26038877335289,117.17579384883341,17.256503751341956,37.97492619788431,135.16489740360592,13.617214481509865,176.69901146716228,19.38351640859404,35.26268349893326,13.1167722786618
17.440799119918545,239.01853302544586,27.187065438251413,14.747932236421004,24.02593648647172,17.199254577807743,234.99644622330956,35.30690644920548,13.054550544906052,21.788332011711546,5.170210460438668
212.7900962051077,84.3737581862658,208.55928083370839,19.86505890316751,16.096623446087033,220.96830574027345,109.62286974240918,201.0282607130387,12.453210819161256,17.114702409687986,4.763081630310106
32.965695903894385,74.6469008717396,67.4405154730225,8.597233527266532,22.924817613198037,35.37497249486688,86.68885132211857,81.07280378707351,9.200271534282455,12.29723715853125,11.00710845472095
73.91205867500123,46.813916552899656,142.21842562741608,8.118216145980075,49.41737404036994,73.01220033467358,34.45892113020736,116.13751611441913,9.395485109156823,25.697599714250472,6.279338930965264
33.40017477133658,204.54477384086337,73.2251450024416,14.987494938882813,28.68172510473182,33.85006146533042,240.97420809816177,77.6208405347604,13.37273021424579,17.6931144184917,5.477012601017279
67.35161973305115,21.572957047090274,204.8523173311226,10.295333697530788,9.029693479439617,66.99504659058317,25.55703012263017,177.89117412856103,9.642062703651725,9.490914845858946,6.957685202237266
620.0069119407484,51.203131624687906,34.8446676532833,3.721257392803231,28.517378765821835,704.4915919617315,66.72430947770286,39.496579238987515,3.5857633735264067,26.698497772508965,18.068927989023013
693.2705776757962,28.230172716156208,147.0295259703383,15.547500956798721,43.869496015783,797.5514806199359,23.114327358190046,180.46788786183592,15.72758187970188,31.743582919934042,13.989086353997344
33.70163537337446,18.437824753772578,423.48513086255036,11.29092656967601,23.9007791803862,34.46876621095338,18.14564374159128,736.6935407731711,11.275283269044087,25.73816502522196,4.859600389580483
115.55576999480823,958.0516615289489,950.481669505961,6.773611558583687,20.234039705018137,125.52314839367278,780.0616050075723,990.2179919589216,6.230285760998991,14.065607142244913,7.633686710024456
124.89000519353772,31.711570355779305,80.45323103398394,2.667017878570074,36.62096700434652,117.06945056684687,28.389601556791362,85.69175448385391,2.73901055414294,36.479750174877736,6.664259715323118
366.97434898784064,481.96779845094244,238.17387762731664,12.24757592692651,6.437269533034336,395.1517573310896,344.1580179399304,236.02061435350703,11.253603755246122,11.222309547300231,8.105251361355833
65.31541603754177,11.573691539794979,10.083933927932302,9.065446878823982,41.17515871220457,62.0722372030686,16.834833866360388,12.202136359424996,7.592663371437078,12.912689775076881,9.226906305665432
26.85893721811895,433.8172956877439,86.82928797020875,2.857935432418521,13.139020180006709,27.744565049346974,490.043505999833,101.7590560385936,3.1437845483413986,14.49967446571657,10.604600922245618
326.35870817614335,143.27708446919422,269.66002144242907,13.102558747229983,26.17755771714492,345.64422385887576,116.18109553711825,248.41288532884008,11.974081452970546,15.472099841438352,5.466513574694582
18.586807425485087,266.0596941069435,174.8930182447881,9.164190153329788,19.86344248531205,19.53924847592338,224.25909208582337,131.92663824805726,9.19073718800559,22.67112827880351,7.754041191240657
47.65206483432117,186.93373507757232,32.8742835838435,1.529402035428743,34.37806075579062,48.88983689673768,206.3130960812004,34.860337518746086,1.6424316276725568,45.933987387088926,20.48612563711308
169.7782888592514,680.8042582001381,10.017190659608122,4.058107748090033,25.712958922252234,181.904261055923,857.8646854559166,9.49703128359158,4.611704548120359,21.498111954210014,8.046747774001858
27.36696976081193,18.670627681037768,20.65000321740054,14.284510547602535,43.761941977878074,28.869495857456812,14.897601649615,22.56891148404601,13.125490840587721,20.562541170983888,6.498195301525234
991.3306722541543,20.884618826276736,24.014772327852462,14.200945122741027,38.45583799063478,1040.1946840418339,71.36305465244722,25.315591594461008,11.79597771749254,10.855412718588717,11.671319786352546
19.749983861550586,745.1692528546021,75.12908064315799,8.283076632770786,37.02491401651413,20.41789629077913,498.16626197023066,68.47531763234895,7.770810147346766,37.95881009139958,7.228672385400273
103.06706364666883,12.411692534821,674.4990827470509,18.38013202277682,48.89574975708346,122.39683685132927,13.66794232032516,170.20012038128016,17.16829052190248,42.79201294220386,14.865246272782057
13.055941531558956,21.37413003124978,883.2299884216161,12.84818028073609,41.89208953157147,14.60120785465454,26.891952555356205,299.1682022785232,16.37400060494356,32.46724866345914,13.91319555339412
22.33915700241203,13.36014264167375,119.7548190867538,15.40683324628398,33.62255545704213,24.188936771749933,12.644019275183208,216.50425286658987,15.894879265379108,36.91743506769931,7.97862270385358
87.30321858132251,20.73403726996654,114.88075159151377,1.8710551998131693,21.877071966685115,83.940456307834,18.812584267682528,111.9064952690416,2.002629282266082,21.245886822797345,7.255362863488697
958.7888970797127,549.8093846697533,95.50748400610564,11.754602531699096,33.51996107432277,938.0114002438363,428.5039636595854,92.78704957945594,15.39896454982728,33.50303595401958,4.573785800048837
26.699320646210126,175.4474486708712,261.665008745712,16.911082857019515,45.19337430062318,24.860979928117942,379.1777820613079,148.79806044946918,17.909872282825425,24.702801454963915,7.655927642242706
108.09719007433465,97.35303073515983,94.72732375126921,16.968769969594945,12.299927818248046,107.57850378557785,112.54979703604836,95.94810435899724,12.961021029037719,10.220032498267633,4.172555077358432
687.6966081943839,262.20140927500506,730.4632728346496,5.587244912094974,40.540729747378386,722.4769890784921,225.55820174479175,573.9573684678493,5.8910609347408895,17.262002451810016,7.956333997285508
97.17626693130175,62.98969557392628,89.13011237732105,8.301721522253779,5.509044318079227,101.37931880475035,53.81338607446301,98.1255643395935,11.123413624438514,15.819551655542238,7.949240693182379
132.1347580566945,92.31769408608942,29.65114336683812,15.201739171485064,15.9129803021565,131.32491474846458,95.13835566069345,30.75361667327048,16.68189507650144,12.105312408473724,5.096939983518841
247.77104709078372,517.2614586805884,188.0941744285702,5.394406711878824,32.967495291063514,266.6572248473969,508.4462756636063,187.1114246837165,4.979983957080895,36.408330738634604,9.291227212200523
12.813865044207661,206.3720835586998,312.29976441986986,10.697843713717019,12.938064333137849,13.059664166566975,224.7812595565944,284.61181179194165,9.710157989445666,21.918283328213974,7.20027252245306
225.32585236511346,49.39543998057084,23.351515235830608,5.5165871921890295,6.430998158474812,224.85743770618782,36.64482548871908,26.48376786460393,5.345610302346734,14.647681381617602,10.416664344046882
581.3877266450188,15.90410146651659,110.3456740020983,9.355751981781108,40.004359446412934,629.4925765596613,19.1502254456195,159.49193362272737,8.84134075903974,40.179073531363066,14.197142414850683
17.16944214376349,21.613699578955025,19.66599934764612,19.469771197713747,44.34401895921522,19.31409723020497,18.67686207380998,22.640351673688563,12.842649597354082,19.1262809179814,10.45126832845583
593.0072185594114,24.986125369455504,130.25773664882803,19.707614452291992,24.607676906305613,652.7192747740978,31.15639525570208,117.09583224811985,16.584443252522274,26.291757738154573,12.608886175191108
739.7700976300303,313.1814775226762,594.7148805296409,6.244282686690891,32.91537996063034,842.1949453665975,273.9757774150992,510.3785621198007,5.67648554348325,13.5095845742695,9.192580506919068
136.51509940089414,24.48147078906006,784.2614345013011,3.581433905319396,14.14436837355187,153.8283907001802,24.52393788361916,725.322590765342,3.9318634347523576,12.79415193213545,13.212496759547761
11.93018250030854,49.2578567273295,861.1997899553219,11.234759312033137,38.938106989408844,14.049793523201833,78.98495629726371,432.896827221173,11.682336722068907,22.596486553618636,26.12700832639159
16.60265526448833,107.7750147160564,99.76836794158277,3.1934139303875435,35.542138689736234,18.893085147543143,154.66247118301425,118.01744058057963,3.379462040540677,13.38066534364062,16.313369602137374
916.8808288171082,45.14652225583002,185.62663802108497,1.911025286502375,29.302528768933694,1166.9925870685772,45.981608346110235,247.87561625310693,1.8574016149176762,33.749690756089606,15.349966547539227
74.37623926485425,215.79556316577452,222.515955841884,8.52812107128692,23.537149964716107,73.08684997364055,165.7072109111848,247.55735303213942,7.184831158052933,16.515514134077957,3.964769069826943
694.0616652853646,271.03584436056275,359.1485335739339,9.70989780233758,10.325570964213407,723.1156043125001,347.2095603440889,390.2316097977943,8.03822027201797,15.180714193320807,7.559726528778929
24.415101336000777,800.612322542829,18.89748821761073,7.306663341247166,27.293233376487684,26.320000203427544,525.7772540824735,40.07964451907366,6.766502402774149,34.57336070679972,9.647824560168107
27.770500138321946,76.02712143959809,31.757011203938394,4.6002068813822605,41.15326263138478,29.203247233944552,83.05540670390623,35.65945025709198,4.654692984375475,41.3404110552592,8.10033288006777
11.220967911703696,12.922336675160379,144.33333880513615,1.965089690895052,2.3013064456792485,10.752297092874421,106.53511595291008,152.8678129969478,3.210996957680544,15.312112763869868,7.693028532290169
115.85289410841612,47.68633091315485,22.06812242966438,18.488205106333666,23.573088682682467,117.33250551324235,49.33067408150559,24.704752073890432,18.418595218046846,26.703393368926896,7.864513386131533
328.3302290426956,267.47333361980674,10.764907881744753,10.423510228201158,20.19896142347393,296.1111747489637,155.81656382569173,11.323392089282267,15.319380735851333,21.771115095313714,12.038915674900434
39.88754123068706,271.9446062925742,10.570996335952398,14.15571075741918,4.829604278789603,38.51558622738856,77.84280950343293,10.357903324651991,9.639711267376862,16.4671782015729,7.9584968928922795
248.8669582476919,397.05589100611303,11.083617561424328,13.221793789060891,17.256297504257784,248.02550447458287,453.3729751362526,14.227979014838185,13.882406181646246,12.546502791288045,6.530453067048782
15.099065961486605,245.14590254979584,19.369936479329716,6.458700527822427,17.492473892753086,14.475752163977786,208.39627816150858,20.60109891452767,6.570831702792271,20.282402499617444,5.44386271164778
523.747866462913,57.069102942822504,505.17792590684496,5.592292361641487,31.69570937294325,587.5007422628953,69.64797343077856,910.537453615528,4.976765983952999,43.35972179811348,8.96983745475238
17.53924742401295,172.9697078644593,36.60914837951003,10.879221703092746,38.863369419739655,17.924778022181968,179.580213312581,60.90786871465626,9.880916118114602,21.37651286161338,4.925508302850983
67.4407199619829,293.6101375774217,127.68190348607506,3.6330679934550956,35.81548158404538,66.73800264417831,303.3624107200999,124.35115002247073,3.725237424122998,39.600309216008384,3.8999326056872556
199.64626904967838,794.0464602143811,14.168338535403263,7.826288573928556,2.418305471683217,281.4136726262658,24.51237804284396,17.979218152273184,12.227286424172316,19.274888154549288,32.47882552172718
15.74984112176559,47.56574133758404,349.6955625846865,10.730293199202887,40.66452218180962,16.225640774367488,73.6311338088688,249.60685665793625,11.255384029409992,27.58822000391467,13.271115380135196
646.4639252443279,377.0066851745493,632.8591383726839,16.8341370292243,48.75177774016756,721.5876916784767,404.77432464446315,515.2902551619927,14.30097352119346,17.00964610098773,8.24971330581197
28.9814288695152,860.6971017847649,20.310155808913812,11.72670371590591,3.101795722554698,29.316986592634937,204.66298407072506,18.07390332957134,11.482593563656728,14.399708597218716,5.294481553425704
103.42266780557448,14.420005609723566,96.73424116447435,6.620571084510222,27.06208417458302,108.94774183932024,8.5586155080441,90.48840209172002,7.301454701326727,17.04506554236203,7.977475130401561
225.67578461600507,785.8219478551598,34.352178972568694,6.42994084589733,33.09847451734168,233.13003525651763,769.6195811108665,29.81138609346833,6.058228602523698,33.045497676155854,6.206396709394505
138.96649301046293,31.11500469733538,67.91729911592512,12.59736928170586,42.7815721883346,139.46284261498337,23.3469609159074,73.94488541609144,13.487537783300633,31.564947020846684,5.391153489641213
56.31587702879973,736.0126972338508,225.1721106565952,5.641508132848648,45.58861975363691,58.364668856153585,909.1097774391912,125.69049788937653,5.749799596258481,45.05010917575916,7.116639115061925
98.14477566150815,395.2142432516612,616.9297250804328,11.414840210342588,12.301277603150885,101.06117455679683,413.47230874599245,439.86900287605977,9.970680953693424,18.62073418937629,9.783118123131173
79.5701382621565,137.14236508605094,451.4705507005277,7.816003856205697,4.940383139039195,81.99609516825495,304.12758302295316,419.4789331087134,8.700534903601394,14.462532051685407,5.842141682925869
364.34064117778075,20.71388397554883,113.8257345362967,1.792297120871178,9.12896562661963,395.3508264811777,15.909298937972055,126.22132988541156,1.7572131513494536,5.2934196828666344,13.840766798035208
19.204898903358472,150.75759607254008,41.377013186976036,10.58035851649225,14.853224877707701,19.837815648284963,104.25700793456562,35.903881637452166,9.835912344561061,28.565336058049255,5.112411607908214
50.25609405231555,410.0904769265931,724.9343926942109,14.84462364305192,42.86838370702072,53.2555472715043,105.68827027007772,680.3410680471413,7.946431231241832,20.7295729473022,7.804998709979115
18.308263089893597,17.847375672173275,10.544589363945946,12.214547028649733,35.73501715284321,21.267525459763498,20.623702479879384,10.987568889667758,13.320422096836818,27.554669505295088,13.613084599334341
30.79002216430969,668.8730078740977,704.2859084557728,17.023134829477605,48.95381267669896,31.301035393605396,305.67733093492444,696.0975352193934,14.173583371538074,17.139753689256477,9.147678437465515
595.7595225945192,363.97480922129813,799.9968870212908,17.64060260216728,24.480927811786856,633.4778606070527,414.2613905944916,761.0285970405414,15.471836623414816,19.135125575802327,8.433835765093121
208.61494265858605,721.9011500591629,88.88427219809213,9.637738657214667,46.98748593507582,230.45796547212856,891.7791785705101,85.02856535225824,10.171429005399482,33.841441252298985,12.155438822540471
531.0858287901557,234.87501386201464,62.363617298944035,13.99272138190422,21.583765426497187,603.5864522854072,290.2442898982915,66.38824603473265,10.04325514750594,27.99928310846016,14.039250616265475
191.8605452591421,90.246873901646,134.7137214201853,1.4819473938496528,9.402717472544024,192.09685454680115,87.17182613185746,118.12298609462711,1.3282444439782122,15.350907323478964,9.702905579323154
44.959778777185576,801.5927902381679,22.22922020919678,5.355081441353775,9.60922608033544,44.527340537130485,584.5171132400519,27.708306047668422,5.415068560776799,14.498037883332248,12.248852397617204
518.8020580055239,217.07123043004754,79.82134801437137,15.6347945156955,12.188561551892107,553.6284506329312,168.0849194991845,82.6051540333051,14.68838926679689,20.619217065678313,8.067740783653079
433.79739733539793,11.66386506018847,173.35116257094415,8.600265944033014,41.40067105602636,458.8262396610614,16.27142219273818,356.62165863231536,8.150718281953951,49.54337291655655,16.81855774117455
606.1713445749848,20.27649792974309,12.725445637188292,4.8808417570601454,13.36906838972722,628.3466622617304,18.758339668964336,17.22574902403106,4.96135597838927,13.653692428321675,16.88836940702675
22.959003996070184,45.16251179415544,11.448475314382785,2.4270560306718987,19.093515311223072,24.745309898208163,63.23586780802279,13.368556328452245,2.445897031124586,15.129340857553045,17.70983790895254
15.652673915814642,988.2249655208469,10.211761984848176,17.005708035809683,28.797953856614036,14.01308769699413,258.7249633558096,115.79234738798506,13.291489630814494,21.972571090916453,7.239220667434508
312.0950668623054,48.158872160571555,132.90977480780236,10.899627341703148,37.904102962478866,346.5717475061085,42.47719765602384,152.81201900225096,11.251737129562807,28.7349207422727,9.62843255416401
608.4328587911003,23.022381890281054,581.4369930501605,12.860811775875433,11.634404329648584,735.4836615096245,54.41499976872939,413.4461571062639,12.340072198346379,23.744051379895446,17.164591550184845
10.161640992685674,26.64300363805063,22.929170695997872,15.844785828317178,30.707842837367377,12.55512403748146,22.035972107021696,27.98503716042342,15.873278438584466,20.352906353138426,15.31003034190062
10.81428702591833,37.687344232418326,180.23357217272078,14.371026070118157,16.698195744712972,12.582168487212948,73.5929583040049,347.8353235785479,16.028367159507297,24.176425094576892,19.682939818076044
210.08590318342468,45.71617159370597,98.35882752152044,8.408073181144477,45.36760941817473,218.0216375144989,39.14725783936125,96.95715688282534,8.402873220955223,31.838339042718786,5.94836667735506
788.5410946677968,192.17617896343194,92.39203411029091,10.779709096823112,24.00760658199624,853.9451458977853,284.72957622049336,119.49663790989479,9.038739760653113,23.45280638234496,18.430548244167014
12.931099240611953,85.71191672352315,829.9063884854824,18.17687432613426,37.634966706132005,13.901449929610978,75.92714435314271,540.2595095328228,18.011320038770556,19.195025457457156,11.779451253421303
11.457881715303715,112.8847032605019,10.859104168125274,18.149202225784553,20.221822040299777,11.582356159071754,101.9123173816614,12.641724984888631,17.427903122442334,17.47224420646984,4.429486480549868
111.81548755165495,36.81312882938102,873.4757268487876,4.677814646898807,9.362162791789803,116.68299006828663,32.7167396796693,964.932125702101,3.236970106354983,9.96790690662918,12.381475327834538
11.652531681374207,205.83815570417318,23.817097004625673,15.057300798590253,45.62344673277225,12.585577401724878,385.3871628437412,26.08812125877739,15.352533582076042,22.95542903175258,8.983988420316106
11.016715148586602,676.4684275935227,388.93289148703155,3.5623035655698665,7.859821097252269,11.505117604876082,291.07144028337166,532.8773655440673,3.8285646358018957,15.973816465588218,6.840578271821013
59.681484482364105,205.33081459223362,676.1380382259792,4.001322623636046,16.932933975150465,68.01007375968294,208.75455737507153,716.0023038580645,4.44265845203687,25.610732013691006,9.486775066089445
659.228945542793,686.7618074669042,247.60819166922244,19.59054315168282,17.785774860195975,667.3525098617969,592.8539971429925,227.7384291547187,11.914460038192036,26.02239814681091,7.477298637664544
45.02366695701916,16.503177280832062,285.14414877556874,12.280644833802915,14.584922982714597,45.05694097085391,19.14250206492477,626.005041995204,13.447699907546333,16.84334226942024,8.174649628862232
925.0239077098507,168.076192268701,19.11426349736136,1.868446610086972,49.666757502355885,1068.917214908954,159.27438532982057,27.206075468748523,1.3878103123193113,51.98205047029185,14.995839068274314
137.271471539824,422.3765887434208,581.8055853628573,14.74837664202323,12.62255438442275,143.47546821913056,336.19256793864855,546.6405915101137,14.596288022150828,14.646664216076124,7.74559486909768
66.38541322276502,12.54186841025106,716.7958079415638,14.175434178421622,29.002622158750768,71.86217022629081,12.505040646915294,704.7389991466308,12.239275470212926,30.144043574120502,8.17634038960241
439.2753064592363,44.185824376962245,33.084457007382035,1.831595839249523,36.95952052515729,450.71676802546745,42.30982074544072,34.93489849642434,1.6556830034061587,27.85056735376745,8.52270407764916
333.9820431668457,50.48493575951875,758.1652914157868,2.410260097907672,8.188580058718642,395.18080956597294,42.409531750245,956.9057658398639,2.14064903431166,8.43062904419861,13.333516468819246
184.56686757286926,11.780402711169614,129.2539020083839,4.5018429461176,6.046458724133228,212.40535771839507,20.07210554977838,152.6469501990827,3.9839835351952524,11.138306540583901,8.751838156687096
56.95345599446577,33.60061364686928,977.4907976161929,11.082879558729426,43.432762035701025,61.60823616622475,28.81245388239993,448.60447362632556,13.860040549929403,31.497932575864173,8.460008211618426
57.98430608250251,22.772157378265835,11.713985316243692,8.579046099461998,41.59116674181045,64.54148333279025,22.773383791646133,14.178615793002082,7.6873003463309955,40.297266260699445,9.261742250034189
175.3232164172038,402.95662967584934,22.51474625175459,2.6588902416939653,18.187444790678708,185.78877854027638,546.3763944105831,25.88958788525219,4.058130251792119,14.885537783075662,14.962656882143566
10.733810446352036,165.9090748445377,162.55801775061568,18.078281799022694,11.817238917790148,10.780582435041648,129.24534243889417,231.8930187778072,15.483659994426624,19.776021884920468,10.672374813955253
26.25770492406354,247.5714594388376,72.50062806360576,4.743162983397712,13.522136717649971,24.569639284731657,181.18725383167896,83.77198304407698,3.842339535330453,24.662064420879368,9.538940441557111
14.872894038559565,56.08644057967305,41.260854905069024,6.661109688400836,40.073654783604084,15.094910727529461,61.06503821083205,41.509668685808045,6.7761838652971145,23.87026867342078,4.561258835204312
390.2829227910904,39.76125648411773,53.6438222442902,6.827053396318096,44.75392475779501,409.0948525220407,37.94228118382303,61.31273592431713,6.166375061553291,25.46776390863962,8.19073113871211
12.20555134779114,17.312632988313975,17.056663584649105,11.254395723932229,44.77645066813009,15.461321261194149,16.088393246456594,20.29730382773361,12.450870778895402,16.33315290070423,21.69906339565519
37.909946007008834,342.28795841778845,167.44573791940692,16.239112146340414,17.063386370880842,39.59754097992775,397.97204501946146,107.36432178506605,16.920071159015254,23.742495941858877,6.925625305628548
92.37001718863685,16.112975608007904,544.1785660638079,15.712135006364774,48.6668275895105,100.40515880896761,13.213596533361894,568.3372696510203,16.10904336465504,38.018727050671984,10.053245413309037
226.02585777582576,431.0745344441217,35.11784781216558,17.57343195479982,45.956799147456415,242.82043202381345,496.6512150394272,44.326829534769445,17.209327769971136,34.13973224810575,8.589550251565663
67.71738509361485,17.359583393117163,199.9606007153197,6.746318821347559,28.342040516769387,71.3202596094429,14.963678431080139,229.79723999289794,6.563459591833593,23.62988008394194,6.465166657466104
108.85401702210957,34.1135583427354,302.45708254305896,18.89227902484609,22.696241546110077,107.71391356536252,34.22314602974648,367.54537082103144,17.771904549370795,28.80847860847389,7.1721684212240175
805.2763597212577,21.82691410943325,11.045339785583879,10.636201552028218,10.202798118952469,1027.0421547915228,72.68699993138138,11.341792379915505,9.868328759489494,9.890020348594668,21.25782155296584
83.12228437171204,637.2183165091654,10.55191496832006,16.250053409711153,21.575257222874235,88.73881904893763,486.0232274291777,18.51520764492542,15.877101151772182,29.1760932297092,6.299040323164156
14.040883116170859,163.04191562237767,406.77690162442235,5.918827590524583,46.809626582037836,14.571943573088209,97.44554636245653,293.36473539949657,5.013267582533353,18.3810926849981,6.744279218743336
167.79887794974888,43.348203118932005,200.06394703661846,16.114552885586043,9.590212137323135,167.50944717725758,68.97892634782444,234.62871007614035,9.701149804308042,22.864999587199634,9.557691919602686
311.999378204897,237.27549237276006,11.097320526680964,3.9710196097387835,8.768564456919734,389.1883956249802,65.16588031684292,11.61012984646104,8.193062604879072,9.063279844771587,19.620247378414785
172.0862110793649,955.2359483759427,53.31884180096042,3.9228242605548593,24.91628154321117,180.66014307831807,737.4129218857412,52.80583953505724,3.7746695209565924,30.78361642246108,5.604776346345221
255.11535976035597,24.911101033604062,10.08888845612752,12.611411881863708,24.389801958214715,294.00975010379307,30.580172007461673,10.89292424921865,13.75262870951646,20.971687811895826,21.600087910610736
248.08151797043402,106.98233025573924,448.44140318304017,15.594440868368444,26.15044473495663,249.9017001065611,84.11746441823911,504.80341766833305,15.942562197675343,24.753635240648034,5.269763718443852
115.25828771313994,49.983844535767034,131.08341492032739,17.747138060094247,8.228397563035646,118.4743211140349,69.6550781601913,141.81353206938215,17.283495266546147,23.018230074942593,4.446599958000739
550.967465142671,40.84719270065159,15.508303540043824,10.909001200090337,7.917224881702556,646.7382437912024,80.62607542009358,16.08594678094526,9.644751942300969,8.073866711596061,13.457009341867538
333.02688580982976,43.16105095385501,35.68031231347791,7.148837530850135,31.901363602896488,360.1511329849824,60.133237551112096,43.50975813088146,5.970095472417843,11.874271126687235,9.75008906653558
140.64677934754482,94.95275119063515,313.04802458379027,19.20699244521543,14.097401661919681,156.8780434306321,138.26898458515237,387.674759119772,14.241875432313604,39.066434819621875,9.269625726714704
64.27583196464262,218.30121849764123,125.3876588646502,18.806360448044398,27.85861300591805,68.79511029000784,199.73629001087,138.50584771147757,16.44835809525101,21.636509923308466,9.266893305814328
243.1399918101373,20.52731943486681,84.25185140915035,12.724028167278822,14.460491876110579,251.03949211097742,24.891375101351848,92.38681814779353,13.71485478351608,22.493695098288086,9.24012886387124
272.2420284210171,674.8363825732981,266.5462536735421,9.808889343100223,48.773217871236966,265.05790541919004,701.4940167242277,291.1029314232375,9.219245035651479,39.13295499207438,4.2570474175985895
16.514249336605776,57.47031572785947,789.8413993074996,1.0223499778050096,48.619873248480665,16.986699159175142,70.73853290704236,856.397985174966,1.2192638504511892,53.89247339248154,12.139240946822774
877.1598668679922,82.7069115815433,94.7110552133835,5.809787274625472,41.05419503666012,876.2637479026681,50.58105042522447,99.15804645983268,6.34012246253487,18.812722527658146,9.936791134778538
288.75146066299345,15.14786542264435,24.354308606081315,7.54763887460633,18.269003496697348,317.33510780730757,16.694512772264865,27.993599192161483,7.792077422468649,33.23374935407188,11.455708695969063
123.16629225267961,57.32532179183163,45.6934071447011,6.677553488929219,12.749791386814586,122.92278167817472,71.03375359121651,46.54409000118079,4.139070714695506,12.125581073095494,5.879316591760987
12.818331731016444,687.769816140625,295.64710275296056,2.5615042493666,30.196235550089895,12.747158928632627,545.9245171903677,385.379096128961,2.5149066878175868,22.622687636708765,3.3976447031019825
381.5472170623529,183.3957569691134,37.62492484694922,12.155516598967822,3.1936863367355754,384.202067498851,59.522482730019064,38.47865940751587,13.302154711083965,13.273998334130773,6.329886807324348
738.6943192227048,101.76851093590655,474.852306804391,6.3881638573962976,32.42819187606729,789.7220969068678,101.62492025311651,496.11743491222205,6.009767449872267,35.81623273307191,7.19211081317106
73.84099986083042,15.102117769896935,51.94038014200514,5.251113077825014,45.984642674275655,65.98752705067875,14.785122383165458,59.646726926639246,5.367852419715444,39.6826659315505,10.689783390747646
268.46280712372004,541.6816855375748,93.96314900378086,10.128402518577257,24.796992313414908,280.48764237387627,450.3833620355952,84.36074629353358,8.297653444209683,30.564014316412553,8.061586272688995
382.61631025498156,413.06484092883113,11.113782105132383,19.0081052635295,23.403191691448125,374.03875864009467,397.2648877424263,13.50257896059053,11.481983898603893,29.06309407242486,6.924377883786059
26.773487812925865,24.90472364000694,111.57435420347811,3.5768999159507415,33.64572134812882,27.649931086550477,21.486839094885852,166.42799966457636,9.176871452613263,27.28304574411413,5.421003582655639
126.16360745639962,259.73963066848563,476.0639321073629,12.201332367557242,32.01388551862742,135.62522221471662,255.52151839741217,474.0258015658862,13.760971573200193,18.727485131470768,8.467421395375704
75.38129614624548,182.1976985792108,874.5297518252979,15.590308569981804,39.42552465848885,78.77446208484673,162.03542965784007,586.9790681246668,14.868544441589158,30.55214152593002,4.896070727771812
414.32940808146543,711.8512018199777,138.47085793557855,5.637101024038011,35.853100564701265,450.63975732994277,652.349390595458,135.99960366279808,5.8140746775106305,34.93228224257162,7.873635773882112
27.400075868557337,398.55795736451955,907.1525619027699,1.983117525963657,7.278741281119754,26.08741157757781,633.3090630333278,1013.9942206861671,2.0766173168351556,15.581558619993823,5.469825801290518
110.0635862874826,242.63953037838644,13.263563861992015,14.52630907104671,3.084575782374076,118.26482490764982,48.915004797137534,14.74444103636483,14.625400381218906,9.970775425679603,10.766024394743663
376.3103428981937,26.492014432701325,715.1093534625292,8.164794904326225,23.69740999532067,415.15952923208357,25.473935106279036,736.8606210225817,8.729820921271498,21.768437134447865,11.744779482721963
19.883513374657557,41.97224064362596,988.8202007472071,7.933935069449962,32.08308479473155,19.35832352996289,48.66166335766912,695.201054575972,8.939390700419095,32.67613980200368,5.716879659479643
355.3905443153525,502.38952990046675,494.0837221106028,19.797121716710148,19.441388193437398,425.59487151991823,512.255527830986,536.3585774990459,10.654463265099185,16.561149139204744,18.713155804698474
362.0057168558819,179.13516346356388,67.02056226871092,12.924175857626462,14.120795826321167,412.07944573737376,154.9466795076168,84.26453017888208,13.592207184239442,16.276518676740938,12.394989616153959
39.69185347037251,20.834829456332134,121.7500363209714,10.0660987326606,35.02103051615186,45.411794693026515,16.430190203185717,127.83202002178054,11.20527238010172,25.65142564861303,13.188442106257614
134.16370194067352,20.55451092354683,57.312033640588766,16.0599721783259,46.93151639270672,136.2684422390105,17.32783601784289,51.631937214102976,15.278493359777892,34.959201975137844,7.352780227699101
137.10255822340068,89.03957117769585,509.81171787807637,5.566875734687884,8.078458405417779,146.3650680960444,149.15671907612256,499.81132910305354,9.06697546140137,10.026422858382777,10.223714635927934
70.31777923632113,94.66397990562622,14.433671674332585,2.2079664583011573,42.960917117408385,59.603568693456516,101.04629371275294,14.933231702485555,2.938616052478834,49.0745963211469,16.648117393522803
18.44485669809398,141.6744211414022,234.2258037221483,4.6571823039177165,41.46895907653013,19.861210829830874,101.02261566795089,224.5230716792438,3.9516369446039197,15.610295895640649,8.916249689846376
794.7026282601381,354.76701814520106,23.26204371905715,13.603853639945838,16.66723496022833,763.8209428386176,122.23222346868936,22.884040621445497,16.43976618885349,28.1760837157323,9.043276673441852
132.35339549771425,29.9773974324882,44.39430718840103,16.409745448016395,46.94162001989867,140.94309987364124,18.50512624310775,51.030752532735036,18.116111239883427,29.467067302513712,7.035348027038095
144.14163880162192,33.7280996130806,10.028923947304586,1.1289952442218054,15.180208641003867,142.27511706178336,36.83247528659339,9.891228512767926,0.9620008118956602,14.47864795584838,7.267187325893423
49.64554701344334,75.56512126150763,41.47025800633352,17.657680710717145,29.647740957596167,52.69910056172343,91.34916765132512,52.053738930429155,14.872055378116283,17.563422744523713,10.26464429430664
502.7345167825225,489.4964881073612,22.062081340872844,3.3131819804907323,30.824494243850058,566.6697644747253,437.94456543411394,23.666945916477694,10.93788118455955,23.800870960739314,11.261877300238957
109.77805756705096,821.2519940939507,14.65050316993281,7.509148859014366,13.615856015738895,112.81472212087535,605.5024079580397,15.291398533084317,6.681065374722077,17.166263846646693,7.524638157594188
330.1533638573265,196.6886160409016,237.25860309297286,6.9521995771482255,48.410760752712314,380.6684965487908,168.88690464576783,246.207127450705,7.491772609282307,13.076670554448135,11.968155056190813
15.176027926955651,28.30465826603688,75.1074697168741,18.968179384664996,20.15887147392393,16.751940232906335,19.615013449407165,99.8946652593631,14.401487413939961,22.111353928159513,10.97137464833093
158.4273933893606,342.0114330776782,239.97194684171924,15.58608402450095,39.28550742164245,170.23032212387278,291.94659762493575,264.89841752761885,13.985792611268634,14.890284938442079,8.608837085670096
99.7300796330578,22.28277143728981,218.23851138366493,8.101820654189526,8.381067594831254,105.3376077833008,28.44987379384595,207.05876461514748,7.12134056891618,12.665574578420236,9.079343365244906
484.54519737231203,37.80525789029283,10.48165658884708,13.746794708933967,29.011009138448514,524.0374468519504,39.5766307045981,12.86519430630243,15.42908133861036,33.42745200202657,22.31855194817013
71.89479298227788,272.1127362602618,22.555017039060882,1.256514195503914,42.56532848561086,71.27994293018212,270.7749144653644,22.689914716311986,1.338392714594742,52.74281459858912,20.141254754858696
68.78613686029226,251.9472373771559,35.73441706236745,14.75241079241766,36.01819966723647,65.88293083706311,265.6068180705386,42.98576156542059,14.599258093848063,27.68831921321005,5.664390839023935
23.04522261490892,26.095698494431414,62.31155261818177,3.2435953311624695,33.64784044540904,24.686211396393492,24.6209973478758,72.09247002801673,7.53933207660667,32.61070466940609,6.936622030765838
10.881238779862308,620.2485486723704,24.219805954877828,5.1128427479941445,39.529479896110395,11.925953509592361,431.58091426639106,70.54536479942573,4.904212669814806,32.85242761980011,10.657955351017296
237.2459025147972,29.47939450707583,226.35521220948982,19.20380884350883,4.593120773881779,262.6153015932972,99.25520696587854,262.80171630603354,16.30480307080122,17.21189067324158,11.736723969254264
13.512288546636793,207.9415865764913,223.01846555910655,9.344969154578258,24.19124748905242,14.220243747709395,173.8442621246024,148.15513759464034,7.943491701102972,19.658843478905386,10.49764269111785
270.53183195710756,369.73200464466186,215.78050417193066,5.58364220755649,26.10173970253721,304.01629933496616,430.7483190295128,197.5346392247729,6.352175218050716,28.351683134032314,14.827224292255933
18.239819098917042,27.911137857481705,13.99464793635715,13.245029341580382,34.29260973829161,19.122458385198563,34.23647197480568,14.780815350116312,16.057331853845387,23.163986862069496,5.290799495526772
306.2938944011753,146.53944053769004,692.8087055511102,15.346544857335774,32.81537239032265,300.6127202717163,90.6228942025142,860.4457677057666,18.339633053487827,21.086165624925055,3.752653831144153
79.82381318984935,47.71035183264578,149.68146327718227,6.293047855566566,33.5341302845114,88.62684439181062,44.982837600087635,159.02599077742272,7.369998212934111,32.84233942275221,8.040002148499816
129.63765774162766,50.4662910497045,46.52070857273787,9.38825147060613,11.793483990659434,129.67215004600382,67.59179923050134,45.998333700200995,7.021600401128193,13.104243085956542,4.923058078410367
168.6873798390028,10.368336061735802,119.93264645905883,14.547210847416816,18.888423430715367,173.56914515110572,15.458460714998695,176.28392445112055,13.881732693916307,36.45210721798204,5.025332909330578
77.17306547629927,529.9580754178114,189.57489937663485,8.040886348642786,15.01988014660006,84.95555762774298,596.8056881889498,121.75777552013186,8.404889780356266,24.852115825458718,12.459877637473998
17.76954789953243,607.7483316504738,188.6410817274301,18.952319960601663,2.500273546239695,19.396565604069206,110.13225082911771,295.35244710285895,15.59903534455194,22.15931604238766,12.091744302176176
28.289615404911693,28.74575420827346,120.7788754154868,5.284279344665575,12.911922986347156,27.26420969424312,64.37244918831044,115.52776633327186,14.49832117444201,20.288147959905842,5.16561253145537
448.15782889071914,657.8125525897126,145.09357818715563,6.494359514845209,27.671853793784553,513.1070136587391,691.6691773454743,158.34888956417308,7.386308257219375,26.98470760261912,11.809174599588236
121.59954432544394,172.01844712038107,137.29220292842797,5.5745017929232334,42.129912952457154,122.56976706925973,231.72659406677676,133.42708648408086,8.647994928978623,15.423971914009748,6.207537551070397
272.44465703047973,411.9677427797652,994.2297176967629,6.630879083212133,21.58121365430154,332.2540152500017,519.2893996886103,1049.7089332387607,8.332789359862836,20.519753025782673,18.538681042838228
79.04410853210693,12.116985966815083,39.01340183893601,13.225712236285919,8.04398534972635,87.31045613047827,17.19781865263606,45.499798224019834,13.990504196559288,17.29766980592937,10.721216888627174
56.765747524439504,881.8456644815029,90.4513376954039,2.9301905201197824,42.04587122760063,57.08308581278788,933.5002819136694,97.41328181173814,3.0487231142330304,54.17724732485283,11.716545168305
971.3701876981237,242.2473305300038,27.010644377469742,11.720785923303874,31.61488008658771,1044.5141203789567,291.64771146388966,28.832910329575565,9.30729477980619,30.613073715246276,6.164512359574501
365.76811159226014,18.615571920443596,21.344494086533818,16.212855608860153,30.13913944034519,396.5393417341134,44.739647908862096,24.660133423984636,13.925794711815906,11.744519205394617,12.20003902112112
754.8633995539799,58.24860090976695,16.733564781933524,18.563440706091853,46.20634183545008,730.4794040198436,95.90434672632212,21.453897810815622,17.154917185917615,29.856769098688165,5.579627892769857
278.83093033324025,382.0699853599078,38.365351050007185,9.326863410289048,37.84988786617011,312.968355638739,418.0718623589217,33.93664173577261,16.172594717308407,26.3799752710233,11.609639772991425
51.51546802102743,597.2928251557886,264.71622941158745,18.157734292575146,19.144783731349047,58.18798765731818,276.42068964863665,272.15600577189576,15.734024006542148,15.890632674367886,11.211488787731588
63.725734518984105,86.54815808516301,159.70338171424916,5.614884373751053,6.125061738613875,60.27957646758392,128.05498613201829,160.75218674235262,6.7061085860482725,16.555311871983825,6.094038554244568
31.925848182775894,376.30431852899886,80.23790797507027,11.548277781039213,16.179511362600355,29.90905895208665,375.3848203488188,51.5462871087883,11.778984923153553,21.05417297693823,7.802776872321042
104.72478759919925,41.79054401712046,234.48254923266745,10.687165612472556,23.188721492020075,109.72437147851996,29.156698398855163,199.20086910366373,11.91820805908829,15.21561519881009,5.756330357724254
111.15068947793121,300.5626938421505,53.82213932540725,10.084479235455449,27.24926988755369,106.96155638045768,478.826268117631,48.45709275240715,12.000586256329646,13.765077501674789,10.13489297975456
162.79641970836263,42.41445316279644,51.95954239789151,17.978696051114888,49.29561479842863,171.83575098229187,70.9177092385598,53.331730008850904,14.656513890167577,14.205020610776783,9.449988467312167
170.7384757752159,22.008102911825276,134.86561058889063,11.876179766643146,24.367287343098912,194.2399446162305,29.283293445011044,147.65058131521795,11.256601616591874,36.337038057113304,11.297272503287799
696.5363672145487,62.897553223602756,13.359914691272943,17.757628019015172,10.674110336710529,725.9614542520231,71.8561386323862,15.5872238704789,14.80461697813665,17.701125707018857,12.675248278058731
370.78554158169976,138.2072538615926,123.78079514590948,16.366727331780723,35.41617380720913,422.9274940695838,137.98994085754268,134.7868470073121,17.7469165894254,12.122658321889203,12.776895928633463
147.4369991200466,17.58510254792067,707.0155137931749,13.541152252862268,24.659472744873543,148.19330195125536,16.545433610848203,667.994056847344,14.101682320490042,19.110197493915386,12.446817653141064
107.27840463722202,42.80781129543902,13.70507476702895,18.324219997693326,33.727827297367575,104.32055307481919,51.15361881740412,17.099878033028354,14.571337034283216,26.160804304905458,6.43635469943054
364.39667360786564,308.96879851369886,455.29780457502903,14.89538336109467,48.872268294332024,439.7452723401229,284.2106870940548,350.62521094433305,9.616221622233343,18.016391530297135,12.900493925291748
10.717600221107343,124.05965480957661,16.548841725755008,2.127480126152419,17.711088857859092,9.262057972446375,137.20698505816867,15.056738922108849,1.7115651783733126,22.445655991408522,13.154443060538606
151.4601297172901,112.1991699079883,11.112003783996938,7.265104289047874,22.300516304199483,148.49041375661537,122.16848264942318,13.660083006895324,4.710792312498225,21.226952976171084,6.833224339790327
15.033078416281072,21.27662478694309,50.61659410667897,14.163593268381112,14.836424927376518,18.167069578169926,23.71195123824427,67.32174826692372,14.061593054819228,21.55226902884044,17.53660679177149
62.019332977234335,239.47248434830675,36.25284167197271,15.29365790448341,33.28819334152696,62.76559882410962,252.72375181821593,27.99775376232476,16.420107522090458,28.68914780681609,4.991840337700005
15.412935526482192,207.04742805272696,43.813286620755065,2.543550853111673,46.64991463135412,15.437432302279715,233.56207515796282,67.23657780318248,2.9979693181793827,35.523329750231646,8.858635730077538
166.95130244816897,13.889309597642223,41.248150857031696,5.125398898817309,30.043526273390505,180.84728155699744,12.898299916435045,56.068440293296746,5.152622685037989,29.0615003389356,9.96433791986755
549.5983872073454,179.14624280400253,21.441713920979137,17.911035930664983,35.64323809653332,576.3225755451443,181.59749176333364,25.30966220993784,15.96479166897462,37.915766792194795,9.243931828798061
62.40367423794135,876.3123386256805,963.4889040087875,17.500914264938462,30.783486421797488,65.19317159157467,257.7791530338581,1078.6523642802006,13.804926681934882,16.592958875227346,8.484740458746984
824.8107441094313,562.0968271973821,10.635377190276365,12.443245164515009,8.823729011787773,869.1469294511288,73.43775238895986,14.41186473114782,16.422762305954908,13.498210621863805,15.733685989006194
357.84366867377605,195.03658122481536,28.428316623540944,9.58624013529777,18.86539636452712,369.23558335484574,105.76638484018626,28.778660371822937,13.881135866676345,27.105454383003487,8.665567464717034
16.946342818578238,74.68577627245116,121.05883704526983,1.506518909630456,16.443923976128993,17.994453733319645,88.023261854839,145.0023102256398,1.8754225009414909,22.44691197009809,7.969591904357941
75.8099279796532,429.91600305879194,32.02369829874817,13.325290912794236,8.369240079614592,75.58007193701934,350.0588436103134,29.348559722075013,14.567205895215098,10.324275347349735,4.377520222673827
125.93103880702357,137.86774876303312,601.2383016427012,14.728152501689264,21.026053160723613,134.27576931963844,189.60742091904237,619.5860525416742,13.866332964689901,30.224046266210767,10.550945408618245
82.91217861765344,126.2320292036449,19.95849891927807,6.682601917399351,42.29535480903825,86.0895870789599,198.87121542520137,17.956701521499728,12.808374789551973,25.65423095023613,7.131649658655556
28.203100027229617,394.18125471066264,498.4254511829844,1.3550374147362514,37.36326911826902,31.17134064963446,360.62529749673,575.5461039503875,1.52160304429879,18.16159665639238,7.994110595000276
69.87512327319688,131.57274053021035,763.7236883580613,2.4208162246032083,5.964643694154523,75.98867633214638,386.2980869646291,690.5064099426063,3.3250446883656366,11.394648837782368,13.459908160458756
73.07933012058191,179.34564631387693,145.2687314409656,19.982390438792194,15.261507977990124,74.80022808092988,109.28410042924179,149.0098896713135,15.016469147828927,12.242634742963258,4.751570807570708
53.54485169320363,657.5814976113109,258.6954970884587,16.800992354575143,22.311060038213046,53.53464921816869,281.70878789253476,240.6345640856728,11.943232280290847,18.41254799485962,4.784875781903396
194.97300814782298,21.59370688153695,399.47999178552857,13.492641850779403,10.87609540278147,203.47861805168466,29.492732255605972,427.1210510662396,13.573892647541088,12.405213602984679,10.256362943261996
46.47857779415353,42.677285844912625,759.8976102723217,12.28206590618108,3.9981836761322724,49.288686190710365,160.21931744912803,793.0878092979153,10.722471301255633,15.233793924888596,13.181681579347975
603.8577080580689,276.11866081527296,26.60875830216482,8.310436581196122,48.45561032108041,612.8166874176678,252.06000101017244,30.925828671546263,7.608162471374959,48.59765844157232,6.955693724123184
256.3486559202182,80.61986278437197,22.858058641306897,4.269098111285133,22.17347271469396,258.3286945901425,76.8941572260548,25.68474361239767,3.9672264053809085,24.013545215473236,6.076861257437389
23.098251510305335,447.7969501409918,50.443681382765966,18.146588993389365,44.47700866165075,21.186109583467015,371.0520524305537,79.06615171646517,15.415693766422017,23.146564909126337,7.84948443596021
41.74568760975327,469.2168451538905,50.74416630232684,10.335625021975199,35.62499310963107,39.84424011170408,500.10511450443227,38.839445002472274,10.472294688530337,32.59843217902417,6.15543819427292
31.031763134400936,55.27259808090252,36.9398094047027,14.317463553797015,7.275430243517686,31.9763522713833,44.77547021973958,44.75271374469437,7.981991520006111,18.487997228038854,10.886075951361088
155.23465001398063,30.773613245662826,12.225742835154639,17.264414387208337,25.630720717929453,149.03841994911494,46.7847073325904,14.720323860328387,14.86163994537651,17.04967695136688,7.028356792581319
187.1902864153508,14.176958759168402,805.7830964510947,1.988906876736284,42.12204355824417,169.3754467681849,11.552979009438072,412.0583535481386,1.8790186991143543,36.7250717152681,14.570132694627173
106.88905094997587,571.1169386451874,779.5634857563072,19.562438586249865,26.685555018101947,109.07049299641221,247.22759889256454,816.862816657696,15.339009499390905,18.77868462122618,6.455941378584383
47.63624321791219,142.06253056284888,333.46064392657365,10.705868185032307,33.063259929486755,53.192155042117804,118.80336261216257,276.7159727660842,10.392299432101245,22.603380306732014,10.878179177393237
73.4688792328421,144.9692444141056,72.44463001814077,6.703279782083516,39.9629695928684,71.6248388787397,181.59064330056654,76.10711561360489,8.275192697922954,23.687913094043473,6.314438166284875
939.8456004533999,66.26749651621734,24.663311182307744,3.254759266754485,19.779770591750893,1040.8542294725562,73.91883597545315,27.284521905528038,2.8967759094524252,31.46394946256765,24.010243325662753
17.847345675766924,379.68834809099695,160.81257861054158,1.7942717335513505,8.03641596684854,23.20726724144807,457.6135366764112,168.26721378698122,2.1780763519631816,9.816533541338332,13.300122546799962
10.120692702474983,37.289469259557094,12.381131634413098,11.32969045901666,29.23674173930127,10.890479895552717,75.75311971335647,11.347166329526873,11.509751293828959,14.445151326070926,10.547248372480821
57.14802785174091,83.83383872298647,11.170026130198087,13.706928329046864,35.806393660848464,62.1353222976693,95.90515984690664,11.028000450213154,16.127010859825404,30.97134285170945,7.320446548110501
63.18475935245252,258.218423552342,45.601151750144645,12.398411769800791,2.0640767410230065,63.30220957065065,113.99875399264913,47.91566683324143,7.527959711688936,10.610273027974152,8.708387287112112
15.245275099072872,803.2229433877827,81.8979256782968,17.987199347669065,33.46905660505097,14.38383521834998,209.5929776392216,149.17004503224277,13.816720953014048,19.661115426753454,5.234047523692837
28.222447742797222,280.5591934505187,472.8974330468278,2.5349219148183986,44.339730053029015,29.48261507643747,216.8714241929127,512.0001491425348,2.6602154124130952,29.739566701514175,5.896509747060419
85.07949816347157,216.07991339224785,137.78891108813949,12.017622587048175,32.38327231870493,89.66703098366024,219.38179382186675,144.6136123403621,12.011495218258048,20.811838511763046,5.876723060435895
284.33044933704645,18.313502351025427,119.04648168111649,12.877418308435773,43.516705174660956,283.83802456536176,14.995372845710914,100.89587920252288,12.91646660858401,38.95482735285346,6.749812679789416
12.804599939081443,559.9203585148853,251.38470002249963,15.551797538415656,31.636129422240533,13.07426079656015,180.66945633792955,357.6847954632742,13.113575435018994,19.346574520730254,8.562478202395788
37.46901002925679,229.80064462556933,243.36201754528793,4.548143749866014,21.31784354019042,35.3378986558046,194.67492717133612,260.23129197102054,3.7788284942663863,13.053585352169236,8.065372244018272
345.85649966606036,16.870323887850454,50.599122937688,5.919876009064266,22.938372491753068,399.7781953769764,19.252147471151293,71.29281201899622,5.309826262469285,32.83533110312518,11.871399576424855
29.926967995020668,34.671886691844925,21.48638918897558,8.458165131050993,11.26559414958139,33.90920213401309,24.22123110087747,25.67855262290065,14.021981669579185,13.274589195670403,11.23999613410852
335.97810763282763,724.4471274414658,99.05210413819887,13.216970043475817,43.62426927712189,373.4327362628496,874.4294395952688,55.478377686355564,16.30859126069397,39.40212555429898,8.121087029298163
60.505025420573254,116.19176194410113,308.9341626116788,11.39945417562275,14.85588839143077,67.01793700237079,207.25603032066002,309.1274815424561,13.79671301060055,15.702429007246073,11.278235365750099
15.19032339801861,254.87400680160314,242.90264518059007,13.720010626566058,26.775072393545685,16.865252012073576,108.49576988636565,321.93697645263745,11.526210874666917,23.261295053635152,11.867578193741714
50.76256250837831,396.12188752121887,35.57047260694638,11.188081113823474,19.337358106517087,51.140649757886244,425.7222535266242,22.779304998844598,11.94618280469977,19.83626622741482,5.92315056551453
28.200352047818676,16.649413624806957,11.100829798495846,6.37095022076731,34.60012602146372,28.847748107135306,16.84929122610544,13.059592725877986,8.11280835290037,29.216101288112668,9.85241861345948
588.2127060028391,32.80577287349609,60.190165580358986,4.882624989990786,35.536116791066156,607.710064728997,28.302282301900316,63.695804310749786,4.957130813426277,30.088583851304367,7.328647666948231
297.20557380927187,91.55571264828477,110.33223509778725,3.059173150701341,8.616691571903047,297.04437718724415,81.93323090886574,128.11616662613784,3.1945174447488953,21.995360034188046,8.57448101604865
117.83525154930729,33.7705607084738,102.76556325258694,19.103784305900607,23.75201917418978,118.47897669893452,31.968054427564276,116.1921357734364,18.183388403226143,26.95556073495659,4.118547011667647
38.77262672193009,443.4765126771462,13.065064308067162,15.218625514583898,14.50893279924911,42.88590339700183,319.9651101664984,9.2252957084367,15.3823407433732,26.112813125914442,15.631362592837869
33.21848124055963,221.6103854735877,828.7792984205932,15.341387493772816,7.958834246438993,33.63468903829111,139.33520420798183,937.2507596728437,11.129297146798258,17.254813497797976,12.250857713252692
844.2810921164141,303.70004828732715,50.66296384781827,1.124591199410482,2.195656754367544,764.1399559206459,58.92384666765794,68.78299335923333,1.9425082676958838,21.438307766642378,18.508880009257446
57.774522882318124,443.78104277662146,19.74852071599136,12.154676345863788,4.9605535720019,58.86039931746057,175.55587960575667,23.628384028224108,12.153644729829225,10.886495832297202,6.330646688012695
38.38623890632909,62.46273278368158,521.3589717600045,16.907881325418362,43.31820908419454,44.488309595612805,43.50187797852534,693.1546769601827,10.8614762006696,39.86450257652856,12.194503098875261
182.81294057060902,193.0439697845047,42.42795722162242,9.198459336827815,24.509475321757684,182.9151991172484,237.19811458764977,49.19981730654375,12.427609978637012,11.928877156059276,7.344073640571951
79.66566399368388,22.92323885661751,308.65882051331045,14.26087880388686,27.549926672103844,84.92884342765251,19.310765678881534,338.7209628542902,14.893845867345005,23.593528128841854,8.052982221233902
217.19197792089287,46.182025873325166,14.622985779088037,7.116891192834735,35.147550397000145,226.33695774423495,38.734085683136314,15.426445727840171,7.278284199088567,44.056304067348265,6.875338900312962
18.898205922531144,13.451884777542169,211.90588850843469,18.3916249540685,8.411013014405345,20.219341181301406,30.103228986131782,348.1578389512505,15.766577607557025,22.54500810656375,11.743255181166885
461.0291249022387,63.87362543829558,15.184164473314565,8.095907721188116,18.706214352307036,481.8631383800708,57.1437651263752,17.146380669888334,8.749784458820525,23.197373001201523,13.683259271539534
355.77620184289736,72.41761469574566,261.13635507075475,14.048756391311393,33.165461311773846,368.6349417850154,46.192377693078825,270.7291197412894,15.076378034748604,17.442659189561752,7.721316093506915
12.152549684535792,225.39462107362235,81.42156325538701,13.371943388565693,46.84989745437641,12.467659038625737,172.6210037107603,84.25352109940827,11.473223386869197,18.534654071093996,7.212984608504863
212.1226361564809,805.5641877666026,816.2209963452781,10.76663279882702,29.316368845152358,248.89008594939767,504.0362896603283,778.3329424997643,7.631325109480896,16.435013007533655,14.14974292922963
611.0157893502561,16.515560931583238,284.76758143938974,16.282212524285878,14.546299722172838,800.5029679547343,36.962569722240744,191.91110632995384,16.030003516658017,24.640516521466804,25.32132598191507
12.022952838425345,57.21689635991047,129.58829601932936,1.0917092428705235,32.62416882396609,12.424909226325813,62.11523593130258,201.05517621040664,1.2121794280935703,55.344942708097484,7.0180196002163004
562.2093674945575,219.06774552052588,21.282741050843573,8.241834603379866,13.33651549563705,559.379056872511,182.30878143694497,23.064847849260143,7.989148116144373,15.957028682754848,8.025287699805387
996.3737371574175,18.400087221497422,78.84110888011493,7.120012580944773,41.979101396461274,1109.2628512555211,22.35427543275376,121.76398784565542,7.190544112904149,44.81144809391672,18.395072120869163
654.2478039310545,53.49946370283081,141.20296759162076,1.5255402658710775,19.13783959964692,800.8897811279151,41.94023386600796,164.7314185503052,1.47990178005552,20.13135463377982,16.073952235114042
385.68649976421335,17.536172288997733,142.85883981743146,17.158624672629575,26.32227667715432,398.64720761406187,21.44966906805406,136.98321974799262,16.505657793348156,28.081154574924263,6.20550031967609
181.29919579422545,156.85276177344957,12.855442531398898,1.0984532468717938,4.7726727005508565,161.23854507168298,14.205359501952891,13.445161537988024,5.343368603089299,16.089655156474258,6.72617673641251
112.97454921633471,292.1092923784486,13.522100951433663,15.922917748131018,15.592185734407202,123.06063341250837,219.60725282002718,12.433124233044504,15.941693193855608,15.196159028839116,13.340765547983127
12.253267974348518,65.38749330948117,459.33878479906576,19.52841189942298,35.61540415822472,14.123457136292844,36.2600278034244,637.8630393568588,18.358284684649874,19.086019185917966,16.08579702992156
770.3713078246536,497.6223799614351,43.460294075462784,13.146569723262951,9.044317175012544,864.5351801853428,105.97138195656653,43.790189876031064,16.830020223505638,28.329192090077797,15.474878396264602
18.099182598703017,127.2922584585051,12.077077117507644,18.861387196531776,5.177630957785734,19.78665762252875,35.72617382873955,13.545958530234017,13.275243798734598,22.678039897888322,11.732624880769123
584.8747929346553,247.82947735801667,26.790302036323464,3.700501138962719,42.45501201473378,667.9507283673593,227.1688169489129,30.277389667447544,3.4435262511433624,48.7846892828906,11.327124874943078
12.619207698991417,255.4909935107528,69.39928637816922,13.762533974404123,3.2298122034357286,12.162595719748689,111.85482229729317,59.253494825657796,10.93365693000072,17.119355926329153,7.469780622923163
35.213099841871475,25.080625268620217,16.987076114758988,9.322904563366194,28.081055839548718,36.947848212402974,21.470396057364418,17.81433485869748,13.209705602444703,26.141074368272477,7.188721614492106
17.22906464667845,89.26205947565859,150.50175559417784,3.7858397144227016,22.734370735091755,19.465083054808126,100.4358684561611,209.6300151110349,3.971063105681603,30.519028354250093,11.627976573207723
11.411601105164628,153.601267723353,662.0633265915358,10.325148286871624,16.098169863127296,11.98035038617971,176.52328328206576,501.449658305457,8.877340825980193,17.606339129164315,13.689404635098503
323.84120067093465,130.53373826359376,699.6549661199551,6.103778439626366,25.82837935534335,360.4399338429322,62.89444824477416,670.691225391718,7.070232778402139,12.244282067651586,9.079431403877363
314.9870726619,12.101383279669372,21.213778153156202,8.796286654108895,6.712088890350939,336.8914934715792,23.489467125077322,22.030020365287257,7.834984130341585,19.63142047609033,7.317910794731118
205.30729597317128,22.916893073573213,12.254125538127226,13.2692034379894,24.34765382019585,233.85618636259275,28.299293796159095,12.75706604268029,13.466524046157009,24.342858193406695,15.928072073841715
228.81358987802372,141.1432545274374,965.1673929730179,9.925810972621981,31.723867403386468,233.71251781887827,71.51416626358879,633.0555198112506,11.86531716190837,12.144810027263665,5.742652310584084
99.3883926015863,204.52523488424717,510.8514292894797,15.873875525131767,43.14754461231431,106.46486447422696,184.64993028768657,454.34644715967136,15.009266385751866,21.64002377864946,11.231151519149533
392.2509598266666,922.6106906358698,15.969658952223625,7.739048530759641,29.427837798660473,379.91018716279723,852.085368222502,19.150129702273606,6.334909573521208,25.32682647544492,17.646792643161813
75.1586906934221,189.68251465520166,10.106890143411661,19.87400146981238,15.483026526279449,72.48262947767321,143.1943286285138,14.011135605214891,15.961625661679143,20.166081843701775,5.010711678446408
99.70327392501197,59.22698030772552,34.20491122296693,14.515279633311131,23.134897580122058,107.35061214499181,51.037718648772405,30.782488663421667,10.58662266850482,34.2898042511799,7.100676547458466
410.92826891399693,24.72937166362686,18.537048237777196,2.2673180542466875,41.19695341870162,382.3803338980277,25.130581886302522,21.893132459204725,2.1016792874411263,19.188772848742286,11.337076449879705
10.288814909824588,98.66954254879995,208.9119236994705,8.383044294679479,22.484852218721283,11.422134476219393,53.833175530800105,261.00508812638134,6.151942686664156,26.41469152458013,13.043855911695184
29.27928374655263,13.00202997321321,108.38947191251181,11.351478244303388,35.01569782711008,29.627039872300806,12.612380540939808,158.17046108895474,12.203081473222323,37.73220557199774,3.735285522267796
16.13402950648027,47.515143803974325,880.3475401644342,11.784104060764042,21.05143459652145,18.470765641357147,97.83559369732569,715.0821933837339,14.186014125547796,25.25710249530176,13.733144177263885
254.90721803554433,231.13403186740553,516.2461276846013,9.445919180047763,7.828559614759751,297.5980397475534,380.2249756153438,581.1933711233644,14.622568473676086,14.522782088002087,13.608431451716472
668.0800893991342,12.015552494342552,237.43270007774856,7.732986064509238,31.609521314046788,752.8371160435387,21.0605582073868,286.17266524564786,7.4792170672782206,47.31022148569688,17.906953874057024
172.1745731261955,323.52665697655283,552.9864161659973,8.778244128443562,16.01769595347172,174.97256287603898,298.7841360444438,505.65770727265016,8.274195513889708,16.693885572495745,6.435033684252836
71.88322633799864,264.6205312557692,245.4520139967595,2.401024102093157,38.89501920486559,72.30774112850978,268.8234922607728,242.9038699915046,2.3899556185449624,25.76913114693486,6.815945652785038
118.70758725166134,26.87553068683463,249.43257520908026,14.318676625942357,5.145564999706425,131.49403872035833,56.777203864678484,290.1273583223742,11.247241586813283,19.975092200573123,9.675013937219177
126.55361752401309,83.83436975728894,59.0649421344638,11.994381969997821,29.331482560864437,132.94670134348434,79.4208787524985,67.87291935810242,13.51350576641842,14.012476525467376,6.166886555128989
14.352165044902108,65.26580019187722,346.50759688302196,19.852482672779907,2.558837657420158,15.588875404875935,101.57577177670925,466.5594406617464,17.428273598682864,20.075460184283806,14.06598329869836
20.86799765691406,192.5486684681599,18.483292350757804,17.742492874451138,15.558078132947745,22.896706065535472,163.34942145785712,13.466813188651832,17.924204009288434,21.632154886911216,10.039427673951684
12.405038446826962,955.7466305770607,16.83412158562868,8.896757524537161,22.04278311507115,12.136586306438545,428.94286055206555,58.64869816193197,8.573845592193328,31.144546333964936,4.71336875952294
44.52013932606094,65.84088032545336,46.287629670336564,11.5639497664706,5.171176579451909,46.53586052751262,67.21774354921334,51.27100091889967,8.763454728679248,12.478713699988786,9.87033110738872
390.5205098221144,14.114629933561158,708.5241235823898,12.086184154285126,24.738669734589287,443.9712341497023,17.421222274201327,739.5216278205063,11.865395195354596,28.309789861912083,13.066720320232333
149.7602589375365,937.5461284346358,122.84875515356532,4.692828341083905,26.197043513930645,171.0883418066325,693.215914988803,102.63444154553237,3.801280535453035,36.15886855267776,13.279673836156949
292.28829788061813,304.9337049905335,30.736377538793043,6.042659088632261,2.838114447307909,301.251030286046,30.795055878559268,37.003338608197105,8.332262952182301,23.22161690224443,11.896092158370623
16.880543141253234,87.34107610267606,521.4671097925127,11.513532633947634,24.666546443775285,17.221982314132404,216.13823362583895,362.9447120755943,12.767956141879832,18.66314733589053,8.908507199050545
848.6896997776429,234.99679228431262,231.66755442156722,10.870534384717075,5.278178960179416,828.4852261724494,282.34350786622605,223.54173914935714,9.060838041580695,18.14495019120029,5.001230880395107
105.79268144042054,633.2086017137835,27.095867720742334,15.844683349490904,25.084152714841363,112.35351778317522,489.3094814056753,52.82735373584287,13.60871654393849,24.71428708260743,6.3799941750686875
16.19363586006017,17.602188943402993,180.7578690315195,12.572128726594679,15.66032474372396,17.928320895280123,25.556907637028534,363.01689935399287,15.836112199460919,19.994619441327973,13.497729215209631
153.03733183100078,10.287083853587209,86.7076709215645,6.448136002548514,9.387664142634886,160.79818506646288,15.442485593515753,108.5055721057097,6.117264046935734,19.009895002715485,5.7883054223585635
13.646110920232536,40.94733754721714,414.73910719530863,13.650797591190523,13.45086083217866,14.521903356923474,109.31494853937066,391.54847386493753,12.917924863013251,19.547480294340062,15.874256149781466
98.5356026043861,52.63539874470494,426.0420203883814,14.816744643313868,35.19237593488362,98.5262842487627,35.812357356880085,398.6022766276385,15.904643536575897,24.99729927329261,5.956280387957998
46.38981794315331,83.98980372839115,828.3670134329388,12.550132230733563,2.28811185135371,48.189056320373226,309.37302194694456,617.619109775093,9.417276126545753,16.363925725520314,13.570775010454398
142.30430696170708,56.5724942637936,36.55402549760441,10.344557919028285,14.161541578503163,136.1544622965804,46.10811405919881,37.12459910664807,12.050256307888032,13.503888191778122,4.974858336204979
17.215047918453322,143.14478567496312,331.40706599045177,3.2231342533812635,26.133660922999308,17.297413943523118,115.26220175110004,333.5729259303417,3.1228238951348604,20.27883542799354,6.370799715140289
73.42029865875863,944.3651242415693,30.41923740131583,1.0938770342006654,18.918410828292057,81.19195579353682,845.0875177271288,26.281125527495483,1.1766372347995275,20.441794277965307,7.04830476775711
42.68529835737174,57.11714535391587,36.8944825798431,6.721226270053569,22.491930593187544,45.93889467609355,90.51459078746011,46.53958580525067,9.793753615010809,8.546426040480203,12.785221308704752
277.9157841629281,214.8804374023857,111.48650686504078,2.1345702479751747,16.654698689406334,264.2707838090291,209.79602173686064,116.07716186239033,3.4685259292004713,21.942259836661826,7.358511297887254
126.97950061722659,12.679738732980455,61.49540495012097,13.479744973374059,42.69435577899782,123.83866478216099,13.213885718592616,56.22734631686566,13.18402244522191,40.76697848215371,3.9850080872100695
397.9504074280465,55.82761367690787,32.219919221691704,15.114605296637558,39.88764516835434,383.26078366612546,78.22199620211738,39.97191267193019,14.254047215127578,27.82454388940077,7.9901955414750185
142.45978777168673,114.3296763624165,30.57430022026028,7.055533409237084,10.204764901095325,155.2250296885558,43.32907277097479,30.565201359309068,12.62416910526671,11.275398400766534,7.032499236749193
46.29806773358492,403.54835735461774,16.895666201440548,6.234143884300494,27.585203475072202,42.05036619081792,546.1172303841341,21.31109225799001,6.218904425310297,20.328892380532878,9.600384922276186
251.43527694332064,503.007974038711,21.082928180061845,9.362756397656172,40.201934608248784,265.4187865386753,769.2641486270386,26.50801484254845,13.25556598763482,23.356524789894074,6.269268799529939
796.7662062671326,11.743266683344993,248.20422073493324,19.057219866779263,39.8311342284968,938.6713421107858,11.716920446973882,96.52092440912534,20.866020712292723,31.796134897546377,27.239847601175004
179.43987339800856,75.25440541354276,32.48363099485832,17.9467351430851,23.21622178667618,178.1238122117828,97.84644098566163,28.06915855625505,17.008071847205706,26.593400104348405,4.497943330387823
49.250914567686344,60.966628480690154,445.0545938204028,1.814665051757452,31.477442116080617,47.98455583811224,58.36167229996133,400.5249570418997,2.584591999299042,26.129864205776723,5.149543214792244
83.44776604952105,64.56642454151542,76.4047326867231,5.03122298150094,22.193085044194973,83.50641781313143,55.52640680567047,78.66031421540431,4.652550126380413,18.121222408869357,6.901171122106844
13.487555338215625,56.21426807588864,72.38846449262843,4.275817300769655,19.904570138529493,12.673759286570633,52.99526572790863,80.47011303437242,3.4854562991214664,16.123368760727693,7.093675474524558
25.775051570943216,35.541882441638904,15.074523958967932,2.499992691711719,13.609107392072026,27.12855063727038,45.27535313298992,18.87386931181216,2.61690233147521,9.741652882216421,14.819821780498524
51.89217241517009,211.9019937017221,633.9425666763046,15.209067052192982,23.15822712470628,54.808031867870014,196.94553458048688,529.6864100978936,14.12402057094164,16.508690883529997,8.418100038391682
12.051739770143216,56.54902897239988,108.94651235656805,18.452664200197365,21.5986206934814,11.70921305707796,50.271735766060836,121.94957448098492,17.704364317868244,15.167474328089648,6.2068977699720085
170.44306140769632,10.373405680952736,33.22783220130845,5.92485661707048,38.52282547844853,171.84813624901355,9.077522351328874,48.36042662873206,5.7891893425374175,37.55249369621349,6.6631365840499
445.70306429390064,146.56258235395165,14.881599815051336,4.177843702162606,6.424568793267246,504.23287205140883,65.46104976712498,19.26814039762355,4.3375987523426325,12.11547602937978,29.0944830072917
12.158501783614353,18.81983670985669,10.060007587241685,7.0753847497405715,9.996907283300876,14.69472414673531,26.212281152068517,10.033015885223373,6.815157223648364,8.358393056452451,18.486100409773506
403.00976548231233,936.1935207725398,117.49527710029977,10.167195591097762,44.17868796166182,435.50623463091284,994.8644816739712,140.05796740744316,10.49044437147189,38.48393807481413,6.059850666706552
36.15889535120089,774.6598203714873,19.497644801904634,16.89376266360868,22.75288841319717,37.23292198492111,531.2936481189884,28.431239096553597,16.149735256612928,26.079137717883256,7.373748060764475
835.4098227405807,18.81353601869331,232.0613823882536,14.690696374598332,42.72734100882854,1008.2876132505271,18.018830044894592,245.5703036966783,15.656553461267936,31.925623634367394,27.45205689038423
300.5854869101571,18.28586474565426,17.68103188366833,18.623688469123653,21.083753303597152,313.5459900439707,51.34168902599037,22.41732798735699,14.651068638213703,12.158318433467912,11.111944591762816
11.12572048635116,32.43023502191539,265.10975122673756,18.627145382122677,18.6187537458739,13.303502145569931,24.203984275771496,514.0369827467143,18.087705280146448,15.902789242160004,19.746874514975254
58.80404335436623,28.083037016323207,261.74574090606376,11.177679181245757,30.00205168294107,60.88902757018031,23.207733166131597,295.19944341456966,11.008754875978722,24.751194049559324,6.554216389573174
374.25924016636213,139.77951758158315,21.402370674704205,4.280932323000515,31.4878963932868,441.7715374853055,130.58235381235988,23.947859591020602,4.517596914241999,34.12940857075765,13.89113527886672
410.4000444948022,36.04410092007939,221.38361924888173,7.983588791745775,22.081762282237012,437.77614396248833,50.39044345824922,228.75620859638738,6.426322194686072,32.905970056853846,8.151652414047653
439.59318274411334,152.18471589079303,370.25186746723347,17.575898040459432,49.62230914931694,511.3217903390673,101.77361850034252,388.6549980950636,18.593240765030753,29.954492456637205,14.740048281792584
18.85251814081493,20.076942546612553,467.75539755932164,9.214570755668376,14.693496099504369,20.288444920163435,75.52765781386904,469.14062132010764,16.095277337038727,14.609429190296929,15.401761743752465
26.160755292478186,61.52315725950408,37.385975325883656,13.114258978530588,41.19529288590101,25.574705766702465,111.33844241039446,28.787679076570566,17.488085141144747,26.191456595230665,3.216561329229825
30.655060946736644,301.38093443217514,20.306845350290263,7.137165920413216,3.710511137283524,31.120673948325795,145.75541974108313,26.303513515715185,5.668136014741726,8.05116199053828,15.80287513889201
18.564890363488413,307.8573156901107,86.74890372390388,1.880071472179985,49.22429633324576,18.64598683023109,311.5290409911229,106.65002447092127,1.8588866615954254,50.080774693907614,7.227934716742953
17.25727875709225,100.1364318335408,50.937818655216766,5.45744368314688,48.02907858395594,16.651956409767788,122.90957130264097,64.55312732907495,5.76182493994296,21.42825200231588,5.9106333793475105
205.2230605465957,85.26564311558036,58.81205032333997,13.483504446959314,9.093401095774352,215.79282360851983,99.41335405693968,56.38516029488095,11.47335023398951,16.869094925081363,6.0911434048402775
34.743904941782965,125.34834721017756,117.2441359091287,3.4903660880664766,31.457462864800974,38.514778074849815,162.30890480156802,131.26489727728566,3.46697588634598,11.13801839082876,14.527830011059372
68.67560993820514,175.47654763862204,45.0162201219674,4.351419635824536,32.955722056301404,69.18913409483058,165.20703761814198,50.952892885200825,3.831587743595718,39.90595343298578,6.599606196569449
11.4619260477708,10.167958922928822,48.47821442257651,14.444405933563205,37.17967548774796,12.64759571640491,8.620776768713275,44.860307967690645,13.400772347511865,33.485415042863835,9.17100982120402
138.4319043730024,13.212851171358645,16.597113609341292,10.037427606208606,20.802541296795052,132.05862399237765,16.814682558930024,19.65956446334223,10.175928350298902,25.086971063257256,12.023845529785554
66.00981731315255,181.1672666296325,205.26181576192977,6.774227207590843,30.659562315712996,60.616593064089315,120.05943013938291,199.62233865304157,4.611549894305854,13.097836763960288,7.268682440651861
519.9292877134781,56.79692871492633,848.6640468639257,3.2450330540870995,42.14982553450314,531.9304814458238,53.981231331899124,830.291843848244,3.3879436966740117,39.923498005947664,6.774641931052199
32.43795379011698,115.88520558968084,51.73544530287338,18.248863613655637,32.287839883272085,31.988134271542446,82.49917358951497,66.69713975929714,14.437833637745548,15.788421716971763,3.950935683755004
65.52954929138878,103.8117833360795,173.24149830803304,3.7818447885854924,38.209582235562856,62.41746905651012,105.064305431272,187.0639722235738,4.525199358076544,37.27586207970324,5.650612257754908
101.74220234234376,123.21764902237152,295.7267915999258,13.340211013932846,19.20304324667848,107.64148428776701,146.12589384990616,364.64263595292095,14.50057995727259,33.928462260674095,7.320086544424292
843.4079061795652,413.7109521106834,38.781284084712425,12.04955388505843,7.767796267443137,939.0272472235962,161.83770420855626,44.80542235197603,12.041398867007896,14.394464856704436,12.228734925635301
19.742495054100733,36.87200777920372,756.785039652064,19.55094950927961,39.279875146843594,21.597398078910913,31.767067321040248,465.69074771166805,13.167940252142115,32.578308726024204,12.794985230237794
852.5784861913218,607.4352533714127,950.0834281078887,16.782620129985855,46.744691364881305,949.8223848548789,509.7139764506588,843.6055544367532,12.98186550341608,15.656662942556217,9.35506119151433
138.31581255516664,554.0016450235817,42.79561680257664,2.2521747861681165,28.316920743374883,139.60633776227098,530.5730698071417,42.342565271091956,2.5432615803548644,27.684167055775575,7.453745103923966
169.2614134749787,17.77928355575868,34.29016058632463,19.519015266635083,36.49604234850991,191.7049747451232,23.792804024548484,33.461967682973906,18.711016005277287,18.1908753170513,16.101211468958414
17.532543532768624,215.93145387834105,688.6773969771682,15.616014997296944,35.45713064566186,17.847562293925794,112.87363969085159,560.022781286494,13.387856348765187,20.923429566666456,7.1398603179989415
14.225678323241848,410.33605925284536,123.34025166905111,19.57586818739949,36.179984686205536,14.577624582645257,125.37163256151199,324.9386311870809,17.28536614806732,15.56434214023769,8.391811066120967
687.060538507534,143.28212091024545,166.77048877812481,12.804850626337814,40.580862049764605,783.0553489406263,149.92269966711297,161.3884440507399,11.94037624057892,12.61261766301964,10.329452378190588
93.41506131583884,50.37956002175,651.1332932343835,7.457327683697173,48.929473044137424,103.76949882154445,39.048379087877954,572.8087572505183,8.787168676637846,37.87464730633044,9.029424078186734
273.09298417942165,394.569270431425,34.65652675216273,16.865986641920678,21.938264351935903,305.1826766685266,398.4634526989889,37.13547397596939,14.807558572503082,19.579820430288205,14.433615856673043
202.79223359432436,22.932683181515188,74.9860001318479,17.731067013111403,12.340697268143138,217.58496504856964,30.845516744383172,90.96583746516595,15.72283080664287,27.140880525498076,7.7451767217567875
350.4275917694506,137.92756089017504,169.32851579214582,3.0551785921274903,27.45495332203128,377.6062895830955,113.94606367841126,192.08336520105905,3.399484061578458,18.47710748421413,8.525539342599647
114.78303896411029,71.27090660438154,547.8974552586608,16.72397984488562,20.821472593616804,116.23391827726262,50.749068903361845,581.6056433634506,12.438378283499416,18.786000271961953,7.232334272502565
12.336111397927953,115.42377354624172,304.14348237580293,1.646793842612717,18.015938774841654,11.678879503073732,114.01742386651492,273.90823433913175,1.5505653604711291,17.094553238557033,6.463385044476208
10.71621321481927,54.62124698244985,29.744472170182416,5.785860021679595,3.991075110521337,9.917490247723425,39.24424918374206,30.732981365987044,3.561747707070584,16.189931226836688,12.36233902416503
37.30630202093602,141.48932525704828,644.5328601505586,12.185718352999448,38.19230423965055,42.326339630734175,119.48614895730447,400.19053817794656,10.397129030064786,22.132922990563568,14.146197746153874
30.698431841930514,492.1766197024896,12.378296665531028,14.637814657333188,31.56252429039648,34.56323482008684,553.5357874953032,26.759849131384602,15.660914015776026,27.23768662216576,12.676366740177633
49.07228561125516,25.15690106712765,188.96715772040025,16.288424390327922,33.03617979012954,58.125056491335975,22.898863195780255,227.62952041101929,16.867233375331146,36.419594601298854,14.144623020189439
66.02342046651474,309.72766628633144,939.9602362389822,19.76867806735942,24.744457347801518,64.74076996618733,162.18519365332884,721.3836758603317,15.069191657589386,19.65151592147246,5.664260010713233
94.98915862756583,346.2707561482731,374.27480267893384,12.352597946751356,8.399696614874715,97.3869309033707,350.0010634289698,315.56060520878407,10.906968795879175,18.125706923426733,5.05668849862945
614.15973566282,164.73796893483816,422.86282689099454,8.001132603147145,47.92256834182949,625.4008350294453,149.42573586260076,362.07894733089665,7.713845789445196,33.06490473490562,5.440742888006491
171.62733823885182,302.3056701140445,20.782321752090684,10.171450025132359,45.60438817859493,183.76364632179923,461.5738931564802,27.22618834068316,14.749490625965619,26.75284024370968,6.659983687305352
14.266873102479215,20.59597128384621,74.80598753887793,10.17354154475086,11.862338519235722,15.81601339130907,45.53783140181292,94.42070757254957,13.495789651211364,28.540059610035787,13.631838100659765
493.4698866248341,19.837782028546947,40.33007492125472,15.464833774539,11.878336173895672,487.27548826297135,32.702916614274045,50.61084186362461,15.109914707287782,15.791470797511485,16.250719862355943
80.58904046448559,25.679899113600978,217.39523323721866,5.4945143114498185,39.19447577819205,88.6180931590168,25.76768454824189,313.5685659849199,6.012477620709215,35.46581938415302,11.968622417249465
285.4806623377096,254.4983935782566,527.7374301686318,13.46718612294014,12.936970279137286,335.4355471395996,258.8390608395419,475.33757610336363,11.735150846242986,12.869655201751504,12.372057881747448
281.84548946241546,164.29052989577042,45.06706969936275,2.4493487544638746,46.43851817743606,310.27772117946563,134.97001161035524,49.250579281232184,2.1762185003330576,49.26676167902158,13.316531167286714
79.0749845891052,34.110578722323346,169.4527871248584,16.430429363254444,48.39815565262219,82.02826696250484,25.220799012896347,163.07094286109188,18.83080403072764,33.45364047692816,5.20615196671141
15.241155017996746,17.55287591655076,10.896170705446714,3.375519731330906,41.53027880941298,17.00285818706529,29.206524052934054,11.89655147963979,7.1092491702699885,20.582885121996547,19.128317477794905
36.78478545329754,447.96909292439517,678.4905510746755,3.2072460840140784,43.46254106342572,37.887912923834556,357.57761507491017,672.8149069260544,3.2783014777108037,15.60306412662579,4.906478460053103
160.07003677116384,350.6994023743085,10.398842941891884,9.200088789167708,15.935466502507406,162.03795054286408,446.488316176415,11.539410900235017,9.039886693835737,11.963401992476518,5.949384668263042
50.90499672319281,25.180103633812287,18.699285304074074,15.031464329193547,12.200719568633627,52.00874456394434,23.519620036988503,20.022212517537877,15.16424103217784,15.51475689418217,4.677044032354254
116.58859421872772,79.03153736066632,804.6226630427782,4.989867790307726,40.868570692297595,128.40672878315178,52.72973275503233,637.2658355596941,8.007500404025654,26.96471438121271,11.885175904818864
60.380394980834964,12.860394841902503,28.999495452794328,5.961424695502877,24.292431541638212,58.8927930557927,12.303573640877296,46.94857144986078,5.557390821953604,32.46295752089617,6.990217896668059
25.734439399065195,20.64529396140861,35.78518528059731,10.716044758738391,21.99800461374687,27.173386536540008,17.17394865372235,48.39450521442331,13.849857689263883,30.899425297508298,6.702675197064822
340.94199479050366,184.73959459235272,958.7951765955881,3.6159317833331004,27.825035460459663,342.1501427025473,126.64040735359096,803.3289447578242,3.0621416459011854,17.70686886292999,14.351384636654554
55.047619831972206,110.47365066917256,288.142812017763,14.89148236178948,38.15276380645257,57.1307393200819,100.8396571107084,255.5060813681748,14.932521865204807,28.880341476705937,7.18607320805931
497.0123354246553,136.13894738204795,12.640903939601623,6.096827438223815,19.430301488463567,581.1730371912503,144.79506096748358,13.765327625738273,5.673536075663279,21.45351704471971,14.885439763115215
47.71833544275661,148.74290057639763,10.562577435985352,2.7377090118644487,33.21563655979942,40.314700012752745,121.61970447838249,12.608368748229214,2.570261621118082,44.3124804152426,20.579775206533405
339.133250315871,811.924863319693,152.5030289633178,14.094732594356367,13.899764915101985,371.00511225767707,625.9681359179422,140.99987184424808,10.245390774075174,23.618877010331857,10.184465478163386
13.040201043402405,359.9031682554315,429.6091043473723,17.25921593023564,9.805943808177823,13.062940797568924,205.6609096482104,455.824579105356,16.649296251887446,17.35206561951773,5.271470392614988
58.418320613847655,432.34150994030085,126.9642386728134,17.794860639974637,31.089725046200684,64.00725051144742,417.2239357140274,114.88886875619477,15.177244450003721,26.03524503183259,9.916637856412933
856.751104858642,223.26445537724996,580.0914965570555,9.330319590470191,17.0434064482675,1005.5937716840787,240.6359874309365,585.8037233934157,9.255877552567902,15.014496185590556,14.451851851014528
11.794618561926834,222.25239458734745,61.40178253099973,15.955613358626621,34.23960733441506,12.695198540108105,278.25838002973114,56.19201769972991,15.252376208136347,22.09601900886146,10.678101461141388
36.51307326117921,743.308454700422,208.20904152175004,12.81247664955653,28.639156450313777,40.41122017810101,616.0391085643604,169.08566936322097,11.209459941164123,32.806041769329674,13.681485880820887
10.126556774036871,464.2396125007265,431.4751905089933,9.842243982659294,23.716905135695388,11.185675474955884,186.1320157818564,427.1450335311759,8.222294845595503,19.149841397271178,17.240901158975984
83.69826896113094,123.54451712353905,27.25802561196461,9.058858544219246,36.47655218739882,83.98334689784585,148.4408898846939,27.608369027506363,16.32545349188492,20.353111846637113,6.216198443693627
25.917234492848117,30.49895808905999,18.705590145271906,12.016133799590184,6.475766612130701,29.318083259720062,22.572750781939092,20.247661971277605,13.807899643136825,13.622226955844889,9.016216944109107
681.1300380369422,457.52207461834087,64.94975845018052,1.7630555229912472,47.49647619947629,752.5531047985558,452.1895467087846,68.13583512467416,2.1974739597237685,49.62349884551523,8.980286794764176
104.34419574534584,63.27507841559662,16.107205495374835,5.765298819851539,25.054005386904173,104.5439380459685,59.311198290145704,18.1930746678544,4.724912895284243,25.924034049895997,8.360222295545249
71.04015085884141,318.31016101552063,56.002281955873634,4.521132202542174,7.087856515990803,75.67462357357662,400.88764248366914,68.04424204369575,5.47315892043176,5.185371461397395,9.786483143224253
10.809910825895841,91.3479302067201,23.64157151090546,13.372936461613625,28.36054379444733,10.752269260056003,101.07222270983114,25.45888273862906,10.858548321148024,22.376425792363648,7.017307000458381
537.1417397888455,23.077059723601963,113.06065587197166,12.256428499199252,24.89641940682645,627.1784280025796,24.20778577109491,157.85467662812687,11.894988852870442,27.74368950024615,13.005366289304712
14.0792510966552,29.123911451827826,172.71433518587187,15.84476215118816,24.764512206445684,16.552283164429042,32.59161476947639,420.67762632836724,15.868723615164555,26.133557180582642,20.093501828397674
140.349581726494,230.64564776276595,10.631275060395751,15.782423162675254,10.400938356187623,140.40401118080692,166.0286092930101,11.285950984204163,14.747559965048287,13.588338643830284,5.614904942990661
21.6706770274509,37.28936211424071,47.442892873900476,3.010594301385942,26.08663112365126,22.75317171293437,40.260111650866364,62.34644568237411,2.2348768287728578,28.300552735165112,17.16074094791696
19.96104889354806,77.8217837556326,20.42062762061849,13.366442125270268,19.415692800288188,19.420561194075624,88.39473717000537,24.89096202443055,11.97913806480906,14.759356025465785,6.474958259626409
29.920473629110955,171.74468573585946,72.88020150947874,1.4936535109271158,43.555491227886996,27.319638514051505,203.58962838732026,95.5130831776913,1.637600627123665,38.33240691674914,16.05343994746392
51.197986485420984,187.9579118913545,124.64336367698915,4.41391874053736,37.267228041873736,47.62028702870019,200.61702864883446,138.7380206260151,3.776399719301485,32.4432183034577,6.932390838156908
120.71486908513255,552.2403213949557,136.60951516046512,17.991458189758582,41.955371084498545,124.06277481312817,821.1673740166891,61.88753154905647,19.05440996182947,39.12428394379952,5.416635638633667
784.5149967082641,745.5212509957554,179.86196781363287,14.53440910381712,47.53577977375511,888.012440319377,702.5502674895464,214.04927057001797,11.910928205612967,34.34408157635813,10.846128182472293
14.764797330232703,214.57638102300035,245.79271899377906,7.455144455856694,6.932649497471502,14.19291425699984,94.84986443973779,236.586948124383,5.112854933402626,16.650647688513782,7.549774916580172
28.51883820343347,352.60549052539477,17.03051270120568,4.699801385233559,18.826871383018773,27.027019430342754,300.46049114786507,22.628519951424835,4.714992245422963,19.978225340615182,7.003256396952032
29.15684785205582,571.7281414909949,12.926176564063642,11.59876750712961,21.067397648722277,27.093345487416716,435.92816844439795,22.125110227076952,10.675116649319014,25.24512767475741,5.591988349022692
401.28364138589325,166.4537667961193,371.59791159272913,7.432578157465316,46.83357308239132,449.5131509001261,105.75847368979716,273.6106647871794,7.994634736845034,9.46027820387184,9.729758850511145
29.01035932822036,12.155489869515785,71.53850261268089,16.96135444783548,37.42384443080377,31.214408335597685,11.722904086505574,72.6340579611586,14.965099098577204,39.042088711867066,8.046060618948333
198.38861762118083,24.26267822272088,82.74445810495799,11.136351320827492,18.01485873378224,213.96869090281734,23.40803162616894,116.97630687193295,11.772953520004355,26.296839448168253,8.629844899600553
16.20563469493148,10.07265642749243,179.7248721626109,9.952206889945034,39.94537456381826,16.46852633990745,9.711888171442618,141.28634394507827,8.57405597755857,39.145736387135365,5.999287673422522
123.61081854994879,987.9107054248564,754.1888251918829,3.8446916526934345,32.517820160546705,124.32951036344785,968.3994769961674,776.045399122138,3.4568342856404666,20.622583919595822,6.794522134046748
233.90810887904283,148.78045739703907,412.9854014236991,4.522104864986201,8.361522570916879,212.05468255034205,110.20743565103649,358.45701041580276,5.711834348734486,10.431314695111624,17.13113804131034
134.798389030305,119.03997372195208,22.202106075787345,12.355125210237018,29.233230745159478,129.78801444649838,125.44065119894636,20.4125542285821,12.688029996885119,24.29590077144327,6.7885938914032415
188.11113145911892,732.8327685878965,10.032462305054585,18.117857895787527,25.889216943537853,199.54754875511912,677.2205458414944,14.361413610443632,17.884268012818538,26.956827779765064,10.23780451417362
240.36644740160264,14.574629447584714,50.37496096366791,7.398711260045631,8.755030776657389,262.612413931109,19.44200952802676,60.909162272011756,7.167362923816628,19.502916959597698,6.363262310173947
295.73740947908476,281.6901075654933,361.28250532058206,2.379603049598195,26.459736028061698,288.7349152488391,239.64743316184956,432.6978849303516,10.703157587421247,25.909982865410623,6.895984051141851
56.87646480813758,519.9090483793206,144.90133399331927,5.95185023213761,44.824679873143225,59.68752220988052,553.0201339326977,149.40956342426432,5.367961945323692,33.31062893397471,8.998162622122587
104.26453388150641,33.24462624848725,45.87621293493219,11.080537748464602,33.813998833786926,108.2982388850172,29.034087616165277,47.52714818317656,9.725079249275264,25.816384991954084,6.681653372908297
13.544844398479492,134.91057814250703,29.249521993776362,17.42978216811393,38.84746111431862,13.913270065937859,220.30650681738794,32.71091147482723,16.676473669561368,21.89754340966779,5.616027620240324
67.85653927204422,68.18358980345494,141.08435491226166,1.3711967349004894,40.926643731014636,70.99574954834782,67.95279614397789,171.2093018372637,14.814062193060673,34.507630719308125,5.180296522011265
720.2392830456373,47.990347856963865,193.1116241729387,19.87311817793448,7.226863404037627,826.3018282094163,137.35849819691654,194.28781217575872,16.68004615306088,15.609664350211427,12.772745683659956
68.00249566030404,12.54608541279546,55.87638189288905,10.951306025635107,6.8802513393783675,70.75228094724794,22.07865312401803,67.58973240880088,10.384744142560258,17.541335688394536,6.202552595159645
635.6028197088461,102.41615494655089,122.67593920306179,18.79067498553771,3.295357966159792,614.4171161453268,169.06917239886036,112.25650914902943,15.426155173840465,26.46567354468114,7.11643070023358
124.10657897537818,41.178758815940824,51.95855659729908,15.09829124482847,37.658512285464916,129.8630455219569,35.188755558008836,52.250839416298625,14.009312743780118,19.549279991591103,6.495705679996652
96.59793489783398,796.7517159655828,225.59064203946315,12.12566555889823,17.64285722640665,103.35771779739349,580.0435991211239,135.02918215892916,10.657705609619057,36.98194626526477,10.5795725293876
17.768440277394077,11.426757651398788,27.115527782470945,13.934113803050112,47.85356014556847,18.300651547102508,9.477374710152308,26.439326850819448,15.989971732065403,32.26190647896908,4.720252007770365
236.73121019506263,856.9563020889268,895.0940841711039,1.67935296771071,44.822485077718795,247.29817262035922,803.8808150763526,977.2221418260094,1.504125398724296,23.40856720585049,5.733021609906008
140.17771785257807,254.6630543909221,51.68750551266611,16.79430451678942,39.073508737374055,143.44831836040228,265.8303077742968,51.29903113747536,17.146800668778564,37.49947814043529,6.390912585609393
176.4854410269671,56.7435996334666,411.76012019564877,9.589718829774515,48.674633758773034,180.88174292483708,54.259594217055394,320.3019918167863,8.752211868143645,43.66765030183432,6.672672175119965
891.0978685160349,32.36196809640989,281.49613540647016,16.120105091300935,23.17834422134629,1148.5511370328338,53.38557851292077,186.64164429295576,15.557433968174436,24.702402784176996,27.439237994265742
232.57301102204994,799.1898964619552,869.942257097994,8.686151511670701,37.09659040368802,248.131398580044,724.6169788201264,792.3988378166006,6.915419918202132,21.652547049568366,10.00134101867767
297.0114933328946,14.11904412772445,69.11088850934925,2.6004438938322125,21.040625977615843,335.0914378883337,15.205706596556611,101.05910163563084,2.364188689048839,30.726422040550425,8.667105254245957
30.267751756831835,36.75999728943854,23.098966723546354,19.522820325678715,39.489670269401806,31.28024128165673,44.19256140529668,25.241124734474738,13.06324464849252,27.504513878630807,7.684925883215837
658.9330024596854,255.84609452343804,14.32085742914444,1.6964934162142695,21.169607753086378,746.0386289472132,240.0194223875973,15.878415498296942,1.321101157766058,21.422561519134494,9.5087177512582
927.6219663168556,20.24864037569517,85.9657617875974,19.27325689120792,42.91325562357736,1123.6111481526732,23.273492983766996,76.1796151227819,18.977458839289746,26.445650074060094,22.893414435127802
449.5723027038125,610.2323910502672,109.14709820047634,6.441643323761859,37.206521466245675,476.36103625858055,582.4771692623607,102.02046600016565,7.4298246253393625,34.1795716727234,5.572645374193962
413.0352899736496,17.563836552730073,17.607119485660874,19.942881442334865,34.23357831478378,434.45005430909805,60.40656364501422,21.01561245439778,16.292317940548504,16.75234900118633,9.546729193375981
38.53005092879806,13.20661496481724,68.99005163976611,14.65279514025613,6.038790493784431,42.83770249692396,21.0285756594676,97.38882274897219,10.831110088769565,18.546847504466385,10.400022296382017
21.469582144010605,184.06470306394905,63.46209787684266,1.3307697447757685,48.556643322895404,19.744109253977143,175.59743846174948,83.79583242690455,1.4000571384759348,43.11046452641894,10.053475560325387
156.96406373309972,647.6384281938412,52.856017699728746,10.364819152789082,43.238420157424656,186.0796085660648,676.9504327655069,62.554515958845094,9.303693807845933,34.00956727885422,19.712233229325932
246.6663708584332,331.4722487008872,18.299473812052117,6.59573426378704,20.243740917370626,250.7859997889358,477.2074992824277,20.54696566114754,8.880774847430889,12.810182369891795,6.124955330640773
38.103938787615895,12.90127863621918,73.77720784229889,7.002214181203093,38.54085332862742,38.59101489663521,12.571407430528149,92.97300361442056,6.200291870676073,37.71578420215546,7.7486670017024695
83.18298392498714,38.27341316950334,214.65168511470836,10.896412826717704,29.430949040510367,90.99761819478438,33.45320667784294,206.94337633691043,9.720833172105218,25.4016312591744,8.304904795617126
155.7246898775795,47.61507132641583,99.87007498049873,5.5530540660888015,18.235899480491113,147.6327828662832,24.526654854026333,86.632127541904,6.845187865605521,6.636442638394272,6.379765262755573
439.634345963943,26.387193872417207,435.8651019288461,9.583022522215808,12.84959731975269,483.94983345992677,24.80948783548544,608.2349141224264,10.837951431702775,13.035054445187354,12.764870208863952
17.83928650045512,61.40389658114022,21.545859252028652,15.57114311638649,35.37049456381658,18.133496248899263,90.70372782523908,21.437681787349522,17.17393103762432,21.006735043898992,4.347065268824054
29.506729115530273,18.48588050858784,12.893050660509154,19.557154729793005,27.76528770850931,31.409030991300508,20.615429376044112,14.869349602300591,11.21774551512104,23.13178284297952,8.90204690395943
788.0290605646832,45.790379116534005,255.97380872564102,8.252952798048756,6.08250675241514,999.6864536834943,100.90175897160161,304.4700915391371,7.513055748739599,12.089802254710733,23.293524071980155
27.469164057898137,643.62014753299,24.27412007920968,18.601384694520075,35.380663985153284,27.90001449174492,443.81472726405474,79.96605232723785,16.369150375267196,25.008504121864053,5.991534215877893
62.641724743048,35.56711640059639,22.473713826310117,19.032096712932145,22.38493107575298,63.95327145576269,37.084595087720174,26.038846604000373,16.15978488525555,18.83428698289615,6.46955797864293
49.38181182914287,22.52064106375437,53.66873424256887,15.75778314475744,44.63307963487772,52.97434405811611,15.832001372359324,65.16781449685918,18.37689974158832,33.33104621386009,7.0157075220074745
35.71293826909066,205.15591766053356,81.29825445591115,3.767170269584528,2.063269363997973,38.03563451322775,139.92105909474662,97.07350284634931,3.760635948318664,12.117462206157345,15.585763328474798
125.51424593684338,15.592877280345313,166.9516529569169,4.456083399602156,7.192017960490017,149.10575995617074,16.2732241214865,134.63117384211796,4.513717302461428,6.407149016930818,15.032896253984262
14.789364279233512,470.14472659558317,734.446310179636,5.29758890623918,27.190937005241775,15.204847830225026,224.6965896369811,564.1943653777901,4.805955649894333,14.382648132965477,5.4913801973880325
434.0006689863082,878.7952281216849,95.15742783281041,3.4313198833542984,6.240242137491824,417.28594224016564,464.1902805680715,114.78878929701135,4.286961990817789,7.356915874199322,17.839837596598294
386.11409335643214,547.5482553020944,352.09876161690266,3.012573080061811,5.1213920313761925,426.39368518794896,584.8020183872626,341.2671766907884,4.2205450520352725,9.55732923417016,8.22514956337763
11.708743471637995,177.20697684666055,943.0501411501584,3.3428134326324686,49.94500389682116,13.868204454211304,148.63498771302415,706.4506802952222,4.002132518012076,27.41315134628576,6.045682814758755
149.66114469917903,10.325740188706646,48.5300778104209,14.384867100179592,38.014940529747406,149.16076125663403,10.322441828604324,79.38268563210099,15.69269951250624,48.00166924993277,8.910472058189546
17.20316047198127,41.98624189732039,319.02574161460547,15.721465683497737,7.24123909796259,17.549154652384903,234.12501233111263,218.19306098018748,16.761300533277144,21.891514786205708,5.658510318394914
167.9518390980701,47.19449013171072,296.3311169609988,18.83130053249017,17.17832732219587,179.34141881594806,38.35815188471275,388.7996757395676,16.170753965673512,15.179417721517527,7.722343793616643
12.33461839364888,638.6602607736726,10.992860829625423,12.448389446033344,15.227657311052821,13.146927719405493,278.7633468460119,29.115702965074878,10.794079469364167,25.72117331578151,12.012931478164441
50.83480836626156,431.01835066039473,201.99506555633548,4.974243837065388,17.770962294117147,51.84469169507433,383.4469053244483,229.3819672686534,5.029399897189131,17.085565399953836,4.65332721523394
440.79191724540266,21.40986224703718,395.2805769931878,12.155790637835471,15.889759197722878,487.4819253913385,30.05504761661398,567.7006251436326,12.493480928591728,20.92163831127247,14.674172500932492
73.22351819472863,16.488194263305733,20.279469415440207,16.91472856425425,25.250444441669654,84.15912560356766,24.805250495306478,20.84024148512813,13.094299182250255,11.348726624189903,12.120407172887566
14.85680391213454,878.6034450892986,27.7478198539852,10.595552192278854,19.31703586041577,13.193037812558806,434.66172350524766,41.40645040303315,9.548330762686769,26.886111106078825,9.894387138816858
71.64931036033828,25.17476236502298,558.8297173224283,4.829562625755468,35.92060239083924,77.71603337480249,25.824655464684135,467.4090581300487,4.998240860028565,32.68887610114146,9.229217812664395
62.14677299543502,12.369065053666233,19.51595254509343,1.715509212161746,3.1803175826252574,70.23855688144677,14.893607332934845,20.33335023813404,1.448637849190038,7.272264047944603,5.42255985531643
55.769889820138395,746.5854304108611,46.82923806543545,11.73306548735567,18.606343323237127,51.81303271167503,462.76325478554475,47.775745907123664,10.625907665154973,28.590804727498963,6.703499489501963
67.42168928127467,20.889532124424356,14.252504926782033,9.148740698845591,17.941909453717663,68.42052099526953,23.705355565047995,17.677131214840546,9.064782720585363,13.868277485289282,11.081718500920811
57.365685570511836,76.52652641323552,353.0879971711567,12.376671203092235,14.971772096634458,56.3411106799059,100.11872032339105,351.2145956981566,16.172678863745197,14.91688897751567,3.7606424687870823
166.81679085221967,758.7235821638745,15.378315974301039,11.10391202817539,48.01983845249116,183.33846798104824,704.4861003982205,53.53719591371437,9.278558508448581,41.51670858514875,12.21138197705254
991.70196284035,12.972028348908431,42.24421259480389,11.511349115702147,12.535298005362634,1300.244693950644,24.985553383218907,51.18602005995071,11.16467855979757,21.451006732962014,26.41229814164185
159.08741588184748,288.3066129108825,300.78427839232785,7.190497100346295,43.39855995797165,177.02777807056486,261.5313758946544,322.2047718451354,7.074852356054143,16.510881080317105,10.316659303565054
10.425797448614807,289.3377815221045,68.10891123221222,5.9983905191666125,38.204140228101735,9.925350642461192,184.2174247190239,86.82248904597638,5.7614341534212254,22.111356025729776,9.676555896080975
11.43076650697609,23.401235374676347,220.03671471187897,15.401025848671352,14.79984748011404,13.726211253434178,46.48617256648661,274.94024047321705,19.025485561661533,18.04822528391665,17.882416940965754
615.7587599717194,42.88673275622198,11.53937233640414,6.857791328156456,11.826653241970078,673.0705688568836,50.23829845655059,13.529670144318331,6.132875665570851,10.481111924482903,13.152646730553036
46.033554857909344,465.0125891306437,21.212279202664362,10.201310201877623,16.490949048805696,42.717727869896194,437.51089279785253,18.006759069876434,10.74592013009009,18.148382683334003,8.63979334632271
605.7740928016077,252.44916500383388,709.4040419034596,8.103338630666942,29.600120034491937,623.5328138103837,188.60386543983802,662.179067152925,9.041862987011129,17.736497437335654,4.365197267238043
576.0764568041286,506.9740231370523,366.35938523123014,4.545253264171473,22.976967300439238,587.5240762714908,372.6341702864298,298.10663136949347,9.935861863534315,24.878683205862057,8.905474411494998
84.27816523181062,27.336481368970222,12.588122421720707,13.42040226308445,34.12222556708148,86.26779067644512,22.023313766068583,11.81696128200731,14.275974575837074,39.57317640004283,6.75291876974672
61.489037194391194,241.1192816396123,38.833232442376556,11.085840314037942,40.71985722699613,58.68515030425159,311.1893480609208,44.84417215720633,11.285148611031632,32.056369914078495,6.927654450559505
152.36040584405418,40.18542622047558,11.661916381274686,14.995185265855403,47.88639473357842,161.12610982335707,37.6188224802965,15.998349605361806,13.54014729364429,38.958297924138066,7.202083006092354
80.28729251469005,12.53656980112392,187.84471902422155,3.9715878786450856,33.53442948102251,72.16142923680259,12.171664049636021,228.01427394626603,3.7948199460410645,33.32394663442627,8.334826553782328
13.54403713694474,165.92857772469966,380.94239862515803,3.1784050577934653,45.2793161472815,14.577424238245618,144.86126491313527,340.80234666171805,3.3984487448843788,20.744493559828317,5.987262118276961
98.91282400294885,255.705316622814,18.285843793504718,8.734886686332878,36.43032965479246,100.35772542526033,377.01131981280383,21.54759338659097,10.552039574191088,21.32698410437474,5.891094682891215
15.10046567543856,774.0480340967612,11.20496310100221,7.527565535536024,20.683288972852107,15.30809320012959,382.9616397557715,34.033016270006605,7.206121939553858,24.783585717102234,7.082447758391262
411.4237305391075,334.9537677634994,86.39840841559108,8.320246987758452,18.62473211038911,440.1058528566993,188.81634459577853,90.75777530778846,16.527159235253766,25.4376902401773,10.008756048068165
328.14024582472865,158.8441374945869,27.318743607041352,15.207526230684767,6.255445603578558,353.1381291308769,48.58894351787824,36.68245362924175,16.074976527945882,19.83285347956152,16.812016152420732
19.69164702468393,19.609425319165886,485.7696149153625,11.302749909968314,39.46087458908248,20.03937822919649,16.831682647418763,477.8644971652615,11.72287254944868,38.35957269219625,6.053474323765623
31.931854070500485,241.1058520438284,295.65374446471486,11.098843004824376,8.268103432418483,32.00141653395323,189.92868163421323,273.1165923247997,8.604304365162063,15.468263253156127,9.915767943756705
635.8844743099932,18.05238742874752,387.0747774554822,8.291489130264008,17.807697778717223,757.3465251407363,14.19774969845554,508.05985789870795,9.21686728073839,13.384320394014349,25.803498483586925
24.427287277671727,132.8235607659813,316.96049179300604,10.373011426231006,41.93384711742632,25.08241821147896,161.48117722823974,184.0622162771019,9.929962308102125,16.639509339883976,6.463615071038956
14.96892681678517,29.616075966648822,101.10157710075437,6.217003559452607,4.761964416671451,16.563151805487028,97.06926007304713,79.13375897405268,7.912271072131686,18.89006994526717,10.009524404705575
258.23502105997756,37.28644231765375,55.23128906200735,18.060630359397738,4.012389151444911,280.03454801123,66.0163399495113,53.41680587071826,16.696976938897343,22.221409695482926,7.292282195391326
250.96675918466534,24.596163384278068,163.79522423936572,4.970746388129336,19.708443562060417,271.9564481623864,20.80219659049118,223.03908463852773,5.021459576619362,20.996820890059702,9.68153269733769
24.86839009396129,60.9374305388288,57.62365281020218,2.444415337138767,18.03527621969496,24.49144675451317,71.4397582760003,60.93036498270139,2.18170228916671,15.971381590888194,12.23034948292324
274.52698613236345,240.15880946740128,98.35903041901541,11.770094522659596,24.151590389549444,289.2340043185696,188.97868299558573,96.23392632074987,9.9856775431913,25.290984438377723,8.60440940916452
17.5203853359289,95.40716709416228,557.0392112309701,6.496184831233217,27.829014885928572,18.14462324656453,60.43773693267905,484.84724675310554,4.64968263261545,19.35762996689954,8.465558015316336
119.16459019108326,75.08054060555526,173.96291569717368,8.245606161562382,20.74806619021502,121.78016566834263,43.54014373720392,160.20589676272698,10.256825629038186,7.866623221008994,4.981501550174817
848.7501980069695,453.04357294436767,122.08749578626153,2.542139806665612,34.30070994064125,1150.1385015604599,449.3373341277548,109.80474943192331,1.5690026884292978,40.02392844034363,14.3297828175934
56.66742765676464,18.452592055280924,786.4674057207384,19.880108609848048,7.433518949992329,57.058742131367865,33.12967535516681,805.8818667263378,11.244470690261945,17.424715905878234,3.597299153899084
122.41859688962158,47.01545945357799,441.6730955113084,5.151213852925336,15.979549691689838,139.8138053972745,34.77781518397703,383.8606416569891,4.702000367715243,11.276878295706771,10.359338612786686
32.365538391300625,17.51483020709052,27.211180907561022,13.367283969361997,45.7737300805367,33.18384471997187,15.338846959857495,28.275652028158863,13.534835731379497,26.2259604687206,5.415637427347978
37.023286706384816,78.27953609495901,91.5923563666269,19.732977248599568,14.704720573102167,36.268146720336624,69.52965120609491,108.19848715440568,15.325977707341515,14.520220101469658,7.239106118393991
985.6336396835292,44.72300479664901,949.5909936023719,19.69797770130954,17.302670773486163,1182.9373823589417,82.59254796946912,770.9532748593464,18.628430011895286,24.691725707649354,17.371148165644964
32.10355063978095,21.067562874647255,527.633183666602,11.323230383292856,18.799708254088216,32.44855688425223,20.218872144637235,529.0242494245894,11.426808445016308,17.76114634988113,4.885904837683194
25.831085412845542,139.25369432119925,50.741271142898796,1.6492138489632706,37.76767141080881,23.043177067165132,144.01499581237056,75.17445408194234,1.6416822598537266,31.008844589306698,11.770252300318242
745.100250540076,23.374116977710056,21.09132939799064,6.559224693264654,31.14987987245662,828.3968277482122,25.840873919012108,27.846635717604126,6.86065093878589,23.441068589899235,18.178794111654163
553.916674327785,127.0059533124478,216.96761098202978,7.017166371806822,11.979941048511577,623.9205005525981,157.30770729989788,236.78299119778836,5.661393324089997,20.56614169124192,8.548883120077228
15.983557904856413,260.2174725396208,17.37268429177933,1.8038323222769783,32.652857747802734,16.725600597347913,352.3390833881895,25.16250452869132,1.900445938193017,25.561325171545295,12.906628675125308
50.001067223808796,660.5443027464129,631.4685972340872,11.238939509721936,24.008021782214275,49.45241485770172,314.5093343377001,542.7589639901291,8.224120962428314,13.91045430783335,8.753952983595568
538.4649683837025,645.3379602651462,820.9202677184134,7.21040920511926,20.92400762140694,607.5272238403771,713.2405578634779,886.3486240143333,7.339224925390386,20.00138173091683,12.486234546846013
481.8326410729383,82.23081660669727,684.8418406412073,16.99240269764976,27.386512627903404,604.4564129955673,79.84521599714601,627.3651812701526,17.841940163284875,24.790835906540288,21.930847822535977
21.075188764459522,56.81808931264594,167.62595295567226,5.3045140270307725,24.27021065105561,22.508713843635096,49.326203180526804,152.19061177088435,3.6255144837647446,25.04482326147328,9.580009688628802
224.39574133487682,103.62674472954942,181.924287103136,19.94667267107861,14.01103592769424,229.66000694726088,126.1411878641765,202.67494819404527,11.022958901663436,23.7116738390304,6.177425972331245
329.3194196057129,49.775431925711345,19.401086647314305,7.759071498180984,38.39143442233189,371.34777787345524,65.90782504807909,23.68498280653799,6.6065937619521895,33.07276095853061,12.645348045124896
28.15415848159961,725.289364538361,453.8094055855845,2.330679922335219,33.04538457846408,28.103671166359536,838.9471142471497,575.2632140024884,2.6008547324907316,21.172523676113453,8.19395280644414
876.2586799571541,13.966720362296675,747.9122173468113,6.853565372455108,49.16976213596117,986.2419545473341,14.00824766376349,281.59389549475344,7.131093115550987,44.19024506203145,13.423635326816768
48.88425905898189,103.75141817328301,27.12244431569923,13.483576264460048,14.455048685890661,49.81953880312142,90.88967898569096,32.350341772389555,6.8554960641903,19.42262569579399,10.224921704645261
11.849725151935267,20.667746678546177,805.1800912387081,11.93265953339803,25.470086013341668,14.283787456684891,37.401913681291326,841.802725920042,15.399694122832456,31.720336973433792,21.56701042994386
12.12161722232618,31.34339771566583,372.3335344420611,3.320495318389423,34.9269516022425,13.81749332157787,40.95033837839654,431.2825762288764,4.49017639076582,32.5975350622858,14.735722958037059
14.342278473926967,30.065657045967683,495.17051509467206,18.888871136931186,48.59160941312847,16.89058534533778,18.89475220655627,262.4738345100656,13.834111967075373,25.15648500120551,14.635221643162513
31.827314343022337,78.05064705758008,31.01721968396297,6.511943638128357,35.97516519893195,31.364734086624406,77.05170292849975,39.25239323851998,5.152775648383074,31.564217130471842,8.324308172987314
529.7922272807788,54.17078495840113,54.99826344944514,18.07989893530502,36.1927116101189,594.4645021872914,82.25694912899068,66.6830265850721,16.119437493745963,11.667512395523001,13.902494512991407
114.6374483861699,17.580015079043058,31.677216409657944,9.89826278931475,14.929490265491053,119.73635227767295,16.372753946730153,36.842743658891216,10.79207182260411,23.748359542678905,6.784565845948095
11.440466906978743,317.57683705018525,10.58395921486465,6.503663045284345,29.8202082786297,11.637229117106886,319.50879342168474,20.81690383921962,6.569285388601461,24.352356362423347,5.659856278988243
18.009451812969253,24.317400855657098,110.8082144259936,13.548656169579427,9.924812686956855,20.43532802087825,44.344547086379144,151.46012089169335,16.240260191278093,16.888271421231977,13.532265111228808
14.655087704980877,116.18737961779979,789.7119092624893,7.375746653408053,18.088218953619283,16.03849571092804,97.8670527920941,704.0768544994438,4.915538100897768,14.184467585457623,31.64184443242541
33.733966130201786,23.75292494113814,12.046582599429776,7.922869953036614,44.19050587454997,36.95008128390722,21.830447924942696,13.486520581502786,8.22309544354196,33.31780539806104,8.434647440035087
225.3561077707372,21.968444528055446,68.92090197799801,16.983902535965026,26.544579792707918,230.59852392961972,17.554256415410066,71.87411691618725,17.075895391011574,31.876054038789068,9.1893739214131
82.04584329255374,387.3469766571626,106.00170824866413,15.838699389041533,42.162938813126026,90.53325389172736,503.3328937215433,75.95422765027746,15.193561775218148,28.46753581129486,12.664789913241451
189.52230712908172,200.81817133452563,39.38323391226973,14.748713007242692,34.714519809224434,205.05652619175697,165.26771920685087,33.79116351713309,14.129877908257388,46.659367258861124,8.593147162627108
13.519858734303426,32.33450816214307,22.275890049241816,7.581650173158471,49.50716215530354,13.60573438753381,30.085349643709655,25.775377880126506,7.061739314532466,21.497597958245283,5.254801261048437
27.55104026124884,398.56817871793913,857.4325885184119,1.859302100594842,19.663619503595992,27.973334462727912,414.60820571144046,860.5611286669318,2.2957567651706965,14.202450522491688,8.718667982287077
48.35026505152288,128.99047117577527,425.4584204285166,4.692996171412121,46.45596134203307,55.55342329204369,127.91802716835498,395.860614787248,3.945566946533745,45.80274539489321,12.547345365737595
262.8177063660859,66.87480521555312,609.3431709635871,19.204441845960734,39.999436206085086,298.4164037025955,57.92618293709904,426.2363974009307,18.12724526864524,26.38388897577433,11.44642621498283
55.807552564107,11.998595739016288,506.0994939958725,16.12063053647455,4.8943042058087185,57.32298977011238,35.630357542647744,546.1866535839175,12.696605983602621,17.872214467187526,4.305867842945651
807.4555013877645,523.149855315213,787.9253282154039,19.839936677755258,12.566210159975398,965.544140528031,590.0809561548746,721.4036659763859,7.174349536296689,17.02169083352708,10.571763689523115
957.6029557739951,17.571933869416608,232.27997155918104,9.853847839786816,27.975001002104957,946.4485237142077,22.917607367069486,371.27972944389205,8.649325359676007,38.39612125008099,11.325329570791894
918.8548134726889,214.76082274714645,13.78557205208816,8.437208025823075,22.22903693869276,1036.989293288153,263.9741216847851,14.699996527758717,6.72076127790823,23.261262362127095,12.50134094941191
25.458895950196812,666.4125471568598,397.1289658508767,3.5319617441895867,37.84279406200633,24.15289248301952,626.5135948966393,512.4174903957642,3.3226885899878127,17.702761723272705,4.86755151679038
878.6665279070957,38.36316608251779,51.75644003281097,10.822162272877653,8.449704118111198,1104.7839692968405,51.72229213058336,67.47643407778007,10.069249429358686,15.3644823963827,22.596753720321914
119.57163807108036,254.36003208538065,104.67362590491466,8.964191745519697,25.700350133972034,123.13148147253892,283.2293089006231,100.46207676005898,9.392817893038016,19.94738169877755,5.725901391662717
806.4157349182868,214.79063710709437,782.0363522832242,19.287988420913152,33.21694224670287,953.8902928817705,176.59505572326592,812.0893283778446,18.99218533891382,29.836008255774797,13.747457738427274
147.7277709864858,82.59041343445921,324.50430772000146,19.10617924378755,25.619192471197334,154.10092069350995,79.34469779744089,328.50377296820614,16.183754733391115,30.85187945390876,6.409923973109458
36.17247276145806,23.38786329286568,798.8926007620585,3.8384843734153504,27.20283263156895,36.73509689711321,17.91604483702591,765.9807114537058,5.541995641635656,18.290126389638345,5.905529976335981
206.70811115292918,46.024896933073,41.70136601942456,18.95324507545205,23.07982186629959,221.57422030823537,80.47922621101236,38.296925371316355,14.67502215349017,15.50170480408939,9.349747174848263
693.0650497626465,13.022307468834956,69.54216219586343,2.1286611589615227,15.096902033479275,842.3889705233269,14.198523949029576,103.26860408009698,1.9688095640097427,22.109941054996447,12.801125261401832
607.433710201819,26.585656034417706,30.500241866256346,3.8391388583019395,48.06498555979139,657.548750071924,19.010659198352414,36.97730787501933,4.340887210700203,33.25128073624239,18.36073370807213
907.3847079561499,100.13902085615868,259.5234054533131,18.88586852431349,46.37579646876226,1057.115211028209,88.49000356505687,180.61044399682527,16.974625747784152,19.16151102182171,11.300800653261895
28.31663709405156,287.8759221634915,137.72940257875854,9.481875877384908,9.624936514332155,32.210034099353976,217.7189541738311,146.47154039377733,9.482895051514255,16.171912249423727,11.10390582150577
272.83569544129557,988.0518484042196,57.141867134532404,6.211072757456694,25.062636003930113,279.46119602970714,869.8899948394803,64.06623826405406,5.9605256938334765,26.509744599782344,6.364635763393722
134.14038759613496,116.57061712659234,75.52518281544721,14.543806929446552,9.466868156738073,144.06099662604322,132.8300670723745,84.12308783734181,14.629723803656493,10.912927413258194,11.418611698672152
28.048257596627806,38.067789386280126,512.2314517376552,3.315971379329282,35.51676004101842,29.26619590002219,46.20815106445644,779.3509036915126,4.550623733750657,34.32552700244752,12.635024771858145
15.978533530672754,757.6009246408414,13.653374894711503,10.007068102628494,42.33204899013497,16.40412521921689,377.0930740578548,105.02210796854516,9.057532915356974,31.101173662462283,7.863913912503322
372.0785933996302,289.2079872707576,228.72612324171862,18.721109368798484,16.304094690176914,411.3386079271533,275.39647969958554,205.0847364738178,13.768106092351083,21.192041891058725,11.18255752566373
701.025145008456,105.2120287911004,37.579496469753465,1.181062908830052,5.225875137108069,618.17614818459,73.74557223992684,41.47888452843703,1.3630833384426098,13.940946201312968,19.231433164670243
22.28192309090231,69.41386996043057,636.7136973992513,9.602514655160508,37.875515477193844,21.874384239890382,53.317361869922316,514.8319670776036,8.599459942583168,35.19948501682547,8.699040854050848
48.02354619719201,242.13502526682348,12.259219653879846,16.76959406808225,48.16760674387649,46.22587961081256,401.1292898269338,20.74691058718321,17.376711073870236,23.013644096948653,5.378142973834176
12.032701559222689,542.0148703554989,53.623675804643455,1.082908808779592,26.347240522919385,12.427457175124207,468.91394218114226,51.45460460346478,1.1037039974475038,34.72785384438463,7.472739352963442
12.965291964899516,48.11927750490068,81.99078043852592,13.255257823505834,16.394697796621,13.65289986739289,126.19172424353431,69.90541796209455,14.31269519901027,14.737080686202402,10.093600552895829
132.65995573030096,15.71071614397225,24.392804146410977,15.605053408316179,25.72267317348742,142.2694671018959,12.286058592696962,30.239240563112915,16.53227696866778,33.34130345747571,7.709061768145436
89.97224935404395,40.479835954940796,145.68672506433015,9.226282750585304,29.925625761986083,97.48259385497,28.121123444798567,175.19987690143452,11.455795102275022,24.44422037340109,9.660315968446639
317.8058003520916,393.3837503589553,19.05464522258339,6.798146616216414,33.14491285484596,361.35533250897134,458.43296975538726,24.561224420450294,12.243283504155048,20.04552957481405,12.722746666683408
27.275460964881127,368.7409925715431,82.01870613253158,4.711747764145363,31.995120761247673,29.188244370939007,385.1925025914722,70.99063340905143,4.805539758920066,33.10246950382633,7.228088027997082
121.99633240124234,545.2036725591553,965.1423525996754,11.462205119729477,46.61615381549845,116.22605251113043,329.58631200914215,668.3370525135055,8.412770131204047,14.112215503929235,5.490060037988428
26.057830935646344,19.412411122542693,42.27232597587256,13.895085765251851,4.752082159635943,26.386636571083574,32.47773087692523,49.033929964843765,12.538434899880578,22.785893770019058,5.273193901929983
13.517857265549065,340.07587346462714,589.8869494529603,7.414962839245726,24.203554977810267,14.87391843392704,129.09580710884055,607.0189419074081,6.36635910970564,19.376084206961828,9.656121601528856
10.175819173633212,687.5197919415165,46.02410896150598,12.824913259211952,48.759495954280396,9.918960326503187,324.4338344213371,171.96991693511913,11.622157991501574,22.451011016063596,5.823317932799356
552.4778702601952,178.57010035634502,24.96816855624911,7.597239470507342,9.21718733412908,575.5018024551342,120.79471072298118,26.760263461501808,7.169342359912486,14.064315575218476,8.30116376253647
98.21282973643129,23.72275807219886,699.1735790777506,4.220055895439819,26.60235595340881,100.27957235900197,20.44541671370075,732.7497661635841,4.199650324751392,21.1458521428312,7.6404788999032816
689.592377454446,31.387659264855024,78.97029440748787,12.540681294832444,10.946409275647518,880.2169485498882,50.218543636553584,109.94241638113492,11.90214683311095,20.40073376130282,25.68056628615099
170.175691266692,225.3566064683279,84.05236295959901,18.775799020689448,8.078502519625816,189.54462771133387,164.35346366284566,92.38320991985282,14.962645211656088,19.265750457333663,11.98359153421
60.82538640180331,410.72612153273394,13.397598719815065,11.441310787898226,10.848352843893148,56.70659400733695,439.1374304884226,11.553061973451525,13.273629955969627,11.008515154664597,10.908423825001062
410.2309449702785,352.56910190268746,165.5051890834356,9.92251382834236,19.102712034177433,455.9601272686528,306.8001795698375,156.2870250344263,11.832344740869328,18.277553072555566,9.366764944173044
78.50681836941227,177.84630875629216,15.656548679176904,15.094114943167465,39.00269750476052,75.30969788578956,244.64737384383525,18.76119681950984,17.14697513636419,22.235054673354195,8.828748217833917
62.163762964810246,964.782560355133,45.140018739397675,2.652050771181905,41.35737440992971,58.347646392462906,890.024145743701,67.08358227980777,2.5241112535072174,51.69537521109946,10.37127397925174
58.4393799244935,200.00106444051238,20.630403763655124,8.23425616392496,11.990539337455703,57.462258812477394,200.7918139998895,23.86948940361627,7.459954190237436,9.36483849457051,7.27644674571121
16.124939641861815,18.30111192650223,278.39711134859124,10.447280690005355,45.49240502233513,17.875056311038104,19.84627054017972,192.4912946136386,11.847413334388163,38.44876394260463,12.17963851587725
434.3304537324845,39.758043351728105,212.68325980662274,2.579812602260728,43.82140715391251,451.09469598696677,43.30134508626546,284.66844334598323,2.6970441073287117,47.62406131496527,9.174876909520654
284.64069578443514,26.322693383910632,205.51060952212603,15.248521068514412,4.847895954798437,316.01506546233736,57.38096508995168,245.72244734244663,14.93661851593661,14.846658230465348,8.475487765645104
36.29698589679241,217.55205845113503,10.235859914269902,2.378471478540983,31.964750550165572,33.70330521076763,194.983909980061,11.50396344138181,2.414860326087345,37.07099360010964,11.866736708211269
748.2457768031225,16.719791285990468,20.291138594694033,6.262415068339948,39.409547364474285,828.6279898613153,20.557314524735244,22.387676894543226,6.463532363229265,25.854296507851533,19.634761127268803
70.08397032488467,57.69810803243337,491.3957257132663,7.809824816347731,21.184100600921298,70.89010467847662,37.87822521203904,549.7881152757603,13.527274342767674,10.178950904741702,5.079579253286141
73.22693313300222,450.2252409836989,657.8123754105692,18.710094936491867,29.086217879810558,69.3999678234337,249.86323589957357,658.2433232737221,15.813477258590414,18.069947936898238,5.3485207924273315
30.389671475696343,47.866314207108445,44.35885533839955,6.238255982971329,30.141550136209325,33.92084016980569,91.37045516305021,43.85596080551608,7.231039101400692,9.777338323605528,16.8045472334042
30.573346933707946,82.9838596736225,18.309077919200877,7.470459224691998,27.74509987130376,32.18630560055308,159.36009158391406,20.30868450662014,9.408589366453306,13.931152214742044,6.95997342914125
619.464138557628,295.31875422694634,98.85524677943769,8.748202278177406,43.212185530183945,658.942162428559,296.08570588737336,115.20984134690465,8.872310552070973,41.263154950987136,6.924192118984383
17.909077554098726,433.54559753172487,237.84586366401646,1.5795964571221444,18.108696772882443,16.822188567705254,407.2996466109232,222.5962897642954,1.4504823261038038,36.467252263728184,8.38926611414374
22.678520321289614,521.009538640336,56.2998628877043,13.155105402670292,12.248561588639236,20.489841553201945,319.6442502210897,36.19041635977107,12.723203646908246,20.99468042284923,9.794610202510754
839.5246253939591,193.5751572273882,37.37407569013633,18.992575443410107,21.079772827945177,823.2691117704343,228.44856082412736,37.851213061481985,14.319496530107253,20.143805778629183,14.969541663848048
64.46508816815083,38.4689011584167,54.69991126358738,12.45266784322729,16.419846798873277,71.35516173832055,32.75698842799849,55.73025946892848,8.89871439272343,17.12648084280464,9.352226441715136
17.153078161450352,725.3071139350417,72.96893217144589,4.600919363651474,23.92307998824414,19.825734767908614,490.61850483036557,72.63755076226472,4.656667709025578,34.961171284635824,10.746121644203987
10.530415427377049,834.6791135205841,18.818790616814525,9.128313814327461,34.28830931814691,10.468967483665852,528.2010030162571,46.59364053160912,9.207700497260497,32.85294162582078,7.048085003855137
148.54231242895733,11.926614031973143,321.5887075995585,5.592586682448344,40.25963425470268,145.86974655953262,14.8251901081339,577.8212966970525,5.5462562446307615,47.98705153034255,10.625418991812454
35.42999290481301,125.46997261479933,125.68041942781853,12.450172394189918,4.663327353167106,38.0548175599707,159.1508950437048,105.68839872651999,10.93180345006521,10.729627929639454,11.55351717194191
431.04724294785655,107.53842747243189,13.155269495556402,16.17012031104294,39.840233071480945,465.6273006027284,79.29121463274338,16.071883926383553,14.833443929409503,42.13839439343702,11.487940752395316
395.21769094327794,52.82674050964026,70.18112986584343,18.791376831966314,44.81141076608082,451.7436469880222,70.79295105178255,71.303504535711,16.14540394491382,12.337056842996738,11.862559834090005
45.664311771946736,35.101412282114175,917.9543509235086,6.180576478935777,8.620395597659874,45.863767384305675,223.19929177315922,866.179810496825,12.784425605159282,15.37124209284208,11.579376600336484
553.6362997138089,149.099564478381,10.819148562315595,15.99009534033529,4.480505143618464,612.2832138047614,74.28080378402768,11.85116905787201,12.95585403081789,12.876060969905451,14.900340405393885
12.978676550896187,13.610311070080686,435.7971134498553,5.5001903134083765,17.78423286265963,14.090502789813685,64.44852047772405,444.4361224002626,17.745557993031408,18.327811321736036,13.023241700522847
104.03501786883,195.5324916497041,14.116116329799468,4.8496569275796135,45.8490367070127,94.7075262267075,190.16062670946084,18.835606303836276,5.020712269935788,43.156285726244995,6.555858282452287
423.2988768028007,98.58734200310218,22.09892701365107,18.417826168242552,24.083776740052226,453.08749391015135,111.56376346826305,24.379409407230142,16.452595675440527,27.369800378739193,8.161594826848646
978.2245301653145,593.4014293514684,84.47570957539271,16.32511737207213,2.194573216001478,1031.1254262198856,126.65306059931586,91.49349154903045,16.310669669601435,17.613528748054325,6.768039559086871
155.65679491155552,203.09457875787842,607.0384137019713,9.633051182734718,7.404730037465089,152.48211169693806,464.58578607041704,472.63176185586894,11.311765457430319,18.995318355009985,6.88775118799618
63.85195531814231,28.593424621749485,11.020096775828375,18.581161869985213,5.783399961656032,56.463887276429496,23.856513484315986,10.961875593715648,14.581348522353894,12.642174448728756,12.806097297535638
619.3207823904324,22.94918664652123,97.22643789041057,2.8208630843944777,33.22254138591893,736.5099998162713,25.610447124348863,164.93734498486648,2.715363537421084,43.73642634434719,13.637483090686253
91.04389337621215,20.291418614960893,53.902536496000224,4.586773462813728,3.711716927491972,94.417720850027,28.778113573489243,56.1084106611961,3.9410696628043516,9.09872764079719,6.209528329906886
23.94532066452827,21.99671881712095,12.448186421065271,10.582923072926695,5.801794873792732,26.72940155637014,12.83980609469209,13.046640672283662,13.335883802763318,16.405527775294303,9.239178929558925
257.57662114161064,17.241984285259175,124.6282435191819,14.224142161990379,3.547260139022685,285.3841923033153,62.48603894694298,136.74994999447162,12.771723549588375,21.722478709031677,9.45852951783449
64.91414367908756,160.24963937994974,16.019959043221824,13.297502605861439,20.94553157288814,63.854295807128786,150.23137844534597,14.076485276537404,11.841311890131927,25.147105118003946,5.4315790899841
196.22234404464166,19.918893200443893,14.059153143581147,1.133388593927521,48.20692442383645,207.477480885234,31.443606377792374,17.94925375079813,0.8032965765090879,14.310069908757109,26.147840325209764
53.528901802042796,130.39469703394917,886.0246972982928,10.426810608099814,38.66431652536656,60.36767662544061,131.56268371170063,789.1871560480657,9.898161966585052,36.260318950121786,14.154520706499213
140.77579797689373,111.85885784641782,21.133284994722583,1.2522631839436045,32.949903830536904,119.73059207332679,87.90709726184424,19.727311201169822,3.02538211117343,34.256803938202715,13.84400178646976
173.5758732166529,45.676486699549244,68.54071606624575,17.688143641805624,13.810679514855531,193.43428419636777,78.124033470902,68.14092544209706,14.79242718963139,13.281507263989518,12.934274549875314
74.93341530963343,113.77344537942844,214.56663951143145,13.044585227071147,21.22036780940303,69.59755664294902,98.55737662440045,191.5590274699003,6.124259559440677,21.39659457915522,6.243989830482442
10.598862108056636,161.1931856494021,167.82707955910553,5.450581597719149,9.77536429506354,10.161592780309993,124.81071970941515,147.99635831402722,5.567963189520926,16.055379576500297,7.6767341725637674
888.0726216401687,22.229434276790073,27.318866268781896,11.150247375289192,35.79879570835482,921.8093795201364,37.416770398083536,29.61819488816772,11.249671626656346,12.49113125163095,15.482952574653089
242.26542186274818,172.76572729306702,972.3097483468375,6.901788661281339,46.825270054732016,242.06576285555295,88.22075953195952,642.6959831105108,9.344787190138078,22.25353244424726,14.361834522767317
57.23038190914092,184.44563550735947,612.5408207137184,9.25560588923246,6.036943382060628,57.935074689533764,389.2158097710202,566.181753592659,8.587841464628934,14.05660076499779,6.993171793710896
538.8999353965019,16.203548044802016,459.821092898104,14.590482250163772,27.944754796447324,637.6911419105954,20.410862007906005,615.7294555140039,13.650855789329928,37.53006061541511,16.980871226562048
24.243837147365028,27.643679072837465,205.1860155859164,6.492588051125643,37.26680627746784,27.766843765371828,35.97139980741769,224.6237203649621,12.998613987397842,38.74445541363004,11.64580546051493
75.86161331841426,70.18989595922004,123.55614735804578,18.336795339851797,22.697215933905536,79.7009940454228,59.47240115854871,126.8585483449582,13.712067769577411,20.326402140155434,6.227921813039316
41.030629018859656,597.616219496452,66.29881101197851,8.141863296180412,45.8752997232,40.03223509872903,564.8732031863494,55.21571418903684,7.417496190675121,40.61835461656171,6.4165770587086275
100.01667898589875,12.905776013565555,12.016312257084238,5.320427966834123,42.45302132525258,99.67539337178985,12.521779929496432,12.642462749053937,4.829556570688104,15.753531514075608,7.01544487328833
63.13924720438588,146.47104505873563,134.70582914735516,4.054811198963451,2.712279077533255,60.83063511216798,131.6214079266605,141.83505739915068,3.703520136847743,15.831675963371413,4.2877163007862675
132.30521687050694,806.2811566159103,833.9288885095359,6.403513930803616,12.519432522148394,135.58821565300013,741.7638459594223,1022.5678993592189,5.457024835645792,14.298591097334578,12.19117249076563
280.5075805241066,47.707776650519286,336.9812249608167,14.837678441472521,30.842778872402505,311.5916874173677,38.99831049620538,513.8186410882558,15.109701079765903,28.702811657181698,10.85809771282782
413.2558270913599,50.72130763407717,17.82409129930767,2.503840225169352,42.465378500179234,430.5386731238842,55.74753803375561,20.843266305629836,2.245632278861135,57.85666104394712,17.026583673339836
141.16544122586453,211.97823355579996,336.7587301001265,13.549096389115844,14.003972976233353,157.70337595649048,204.69709369102466,326.761413484465,13.87243378573311,13.013756791025337,12.71411655338029
524.454745438918,16.939086089706265,175.15613849977504,11.778451206300115,34.10229370464152,564.3940684153279,16.796197617290883,377.424636690066,10.56592298587164,37.42728770018918,10.458007351522438
221.82084726459766,551.5058489296016,30.276387592507497,5.358437078038761,23.17743563901337,248.67821699930843,703.1140217172949,32.78903540279417,6.4922348458302315,19.758425345559047,13.104130594946051
584.5891964520845,67.78352513147681,157.37644735892007,17.6208007701757,22.436453060270217,636.2835926088924,71.5548554090009,150.23889206070282,16.79297552848838,20.208559392620064,8.832146397765385
15.353376262645087,18.711578547738647,99.99826382252931,10.308355400298542,16.52580929392473,17.014319728209994,39.463913548795176,115.36275213383139,15.863575491397917,22.86978457400156,11.176448813963484
209.90793537261393,11.35814872753353,27.049898950277903,11.414804042580574,7.945713991411788,220.21361135487933,17.94552465403157,32.62944461127608,12.300276558420938,22.628474688642044,14.371740132993693
142.19883536008518,279.4609867092112,470.7703104598452,8.7736663036181,22.302429222186923,136.22227145338482,252.37207412522102,428.7951969496554,8.175845519295,14.913880750026305,5.93873817417722
268.2571936190988,307.2465731038067,850.075209749726,11.400912867298395,30.296329015679504,292.012084409217,290.7047320126655,615.0910824997444,13.772967161155993,14.513485454657609,7.756194619022877
16.827014225832766,256.23128205450047,76.1642238047019,3.528656676504802,20.61914395820358,15.753845923918016,250.00152885294833,100.692879006062,3.5655238020373208,21.961286821259048,8.731876242872573
95.08828555090375,315.98780452041825,26.171606196108563,12.570217395969308,14.54496982879691,100.12397686599012,351.1056293627287,24.599139613809495,13.036478757884531,14.465059764739584,7.816343008381151
381.05923362042176,148.89145767895437,324.3562411830505,1.1569241959111571,12.394137180766743,410.5734295944401,104.49407574462255,285.6000642228776,1.7581310741608807,7.956657827065509,12.2777566402783
86.67096034719582,17.131974233368194,584.1996780633938,19.410772648343336,31.987270564670727,92.2500705115448,17.234947351819244,461.23876170584793,20.30768012862779,33.190018158897665,8.328639070766831
120.55638062453211,37.73975467930713,28.177463634142384,15.832544747958831,31.56921109169789,140.80859943168235,40.29646277068285,28.063561405346743,16.362921645803354,20.06219050864523,14.705940101052162
709.099479877976,11.271141996667833,245.83147045911204,5.668170718524141,12.225495680392887,920.7812463451762,13.23943454662081,399.1937227124317,5.32958156801325,16.497098632365525,18.149166613201558
294.48231745093034,64.95883878496042,13.145624448221193,8.501457782847801,8.300181796753709,348.5226421413525,49.91205353252786,12.962657403149546,7.781634554314989,14.542794666379178,11.941262164178722
106.11539310063668,70.00060787704801,431.4122749540575,19.495212344742043,7.123050289647139,113.06907558650666,96.21722432319842,420.6203833983967,13.166861245362359,15.623610030690458,7.678492286851587
254.79357649658928,69.12413749078885,15.066328544753585,17.189132823960076,22.40484152706877,243.63296354648642,52.12454064164425,16.257441551878948,15.382737338111435,31.10549540512704,9.910970267876527
256.22200638958486,670.3804086083187,98.7954333029144,17.976685476494545,49.265593373046364,259.9053982574122,747.3556850694018,142.16022286102137,16.491489326100574,39.582942042493706,5.3408232741201855
11.787092842502892,40.21121806145155,96.58548004545341,2.64152446064415,25.20982211507654,11.378706273175975,37.65499850816758,106.98709749143792,2.28072412346291,31.0552526383272,6.230727372802921
16.69876637491472,10.963652849829348,652.0923629992318,14.524567984308076,49.3887418874992,17.59395068837777,9.711622820554776,251.01891632222154,13.655242645461028,41.935006270714226,5.87534992959609
137.94946897072128,14.012844239114433,368.8983234600148,6.69795981404656,2.531415030850747,139.67630211782057,34.803681929281595,372.10041793856215,5.594854808688126,5.158341674888325,8.730730640356791
79.44376307094112,39.46246554573975,39.716196620032484,16.195315025091734,33.82540742719374,85.51061147657214,48.48453203885997,44.970156146939445,11.037469105638822,13.517556909502558,7.992353308946323
887.9592026421531,41.180400082888646,26.027664896639497,19.696329115092443,42.063443341524064,963.6312589948496,172.30898556373418,27.95265488255295,11.090455821455349,21.216358869794547,20.263447681290945
37.44539939739195,979.9615025150923,158.693855837383,17.270710992963565,49.05440033151342,40.60642328891524,296.63426907068197,329.22805455688274,13.596926403539968,21.423850169828917,10.042009919456014
28.86685688349698,236.98711452513174,118.93018318617533,8.67463924793762,31.524488776000094,31.37236327508908,270.90750329056743,122.33613301848219,9.04748044491975,21.131322451595572,8.379843520834367
701.2776069825683,52.03383265973889,14.660406010947117,3.951385205989546,36.286159808479006,696.2699545653014,53.120244682169414,16.32445233881456,3.5692994092156876,47.69826870776428,16.32447803918967
15.945825875367195,10.398968827336324,224.5984214029194,10.515189320445161,47.69673952784881,15.96730429018176,9.31772180526095,347.99028076258446,10.424608107388334,41.46967131725988,5.94428411058919
31.261912885706252,974.0482806723568,469.15257539501977,14.702611222055348,18.986794818604857,31.034521217103794,264.05327999721356,517.4357718237044,10.761964041806952,19.49229225866528,10.116083675124196
47.92238611788703,305.5375803200485,110.48173481314042,16.8753490294825,34.229661998880175,49.761563683884624,506.88658038230267,44.95229160726823,18.354756010099557,29.07964631408253,7.318732090835464
17.313464036694665,45.24345448384364,52.62774033067702,16.099384005284147,45.780716728807015,18.228978939196054,36.22368700702921,62.738950190401944,13.670182630738974,17.556819012439465,10.945308029405158
116.76177725651557,73.85898634901126,766.2290031998923,9.315188789730978,19.7318543374756,122.78217000963613,41.408059558303435,773.8115519404897,11.170131499463908,7.644401649690766,10.444354576998787
20.520602613776045,45.584749686524496,51.84783085698809,4.919889791346957,5.611248361425799,24.067622089679336,76.74106938900238,58.25302428993349,5.152850394096371,12.273994187622913,20.93153502088754
38.377245564170416,470.6910730353668,377.0179529980892,17.754722234691293,18.405066802940222,39.73734362239371,205.88666040634536,440.0511779713535,15.453747730707438,18.608796845012435,6.2780866927206604
699.6240479820283,603.4844748264202,30.943315276527258,9.128672738639464,21.853898691203533,757.9209153323159,456.0300811885994,37.55200753348043,14.009458059230079,19.703158644187443,9.790703171505662
354.81700665375695,460.3198195651157,191.2763923306711,13.09271397099897,44.53204773239394,344.3259575565641,519.4072567730552,227.65456209305643,15.397310480984599,34.692514219464535,6.458893473125016
48.12706360017952,12.636046910439353,776.987840827009,3.6941845721795614,24.80249604229921,52.49839007656289,13.851423299694556,700.921974751466,3.0250302193077987,29.2070254712805,5.690873580598865
999.1508167766879,842.1278309133036,72.88133640255347,1.106144795400965,21.090054229244863,1070.9319902485695,425.886583340489,67.14700785160682,5.755749355876109,25.185220483565583,17.31378717429091
47.72336280433962,10.810604668672232,54.26918096922532,18.039047355721063,15.19097357881706,50.24665684635743,17.349217549712396,56.310205623168436,15.12226373842444,27.435151813939704,6.730047727391337
98.68299631249133,211.2494537078398,181.30473089160648,19.60320583280736,38.06931461650355,98.70927220447273,129.65085550875824,177.27263631431947,16.453788160061027,12.50503561508629,6.626738998339138
20.48874427510985,117.43466303139463,678.4060554195146,11.781514157437144,21.067198470695555,20.52808937600507,116.096138431277,633.1821869549577,10.133680968521839,17.572853325318437,9.315781773507911
10.982910015947372,26.63865630268361,298.3886525635131,19.678373214768786,33.8885250029078,12.913884378305289,23.32306473792546,375.5346214353492,16.368131782813997,34.728900408248705,19.32010109528512
115.89234994261992,24.019859403559757,440.7864543342734,11.082513506639042,17.135003029369198,112.76995440005314,22.902531993147363,503.71606518014397,12.77063547376242,14.884443812768142,7.235687838627817
510.580657957729,81.96316798709367,31.454182456936344,11.751634560711732,25.181242401235025,520.4247126007677,89.55018891397938,30.515331725333613,12.012088600501409,29.955426414205935,7.056237658239232
418.0932043277841,15.893720843644008,11.388467894097618,7.267699149872573,39.80844049825965,497.7747160527839,34.518709850473044,15.746239349083517,6.190979163724587,11.163072720505017,15.01866812460159
13.090411273089527,113.89299264445329,456.45875044018754,2.9401845915088987,6.75590598239685,13.565683737851181,269.02775404686247,486.2898456259387,3.374682008410147,14.55778649117146,5.162267535189009
170.10597729410506,475.846186391251,220.3110809704473,19.313679253325333,46.086986447943225,173.73166349730505,405.2734860622798,261.9497136869638,16.08027700194569,21.115812409439506,6.082279295344502
50.28207024194297,10.006220850603247,11.388286378797568,12.521998017369073,44.048074476830934,51.650987825531736,13.241325759325417,11.984635106369717,11.018115280387182,16.791751277277847,9.530525816135533
102.75341870876407,577.6254518040831,696.7733755836314,12.079668483443928,26.65442573519834,99.22054749333195,272.9560302936401,665.7832868457197,8.152175504929678,14.667569520413153,6.900530303657305
15.119765782913127,14.63755495337979,51.51256878428935,12.585916902720202,2.44741135133528,14.619061374171055,70.12810227099258,52.70226721482068,12.577137700777955,16.52585568514205,11.11352852940223
759.9235370881194,15.178333345932991,128.2524060237231,2.3141172660702667,19.85375778709964,983.4348003095984,16.10354661227763,231.3446037224507,2.1420267983618007,23.609771981003426,16.905319763962584
336.80766424198896,221.10344470655343,133.97293971997615,16.062756505816214,45.353081109957635,370.98123156991585,217.8883407508262,139.3196182838576,13.924613451368757,32.76978441305679,8.60890417385831
75.56375118216677,131.85209518791078,391.517633784507,16.79000910211484,25.013622078119376,76.81309039661568,137.95478686889265,439.3388384351917,13.85432192485303,31.319822245704483,8.18962875470384
332.8036045629822,147.40840478356296,11.824120406929705,19.128998788088555,18.17674691267087,316.86873886168496,169.03983755404832,13.611132691033399,16.0589109780949,18.906839913072286,6.966373720140845
743.2332459131076,444.51271407213295,815.2867391996823,14.163804254393224,11.754452218082394,886.5327211472677,452.8856398585623,863.2351539501782,10.165125108598778,12.498141197841147,12.423269736319277
352.46604310009076,38.00219939628259,39.4494212690381,7.9525607444914845,36.729473036910626,358.9837765486651,36.08014406386333,42.6810525931036,7.980235516264821,20.69092709028907,7.4714890847637365
11.105532622746594,66.1938030097728,783.817764426917,3.309897428144004,15.552424564774789,14.178081226376419,93.6884293139033,981.7802191578176,3.6106541355182182,15.155352012917888,29.123145113986876
25.47780909003209,49.63041786324321,820.3860235316029,12.042760170423868,40.800669240111894,32.03971502505949,46.80572325880522,572.8675587054147,12.05930327344437,40.781189043944195,18.622884226127308
916.6929075762562,22.49503326823316,24.293259067297242,3.7660711499424813,29.36926585754903,1091.1041798138592,15.148897257944293,32.56861441460451,4.350355276617563,29.854458329258158,29.01680415952627
178.9304397091906,41.2452049686469,15.164229534275455,18.28267311058125,13.183989008546131,177.84984777592138,41.39256540167566,15.34138013147178,15.671992332479663,17.655879650385973,7.259158533849861
65.72298760078561,112.54227570609685,11.35388692422336,9.852212299946313,30.354413024690214,64.50625020040523,116.73648065380097,11.811015612722365,10.098635259371102,27.70256778732677,4.906316620213975
115.3969802051548,535.9001156062232,13.527227316957251,18.07542581369168,36.08551591823184,116.1370380694618,515.9890655792827,31.13715985394982,15.922378781120022,30.897005091042832,4.363576541800753
585.7981014551294,24.98445018657376,45.7867937868588,12.545566019973116,19.909705590484066,664.109079713168,54.487809502632686,47.6804399797607,11.26859238665431,10.5296490035613,14.520381751185111
73.82562298224258,235.8384205125434,27.3707822236682,17.269918553191662,49.4683689168849,79.20099035999577,289.18730290505124,39.85039786357174,18.742340963714657,37.016735112595725,7.8298664253504295
698.8533482914353,31.49535442335217,25.301323811409627,4.614284189064817,35.468114424374896,790.6836958152061,32.12876252971557,36.506942283870266,4.5013394075077295,19.49049346511709,16.931125228145262
170.67188694240096,84.90898564297032,76.22153539514863,15.806194253988416,13.08210724729256,198.82713635620243,96.5977343880411,70.32953144489169,11.497803405809053,21.598594742989906,11.976880293637281
390.45401792031134,489.40307570668756,96.3685470130715,11.090283813237845,10.840958130126689,437.109413859951,296.9650667662154,104.70524806219704,16.62406820465385,11.641243417814854,10.921878767720205
20.320161961168175,70.08106048915653,173.51501093220173,18.725114865851815,49.079414985585636,22.464816110863033,50.18294138863809,162.74552886148447,15.749965117332705,27.65799711183657,10.10632018123155
323.3746946303176,208.92711995182782,11.356642230675664,10.944275220936653,17.85387853733926,313.12743177790554,95.40473510377134,12.513914311819345,16.06189739524271,22.37838370731329,8.436053088722009
107.21123603434235,14.650696322223752,211.70297097587203,17.517157359490145,11.448609694697831,108.88227233669484,20.740267734516955,235.21297756177947,17.289833271527954,17.773383671114864,5.727362055829776
82.71965493328861,440.0925302447426,55.92916793110903,13.431803007342156,28.744471287696594,82.50538439565005,515.5443264023693,30.041773966407852,13.725022185400492,30.26618301114806,5.590102535832536
96.99509971568537,34.196725986674544,44.036982425946604,12.945759095002689,22.696360001047196,99.48197815598782,30.876671925815064,43.640189935552144,12.548363380097356,16.39795618359902,6.580821317155267
20.171841204354493,561.5441803763943,41.90832247445445,4.127512216889854,27.363913679142264,21.316897884367318,610.1422556036376,40.62157291009375,4.235742885076047,31.969157895908005,9.414163435181207
12.773141712004744,118.18701013859098,23.47111858766985,17.78449555426468,34.909499421381355,12.618684341168533,78.80148330526265,46.33246089995571,12.575621700356631,15.866519579329154,10.967811732990265
483.59799971824435,885.784642531813,202.67940655517936,13.548592531374014,27.343033175874005,559.2713528171054,761.4006197505769,184.52173762926378,9.01496671752608,38.03355591134534,12.783271899705156
42.59164758665338,367.734791224496,191.2119730968186,5.145252783319559,3.404095725237704,41.76293982797408,196.95035791959978,223.38234132364403,3.7091414079157845,13.102453146057941,9.119108934675953
87.13921913653049,734.9519352980263,188.9099388718878,10.171442240291361,21.574879571753936,101.9358373493164,463.094226891062,215.98943118606292,8.362136494572319,31.927493377565344,16.08230512404091
180.51507473164995,772.7577551260849,12.052541245008369,11.762578281158023,9.888992945293529,183.9754573059067,424.0237706806052,12.810484289813694,10.569139789492882,17.04512764661595,6.043071178907365
87.08247990785672,11.387779892856786,224.81225591191566,7.530491462944321,47.56413507707977,87.94178928822981,11.987121819606704,268.424316207264,8.016189192303043,43.4818914993827,8.915993352450494
58.25676790356596,32.12685609648064,35.20783507383142,17.57813654317732,30.326505515722967,58.34880887493436,36.33281359506155,36.288222068596625,13.005189779868124,13.274533279531092,4.684650275774812
491.55887391414444,473.66683502929504,85.59073981723019,16.41890771391494,30.395030386009267,494.38763701776105,525.3233576911059,78.4191564563704,11.501306988460556,30.93261453558465,5.568542117223696
148.2395407189434,590.1836119468034,307.6274399325806,11.548980499516862,6.882426998488672,171.79970308587832,377.55839261133804,324.70445845300446,10.977001019440747,17.076038994230633,13.4344645528508
32.46577200720389,15.527878211808599,45.85431842831833,18.767658865833987,35.30156295533128,36.59319513141343,13.548500356062744,52.152237416863976,19.66392452018849,36.64023194100959,10.55843442628801
19.597666786217633,70.42855950808904,68.14465922269002,12.411796691293333,31.225741656767923,19.189360272250703,104.33826857465701,64.5879617780811,11.055759776861928,14.148858444410475,7.218352919552487
38.67912122811526,47.81866573224242,114.95782193836347,5.826823763846763,30.8467646208415,37.472819075492225,49.290262041617346,122.8283780815,9.94757039769273,32.19164843008712,6.692501017489713
35.71552163390419,927.3174401388637,16.940229214607413,17.33234077187097,35.57261057715566,37.01827339738052,498.6001394862276,118.65170585610824,15.64536788883315,29.2124096289018,7.268499157607826
338.29541356528125,38.95204991564364,48.24335072110895,12.450725835771602,31.880054113914575,359.300959048859,48.557038380647704,50.45192469907928,10.778653878651582,11.606987866941065,10.359944025953077
82.29632202474524,312.8617937373435,638.3529977177004,5.997183102041429,45.27083018294448,88.8778903135003,268.3258762222805,551.5975688668523,5.8329642425251675,35.42520583739734,8.99645695635845
17.289504071848388,333.2866304996301,26.07835582457872,17.65970963395112,13.756702992838186,17.733944105932444,227.40081184130378,23.56896295264297,17.943442922404394,21.823856979246813,4.862815803726921
582.4304012297756,117.86047019054895,10.49739671899197,12.984273183023017,15.863045179448296,638.9103966641949,71.86876654373212,12.904976324268095,13.47905289269889,18.07788734727421,12.92637563621725
307.90522174551023,26.43404986063951,711.3012744738045,4.928004468961854,30.857121538330897,344.9319774202835,27.17745194285106,601.142119056924,4.891663009176013,26.586422841250005,12.47864009354012
50.59119730102558,636.9919531907943,123.45012816103932,7.110373339410929,29.736616319896655,52.40153518837286,629.4022401968532,94.13957976519414,6.585182990349398,32.43680006211636,6.605345420281812
81.1498273818223,36.28639620689904,10.109864247469979,10.864321453870184,19.505780543679094,78.86857890715571,20.52832763434734,9.846450665201138,13.37087416251815,22.746677966250704,7.8669584012618765
139.09597575211708,198.81420665904423,186.91212712727824,6.228502757942456,49.92314292923578,139.5822214554262,258.30093432971694,188.75161750724106,5.76039092020503,10.210829238511124,6.224259439514097
613.47957745311,41.444476279480675,49.59800119518446,16.161926291193673,12.875245450735662,668.1397698316862,41.821049403792514,60.87419174713633,16.394070521935586,16.24059817685313,11.220842324268707
93.26691024745791,397.95147649370267,88.12368796627399,17.150034447788933,41.011556466655854,101.39472564919589,484.4084423304077,74.21080986402275,16.705971795603034,32.6122031700856,9.117995897120663
25.182833721842055,955.1156144596324,339.3577013606103,1.4200372733053517,31.508134341853072,21.272330644082164,904.0736696031436,399.37889554481177,1.4117339820478685,37.81878670454256,11.813026904614228
305.42603800598624,111.69209871609002,484.7900084036437,9.556921578470964,9.801714776699258,317.92624309656094,154.59764856093042,463.6332304667823,7.634123040142407,13.35079386561613,6.588246272782558
157.42413673651285,800.3198376136954,38.57462180911787,8.998755229616476,49.82371207337505,184.43591133391422,740.5524614863192,54.30493809491791,7.893224267221299,49.65694547291986,17.715648017223877
519.8099290195771,50.30521241485286,218.26722052525577,4.298263741802756,45.42621035582304,594.9294209554681,50.57889678475683,223.38865363966437,4.003173096520576,45.127099899420685,9.419444628052156
924.8348813334468,71.78277380642568,28.437707296118408,6.05566664908475,41.654947030855126,1145.4691447224243,87.39573974796015,35.66706765601696,6.472008521140413,42.75599503351094,27.97476424432685
221.8701292609395,75.86484786710226,394.44425854105043,10.677015103799222,15.716213700730036,236.00810804494404,73.35496480687932,518.1492762051678,9.162745779384538,22.922559304303,10.08521914879234
20.23362828824099,25.80164210120102,321.79020373608773,8.25236593951345,22.973030249368577,22.20716510937351,45.81371440058663,350.3308630744902,16.27474083171923,23.291982500608757,10.341337401569255
666.8899295334417,19.28303200795808,16.567612733531277,13.97674117222962,16.670273690030378,711.4570566248403,78.16592187609096,17.352685535268822,11.704716394352698,12.330135180961406,10.456494050273703
121.06308266550265,14.042570911296004,268.39192348925195,4.083173156091862,33.97733711608401,114.77635683477322,13.952588809954072,456.5288692008399,3.8289970422574524,35.624566218926596,7.330256900562654
55.015619511491714,35.18933736003487,78.74512520888884,2.2865522924002573,27.667623491393712,54.02354501093637,24.794386338144058,85.028482015236,2.129957672215222,23.195346095930503,16.00503954218228
10.480045268007325,16.23496849358869,19.444227130058348,2.968020525887105,6.933391015645095,11.500279380413518,26.32602945566042,27.635216083065927,3.24704890491214,22.884008818650987,29.82457783918881
653.9024056991656,19.376786294626967,764.1320877821618,2.7381740399126957,10.256401729647479,969.1471791428636,20.070979864553987,682.3422105024879,2.759229135966933,9.339162301055637,35.986888455416654
48.48036012322887,174.7000645745758,13.020499668785765,13.288390050240773,44.03603191812614,47.93671314491187,325.70113970126573,24.22494787189859,15.85150279266351,17.899887694310067,4.59121309564992
231.52308708525246,52.931040680506676,26.53374312856229,19.590093855026392,19.35930477496968,222.55859702586136,70.33574991370547,24.99878431215942,16.55584411397885,21.07848449828359,7.349906177783034
110.66752179482154,281.6857936174359,10.498080245694183,6.536665389651755,29.217013975513424,111.79538828130146,271.6238051589701,12.513767180035334,6.30371103944936,25.15864783386148,9.831814711434706
80.20301766446991,160.79687938016593,35.401576536883354,10.45316885782718,32.841872986691854,79.15401835475814,179.98148216046658,34.22110043689952,9.302165868489652,30.12284444962198,5.444254727523519
237.05340791663886,187.64014802670096,121.96868885161402,7.8659851373705525,8.475852229291089,243.21112172756085,127.98513191779597,130.3820394431239,7.725937351065396,14.534404124299925,6.443059564817559
101.19557735859233,36.02309543301591,329.4697236078358,13.532315940974238,22.55423531073342,106.09632425883471,34.05011469291691,420.583616607569,13.001109573541903,26.021906886843414,5.97233560791594
677.6483878846021,10.224856108324722,75.90111148548124,17.84775359889504,31.37144817868602,802.1371586961011,14.03161237068701,51.040864135374584,17.427000010693035,31.485501984593775,14.542524643093724
511.8995128583054,24.85218437758045,51.097485552690806,3.3247076743305226,25.773881045643815,548.30047084727,22.4833899071963,71.07986392893574,3.1677859894735714,29.491169167677114,10.496585932026708
93.72494866778094,84.2648728557801,133.58682553197184,15.986583409436273,8.747984151525582,88.51727995236844,87.94386860854924,151.465836905438,12.939888605249475,14.265274462911245,6.9315105646571045
171.92495569925055,227.31140001424907,311.50385791104156,10.814915592017234,30.98934391897408,189.84929316081414,174.25971827892337,292.2429576595262,13.409308844268377,12.728093844586096,9.158865514956032
759.5778401734301,46.17445770201971,147.81381496146673,18.13272079695664,15.93112678161644,886.6584278008788,72.51065307305963,140.00860284116007,16.081447585817422,20.943383178184057,14.753335669973461
25.11417061856694,272.073623598328,316.41697963624443,18.14372042248377,15.184779430626943,25.915340196079097,119.22933532567492,475.57474004437194,13.863580169124637,22.531796406827475,12.781590526985804
11.106523337985678,48.2764411924749,85.07531841555095,10.91774351927213,34.49783759405986,12.365734711719872,41.74922194420838,86.79713692997947,8.986614570527436,19.77146837279095,16.419315340759308
183.3371186491784,119.23692002691082,939.0334683909244,2.044501707203043,45.42094559491079,196.11198987790524,119.7269328774734,677.966788919161,2.104837144337952,38.03513694149522,5.6066149562187
10.465333616778988,267.7041250780825,80.37918806419925,1.3079327552734568,46.5524210096618,9.627160484769764,234.88493077543612,136.58449860350157,1.0911076973778238,32.9132726663272,7.8685111903350275
30.26345331948155,490.9683254140576,12.030344096982903,15.67219024863636,13.071479840194256,30.09091722651418,215.50298917668343,23.534352560665088,14.688259576841887,24.415231745339096,4.735327983519495
702.2795331946601,233.37594821955764,135.78094385634176,3.2231480605454785,38.02136752302435,692.1873930153744,209.19038622569775,126.80146596809568,3.477089030869387,44.84355252223936,6.937188235636762
440.25399020434196,21.53088246061165,11.593995007342095,11.94623716529592,41.95794123479502,519.6125304653403,39.75251706577046,12.510955030450713,12.283608197522883,25.24610225957888,27.202623067932635
45.636524475545755,268.252258176551,33.733162018714616,15.444271682543537,46.51955230428492,45.58415402149225,336.278457583971,36.951195628911854,14.326576545225764,32.239685014127836,7.337828895980065
27.57003128802332,307.56796414581567,345.9498374342703,16.786260431343017,34.884622572008,27.84343397548521,267.9228549387503,252.8421834632301,15.007785618553632,23.731845644607425,6.369505036185862
13.840802893884689,69.29310367782142,24.723087899346282,3.9624046620335065,34.701363953108235,14.100314142787179,88.76379350006957,26.799911814255548,3.667846891397293,27.054664950417695,11.25150017779419
560.2407423740998,239.22464195013583,11.371226262321725,9.961078769470545,9.33682665566889,634.955480198398,62.893923447583575,13.236847240826535,12.974381760691772,11.488626994770154,16.139827103303723
542.2016473765362,244.32907668406315,54.368045469040105,12.921012821786324,22.288102573003755,602.5479107037361,146.889051090288,55.137170155807354,15.062401869243793,38.812935684900985,11.8726576524415
138.7605968623932,213.95621000290515,628.3510596804642,7.354481775205216,11.866708156631107,146.62176881512195,296.68223709724015,666.2356758610532,9.393509426615113,17.68064776106928,5.5987825345168805
920.5868851197034,565.5111846634192,12.76944526041617,8.965294021307097,42.744516214112636,976.9822161583508,482.621422932496,15.818013576836684,9.801827377253638,44.946098353661306,8.75275608953639
57.302921748700754,937.7280060530635,348.1179150831704,17.3555327228864,21.53469613337419,64.89684826945192,260.27863264075023,454.0289752726006,13.286661158707787,15.698858488552291,13.537774809818275
606.8972283741513,684.1711245925751,411.11025452643554,3.3192406557339607,41.28955941140621,714.2514496520414,609.0500801989391,338.77579344356747,12.764824869842897,30.03484111980882,13.92528794730138
74.76346109593923,822.6680896396917,104.33225147296103,9.920301102297346,37.821143048014825,69.46195394035477,811.7838251129947,67.54900141148283,9.212543284333215,46.00483299409993,6.031381421010045
945.2267785420156,374.7452904123526,12.64395056283495,7.9170421278630165,28.861803981657633,931.9893078408611,381.70410956178955,13.038759872917103,5.820393307731201,28.622349208397164,10.294978667912739
126.55102426990611,116.9683497608048,79.57865056208514,14.579486150408828,33.00654651095443,122.8098750578647,119.01713037563718,86.8383799140433,12.668378465792713,31.61251842420815,5.391906709933058
95.62808461219976,369.9810327459603,16.387433817089725,12.744553390869125,19.437346145756234,83.74149052102278,540.5443635261743,14.167952623621561,13.4515958330802,14.256715877986322,11.164415851580092
18.47942477519018,615.7748910415471,18.25109675449039,8.508653146555352,14.091252343463822,17.061247281830482,316.61665596097095,24.179765214057436,7.9075992512454905,22.71047670074764,6.691341855555612
12.842432447218275,606.6543776226059,450.8837991771135,4.593927877119863,24.742663515959954,14.945175983729271,201.14066568095294,564.9284958047673,3.6626884238048887,15.861177169522108,23.341713357702616
359.6497041355384,41.95618099868469,16.07413288993998,14.197281270226261,43.40565014430838,393.87516947342596,43.79648232614705,17.363077374889375,14.312258269056178,41.6436935161501,8.886542330384012
435.10842155138107,523.220518937843,84.63548755561703,14.765795762482705,17.29316606142918,450.7922492437988,384.12918807671946,83.5454065839038,13.540055492528781,23.366539042601488,5.900780348148228
361.9159471688075,164.23376285008928,445.57778293355636,5.423183736410218,40.16324907667837,361.6618987723244,120.51560782962805,432.7715869320565,6.01411391604678,25.052067236040394,6.949194601159606
16.370112229760387,17.667541682411866,24.432149670305144,3.1616759839945563,9.830851057510614,19.161258096941896,22.804505792820564,25.77213637564453,8.447561774290186,18.373620667202356,14.315801733505976
43.192492498651056,189.96733735996168,87.22033278380518,17.579775108308503,23.0496396304785,45.034713830878474,223.11042372757473,89.83311400577514,16.55070964962196,21.53496612848583,9.602132993619081
15.522684264781713,265.4618114935035,285.59291289673206,18.391204026109275,26.891868432864968,15.968345920802053,132.00344459227003,305.53280710720344,14.83958383823528,21.008810417144886,9.15427652734549
43.719358591606635,43.47642214535178,15.594374359723746,13.925108860153776,33.06042757425446,47.81829259372941,39.60796113603329,16.046563262315306,8.769423883150125,56.10341146940398,7.759126793531125
159.08399031697036,236.9961575428331,401.04034716100546,2.822364758418248,44.29355204299568,177.07141302334549,207.51489745543387,328.2420107877718,2.5577621089643117,22.613895048744435,8.010828178694174
195.5560667077271,154.80824689621176,150.71703700698092,18.948844948576937,29.34181893456193,202.29391397170875,155.914234110879,133.6144480043412,10.593165725127362,16.24408860888551,8.606249435734096
23.048687201511044,20.291380478128193,21.11737679459871,18.660970470025415,44.18100894909956,25.53264473864854,18.861453058540228,22.00214583739529,13.00250966979323,12.956615674787244,9.02556287881616
30.314898333083946,19.321629511162293,357.71395366133953,4.76588031704506,45.710634902282486,32.2886163861691,15.18241032485667,378.0754962322122,6.976207396956455,34.387008324602085,8.959420115329793
189.0488534685799,107.12219008854608,503.58637851627077,9.19583245455864,41.34688501494717,206.4244944645939,93.25237285243996,381.315802103434,7.693081890315233,31.437794984504453,9.862651385623176
169.28018508651323,11.653836762335532,13.428064647526625,18.82832004516485,42.239255016270306,198.20538644499706,27.18240046734076,14.072723776145338,17.169740268803697,12.21681109807403,17.570948656268136
371.92097890360117,369.4025071998968,52.219519842860606,15.380320170792416,6.2735808437132174,472.8015188261353,155.30790914636654,66.48463967537933,9.214711592668268,14.93158036699993,22.822822748497824
35.41250901439828,19.825902600305998,573.3554752048212,5.418064360595004,31.053694003924228,36.8878428255931,18.260585577650815,438.9209940329973,6.1179159673105525,24.656953633378915,6.194730450152874
53.25676593249038,13.601355980836537,326.9801371156413,5.950884418939456,45.36602035771177,47.248323120161174,12.592256511677078,569.4258797798368,5.915850971931499,41.07862442483504,10.176232136631508
17.685667562772863,813.3672503746999,10.787258774974404,1.3150563232111847,47.04359827569256,17.7221606856273,705.6830201498716,45.39050727417837,1.2100717480308933,56.99206324250655,9.225379268215766
48.94400809966234,265.7262082584081,32.26430647900407,2.404813589309408,8.886387486453975,48.776322089477766,309.140191885322,47.07019078138129,2.6393777924533994,9.648180791167656,29.385018075782405
167.49375482157905,100.88244167726964,341.57116233162884,17.440501213679955,40.185687746017116,184.75702645106506,83.8480627642845,376.1602626035544,17.557853302821606,35.033045735606834,8.104624173532278
187.43934719504065,862.585288934517,64.98927977150761,16.85858514620079,36.45662538880532,205.07835220143957,864.8704244590376,50.58981366439039,16.72544650893942,37.887502152614246,11.190587379102597
21.01818050870973,168.8201818713449,648.0890997191589,15.064822935477663,12.058737408774283,22.161511587611958,119.93262219859518,722.3489138843906,12.718193099723132,20.06107054224456,10.453848646284616
110.73448607760002,127.20560290372191,26.514424526217695,16.569564355348113,25.93280184282206,107.7598471574912,120.10406304197625,27.407069390716064,13.962491053614174,26.006987825574964,4.958965565384364
14.01988967706665,48.063354649304934,27.37064057395545,15.319489786768271,46.86618991228041,14.607420401017894,88.71247226521974,27.413757397343478,16.442769223540505,20.276862983169046,9.330508941770889
130.22149838662565,14.114391901746275,349.17550379500994,2.710402841760931,32.229450054053004,131.02684409371918,11.756656289478169,323.16681999842467,2.474068818374457,28.973915383434342,11.773680683649948
59.61407856399674,486.99394531856115,438.6558527527441,13.604543168945956,35.07725040195654,64.10923362279642,215.6092806015206,423.9707225512572,9.161386681678302,13.857717738011473,13.162464941936097
739.0703046531472,268.03906168715713,367.81943942158347,9.723653619184612,11.632817172640115,753.0599243222124,249.2467753280813,358.5655833769752,9.003406098670897,14.300168338031854,7.302318391124192
358.6627343101229,95.3672992079574,935.5787283800639,9.834495667679406,48.94001499554432,371.9039021186639,51.30658050871275,628.6988696995402,11.449975415898864,23.147131027395975,7.88892061254608
34.7146134113759,482.5638548390486,188.81175220247854,11.014173733241522,37.81615232517544,36.15501463358454,451.2619677103238,153.2919405353292,10.143601369111066,26.91367338118721,8.092986793601554
11.442700113378876,160.47786855384626,186.82825839732214,6.581845021783064,31.648148727449044,10.35541521751957,132.81606281871194,150.05336795161136,6.0028754302566165,16.95569771950539,7.6253692575874945
13.576773040984115,531.0013201643545,468.8785833561446,2.68964611795537,3.140312309944953,14.335841201358896,366.7481524843075,509.4671886041939,3.022923831286939,16.140703033695164,6.969486957511517
40.7296827676554,22.941557141642086,168.72827846622127,5.340292962631115,30.425943184877497,41.795358203893294,20.805988593393668,150.8854500417881,6.172901793536613,29.524574717281762,8.196725044603266
620.5261656982037,58.266789241206475,239.91125603857864,5.367862206381543,33.28904226377784,685.7342287175197,60.16148031609654,280.51912093282857,4.704236559700005,37.858319357692075,8.60995402135321
309.09473889781367,152.84102229129945,210.6410393316018,11.650335477893655,10.453841827685268,336.7101583143105,192.64498147641947,189.53934555349116,9.15664473588376,13.43017336823719,8.630469367581469
299.9268643417248,166.12429938564554,119.07870421584711,15.291622649915858,18.956815895907123,325.3044534179638,181.26591057359695,117.48725018737004,13.9515377920878,17.624331429145453,9.02358985266485
15.937208518580453,70.23671921939153,82.06968059666188,6.326498984754092,15.368314769003344,15.601843232236035,68.04619650131319,75.64793268914612,6.206996714339305,22.17655560189895,7.692498882694297
10.008118693427045,140.17900788273087,15.475862164516673,19.981554510332675,12.117610244282334,10.328741113453948,63.35039148824972,16.011578526096393,17.177165977637806,22.494162177273267,5.882496357505594
88.27592446690426,347.56211445285305,58.42342670560903,5.531131250895048,7.041554082436791,85.94065663604056,283.6478924328382,66.54229029382172,4.508370724294698,10.473785880258358,9.950497017202729
26.90072693409431,25.59582582391081,286.474918831217,2.0055603390993704,34.82548668313264,27.310053067839704,24.271972767073485,365.0154062694874,13.232833193587652,19.508691022254975,9.733084724370704
93.89700968758457,47.8043922759493,44.0569919151037,1.51899003718996,34.24642563569828,87.87769820958148,40.646687773482434,41.25057776083406,1.6512991463742113,14.95575114807639,11.01594153329338
18.01325808792655,34.98179808972615,549.8901756706149,7.668800376591739,23.20461597237768,18.917331465428745,45.846780336136185,725.35452336236,8.641560354502772,30.904515923891505,7.810955255697373
308.43241788066547,240.05256996193924,488.50960233540496,12.531730527405216,34.04668127997261,344.08539801116103,199.89842598248214,459.4829015325852,13.466900676002508,16.300741261985447,12.594271128961724
25.89206932403862,996.7218137572182,76.99463679921023,10.721002653108654,13.267994643516994,25.221600780410448,452.62916894075056,64.02014886328013,10.269949149720397,28.184048509974417,6.682374311180447
285.78271095338806,257.3782346563737,762.6750594337407,19.3777583799053,41.54683561064505,294.0122095878137,243.70998208865683,575.539170948284,15.141553536155389,35.92064303400619,5.992213134366062
30.659840274893423,69.62292017059885,114.49938003035511,16.428763404583687,31.356163147427093,30.46743243438455,54.046624371281155,114.01313037851222,14.345573243287115,24.40686734348153,5.198487079935568
34.454671585925105,48.019915785784484,398.2862810608571,8.2834999337261,46.78827264557554,39.17517926647549,44.4659789763975,399.5258587031238,10.827213942416375,54.73107197794106,10.742285862822051
379.96086053734,234.56642168480894,129.03913756472642,10.274870432708914,21.89370339541417,398.8512090630011,219.61668639231314,127.79464602081421,9.260964621934743,29.98366738759904,5.00510116221014
47.19040400251348,29.291620406669697,45.306075128146965,5.0854120795566145,7.392565714795826,51.3236597598576,32.96380899243234,43.40198551503083,4.143993738638127,12.244268209464023,6.8747032219747695
194.64341982151188,113.81923495639843,254.6865575816876,17.084671678343952,45.069215053507826,202.45679508614066,101.92855845389735,242.18333698613418,17.381114374907856,32.316925848636906,5.964603906302262
14.790380786616137,329.5971498915465,60.477946056078075,6.095266365300135,39.05554994415144,15.833990288879782,486.8398223093636,39.34820811885671,6.094836861765379,30.865140554491656,10.717262212886503
138.0771777246793,39.52161787474858,183.64539931568947,19.091149696201487,46.41375529520511,137.87376287158153,31.051398105467484,164.77568704067986,17.928186003258237,30.52882679109696,6.053914603827132
213.72621289519702,29.552078685065513,40.479814425746994,1.2776928696596437,48.170982804933196,209.95680013561469,25.819665666262452,45.5796463265795,1.1784530843306802,28.21264806562899,12.215347476406173
199.9460422100564,200.85855034093737,941.2789802333368,12.570415707681398,28.219394471715038,202.59696110765626,210.63247578797822,925.8768909663437,12.82274688854467,26.387178686498718,4.864968064718857
409.99380316343405,24.13687328200221,558.0702221694635,17.743048573967254,30.65852151814203,459.8546441937806,25.648070819297995,398.3170823073857,16.683303972412464,28.281078649418095,12.488891930108982
589.8502889421337,513.0265728384742,45.87715087576539,15.142464921240432,28.855556233722755,601.4686866110001,518.7758919584466,56.93375837239151,12.73436414475743,25.014947309192443,7.19688185468113
10.662833782967304,550.3490753893702,17.828467821777743,14.17497295931591,12.355021211560274,10.629547666569342,230.967969111579,36.35711444357281,11.636336191839058,21.04425473384399,10.180041742183711
60.11963941040956,838.5752265882401,16.33119075218258,15.812356711999122,19.46218882627627,66.88415502492995,585.4495025753539,19.32224443673541,16.82413893219284,30.85138918094648,9.178787543331364
109.40879334352613,33.84819163496319,445.93974681893485,9.354216416263412,8.673043900242606,116.24950548813237,36.10731595925905,440.2443442998569,10.883111237792898,7.802236690009917,9.119865795212155
112.18583982084121,29.840767528460248,230.89653023053853,15.205725954297995,42.710841466851065,126.97615183306107,21.042666730234124,372.99207597801274,15.292735695002412,30.255818516712704,12.146726622047368
27.288593681942565,161.6095767935944,15.66701619556873,4.354072226311567,48.259048775226006,26.32126147140708,177.9991292929562,23.682717407463137,4.429498705961122,34.90108386994668,6.505592423962546
52.3392385701726,932.8206512281323,449.93765676375887,18.323116171303063,9.000003661563545,57.984348748392584,273.35369640745125,423.76045664227115,13.81317062994864,15.767504893114477,11.429959158322907
29.23380130808702,17.349966792788134,31.530535816861818,11.144287103898028,43.0778324322433,32.748899567295645,12.254807801053628,28.455354993364736,10.167317721780927,23.605511172835836,11.339574985610783
13.86704211845172,41.62187298770502,125.11383878251294,5.2328581505067255,7.1283103348768835,14.567082496002822,115.85551524190502,109.53338420468236,7.221595231397558,16.608068740463604,7.6755782319478145
98.59956814193887,97.21988725054617,13.979515731174683,6.986585035481175,20.948203348432596,99.45247712365119,105.1922843180357,14.363787469855243,13.784571753043252,9.22061781344901,8.755050617106159
304.2036440458393,148.5668781438374,476.8988751353488,8.212341551460728,33.34867372871284,325.951967028901,115.05033051409089,539.1767751943969,7.8856959651037215,29.201142300648012,7.691977054401841
22.19333969790458,240.93972669026755,124.75659538220405,12.415887158451293,8.64579904803765,23.26014183795429,143.91650664817223,107.26598892645727,10.534945467412106,14.308047156480395,8.316297266221108
172.2278453375968,52.469585742490686,108.32610726647499,8.087018562537304,6.355507837194657,169.1082348742421,68.10026836051456,108.99063503189376,6.899510363535566,11.447190945209217,5.419830056476875
19.696342254430867,38.7547056547587,620.6774490760025,8.49717626997114,43.04396526687149,22.35637499067598,53.345998876297585,293.2528667711659,12.4728110557758,35.88455038979371,11.295123693785031
250.88257749691607,846.9286075893248,11.0628428048849,6.220775307260319,34.25164995083391,280.25566758045966,940.4437634697786,10.223960567002512,6.232888203775263,34.01368068514392,11.541427469831579
969.2632388533486,403.5854408606189,14.116807081744994,9.525945920138051,40.9576303025832,982.7274188834733,299.8343669874963,18.000211910077816,13.322140838583422,46.21308338019907,9.725021253741556
240.50982005274568,397.1010646726237,304.83234337015494,6.84786881769478,32.243145914805616,254.17462695253877,425.3545777173837,286.56325653777907,6.991821564534032,29.318143754217118,8.079428795423162
500.27248020983785,88.60478219156631,11.510940241588537,19.16343442569348,7.168705231046767,538.7657555161904,74.9737868456967,16.055120400034134,15.209951630370012,13.12821703407215,18.20708440646798
299.7885804616455,57.225814354171746,282.5596909195309,16.48448885919472,40.25329463877037,373.44032462672885,27.901335109342952,430.6804396657049,17.782179831955133,22.808987955579546,18.265220980820686
11.300319268523275,98.26997312183799,20.212920383380236,13.774047408405503,46.58768451824274,11.006918519632745,152.99195258567775,29.387464490190066,11.861428509362009,22.991484445800054,9.16853671655208
15.474014876382022,942.471928812718,368.60048124110887,8.136225006939913,4.406542963716946,16.039380893941377,173.78222492759966,392.97712425786295,6.460245386612289,18.403183686131346,8.89886121016033
102.58444620936268,271.3968936137074,627.2590218770395,4.549002439879873,5.354855961480906,111.31494609512367,656.9268399240894,603.6103309226513,6.379900158006384,17.31281180396517,5.319750645250674
75.8417488015581,46.29785313710894,55.019257039466865,16.122528336998986,32.98264492052142,81.36475927535751,40.90403227991831,65.64920050117536,17.191403720407664,22.192667606742187,7.891640271760552
54.6063894445812,81.65253998565149,17.737199698465098,1.3920514726184008,49.716342548821565,53.55519326173481,68.65582393898673,21.040622683606074,1.952654053795061,51.125543887632595,14.039740116466778
143.06085255810547,288.30940329842025,138.37665537584652,17.991917921963,31.613045796123966,145.32680285148797,278.4958141103483,131.9063195824788,17.567176123324305,33.99049304532888,5.748714879727068
369.3239280472859,894.7258418021509,467.83499581261646,10.901012663876989,40.84837726165172,364.37981587785083,966.3206883037878,354.08668184564334,10.27964792271317,45.74938602620675,5.925604012410776
128.52658078691405,216.44663222299724,204.20694594540993,5.068794688529321,29.957127721907554,126.42566104546337,202.19129487140086,204.77592258119662,4.23824652643216,17.580040952389616,4.404727533660272
266.3413309480127,637.6204997829009,492.45915401267155,6.3212267428177675,8.222410416016404,300.9263462391414,560.720131710319,512.2694519315575,5.830614330059413,21.684536981487444,10.118474959350818
156.6795848568117,104.21517103087255,602.3669525396422,5.345566881200271,5.736135289376714,159.86593747979026,426.9784552571775,402.5826635112109,10.097344537694008,27.183695713565346,12.78007283730239
57.82338588405522,23.837709566402822,53.40721148592343,19.691257990967106,48.67359045561866,64.52510059584071,22.092307780020793,65.96443639404056,19.337596358431917,30.54496828454722,15.352305932332921
97.5441203728515,686.6131373232877,12.593803709623682,3.7020289091024106,13.16697538294427,97.65828363864023,884.9529428046177,17.376624991000227,3.975836493114225,11.105361964887189,14.68979376059398
33.41369910980967,76.52454924129204,41.52478846769556,17.312187863083818,48.888941878298226,33.42196830614152,60.79414413543654,62.88327619438506,14.62079254234486,15.359132873062334,5.825833566277698
289.4535147791576,421.78721459961787,302.7615094047559,1.610039219783573,37.30033475269848,308.30107153637573,368.1639657111056,265.8303502505332,2.0673861644107716,28.63916730245995,12.579156611536572
446.6344472405115,25.692858875208884,20.323842888922957,2.120401073857604,29.934515834917917,401.9003873778392,22.738857486854265,21.597040138022965,1.9322146647725646,21.78342351219928,16.021138262824653
34.65144839292625,114.86726040087404,15.318158544600998,5.763805648685105,3.1704066650867,36.32976238244719,75.59184315371958,16.910367719793317,4.711717045130948,5.169316860522306,6.626880241550717
41.701692376411415,20.683157496964984,62.46109297484856,15.173355484761927,9.32293039195598,46.426148556173274,24.80752637184097,80.02250253382213,13.511499079397812,22.65346004534931,11.0808686335383
204.2751286408015,658.6697869327616,712.6030718448493,1.8064151480709016,14.870587347934151,215.77066428661809,701.0146059611569,784.9493247427995,2.4357083965528523,18.84437817028304,5.595865005362453
24.365885332708835,30.919608811771315,243.7821511250243,11.51322797417276,36.959073109271536,25.99608196503705,36.35135892072825,204.9960910796174,13.80647421030264,30.323404415650558,9.186369862196322
21.893592049436368,40.23836423058006,509.78815074749605,19.129000188601285,46.74989101281957,23.541956707976304,35.45909644511993,355.130467558564,14.065489608957527,37.23204397770601,11.857176270760055
185.45622091441115,700.9308482979276,19.70073680314695,8.379794711850714,15.725577337423953,187.0285248149917,719.1356064440151,23.281648654112985,7.737065463412014,13.755739516836712,6.001867735135985
144.83487979354135,51.291966839518246,439.61748873848677,7.714889642935792,27.458162500608452,154.1308759752212,40.07152040440162,587.5658859743814,8.405919727964799,23.947449812399757,5.264097334165268
318.0733064160325,184.56487780209025,87.9515876463081,18.279170572208777,29.684515905572148,332.0628551616406,212.41691021852026,88.39376546224916,12.876616319715577,25.752644737227197,7.344005655078171
209.54804394007556,837.4255828017348,255.14084147693984,19.705095421528085,40.075762569478215,204.75065950099054,722.6923122351741,372.3915515401935,15.620067004831,32.630896510014594,5.94684131070089
14.616076533916756,338.07330937011585,50.19954499414507,15.247524300752152,10.9409343311289,14.634781254386722,199.5486618564049,42.172227205359725,14.046583744353118,22.64488482042017,6.746997126449364
637.3991251142442,27.136601114067332,205.91651819091274,17.686299057731155,12.584962748111954,820.601461923419,53.498411490614956,198.20873446772188,17.074098050975085,22.60531550971522,22.72423865892875
11.549756155058391,42.7665397252544,233.1670167052379,2.7726026142101605,41.21187171930859,12.783350210169619,52.98103337461227,211.18207277785763,2.855178549371471,40.614026521099284,14.89239775548598
449.3490712449502,619.899867722493,19.07647720787441,11.52668672724194,7.21163557450129,526.9410778306013,74.30542361863446,23.57176496394959,12.730432719386148,12.829555139688402,22.263653357349515
778.7516972015698,285.85881557466564,871.5811129282088,15.38123003983144,48.98055992513922,945.8561523191014,159.0207608907084,721.80443160651,18.634866409250026,21.459377134054453,19.332188463447224
101.40124610345863,841.5985761440426,197.302167792488,19.233173111177724,12.019932606852235,98.98018657611917,328.4874838327333,234.64840982670435,14.732241768464643,14.739162698428672,5.900384612967994
17.100100438587997,298.40211091583956,251.53933839346269,16.09063586432725,17.60918304453264,15.423357174608274,388.35471824720764,109.70235754855494,14.618633040244426,24.922270212192828,10.970665904487591
246.2377044174582,12.938978536670614,13.520269717167979,14.628053668826674,36.81631218639532,278.8372333125938,32.47723826722452,15.775870461606177,14.165762672362108,10.264008127201748,16.23590570940302
18.676165252326324,14.37168530291344,27.452455478109236,16.620173867377332,44.38763450244161,21.14628332332916,12.738837721503808,25.260051413721047,15.137305300198879,27.596232199794272,11.33506903736987
140.9631321153625,489.3246361715777,47.23656378870041,4.8834325039568105,25.27535808156352,136.38060905742458,581.589356056886,55.78435110310928,5.716958089482335,19.26693051976549,6.888737323418318
14.451257843503855,68.81733789749242,183.90610582630538,3.939157685808728,40.62026475318578,14.453340537266731,51.32668307313197,151.5871172416801,2.931380351090254,25.28708607087435,6.215891531166862
49.182323215298574,245.56394489156511,15.292405665146099,9.21658691904176,4.845981177193714,46.155838877623836,145.44996161272022,16.202862958931924,7.254757160735525,8.853041272623866,6.437784210357359
584.0908770224369,25.630658840179763,14.191207877922997,10.356275902899048,29.378752566346094,658.6131174694058,54.25501264184501,14.991715742067798,9.512153058646744,22.134590556516738,14.765754270000443
310.6050154399157,346.33815152344727,280.68194519510405,1.4651853878845973,35.779357742900885,364.6807129346395,432.8982110209326,303.63951143416426,7.962575571502183,11.046601593249845,13.751611104881786
982.3979033565134,169.95695209114814,294.62280401038714,2.862604003542922,38.50154291908478,1118.9874833660442,151.72769461957586,308.1215821928985,3.076589767418481,26.436390818219692,11.051218759583763
73.59481121273855,69.66996285647798,31.84224229063294,11.936562589707277,2.713921753446602,76.94540237590454,31.324878465943538,35.26668936113987,13.29139871229209,18.104264043001518,6.642477619277284
47.31116396446918,41.870685273546,16.548838046723954,3.1981329848419677,25.79341581920537,47.09198075275628,32.85281286583761,19.08264501390335,6.237591030316823,18.315171601718454,8.604094095432767
837.5910630242258,199.7229004998886,785.600025039681,3.804922553001763,3.9470517323651295,1101.2567986072734,263.27537472919516,999.0947322323962,1.8768561145753195,10.991341572831553,18.970106180433607
49.03465271347402,23.05561140952534,42.374926405904276,4.141552857115464,9.864530434251623,53.32245732651083,27.33894249358979,38.06427267506578,3.318534783966287,14.979628220976263,9.47067823293878
227.3656350167713,10.508541237439575,59.46587449021206,4.422586035073727,10.677359664353942,246.3122424786351,10.076948354416983,82.13390701767659,4.352208556844428,13.826051126761886,8.163780925439426
20.04470566639214,32.545835947353225,17.28883154955233,10.355313395341517,26.620847318877846,19.64842911771175,50.910147624637304,18.25898126057882,12.359737946948748,21.557567758287245,9.862003295751302
575.8526099216455,263.6853845656709,81.86209637616709,2.390135859653681,7.72895881050323,558.3544956786124,208.9880994010013,81.22927288075435,3.16651049023416,8.639187488799323,6.0258991153387695
840.5761171680933,349.66776920896035,134.03820921442747,7.568469754934406,47.96925423314178,846.3192314792414,372.55334930329525,162.70237229826782,7.589820658661839,39.03782324549749,4.901371864787989
468.5241581875768,30.50881031261568,151.54517874687502,10.980666297983003,33.6281781387021,517.9180152384838,30.511857282295345,222.293603731978,9.78913175334403,40.09350113678078,8.965095037223287
584.7511473244869,22.596816524739072,642.9765930231104,1.0439193011425574,48.27576188515133,629.4623689842197,18.052272872690764,326.9714533652637,0.9265854469710296,38.073505282603186,16.64912845537943
14.434878758859217,890.7216381402094,97.01104536896854,7.775613311000666,39.30610774370838,15.344120986115847,286.98794197930334,294.9447873352176,6.755540718540744,24.406256915900517,10.188025942294873
14.258193547116829,522.1732309529184,67.59228475349389,18.5601789983799,4.254155641422747,15.105260567822455,181.31360825590068,56.089219614858884,16.828087746426068,18.535347293234288,11.303399448058093
25.73190558039128,76.1966172570209,18.40691793611687,6.702428277135332,35.82214136365878,24.079037750841582,78.10066843478431,17.58740529013174,6.022959664504119,38.44417853329813,4.740615657194396
433.2679133588429,459.42600027171113,29.75087211820096,5.107233662702653,5.34082863995785,462.533961477266,29.696390792935496,36.593459210224346,10.98421918715222,15.098687980057692,13.527429835569006
483.1440549950807,25.502428372533736,11.64972050871254,11.314321236702089,11.688011226973206,601.7817703609038,53.81902506668511,14.174210940223677,10.81602365458696,8.658632178250068,23.469128970616033
71.98952367275628,884.4096000822522,216.56809416645692,12.53558770539917,13.380984886348303,76.68392034095172,542.0904785554511,212.2715230150301,11.031472906354926,27.34267256154751,8.279015806733499
56.383377114423006,26.188499588434365,105.21349518262872,5.78485741206844,14.90584261633122,50.84637697241732,15.549017765933012,106.74416174172107,7.84565172650427,9.564920490479086,8.9511740201596
79.1220318599103,33.44276899925647,30.909280097331823,16.227251961349488,15.41437172593856,90.26032165667011,43.15613391030313,32.39320022650209,17.680667903127176,15.447562767396565,16.787939202880473
69.74241116416219,16.843968770421192,193.3712973394446,7.502754044537715,24.351859692551944,75.13382794423102,16.954739936190318,346.7344004275405,7.551823607090724,27.181626427169927,6.257045079695985
32.58534665592941,180.58508141539392,31.536626550027353,2.779272029794827,45.11691454503108,32.04580137255352,172.15381801706556,33.37306129218679,2.533066435669804,63.62929789977285,13.698483254699559
195.47598505156276,195.3941384224418,236.54334132895823,15.700227304145006,31.851206191292388,203.228677828361,148.34149000182393,256.28312361820184,14.904102433727054,14.013285766860966,6.7081478360189575
101.19377681996893,39.285333948150786,32.39247616583625,6.339338782453202,24.132518947712676,106.32906303592026,43.78825861742907,30.618073358197847,5.006216521741616,31.340214423871036,4.711746455500937
10.383809896623696,112.79572727849882,12.516668371879328,8.694493608660379,5.155198630429387,10.783872107371222,66.2017754067342,12.817970617967617,7.068342265560171,11.281027507762076,12.65805393881434
60.47253200095055,17.23842966694182,36.97438721189299,3.6563865937561486,17.617339467208982,55.8961489518341,14.801888978875684,46.55773583224815,4.104102872686448,18.89087418503138,8.06549815089789
168.16940126379632,11.963026412017575,17.96864119345852,10.499191743564586,37.82426832717877,167.50963005049712,15.055830512773493,19.932533819599602,10.674085083120199,26.72902620973845,14.523476501373109
10.565488012190984,44.48228275676047,56.06084983377855,9.967254487977325,33.43122585538692,10.973144218344453,45.05537198851371,50.13219147997618,8.302856353215867,15.900900728441572,9.022344744314083
10.991997680139486,53.3001176576558,190.18012514550338,10.909340174924568,34.377879259927305,11.455677923690203,72.06391970585307,233.47722189139935,11.093550639810614,28.25442392003431,12.39280485484312
405.5716724985231,207.7900689950338,20.422742512059667,11.63125847142417,44.53037584670247,432.2742277348312,167.77746481916736,23.365462004143755,11.504435004313805,53.513793094842306,9.036516260131757
441.25104785732634,34.0600650804773,172.35366637352394,12.577852400342584,4.695735521405851,453.19697851554866,82.95766664986084,183.98646584944694,11.212387225829461,13.380116524044753,5.324049467230537
755.1269491419107,65.76360945703134,292.67310269457954,17.167862446233787,35.19808460330435,972.767334328301,51.77525879475997,290.7618064344307,17.427892500271085,27.83491424377149,24.417046402440544
726.6005158939727,223.58037961110963,520.5763360592766,9.510257597826756,8.81724630998829,824.6161185432793,372.1453545275657,547.4557302056016,7.732222058940112,16.253336217784284,13.669829810986966
22.09888235945362,600.0306304193642,670.0971587377451,19.26165284253644,32.14561118223125,23.514107226551157,91.3082456496087,765.9002986821494,10.161111370653316,17.677785053244328,31.080162054665365
433.7374163244566,38.52043893419344,24.646703471624303,15.260546870755343,7.763116656984997,460.10570878043,61.62775880850464,27.673568846177247,13.028235627580024,12.562328770476235,7.042101294901092
20.749779244577773,990.6054998976339,39.774049489330515,4.880657780659114,36.81453979050959,23.486417772107217,785.1940459293878,70.56828147487357,4.211972981392854,41.43695691762543,18.773214142938343
10.824845332340807,60.30487147742076,48.999227817613495,4.367252941736832,8.87663033472163,10.815602604185292,64.99611445413821,53.64174559859746,4.760726394760723,15.011392390455754,7.43584658178064
57.2053495277449,392.0996933322567,159.495444719957,13.981729684457704,41.40448257334788,59.16579417834396,185.69864149027646,213.84312116376208,8.547829317014225,12.455818544121428,11.425863391684764
19.953435734825167,34.53957929863557,63.566599004817355,12.834004097188725,38.878261297256,19.537213496274592,40.8943665870269,59.863924760296705,12.666790696830766,25.1810407493755,7.887966136920321
96.05814667651994,865.917745148851,46.781206479633596,4.819541568205961,6.14430966844135,102.2992172406282,668.3732367553787,49.37502392756284,5.389815902940766,7.932367043954574,5.978331704655735
34.153307418686346,334.62055422424004,39.47431827127264,6.99642336150549,35.371389144331715,34.151286796149904,430.82103110056,41.453269361755964,6.981222390808922,28.585119088716716,5.044603197384341
105.15679150264171,79.78566670209203,23.742345281606042,7.9890650529925304,17.62646196809222,108.4430479782782,44.94954012042529,26.61490768793416,16.413269777680156,16.440960648127426,8.498260712253055
23.342598105940073,34.76703632490694,121.4914834195219,10.923545148494759,45.484515907010255,27.03109956656367,39.81415962977335,104.84190849685575,14.107435009056065,35.896313795755425,12.162169372325856
30.502595310846495,67.97145896575587,254.41411504386787,3.2182970452334927,44.52261530845778,32.77504491929883,79.6488689631595,275.5763286853793,3.5606019132343674,42.65315598494837,14.545644581989855
15.271340211947205,747.0390576491997,10.233205130749939,18.42940285240951,8.26859504990288,16.311453150463073,238.75009281801994,21.797127817251038,18.083434409836606,24.181695317410817,8.099781739960168
362.3306186622045,539.0722945076946,10.63521686306928,16.390256563217633,49.097910516771094,394.12666562298114,567.1651104968137,38.86883613606306,17.387149385518104,36.23835056079171,9.806020796006342
22.61610467176704,15.201687297646691,550.4220120739915,1.450351982014873,30.626762856018512,24.653997002567003,15.680485837120758,502.50164493615205,1.9922661815268188,25.662359200763994,14.558482126122655
383.5059839261079,13.835379743953172,15.38683861086085,12.608096359443932,30.59343186364311,451.77210353737894,25.676186100908186,16.926318584100674,12.731610214995317,13.968734292612996,22.24801685830569
783.6556764641667,999.8941807119343,334.5496094611709,3.054435111280165,45.14938209596717,860.7509007148146,905.1446077150923,255.6142188020403,6.702454214969948,39.18717522956031,11.253921095840647
380.0248213070975,13.455965498458442,32.19453641440197,5.371959927089447,49.297498984074664,408.472320590191,14.84672984074999,40.032425196851314,5.530571482413017,43.908989561597764,14.770126843910724
26.870836036280732,24.467776802921442,907.6519326723633,12.038825842526162,16.978475774369176,28.293557273096752,30.657733574285636,864.906029301842,14.344346520255236,17.778089711815593,7.843012249571886
41.497187592472336,69.88815899667568,23.584383850526756,11.593744725735704,14.380945503799303,43.430969317933375,97.37886271476957,24.281264534140902,13.231139700395126,13.096455843956056,11.33389916038955
16.71494806064448,44.01444082685081,138.5068579325551,3.4789073300673956,38.193239507273454,18.68249419832197,58.63833344652148,128.90768716746325,3.5708969485020168,40.185582805189355,17.077261779558672
168.5836864708945,52.3867084170056,931.7110880157243,19.11069542194554,39.37353129484161,166.40182681423644,37.020169566162586,750.1782525508464,18.163161612841524,31.46454385100445,9.406334639496421
43.53779893948969,24.545059715971657,330.11626291290054,15.526218227288863,3.519533217639074,44.72721114815919,82.34117359248448,327.37620926172673,15.42023730956111,13.888330279431077,8.70553059008972
31.385064860674877,176.4800135186275,335.6940986578228,10.614436709619339,32.78981193296515,33.15164125146843,96.80903078896547,263.617354911837,8.296234445010066,19.101096904873057,6.62267364871722
777.806514971555,891.8738596006581,25.885212936592584,11.857203477543116,29.63591160164049,879.2841925991792,818.2809003252844,20.556450647382093,10.838822006475931,30.30139390250641,14.247837913441641
59.427130151326566,66.26811077197175,160.75703985083774,8.895125635272493,48.11422247911356,63.731152750998795,60.0399722443418,173.34861255607206,10.717651176976089,38.471909691773305,6.257814359840029
765.3350971915029,183.66065666901895,251.0411637128923,12.098914128665106,40.18051053620775,862.8600912195038,183.48666369615228,233.6936136468288,10.593457542737191,15.561992127515293,9.030886295697917
17.868446336503897,19.033041702815893,30.495718346533785,17.4462022048742,9.973439955778312,21.133542306582907,17.850252768096585,33.83110249349625,12.686358817983974,22.926796470378758,13.545426118317172
242.30747432436834,884.622882813699,50.49972035990945,2.1276683676580106,43.34069077153501,243.14021263116211,767.1883975766851,51.91060819425435,2.088110146884611,56.19233417774642,14.924952527958732
695.1339127007374,450.77110280686344,577.6790962547218,5.839012576894793,14.80401007193749,759.7977694483579,483.93834868351337,463.59282896380654,7.935295469001349,19.084213931065033,10.783959333224233
402.0419948252484,388.70224972975893,337.18820837490154,7.427343101913282,13.601792556674866,418.27403654042394,346.965162366356,375.9243494994469,11.120964323434578,13.59844194322315,5.805481629918102
214.12413996383384,34.36789791593917,398.6056567410134,5.295325663489392,29.120277245259782,228.88647376194896,30.36009158067537,443.2215099825876,5.396392184044309,22.429372153021987,7.643105174085319
189.62693861699142,659.2560516316537,314.50495320696473,17.131785829794826,12.168849222416524,224.5459847386267,340.4681218866172,375.8695074108462,9.964882311073415,15.697152455189931,14.888721189515131
296.15712128414975,318.38231568872595,722.6306359439064,18.368114356641,20.202883800319185,311.22450961994355,271.9438475208324,659.9465984606804,13.553103522720196,15.165796204463117,9.289508660000251
100.23451750160508,139.32806493853133,14.115802415917104,16.07221953983209,37.95541216343559,101.0537617925073,141.96441860192635,17.146923028806743,17.12848470808693,25.991928335689106,8.657124427032308
515.0722897143127,29.061423054250145,860.0075677859558,19.552877177404003,13.72348366106651,640.7168179651616,56.67083415448227,847.7969281465968,19.442057365905747,26.1874521279749,19.824938782065438
259.66910873347484,423.26575603149325,32.11015884620223,5.362772655597155,33.32675069445772,281.31312878371926,424.18315733907707,35.44385988626869,6.151878779984652,28.971497774438962,7.121786756715495
365.67200617329945,142.484813686147,242.36347810727383,9.667211489014376,36.963172753477565,373.35694470963733,131.13357790280602,241.33621163716842,8.398152864325604,21.025330990969028,7.652942365301986
116.14101544044834,137.75522245716053,189.40034370076577,16.705016100061957,30.650650678185364,110.87468194174173,104.96811464537781,176.24353687532988,12.863242166110073,12.920434663295167,6.7928443705862875
211.00673580120463,421.1257783833194,15.236213280577177,14.762587258071424,39.52258662434603,232.25162893499174,632.0936124995125,24.039952554950204,16.888470985759014,21.40826721468143,10.710338378991153
900.1105769268507,515.5307883376122,381.8631202409995,15.690431395028558,29.893955336159085,990.3022756992472,548.6344039730479,332.04445713340345,10.553327053799611,26.325676321879953,9.510399340942092
793.8571780033006,12.323020447388815,11.044587490421518,10.923061781995054,36.67719645813355,976.9689998347122,136.2846491577185,12.047165013651227,7.727707359466885,6.2803102585750965,21.896332963849183
41.90435613400192,143.34532116012196,46.296465830032055,1.364876814600271,22.9214579501035,44.7091162167141,172.17098511419417,51.51228734371981,1.246252883647377,33.46978782835503,28.125799522345535
10.760503821787788,29.699358641586226,100.27985936320437,11.270865185884576,28.514469886978564,12.214953505475005,41.98116238612697,109.91305037081636,11.859042627953672,29.24488158184052,16.80104474698929
141.07871336160005,438.75421705544994,94.40583090286793,2.35226581187658,25.520926129058758,139.36288327092123,514.6587462694846,106.68647811208334,2.3782880394705654,29.891135590821786,20.173822235805247
250.336146112451,349.4591175124628,303.994134224802,1.942833978130256,29.433568371337646,304.6121942280953,481.11785019220366,312.5607506344378,4.769131532513379,12.781664721812469,16.22490852211767
456.5520975260562,918.7891491753328,613.776782016944,2.9288567133532166,22.878417658243404,480.86345298083563,904.7964616396921,511.80420395021036,3.3809426617987275,37.6703032123967,6.215938258222651
31.87140598803161,19.072750840270984,258.3977172153818,4.197371603894042,16.022066777030947,31.55155540110455,14.58814762230448,257.9628826396497,4.435738070834613,13.776198491143075,8.481355234926
10.624265871761517,375.0907233015973,70.4755682603736,4.355138355481968,41.43245837032779,11.069834696607925,442.0081728539208,63.465003202835454,4.493350418463596,31.04451909250092,6.024406421446231
47.367629124318235,48.3934619656181,714.8631763483305,7.304250595103951,29.09637266047098,49.99095353790696,47.12798587902288,581.5138238679613,13.391378358856555,20.870924148050868,5.193451940979386
448.60811930956,189.35920488673926,20.007036693416616,15.394798196320796,47.471362683778146,514.3306604675208,196.56878033573665,26.514202007294884,12.12771768823432,47.18039410269676,11.884317337278162
80.43965380156845,42.902175240584604,962.215242426494,4.836265096690806,40.86850499009556,88.4552969014292,37.5368494891778,521.6652652066496,5.519612878739372,30.270733054281248,8.548188542811602
32.24693881494897,137.85494636493462,502.7424635943007,18.140700068072448,42.36553886783797,33.445100529439515,79.61461579409152,552.6061542610839,13.987117570455787,26.624206042449643,7.443514265402859
41.74738021387025,400.2729411744105,113.61849879680697,1.9542991447668123,33.00241894527356,42.30606832756229,530.4101536188477,152.94257817434064,2.1820779309032594,27.93540307569078,13.465262886352502
236.81467381283244,653.3923514438194,140.8222739415573,5.909790209631575,11.083488218772292,259.7707906931089,708.7528047557572,142.3939641761234,7.465508500115203,8.72257819429698,6.222394254864805
17.885406400683003,12.367845653367608,640.1109698513156,6.988031349484784,42.13470858088936,19.70531423995847,11.807333227029963,331.84490902027545,6.1837910252305,35.83040835207935,7.814633373855711
718.3808671359067,14.588360392228891,22.120912192366937,17.455370769137165,5.798797979683243,879.7143539980127,54.45093501667008,23.068380610925995,16.32986526993162,17.910197442269588,20.120780501545838
244.69817137639149,20.988541049077185,92.54702805051635,3.2569851139959582,28.37111746987195,248.7188089861155,21.683698266058197,124.91903595204238,3.056565914104662,39.45484755426692,6.555559723667848
204.32841014156935,20.8315895480707,566.4148695414411,1.4011765394874267,22.204489373497186,217.55662638316366,17.30701066284294,463.4956970486521,1.3331085230168818,16.456512384810623,8.987828663731106
295.76824638138675,17.38899285204645,216.9642337443945,4.389415883419833,7.678888555900465,349.20402942695625,22.184686373830868,256.39617403485124,4.415368522263043,10.634187409735368,15.194413404624393
314.7453731113793,868.9879582866341,178.76912962697938,5.694852344128693,3.285795759127833,293.433548368948,348.39363446385124,184.52502082103499,5.367437333640303,7.551348501267599,11.92572319066256
41.323903974995204,335.9532201424909,101.46822432615144,13.429987783904494,2.2973254398559444,42.798318150121595,107.78272180938872,118.2708706392423,8.97228826261393,11.216828494509253,11.999717038367137
16.864587775297274,52.93658633084149,63.63026515463484,19.91120203632359,17.406879932061543,18.916429498016797,32.1382511613162,86.15383281101367,14.91793747233347,24.79668586947977,11.325210538052264
40.81734467173089,950.9940416143173,35.15272420938939,18.47275823101734,43.23198644774464,45.482852744049104,667.7894596124315,135.63901051454545,15.976045612840993,35.08441890220695,15.832865560781565
109.30857164839298,12.825354878080963,63.850969352399424,12.070975859327694,7.936237859381393,114.87040505180944,27.762976235087578,77.1411150999796,10.410865514512576,23.46559937045457,7.215605039930155
687.8192191791798,655.0484861937589,13.978666643535913,18.418970293387755,10.729518989647078,749.0685032430206,548.360459464231,22.460087458072735,11.060535538570662,15.281967151790488,16.245751397312024
155.0507478862648,18.752078389877326,739.0857340510019,13.8501880200055,46.999508835768665,152.36760380492584,14.264517770790285,493.13776803051826,14.865183524087826,36.60631338368358,5.107613500721065
16.65757636358663,406.89262525916484,191.914136677488,7.811775311002985,19.203774805377602,17.91737121269447,441.80609745219067,74.96814822263723,7.481882297767743,36.322014691695564,9.767554170568467
12.631965923681955,67.59481834296261,174.85314758056103,13.427408388476401,5.0983041756572245,12.54554179538693,195.95928537888756,141.31909913806047,13.338740790202525,18.717667871329787,7.16764466804138
421.20958743309683,84.69457788912547,935.3643553603049,11.914773745306668,46.98602584755345,460.0810770374731,58.6351827724252,533.5260729240379,11.907976361315127,28.080867503536677,8.583731334303998
258.617465234249,10.470412910914636,61.34113962396172,2.0260410131507234,24.02603328078208,301.19543764400686,10.618780680487927,100.61109908233607,1.7270451458963691,34.099735590886105,11.136586039146314
174.3283808199828,29.69688930736472,184.13551718950433,10.850366230647277,5.001738222359436,175.62061631180492,44.02466721160724,223.65247499178594,11.24380814341996,10.316388633845119,4.060987776107545
45.93794443017607,13.34439488926982,828.4433847227654,13.9328612705035,27.96112409300316,50.30823366791994,16.523395049541033,506.6505795095401,11.930671530655765,33.31669445428414,9.21186030255809
10.910579727142633,47.478153284379694,97.45772590849023,5.754452486827807,42.20729222762285,12.22526273756943,45.547850851780375,82.65840132261165,5.370895828748829,20.29172418815713,12.425005174612808
229.5095479069097,10.117585465518225,37.64571480629319,5.449214675581498,18.616497309392688,232.97043526493607,12.59799092917142,51.3025410346036,5.176928807422164,29.072136954901044,6.186308825965292
19.32408907833257,90.8581265249818,114.84788395759372,4.963988187638136,19.02719391603179,19.577669909644996,102.00291556478015,109.71392564522905,5.158480985885669,14.127078957784821,4.628524412257914
30.28639672547978,158.01386012452193,11.68358121577469,19.662733926918317,2.502196861491445,33.29155998636477,42.05603914347386,12.441867852231056,13.879185054830973,20.01130753712833,12.050097408452478
143.38212638271574,372.045722771967,121.41064193475799,8.019638321980565,45.37906594263525,168.74668463087767,431.3890298449649,111.27484853371935,8.036545104255739,36.756744222450585,15.54677633542719
48.81822995267595,70.06393452486367,60.08303415924557,19.594529114304507,33.853477172230846,48.62367229209058,55.53771371067418,71.36878430774823,12.053438337535983,11.181556634698667,5.632225985977378
137.85475885724907,264.12953425767165,48.75152378756801,11.276872349171876,6.808753143889764,138.80002544723726,191.92035237653823,51.72609185993051,7.415267158705148,11.287137019438417,6.568270873441867
197.63405172972233,428.1172163103109,576.3109312575845,5.208861846370213,12.298866048559045,226.6545993655739,491.8681029646836,555.470280396148,6.616165506719442,17.388501850796732,12.152303673951462
75.14616258523583,71.63103288389333,36.60253243088217,12.877797054661078,25.333400026653642,72.82745000060218,73.22007423634791,41.93738131157919,11.02428327185675,23.005557425402863,6.036596891479943
84.0341594268156,45.06057235136175,40.8282931845482,5.766204941447322,19.5222678504684,81.27547196502506,49.4476463335773,40.26156244979188,4.660783334637717,12.861293809346707,5.54073608219587
60.768066710405385,25.14009191427455,229.1236245220595,4.4451077165511945,34.39101211548175,58.87867544550677,24.85608100235528,378.09226037250903,3.5918615879210587,36.769079821622284,8.064074288599782
92.75839575487893,415.2920514900531,10.97786841115792,7.885140846207908,32.303104188856224,96.79632570422845,658.9076451901132,14.537225529232648,8.416468143025217,19.277526365120245,7.240501173322166
16.7771299805951,13.542964120942766,268.47126842723617,5.699469830575944,33.622254856313845,17.627180334267432,13.17116679774419,266.22420091064976,7.79448662844738,29.250125946133153,5.421897019556457
11.310863099716633,24.55084424548246,12.949166710228273,11.095519000135814,3.902108550003957,12.463832114510755,22.95987726380284,12.842783227574959,10.47041168099659,22.087196668102536,14.170785321283724
33.81268217237707,493.1250585698936,22.85515361810772,8.857790694889427,23.59324639731805,31.259965483155515,411.22525170914344,19.032002008510556,8.193233021459596,25.089492734228156,7.971158134009092
339.76481030883923,210.48831934557882,137.68047380134502,19.503550855902315,36.048835249135074,376.28602386830005,214.18285690403775,133.55863942771555,12.157667808940033,30.86838459008214,10.593090857731251
258.8268073288027,53.63685534973423,10.760846180777165,15.522242901482537,30.1056034097525,271.7474284016326,38.48443013628457,14.303177239898382,15.161145567897458,35.05944007272045,10.57996407661946
97.68580757550127,483.4279346978913,922.6381704440195,19.475519807218458,2.978662479007035,104.79650031716062,276.8654818508893,959.6843955371847,13.129160540301504,12.484453576011722,14.322115357936527
876.8179139041928,34.54533096332332,30.08784756796811,6.534449398463891,34.20354988743904,981.8158039572669,47.393304855762615,40.67397498927021,6.7612182210065,13.873658001379473,21.30946534929041
461.627787115078,14.634633540845902,113.15579369399681,7.029371345004271,30.570350026510553,516.9652617104388,17.29463906685929,175.73876292807427,6.4377910865476125,38.95227438477223,9.853337977638825
217.68754440008803,305.0808025192213,18.582161019649448,14.21926745904028,28.880057406781596,221.05233477083362,321.3242140779128,20.667979215295397,16.42758757410579,21.49260142887192,7.516495688069994
52.480028554890154,467.4976282275369,68.00383196337725,19.306023702238626,3.785003540088555,59.57525351390043,111.15697002976464,81.61479579485139,11.699129011358046,22.885178955028373,14.906274890503287
44.19282796702967,279.70408066403803,220.65647365620055,15.276962900296759,17.32939293720231,45.72175666137468,140.9232087145453,222.2601652080825,11.013416292241944,14.663261633689416,7.960764284047758
113.5008931166779,80.95539128550486,82.11610532296395,18.436545621552934,35.342855767990784,112.19356536750173,98.11651575418301,86.08994338670819,12.723729806650573,11.036980091529665,4.832677922013598
23.06799030885646,755.9452300212597,30.628374059602383,10.621537443672763,37.785079573774915,21.695657810105,621.544632961947,58.32267939708222,10.033756491630148,35.849912282181826,6.184802676716675
117.47283781930219,224.29546117861577,43.63149150307823,1.1757297019890809,31.837134183092573,121.8290126362326,190.81064742522008,50.275559067131,1.482969561546576,34.33646242258188,12.589150731149799
25.912150491471767,16.625796769787588,217.95114220748286,5.4837139866479605,7.501033690391679,25.370181117896763,158.1190296826955,195.7145082392262,15.96639802469095,17.754814411747905,5.698776414444095
11.065662491512548,181.94689161588252,44.662969946971906,3.8076833253311526,2.5340849403923915,12.911699961164839,150.73674555400802,45.31726949307279,4.154933061312525,7.000098683108567,16.432203626666325
77.40259734443421,72.79612497053776,36.84985154311576,10.145228830527728,43.60800558957711,80.0893107805452,71.24989649035244,41.111553660623564,12.197019257259196,41.339993556794894,5.084950685753191
14.434136391487598,83.9583898253138,821.9218935601501,1.31407741869935,37.27532426132951,14.441557446981083,114.87223770552569,893.3974524542806,1.2770691902298767,52.931352762228556,14.735154593072957
27.917311533679943,651.5143254724002,166.91116044766008,7.288039325983524,40.45564522096152,31.9186945235874,736.2911421592918,90.5113933073011,6.7936889176232835,41.88705252933408,16.496698856533897
376.1994690348793,34.5331382660772,18.569637093860756,17.773701053516042,13.994065509526308,429.7166952234987,43.29605972097356,24.568397681060464,17.166068849628765,15.82546276764276,18.334972834059958
54.41211891141667,174.45285066447119,739.8029699578666,1.1591053990858835,35.90639360172563,61.40756739000471,185.6857091323495,746.2377144714344,1.0623566172427181,45.178377634257245,11.939150179655305
608.9974784479347,133.52392845433948,72.79400252809089,1.4642374986808493,30.35842784114267,789.0403531646442,153.03379101154653,72.19677796548262,1.3640436806785654,35.25186832857467,16.62922958998213
112.34984551690796,55.2472509953355,57.914663062755956,17.260683982224595,48.2402057027448,119.41339689562464,63.87713203454216,57.627795091492395,13.604764430766313,13.82219830432549,5.278992643515483
67.25956659395762,153.81954873982025,512.2706866192037,11.037117874369498,14.759025379409813,70.37995431211087,240.01342168056462,540.8326579618403,12.477665398072556,15.698695707282882,7.062210952539185
46.43436194834957,398.12317195003453,293.8560104111249,2.4602900702835773,13.289575749606707,47.88885467670728,419.29725727531167,356.8424944440422,2.866846671082537,15.664290802295175,9.8527954216966
115.72037709037775,122.50184953624121,14.334172865823978,9.474263488787669,13.367992137337454,112.18965664700066,84.3565149172861,14.38698113350313,13.746431139658176,9.317164696931098,10.615471147949666
37.653821441878875,13.451848431337622,939.7447301929433,17.904890265521367,44.829236196074824,41.753999305732016,11.934590482779168,302.4874192459942,15.82215912035561,36.54774197902558,8.444921757913608
450.0783179435495,439.11059088107993,17.548554544197575,9.082097736257174,36.06184289417224,476.9415913180625,352.72130517804266,21.034732105183558,11.51872645675303,35.944844889729524,7.008277763622098
76.32455930172634,493.7324785170705,779.773169019156,9.447669297013697,32.79672633050255,82.96829321219803,209.30732483605314,799.8029025274636,5.927163237774191,18.47660198893685,10.626648630725178
37.33623911812422,138.34226072128385,900.2077375403832,3.244969517437639,14.875565978559875,44.84629835873445,178.01721289159659,1193.0809029018692,4.158256961773664,27.657169006313183,11.347961344500595
105.8384478032523,756.273957658617,53.995991730972136,1.7742327765093764,38.5596350333664,115.25410487826555,642.665357262114,47.47131471981299,1.7817686486350512,50.01047817437847,10.363496161248262
104.27148856075873,48.26194996200369,44.885186413133844,8.969772178927784,29.477479503371313,110.98542098945896,54.26724356936517,42.79926976494691,8.623437541586647,17.775530171022595,6.1900758773707825
125.46422957516901,18.24531519681971,345.60101617055795,19.692505171555023,5.694521303569092,131.5966755610774,50.53141694223574,416.0615189732051,15.417063950379061,20.421676407291166,5.867285774311581
50.44392520758815,46.75234307396786,105.5989504497593,17.33619471979761,9.170717768265975,46.86099908152467,58.04339766616995,113.1397942193959,14.319609560779368,25.699366550280537,7.982734186672919
14.898928283506901,641.504785443146,30.767697653354865,5.753442086613771,36.36210194835263,16.605803812219477,481.3262412906779,89.00269247546325,4.949152765792977,30.44444847571295,14.787970667149047
25.020680320047607,368.92295990896423,40.84012291467057,8.98083801474514,5.954384209184865,25.02929574153265,150.0943287530378,40.74300946281007,8.16691980870767,19.338251484557542,5.2404869484503145
178.26935746813948,138.2963229929978,23.56811966262185,14.73815134441947,5.515671771992529,190.9491458294646,35.21060717464532,25.753624153709826,17.222204638566236,15.27460986719474,8.881414164414483
10.04409164888683,28.699051831868758,26.292938564057305,3.3538378576427137,9.97285821138089,9.683838387206944,30.741619315810347,30.157018708958525,2.7451117010857593,21.51131377736591,11.463746804216425
43.83528941697466,883.6393589604667,210.46715187442976,15.70014124509466,43.22630170461,44.19787105789581,261.49135200156377,443.27700315235063,10.683986665639278,16.823896082794413,11.216276868231649
672.7013629432571,35.84640743602748,381.3472554853836,15.013334027303165,39.26009820317512,873.8095096424154,32.2463301543781,246.70697344968917,15.017750776223286,30.07258193561305,23.52863979892932
265.1429635697709,45.930041631179996,144.63419873584087,7.813913426284535,48.61206853520713,268.3055108762206,52.44626681906515,141.18292432098175,6.760795224633239,42.82085541378654,8.25308979328027
117.59439526108959,354.76429019097816,26.165290557451662,12.596975674246671,39.236382275028575,125.71324543740997,486.1039079184308,27.522509468002895,14.604891809726329,27.970877319658825,5.590109291468972
32.918524826740764,987.0889658309184,136.77845893271842,3.231419680681352,36.20778785076569,31.996304111025847,1010.2900016139246,131.6573834117903,3.4690435614950004,48.450084390957606,9.68667058751219
306.3505740782755,917.9181043174541,26.699929316054906,19.86975908770949,25.98853777604362,345.0870222343303,696.4708349150216,24.00442104108763,18.41723168812148,33.957199717098206,12.819562710000756
197.9351901319231,65.91046473076457,58.35083733999177,11.672102014067232,4.712764346836448,226.80281483277363,44.51988565160284,63.446535095557074,12.335970067703325,16.54805892908144,9.492063969238577
672.8541520588768,19.624043760090405,525.5616997665873,10.94423925138245,37.25977076658008,711.8936970416033,24.032942411425434,597.164510899525,9.175730862894207,43.06819235145422,13.496546869058529
127.47865888523525,165.71131442497347,299.9758338348099,12.887487875267539,34.847702115584106,122.99622378437614,145.77532516803302,349.05776126870984,12.256955929613339,33.98421565984887,5.7879897412212
889.6711207663908,134.2974995300826,54.705368934845616,1.9956318762383023,6.318074278743583,921.6464421597121,122.46085259716882,63.65992169389606,2.0406610550100743,10.575114265161512,16.364556513063057
14.524351575889801,96.94853460761072,31.170691430779886,7.188001699990366,4.251269851179686,13.348220797112303,41.207926232868,31.964987587226215,5.191838182420224,22.559001922250406,5.892350218456855
11.30430501187098,13.227654314165651,690.2886890058924,19.177650518465555,32.77298421543601,12.573857524255391,12.30637910164274,240.29148622933116,10.948889555912094,28.705127270770166,13.03003411428282
53.956760935860366,476.0413351623902,31.26460412359244,13.140518576767859,40.2132031340293,54.74940157940388,689.1725976965956,23.476646699890168,14.175805470091927,29.89456240497921,5.839271928715758
300.4453425286119,605.2322905602015,414.8991501733543,15.935092839208416,41.61656175864528,323.6085442920574,784.4949566816067,427.4006102898607,15.4928202560978,38.418056747883526,11.64152078248821
286.4723376799146,45.607757416043725,10.368512226298089,17.15220411180591,41.479671125329496,277.5330673882483,53.60992258005221,13.936408326217695,15.672226280204978,32.3986160027418,7.803457604621175
115.29791297004044,59.40220773862938,206.82009179445296,14.742288954477777,43.012242925980395,113.99237040560598,34.625896461846246,187.32765643154553,16.786333515685538,21.32696861998592,4.616153105889174
13.970825232383085,76.59598138640004,45.95099577825183,11.650146996712957,23.651297310713076,14.533861238914938,154.60476989623587,40.38462266067982,13.203988607904655,22.277519134639526,11.243231876554198
60.47448083060872,23.18815667713977,10.303171849930159,8.84583539426098,7.002052556688443,59.61649125785165,22.018110643089116,13.138976684125733,7.727774438873613,11.738574806453833,13.745713328141637
297.3578908773504,116.98977918315704,345.9604338223084,3.163891240380082,21.428480486162325,313.57248809340194,80.18975643245338,295.6364806467539,3.9653904865450507,10.489299870740956,7.525619261623256
251.2828890712303,120.68407287913085,307.98664041851794,14.579705957123098,5.096015967892033,257.36185315787833,230.2530286491694,321.5890917015545,11.907887671099553,17.77627076223072,6.048672586135575
264.4270154189985,725.0347098521127,12.346155811133015,1.4241883202249015,28.80406306641793,241.50083102959354,615.3665062741268,14.740364409729127,1.4216409967615962,33.466149306816895,17.87962086941562
14.561936344402115,796.5767059694969,188.45342639551856,2.128130652766039,10.680585537431469,13.491894207860126,367.54999942935115,221.8018100617578,1.8526099519509447,29.186463459000493,6.086491226657906
40.93444224351762,842.4093267238944,14.507853403662988,14.864401204229189,24.93601837577782,45.76314826098613,745.9011130777506,18.711907842394584,16.77111701674449,29.660141992625434,8.007505602701622
101.97665190016248,26.977644356667774,13.214818877643356,10.493977973296209,21.853045475304054,101.46447675557388,27.69956450805091,13.795388757513887,10.409002280251773,24.326516572359175,5.80171384495358
917.8591656199761,532.0029626677097,20.32526143118288,19.6306504702422,10.019996182874388,972.7464225986008,411.8607672350765,27.404323141464985,13.413370994025165,15.091471445898499,17.841731771258075
105.58903925123877,125.42542332529567,81.36145553522258,1.4806017476662143,15.337258939362583,98.37208140235126,150.67813390424482,99.85974709429283,3.425188907115771,8.522684113114423,12.77464669829023
10.106964281749244,31.1670841759694,12.38467679795186,18.115821796159313,21.962856700913576,12.862297634857057,23.6851569261879,14.150326769361117,16.13534001441573,18.397108579211814,21.535772056469433
21.611865953076965,50.242937135035895,37.514800788156535,12.712671238000086,31.350018079316335,21.667574092193384,65.010651556424,40.49813822023296,10.66629609725981,11.985405970763816,8.803258623088443
15.322703381706663,691.3249841391092,273.99834290474433,2.838300980069871,43.71147161498445,15.773264294636032,607.9180853624583,445.4924806989515,2.813084064560381,21.975386333091304,7.009871378928824
880.6375100018687,320.10667337384376,143.60639042888232,4.159178708940341,32.08721063226188,1030.5848291310006,346.11862197497175,137.5016312117083,3.71676805214026,43.0338665270085,13.324225358960923
278.1868948386983,83.77040997836843,19.061091782244628,7.349289853925296,14.494849372282932,282.7697817954168,107.07010331358705,22.075230197527784,6.5467078162608345,15.178193793504073,14.27920398954302
14.254420087560332,68.69438748768987,792.6286528912018,16.227800777813265,30.487932177585137,15.929740371306961,96.8320885891056,518.5318863275028,14.443217396125394,24.06235765940463,19.045110556064976
297.93952100164097,11.122076692627585,101.44043271631534,8.025752061205075,13.089109711958509,360.93528497491593,14.122194795320876,148.563465171944,8.167044136587887,17.881755335730965,18.602314094348728
679.0704694124801,31.905032158878093,28.08970334617672,12.977376848896222,11.132798637361786,712.5226101878278,71.41684054434306,26.13985021037703,12.056797798171424,13.63727696025358,5.518193743168118
127.52887099339996,40.16065933912717,13.615939400715801,2.0910600938355124,38.92391251355238,119.26704520126819,33.28655533302297,15.142388066713504,2.034405057055899,45.50843399728376,12.77224727728153
44.27754462702707,403.87911213545624,61.09477526335323,4.232937196756687,23.705070855944268,44.13121951436904,334.6568107699893,66.85354139008864,3.827894297812193,29.090470062271976,4.91516510232837
58.589010755657995,10.59391170014728,13.794775313240176,19.334433483890837,36.52609252710092,63.51915524385161,39.635585799484076,14.097754891021232,11.393856051787079,10.97030486382418,10.88141216363674
13.901583009070105,16.082055337723787,30.600092146075024,7.487777328860571,49.36545461219228,16.32800719141645,13.996839440165742,38.96384799556575,12.139091777262408,39.079605334424,13.040510341931705
17.601300408203656,62.3549919251491,139.8765993967222,16.536827418452898,16.40549978585768,18.76591525217995,81.03515357929285,142.76406284607563,16.45644700192389,21.407756891067226,8.194369215406608
230.3864072084848,46.56461221045275,11.543886709648229,14.914581114598501,33.166874253898854,229.05373548749728,36.99660846780933,13.306287647399225,15.608049038538386,32.66563916587688,4.858935398212293
69.05541531613423,837.593002096896,817.340716227027,4.676339638610291,6.778618787258259,72.56819566266022,665.4863303307739,737.0481668887908,4.147194501438655,15.569603091993935,7.965549377999177
58.97234960121253,693.2258722782659,11.130585023040297,18.38276473889658,36.33885719131642,65.66914850581887,462.98001043950603,69.77516785048657,14.179454096178672,33.99261835006098,15.11601594080123
174.6780191432365,239.97594454285746,208.0030430040353,16.78025023524531,7.233995895634786,181.0782642420235,178.75561489051466,211.1889524684408,12.102399741003904,13.090373368433408,5.666582400092852
103.95778470350176,18.208497346387347,95.63418963203354,3.1798860845211148,29.990233856517047,99.56768458694985,16.198518400891984,93.94496320810033,3.056557681330934,27.862089692594083,7.972282256269909
24.920968722289278,133.33234376153285,850.0359021416774,7.7477445857767275,32.23494993559157,28.874486511418365,137.72493755705773,665.1945513557977,8.389970518368795,23.34874288809432,13.320593191902677
19.498088536087284,151.34376807166848,12.61512356468967,4.822934624080609,10.411221313852774,18.362983686558724,146.58110302191653,12.80941775966189,4.232508764874937,12.125244026602378,7.841039251872435
129.42631007204287,11.670663757535278,80.64267416561475,4.265392540637502,17.54912850650245,133.4015121612381,10.775623364190187,95.50224337926215,4.038364288699081,18.125562651051908,7.147541679442251
428.53306139460875,270.47125365216885,777.8205322872423,15.003838958919166,6.7832903029113565,470.98099871544565,385.85966125602386,806.5716430076212,15.738455701907183,15.893103458194087,8.41359616366677
798.6435176622155,61.72913712842765,163.0289729826122,10.934020556164233,44.058647167735614,869.5023360668805,52.52632286164435,170.65278880390542,11.249745477786199,27.966622310616778,12.579486703040791
625.9402322991053,12.16864242725474,916.4238689750224,16.08811670125394,30.487399369279718,735.3178880106577,15.431984609312389,579.3199849324524,16.87149986360158,32.83415549504603,23.678867025795544
10.811999162626062,576.1790789954938,12.285447402997388,8.08091647519801,12.415633756970612,10.575242984962928,283.6440125741051,17.935747265255863,7.927018150292991,21.6171999373197,6.208532489184491
639.0298220681383,549.5922060420845,38.02085774777718,11.775436997510003,13.595867306304068,615.8516812000066,342.3206046445864,40.81237839853533,14.526285498224187,9.948649719831021,13.3142835326586
481.0674688200573,15.61109281777208,22.97135956485945,10.172230785956804,14.59733855627815,538.1145786742286,22.824864559076673,26.589479569235262,10.468395606514052,17.002637622598346,20.43709652177436
61.1867151486636,687.8417518922616,324.9534787872868,13.023785728572143,18.321568542768894,62.09351266260964,374.3489195642013,329.8539276776184,10.281674174967476,21.39380763610582,6.7335734899250905
143.6799620143681,963.2816549884471,270.40746181807543,13.346286003129608,25.710910238147846,154.0900521411828,562.211465830156,360.3861795247627,10.89492145547969,27.40881443553684,8.556179557597222
23.945688838620924,212.09483653161612,157.13811211078212,19.666628390301813,23.489427227614808,22.745995404958357,106.58316425798908,161.40034819334343,13.159791615258221,17.939147973012545,8.84263146349405
34.99502667761738,439.8868906691863,27.95215076483778,8.094989482737263,34.48364438463549,38.16157749300182,510.444739974884,18.82380191031691,8.329024144013072,30.006005084804073,11.336571743620558
19.393292052173056,164.51822762528323,11.812149385169253,19.18274688347813,31.97293390671026,19.887262650441244,144.68030121142942,27.455926313029725,16.15736397539819,21.49802312970107,7.040642078031545
22.27046082512094,25.848613479126335,204.6762911369652,10.630317717585843,5.812111393037691,22.849175145762164,137.0205440894326,170.34321763037482,14.0794282382287,17.28026355679231,5.055953866658001
217.9347957042099,124.92562505803708,321.5937360494455,15.128572473268369,34.47030459044718,233.66075043576063,111.43976591465626,335.1175675348037,8.815963203046065,26.822545560126983,8.060821809593218
79.41832222027891,25.9145976336469,13.777230964824506,12.811699466247687,11.066469169074196,80.9926012337994,25.303471178774295,14.070093808172569,12.571438388630186,15.459275068005773,6.20272828470043
805.6620426157723,18.493520034043954,10.001761060469219,9.712649656794998,48.25185953225439,904.6509330078949,31.550953401201607,12.015834398323726,11.319113385274344,24.752838512266525,40.986654752619444
59.38000842887084,90.85006466828288,556.7729892795951,16.87952129618885,33.33984658324469,63.825540050107115,71.62946382693362,639.7762654988386,14.541988267526422,27.17461532409065,8.76676667783856
867.8542184459632,527.6849826376463,106.57430868573164,15.944424083376061,35.49627222788664,913.4478587445524,450.1181229047007,108.86385285040221,14.384884937539919,33.95466082437874,9.813877748479836
266.2992929035715,40.545322150787,162.2047434297932,6.372954090616096,37.04212109604065,298.1383316786774,47.539973690694175,199.28797210289608,5.7914928182798615,46.20779011827786,9.536543688818066
11.172562130979081,10.127287580870707,101.21825358118855,3.233160306225513,11.088868888286425,11.254845058167193,110.87991487546279,78.9503116753375,12.716092378461887,18.105892745706196,8.847249905404853
42.98503327837955,465.4437718456198,141.4404754186583,6.521925127002596,6.390593567227991,45.59404221446174,287.7876916817992,136.58940668342717,6.321247941776908,16.815699739965545,5.128974522751021
18.977376120385784,222.1838030401467,15.526800158609303,9.188914058312548,49.115875260900516,20.301689574084467,322.82954087618236,23.43627400166781,9.234594350449573,26.166255977901614,6.996041869964609
828.5926529527416,596.1593410503647,36.835803941727754,16.522013220866786,34.92163052330329,967.0423678344384,505.6837266021981,38.7925656027088,13.368561260457055,41.90725921427754,12.387429667674922
618.4207318375311,171.28668500702918,72.90872918698604,10.068169145191819,30.242274518712243,656.2829873563734,207.35885757783973,84.9963415388738,10.330108784119524,33.146150101865885,15.349462614798087
53.96912464212904,849.7374384003294,23.02983010502244,3.7008540603511033,15.453051059109088,61.22500813701421,518.7362035950822,17.189113177638394,3.3743710328838477,28.878506785783866,11.862117217277683
353.86341866157835,151.34582479138504,16.653312696078746,2.5106056987550343,38.0401440049502,425.34192583145403,133.57714226104412,18.711169946507553,1.781542186202226,43.72017078555197,14.072428481466975
22.414654920258744,19.786265604544347,463.5962068260632,12.890602642121715,9.97114609952279,25.428597897601,56.05841747303202,613.5436134174237,16.488073880050738,17.762617879895092,15.004979458955791
99.96081440140195,183.94899375340825,22.20690855542091,1.4072972803396828,49.40079409379496,100.20641566441513,196.25717016414723,28.175657961981393,1.6922811158991047,52.95437339272867,13.72339454107265
48.018717897678485,673.6046406370666,23.890233664197062,16.73169938437177,41.25016699360811,53.39975567663673,766.051288678538,23.575440627864428,18.056414367618775,31.814211827097363,12.728362049202646
68.90259303565405,64.47078344109893,514.9614511340054,15.081788561339213,40.00542223674673,74.92521939837238,60.72495777450686,519.1351818317602,15.013541270873692,34.49040899449611,7.142880973565527
32.866399867334096,438.32333553545976,723.7526532408499,11.701326253730011,6.015623530408883,37.0506745119261,472.87277530739385,511.2362065888203,10.195008397508671,23.635363224952354,16.49960071858848
202.4765649944689,73.2008190779822,484.01903516944,15.518613544522442,30.106796731543294,206.00257947320904,36.16137834600253,529.8996635135675,17.806743932585526,12.537327384289837,5.453815673427277
25.389496293885145,184.89203391768655,13.052077124694545,19.06176233750755,41.83756083225597,29.25103179810631,227.08627211501633,21.381181674294034,19.15010117428688,24.26853815055029,12.870063984405283
241.79768630721486,72.95820156942254,40.2849382948253,9.396775992207788,16.735027500678914,237.8047374996228,99.19121633398389,46.06782311884334,8.672535456878872,12.501949187405128,6.955516547285622
264.6664212546258,10.416781014194218,138.36333354256965,3.1200487189374364,23.73703837491843,272.8483810938143,11.134697838918127,220.80255250020417,2.917691172134779,31.515836871060262,6.998767851891201
506.7160211486352,322.5098846120912,436.1317624556888,10.995150010834395,49.840506152919374,572.9983392842885,283.04208936576936,352.1871300116616,14.352346145639736,16.351355159398956,10.762272156862128
197.66290697818883,226.1467586751119,176.99401627585095,6.639234504419803,35.9613132665956,217.81611165646856,318.4352874115057,163.38599122115787,9.52139866978915,14.736713013636441,11.156329209517624
527.1553383286064,21.538407981982743,123.76968492846919,11.387431486611964,2.67850160999898,577.63475387175,95.60168141092032,148.57642631686676,9.699578705894686,19.428459764008014,12.353101789714694
23.78824689517235,359.54222650607505,443.3205742778192,8.625428526519034,31.7384690558972,24.883014864665235,127.75493589312933,508.12007743324625,6.279466588450705,14.910777021982033,11.908570238534026
668.4665178047929,97.28320331090805,11.850300091526167,16.42965759318814,47.19640386660136,722.977935387551,100.93408998481897,19.400475328525296,16.182971837902713,41.915388719882344,10.764539424404628
35.06976957286155,134.16499862702088,87.16364700113053,13.908663588736344,36.46181880370374,38.611801030027394,153.81851336289506,107.64813972728692,13.664215318529878,12.246200081358445,12.181194573317859
145.92729628917888,81.48019702336721,127.96088501112139,18.96019306260891,30.185706241207992,139.2713302294423,82.12658913007238,123.58193960404489,16.916657213732865,17.66972543348822,6.371636430151642
591.3388835535045,535.5739526868629,101.65744159042093,9.953930976635316,27.598760264798877,572.4159509674457,532.2404684511755,113.76585706791259,12.373234592003724,23.467693808117517,4.24213531043322
562.1528311047945,12.981890988810331,47.29923746199932,15.5740379262975,31.395890069502773,599.3517023931776,14.06793341251359,44.1576490693408,15.890109811686765,34.675595293586795,9.963445970402386
50.442595188059684,316.70096648911357,37.427473581733246,7.2207645379471215,2.451907332811361,53.628802472150234,133.5839122582018,36.42629553114402,5.085239460653985,9.08966358457169,12.395845378686431
834.2566006940822,120.74896150127277,16.3216592855945,17.444190410610524,8.279629559473875,864.524087918699,87.34653412607766,19.97050418008128,13.348305679290592,12.778643939847207,20.097648997864066
69.04925155207329,19.442094790135314,322.7529124042931,1.3840188241407534,15.187183444826971,78.22417444166112,13.57631884191224,422.6441804338636,1.4990612566694226,12.283552641807471,13.305267321572959
43.59596698737138,348.265423025113,168.93811892601963,3.099654498926554,20.72269148211833,44.527080346352534,347.3853093132135,189.90935062689965,3.111299094104292,23.173894203342154,5.431652445856989
24.978105415007665,223.58882499927702,61.0473198790381,16.34580705652064,34.50177235828046,24.65813172008457,294.0367179082292,57.324684359664786,15.43405799936259,20.688204420732657,6.063287627390057
161.38479900970137,21.003260915827212,50.64824622097623,12.813353364474297,3.2848734353007334,169.4136532886095,54.97366120709365,50.580861450032224,11.465810101560322,12.950586111438314,6.871027250662913
962.9258775757395,16.622542379407633,29.76588310209309,16.891238614671497,8.553298204649085,1133.2840196463253,57.348461407212895,37.42800296181057,15.218439426823378,12.774429253754603,19.86081370714262
117.94520785158464,37.072974720827666,133.54520470663843,6.901146874637722,46.79407597886849,127.9393954464177,42.29427767237364,115.75653495470306,6.182871464636856,40.72123302814657,10.547206988298873
99.69765573027914,18.097349435769587,824.9481405124845,12.00805629115671,2.491966192288228,102.85868578950779,47.314448629751446,1072.7564815718092,5.762947527847357,7.982886397327362,9.073034795946851
168.13983174960538,29.88556208429112,200.2847617135545,2.543140826120772,45.32610120102671,159.79449252797102,26.83406486634837,283.59611255447976,2.343957146005085,47.17025020458241,9.113131994442462
245.97973717339835,40.07950244928573,10.499089193534768,5.536467233114268,41.79615473937797,247.76779082840267,42.65390556322298,13.644263945146825,5.568370289607885,36.97453904675801,7.036357310779737
963.5157505355994,22.271274980553205,742.5015945608201,8.629848122262638,24.463662386110137,1078.4367383385718,21.470949763559048,894.6439441762748,8.951490159643614,25.34991545989342,14.113800852621644
572.7332544499498,289.4982989019988,52.84839821918567,9.370128622249347,36.493357864711655,595.9256782715398,253.11729385588032,47.85072674609848,9.41913248259427,41.74797930612366,5.651563173220926
158.67269044442824,40.2058132644707,73.29523768616723,8.339922050422855,18.410409999200954,156.7069337275592,31.66294032411099,83.11718917162655,8.779787669386858,19.73512337222624,6.7218612516787415
368.5099795628487,17.15661635231081,93.07074578807438,13.078825529034045,27.415978834568676,387.22168850205895,16.924330173194644,123.50770807020467,13.115661581545911,36.6668633253113,6.86455431902619
22.177609816504095,524.0660435745234,216.2358234769308,8.580544078770608,8.239289487794151,22.172096420038013,242.52657545819298,188.96111929396267,7.876852648192326,21.40228570227533,5.143024593646408
522.2180285257662,407.8142489002748,16.02615226884422,3.7044875545226725,46.64432635937139,560.4584910066977,345.01609106581236,22.269939114164792,4.534478014545126,42.57665688835366,11.208609185229323
414.2372567516863,892.6182050210614,188.20818110560427,5.609497343439181,13.896601756089362,462.6192717061097,944.1818840981298,198.35238902577063,6.174835084209536,13.122780113020935,7.910519418300058
65.36378434032237,195.46950691038234,10.521984077451,1.135605058365159,23.65975056788352,67.27516766292662,145.8718516850654,13.817521792292187,1.1406985893776667,23.913019959929905,18.778490606945642
12.469747835977449,665.3119810715647,19.053961660794773,17.74120397347431,23.874139557645556,12.23674249099794,355.023958329929,50.96569735022042,15.712424036269102,24.926578617616084,4.712073071467819
22.808414575502102,18.827510506651862,19.71181130093352,12.382490910132363,39.38195879007694,25.732129110607016,18.837859361133766,20.244421561829217,14.42033246982025,14.738199367637664,9.968883176264585
110.23172875648268,149.43919452121412,340.6245458863796,17.28248150302976,12.876332903186526,121.31966161181356,143.19055669025371,371.2159170978537,14.665257171356492,17.124512952138282,10.75036571138787
277.58688948078304,16.45462919118415,46.63541757769857,15.314760331089184,44.8822111885239,280.3522927204964,11.295215849512022,44.71765141175106,17.513434890819845,43.85748714354724,10.197070880781494
12.24073462170893,637.837182657048,73.55291298870559,18.33468183398203,24.375363041916877,12.398516726447497,94.59193586315597,252.92369486753702,11.230395988513004,20.224795731833453,21.012719015030985
26.20415860699713,908.3534695764646,123.84632765434704,4.14397127040113,26.827624168115555,27.968131507071543,671.6287796072621,134.4915657104955,3.8594885919199315,38.344640600613346,12.208696192294653
940.2806388622423,15.403366467676053,66.79590349687153,17.63524184601749,15.63446290527274,1051.4293530375053,35.56103661135432,66.41358109245209,16.590017578317134,20.68795069507084,13.52347532735224
336.3365834787832,13.449575073436547,13.71261340068303,17.88751317718359,40.42159099128563,387.59020161825424,40.524997774413286,16.91596343180911,16.42773073613346,11.882416458505274,16.328038369918108
15.535892976545352,959.7532687496188,19.943017529200866,4.295261355489476,14.104317393817936,15.13893880506664,468.4869140094767,21.1958831739548,4.360364151499501,32.01201055545274,8.702367933818854
13.130145265183383,160.00704042390976,57.291503961047596,10.384904435428496,33.210483447251825,12.029403403329471,253.04408201224095,39.881658841376975,10.311302009958903,22.293863133659706,7.750638097646591
20.0998641131711,220.4681684182153,372.41726907745897,11.354385456009881,10.109047627671062,21.53163626419255,153.4559532490346,428.85605696792146,8.619294297535712,18.03243077858208,19.398246082816364
15.129008388001335,10.165813623576826,29.427029046833614,10.464565143979929,28.60417977758744,16.001470125431023,9.173904653615182,31.20528756717905,11.580254186094223,30.44787770109368,9.057237647093574
794.6194396861408,615.289532761159,729.0710155897735,16.22020569034464,39.661445594159055,872.1306964904376,591.2194119077188,775.3441245328513,13.138646572936077,16.56178895664869,8.514506273660084
298.46428109850115,14.144418638492693,314.2147576175134,2.215809070750542,15.30269913348064,304.5078392893357,12.764604351342268,525.624842742243,2.298369189626176,13.26611030568103,9.581123635108018
54.35241653454638,96.19759672985437,207.88976138671973,8.911525500781373,17.896332235749473,57.60612301802833,95.62385518630099,211.75160800124124,6.197422695730071,33.12642035605703,6.841518366589183
201.6230891509979,768.5692098650675,438.6687602833148,8.64218429491419,39.73789522046584,231.20713167913587,612.1624856145133,481.07422863963893,7.663699614413566,25.527522660349028,10.329032620526176
31.060482283722205,115.02828677611676,470.5663556332608,15.132998066762994,46.83669150430352,30.769318825552887,79.20920590300291,440.38313143427996,14.210638469134992,27.98071914841741,4.621658090639742
721.2976341529909,137.85199632024427,41.30280676954094,16.42146423632243,8.662886089091971,820.5805733652263,80.53198106643298,45.737174952389196,15.981515402579449,17.576426289157705,13.192249474514522
24.113111277085853,26.577617359150903,622.7268365749211,9.253457160317256,29.294625510677104,27.032964213899373,36.14964086750375,623.5836091980498,14.425347631911503,28.713744759553737,11.107736485272405
67.38880398430206,111.86787695218938,104.85375664015422,6.199746169017167,37.03239377737676,65.0830424581906,138.02398497535597,95.8737419555272,6.382970877668708,14.889176876905012,5.660361857647215
23.12055899399759,34.41795752301737,154.45833188344548,13.901891321391778,15.901878705864993,24.712211957640616,41.96603194946947,240.84152078429796,17.02423865242952,21.228257091663078,8.790373573251657
11.605178164255502,91.85045000485735,55.34241061759046,10.68064820918841,27.45856080540701,12.226462501662166,104.90767630006442,56.13155182384829,10.436510801200901,14.653904645872506,5.629399118591801
595.3887543098458,14.133744487037587,18.78568589011926,4.560215941290895,11.16763483945573,616.7760363875205,12.70698138081181,24.936872365739664,4.8354217912144115,27.018449747859652,11.836141338944973
44.836731358998136,282.80597932604724,525.1310653893833,17.169347388427628,24.963446510193233,52.419884199015726,199.1141453937064,546.1242254695617,13.475727609636733,18.170286363688053,18.391846831332188
20.62698306880157,53.82775316925283,54.562296721989114,9.614257311964613,31.38091951704817,21.006009843851103,71.02714104877698,58.00014822127808,9.93373701731261,13.939432485503039,9.725066577542533
804.9713493925979,50.8889589273672,25.995062225502462,5.658383041840361,37.6753664429088,872.2922991330112,63.319067517464596,34.62130473938258,6.013477818393544,33.495487064229984,22.073821659376254
10.0542256296809,300.9079545882556,11.38066065851854,3.937239960240364,33.37411685157784,9.539570356144363,377.54249935720907,22.34875097858655,4.150458530537931,25.756403620907466,8.79348836119124
364.6764507886279,33.82647566156044,45.79387587410029,15.353483692957102,32.77181725865057,397.72618980243544,47.37928677745231,45.69988785446325,12.902122449904716,13.559236845476772,8.706761322947935
65.26237545770319,25.637344394974207,232.8168758526268,5.804268001809291,3.539813510931285,66.66963325179412,213.39412519002312,189.435614867002,13.134996864049707,14.447384305744656,10.581190720119608
675.2883617596182,25.63002149535634,23.294534648255652,13.493713482312383,44.7996069146185,646.4927513269963,53.28775437798753,27.188885852276197,12.731720117107239,11.641111927053277,8.40909685332922
106.95417456672456,20.732070310161426,667.859488158839,4.482265538591324,29.603680426872522,102.39543594700663,19.33055861729727,592.2246793572202,4.560863893552762,24.990452842365634,6.018367466909404
738.5577341601651,59.93190705378261,11.58583761053393,7.019028292400252,32.04360136695387,809.7390167758626,75.72632763890947,13.087497087315347,7.1898578252639345,32.36116013266586,19.749290850089515
728.1843767332781,116.94319050136109,17.155526848733633,8.470593092822984,42.2949817889428,798.9192695226378,123.6968678367298,18.808632503868477,9.146386864530824,42.481909651161104,12.437680069213494
841.6717214491466,37.17463364714888,146.20641764895615,11.614093451326536,27.13338737465986,1009.2726337280386,39.36387395614966,171.91428156402418,11.09697662711012,27.682002264358168,15.134605935172171
11.350991852729198,700.5021807643701,17.779305796923246,16.17269169143127,21.308756643078993,10.676316279205903,321.70346849560116,55.10813355781055,14.277402434459233,23.20701916455976,5.002034458456879
72.35518019784355,143.80589472606525,10.025476406737667,7.728283992167615,36.90958933597127,69.7767377753901,179.9082663824078,11.292425321093537,8.65073901920892,28.824388659319553,5.632040517141913
12.303464446541344,21.398367370280464,77.30565154863848,9.595019474902484,2.57587300327188,14.256053286946432,50.20524609680974,80.0146897554207,8.692721784723258,17.657050353406888,14.940552524122683
27.15444884060712,663.9333239672203,178.68199272573182,8.997871580727098,35.82567160044873,28.480516813835553,736.8422581487886,91.71493954974618,8.879493644315476,38.82713629257161,6.65291948320432
552.2957734567943,20.10810916163726,17.123149779233778,18.55236871209755,10.343679158456217,594.7329624726627,70.47556932643812,20.22412429464295,14.863258008686891,13.246570256256348,12.816111633295929
23.08345098490729,78.43348031764705,142.43065819278831,4.011469116343806,33.75576521838484,26.63294468178951,84.82987683093509,157.13253353347517,3.413660314310503,32.70391174957271,18.889860527269104
76.50601998711375,367.6834670109059,19.45849250203312,3.1999145552968935,45.370196668841416,85.11090658301211,358.9939802526835,35.26594952332223,3.3898445013604555,42.475247977483946,7.964124132265521
198.76572652600476,83.657375168345,385.186867435897,11.456387867117984,23.967088013618977,211.64727985119913,59.26806967297779,472.9652275782314,10.066885591457416,22.842262711703714,10.467825120557796
23.396602644981815,17.315762575769135,260.8378510398058,19.092032688342176,9.131302990990296,25.436086979155096,35.965684365743826,559.9989607167771,14.410095890835821,26.82768964860348,14.991281123586317
131.91828898311098,39.125675301675145,68.27786781532002,5.814978932909715,2.731357729320964,137.50119280397612,56.91451241426897,76.35495067078911,4.061367251662153,19.103230629238812,8.54353018557811
81.29561718789378,20.884127501797742,22.92673538923132,15.770885386279648,14.17822186209595,85.96419002347132,23.98644986790694,23.92055431023335,15.632327844095462,14.356258005854743,7.253902853681506
23.81205266939517,16.546729068778507,24.685424332660574,2.4929319777382197,49.047225961363715,25.91866448412236,16.94628337146293,27.62922624641779,2.8864679198993084,30.093906622899564,12.917703521368857
694.490951097584,10.398285298856665,12.950516255660027,8.923853719116375,34.44636352424304,816.0046401130732,32.81899443235625,14.581590226212288,7.503937295965713,19.635781243717428,26.889936792188067
10.058637146104449,135.18782014539872,25.016499141139295,13.292574374870815,14.513784967356807,9.660970354467308,100.06245025474752,24.93415631569265,11.543372327898538,21.131655916432678,7.118908224825253
182.5267298341503,61.27475296018815,375.98639527192717,12.73878264302661,30.03330476128174,194.95919445561805,41.433093911153364,293.05876280571385,14.641859731078398,17.981613110779616,7.900454688828098
41.382786027875845,14.443643579470157,287.6193081226215,5.698127461030081,15.58731766591219,45.35146576507468,11.254598594023378,329.0026575743777,5.887070562919397,12.700228851111113,6.855034705227935
83.91151455450401,406.7819374041788,10.613333735063053,9.978538718713192,13.84967107088607,83.5419253885752,329.2289733489606,13.18336670905661,8.253065567996543,16.719199910063196,7.578306483507995
366.22386833870434,31.793149349603638,430.29746338882387,15.98360451732385,49.62576059125186,433.65857139535956,20.95753763465962,364.7686076280404,15.901541181963424,29.14328376084718,17.60188017977003
23.36186411883643,33.26937749632655,66.43405208090957,10.866666982780346,46.30479533371152,25.824538317104164,26.988160689523582,93.27471417302901,9.584415897038348,44.42254872420645,10.136942925087244
572.9050772051703,13.897878507175996,332.2299232569624,12.616212952349983,33.81344194805013,647.0685541267511,18.04821855803342,472.351198701467,11.351631569309527,44.67193330645854,11.5107747239586
448.93927872352987,13.421120832612504,71.410337537584,17.31625841319474,33.46128685679142,489.3960069155506,11.49041792339217,121.14810263422153,17.98347687881624,36.20946416114908,9.782006010830823
380.9140396479765,33.77872291196192,10.942081451451962,4.053849920376168,3.039338001537768,345.6580828560026,10.645745975038762,13.199176365335095,4.647746864642612,29.331769695333122,11.18713800937937
149.55803040658094,34.50484872125251,148.2385316321578,1.964439212375072,11.710121301945891,152.63682585914958,29.92553106227247,192.18124582303304,1.8400789344502413,16.08463255486594,13.07513669733561
719.0703892075231,21.07012744515699,83.3070431085302,4.879018928321282,24.981596393361396,861.042033329726,15.010528861445236,111.14481627314423,5.03491704465286,19.829736310678978,16.56207089512442
577.3661667657112,11.517935494168459,154.4585861077891,2.2431215592576965,9.67487776455592,677.04936412947,12.187654311534047,186.79179844115313,2.1991945870571445,10.129193946232471,11.16092170472026
161.03563788152698,955.4039759880766,24.588240622091092,15.721495542229999,45.40523629460057,183.70439962336846,1144.55125483118,21.95410800009637,15.965652626286152,40.92816243409914,13.754475921129753
56.5704701200279,344.4821676434442,972.5443621652079,3.57109399261952,18.0473228455668,60.4027199213903,383.3667301409572,1306.083393248886,4.007598074883935,30.927184722196603,6.350719647084567
72.58450147409343,36.63586970992492,23.945763091419067,19.82370569032829,9.341090005989926,71.5145599159183,52.86534735443585,26.743545203620332,15.43370212350634,17.02233177140293,8.070990515117145
120.29486543654872,109.37880777226904,100.43045470103637,2.385393182131085,21.652783877438047,121.88623838917609,114.22046181634988,87.46819625104267,8.331823469922735,19.73010607263947,7.601607961371154
86.11603351160451,498.0396691451747,632.9603924211224,9.796324960976754,10.544067072988156,88.49757502466339,283.6576937023552,637.0370036820343,7.608169719252064,14.933976630676513,6.588791096408847
10.87308544608771,353.77008960299383,14.099049121305345,5.557614434238288,18.76910208743665,11.094696190808971,228.70550696604957,18.004531410556357,5.211226183630828,27.396298745498825,6.384677924433283
17.093619423405013,16.488982578473752,590.7298021761964,13.336023746968612,17.68919687085165,18.74230112892528,24.720076760480957,697.9333959937344,17.099733762283314,19.223559906229397,11.876713449875663
28.160408197862708,23.491640044550877,27.150037613005054,6.653702938839176,32.80790652864206,30.449239930742962,17.720947787354156,27.464471287231326,11.553934607024935,19.542782913823164,7.133188389379505
152.9515508243088,93.88178671637206,267.7315451780056,2.535254084462429,14.060086379487844,154.86621939201285,77.19419336452108,246.8224181079685,2.2150528525836544,13.307996113276683,10.912576868951042
329.77389007661316,110.24551160591362,35.44322173678026,16.609635367064595,14.994464021109032,379.9608724927623,195.40710769020907,39.10840171166181,8.407370934712587,22.290604649763697,13.234103578610053
94.03834090131251,12.628168083266981,81.6954140421987,16.207566814189356,30.391159390864086,94.65251020572738,13.669271129662432,105.11405878458194,14.559012769757723,39.958584012415805,6.871915328712692
12.392487451460006,91.83952974961797,479.2591377884506,3.0931507270281084,10.05170704492486,12.156344204133411,140.43926409956157,625.0711680811893,2.9321443577133683,13.99729424885845,11.649431895778518
367.618213033749,276.3696559188518,34.05376077033736,6.878568176653774,45.16138508092302,421.8330630322443,203.56603497328035,34.526382415202875,7.445487640882976,49.742870603097536,16.36143535438163
17.352468621186723,173.60849227619772,229.10805325474288,3.348326909297146,30.774988568364456,19.288327374657694,212.72540395914305,250.5115642801938,3.6199243840640585,15.411291065180103,10.623721971853431
14.460643926693013,443.0324576299995,118.97266183711831,11.695254742383241,3.2642696745248867,13.326110482295894,159.86833856972652,100.02406010538823,10.841397471549117,17.334992721468545,7.589661227582095
846.3521471391128,56.57444782724121,481.32629374455456,19.87071082262612,47.46493860930143,886.1280965716653,59.91464711365704,558.1226037570185,17.34324410767196,31.775933926971028,18.300209265319296
550.2963350365129,229.0064722399786,334.2234386733693,12.370048410087403,2.47445135644246,629.1962606212979,335.8729016296461,309.5416151069811,10.813460105238896,13.67087407576876,11.782154462386346
29.42259993873019,16.688126951173164,362.06799069919225,12.164232027298779,8.266017766895544,30.9449812761688,28.44814345886438,576.1813787963634,13.549107738553856,13.78259581467323,8.28989063059528
326.2969104855536,15.062585115906373,248.00398446495842,10.441891821980327,22.019448731107826,357.7692441312183,23.67668611373268,237.64101711483735,10.106962561258738,31.745798911261485,11.312687687462518
98.47360774786033,13.175934486556685,469.2597382921481,5.317370424645034,44.180180134833215,95.8737926925884,13.292335625595276,314.5703591642505,5.061854484674885,38.140860978609794,5.9329490199061405
29.239553499926107,842.5704041972982,508.5427544979367,14.589010047971787,19.53767952440056,31.579930151257255,260.9763382273058,560.6599927865744,11.90519391345741,16.967675731864365,14.141166205439074
151.88964838240446,12.11639902514584,126.14644567786794,16.06626465531453,11.350312866941316,144.82075723841695,19.762200127972207,186.99301401521893,16.814717125034267,26.06501669855927,6.836059061868656
20.594265597341938,343.0680299812315,18.037325213472993,16.135613244986725,12.617496611160849,23.598039798951852,268.391247319573,11.842307517662444,15.876587269988871,18.684595575857564,13.892020332936381
234.94879967160782,522.0304338519711,49.07329306193598,16.24301752258364,12.860061247792606,247.82715909165103,341.6132583120687,46.445793303854174,16.448660803849922,18.308395470938784,7.406669933840164
12.761560169191846,259.40108527793416,81.73719066061095,10.473984628788768,6.8707820514883355,13.305594723008356,110.17313210365701,62.510873573289125,8.722007179321965,16.833513320774355,7.933384155266289
224.3188104214603,84.87876184062198,143.3186317068615,5.466281135322199,29.313070057437862,228.11996140550562,48.21652024967791,125.03613137980543,6.415210775610553,7.229839481284668,7.358358528002676
13.172458905687048,579.700640901071,596.0685105548762,1.0489986290403477,32.777796628358544,15.587878451847523,522.5118276422382,597.5257044821001,1.036269612638452,25.36974829778986,14.434915276116914
120.71229055307914,127.56452140372562,55.49416003071592,16.37232016000715,35.70946446098082,120.56828185094611,102.83794959585927,54.61319390829582,14.345364318794893,48.95439844892704,6.529472124578827
385.6789849647222,589.3746350337655,419.694388525484,19.00433491268942,24.46536885425045,414.29121601021484,657.0917090691191,411.4077673781358,13.979286846588266,27.61770340563386,12.911050872890206
453.9711510553842,48.15818062885334,117.99134247984058,5.560252518712565,44.26127556415812,476.40409115927866,44.16980510005574,110.08706368521935,5.304853841040735,32.329442036852086,7.173617318815914
501.81865871391614,16.07604283328801,46.389457377859344,14.925316774504115,7.661643348010812,584.1133276807016,35.85584507216965,50.94841372429311,13.749379827935556,19.513995446207023,13.228305756479546
669.1575322522743,536.5974484140911,53.99169911291363,9.324362873828804,23.393015089549632,720.8143643898663,378.72495007050617,54.05291331855727,9.647650775671572,27.520035320136188,8.6875233442652
197.35461133965075,21.192976582627786,46.28654728070975,1.3224374266633023,40.21370759588772,225.45722760266642,18.543244897863428,70.08543288786143,1.2608366406982554,42.733275494018145,9.3517533365975
13.008754683464744,719.1151297307831,13.799256659749691,4.607184430467389,8.989086730802384,12.866380232456045,403.13238335935813,14.899738874859626,4.695998143554625,18.49511978050033,10.980460772939761
12.208447512484794,55.853274119277316,17.367886544925764,6.3442832214254,35.75351923217992,11.83160464767507,87.18989579341904,17.79155291015184,6.843286852153541,21.734223898484736,4.6630952336595195
22.571425110890505,48.83233920157447,437.0597040963184,19.687084859260185,44.14019800532885,25.00315412436545,31.87423472940465,343.6502970445113,13.096289225044888,27.39866896247671,15.312078592000782
114.20507473348962,643.6395713068284,347.80170615037025,3.23534068403932,19.523766012065696,115.64498214494546,642.3950702577845,392.22978695382324,3.3534037237564847,26.54886188052587,9.701195970756407
973.1727567074315,12.888377730628855,56.41593728233548,1.5731548755219271,30.670916224910847,1334.5091345182982,14.18890637245373,70.60719980043689,1.3904443880045168,26.85792980547268,22.937569970021663
311.470525324892,21.70973149099698,85.29919233089447,6.113001427515679,9.436978469644446,333.71617550732805,20.086629741505106,88.01292613353523,6.114618500346559,9.543409982739561,5.956177580022518
12.486033979901837,780.3589376050917,137.0003763885068,8.486463025856757,27.570187224929054,13.210652505728259,455.264974438876,73.47788572893595,8.386436489282254,36.68166637176269,8.126586576878472
98.86413703912794,15.337636780716476,608.9076822111102,3.1589123510802453,7.402617927593642,98.31729282206092,19.67048545260189,933.3807755292233,2.554586761343356,12.139639608389444,11.16880106972701
102.73968333059427,40.5714883640105,36.12090647408237,10.874519857716876,41.04075093306717,105.7736380670501,47.434786420426725,40.28498104672971,10.149252698020467,13.116102240214305,6.062511762162927
19.347867627062183,882.0297696031569,193.36924500809744,4.68428394647638,13.443531723548752,21.327123422108354,572.2937311533393,168.26557550587123,4.798701946045332,27.980923831191266,11.85951965368151
290.65082656870095,961.4302597983209,401.8436544139929,1.7533734796219496,40.95719168614301,307.7408889324368,897.0075228487403,493.16018347873523,2.1240868408984417,36.12841546384182,6.420565023701445
315.05503301892065,200.27034771341388,657.5267759088614,15.175970838283677,39.06154813164797,318.5527458989061,145.63257152730515,645.2470173962694,16.684914272727585,25.614956436440018,5.7310158393786015
433.50464545475035,68.14968466313096,137.00102664535225,10.544513218757183,43.95988717990241,470.90544879408935,65.29738331624742,182.998727553609,9.657797170702523,32.08694218076277,13.996662452966667
64.2229139239277,11.393997161195488,14.694947408003557,1.0041942308557328,30.417955909970143,61.72326467091606,11.308451140230451,16.590251462815075,0.9443599436309413,23.519095054600825,8.863324214792762
304.57806180299787,616.2448549584967,23.915286635485003,3.631209243959513,32.239619579020996,329.2385201484262,714.2409016762521,30.448233698615603,4.858261627143736,32.52292383672814,19.058845004474755
79.49667794626683,12.893466840415883,13.862310459303085,8.360253565423088,41.360529358862976,78.53260516595837,16.647689316651235,15.138320732283363,7.892161661507504,14.115570667689271,8.9216953186154
54.80842756777156,501.24058901900383,25.409512920493395,2.9732285304414767,8.496912619300348,60.97587673076563,564.7946281252854,29.65093560064723,3.059460210084888,8.963381911719516,15.812238718851779
38.04116504952026,356.8986485679066,23.582196408284737,15.105836314850684,38.88106153793932,39.080910952281805,459.5283416865711,25.22754494023306,17.005163199417883,26.545382648275975,5.032465049076934
51.97007417506805,521.0169626069072,35.882946374435434,14.67463988623428,6.502406623809756,51.80202434947298,259.6569066100859,27.617389188046584,15.20856081920447,14.973918536865185,5.253438276626191
842.5123373026865,379.7911814535161,66.75945391589248,8.942586247007943,20.869881420690515,923.7232386766016,306.96044241580626,74.90875902918926,10.064667351587284,29.68675857875748,15.929141486233197
826.8734864227681,667.9993284964454,42.366159888247225,17.989013102007878,44.28846053538957,1045.7075605951588,713.1376763167917,58.1555847849956,11.883099814199946,39.56668680170142,21.247536390155204
671.8707202786305,13.628890088295378,559.1357422649705,16.274937582743508,49.671612636184406,744.1445545936313,13.2442634061613,250.7521360535278,15.880818686605982,33.13072625099732,14.196986587457857
34.76932902393447,48.25856834954001,61.3167534711913,5.26532505328224,4.39816917471039,36.82306208493439,63.33533093164282,81.5365048120185,4.894629455803553,24.2853946475487,15.638318404248638
43.393490134082654,43.48510152151188,13.56224974485878,14.760913212121427,18.303975967540925,44.63212400711945,43.81475701828094,14.788690663538267,14.319821588761378,19.862340369051918,7.071562019094286
124.64501036640847,939.8939189895874,15.368549005947619,1.418415342269161,39.15572492249937,113.79587364522038,785.6797791291924,17.046744035727354,1.4651970920360864,47.29739791945683,17.264212027188243
81.30001833784097,205.5758385657502,151.66931670034538,9.829659466426214,5.788570171686097,82.85005526434989,150.14092249201272,172.6501507060074,6.942110768060073,15.439710413930673,8.075386148145341
395.2817915970267,618.1642551309448,50.13164059249502,5.928908546588169,13.322976063674036,416.58377659477173,801.2632421978844,48.78699546078779,6.351707016686256,9.596697920936982,9.94648437363236
236.9293021865229,262.01975516138725,34.82137597561379,11.325922465557438,20.44184930257104,238.47025823209833,230.9497960732967,35.611159551672706,8.769109310660342,23.798822009150644,6.820947734011369
11.118759511290033,935.1803548566057,88.70543466779372,4.599660455680044,47.31994371106761,11.717754610927095,340.37060594819275,312.3447570533806,4.004304551046192,21.538416342592274,10.09539171567215
418.654755328798,444.43271200335573,135.6474515266767,5.14480850158771,48.57071240865752,477.9291926643261,448.1802807163302,116.44815096839264,12.67040637886506,37.214277266778545,13.161991206541565
14.53609128508749,714.758417662921,15.54403600567054,16.331220410068042,39.4367182261532,13.331894624285521,638.664917266248,39.14275295951231,15.321021530126584,32.30631680418125,8.940243135598996
446.59001040065084,23.99553313829201,13.092703134340649,18.417149716665296,28.982671095790128,469.3702461983564,58.362500618670424,18.120400607871286,14.913250436889731,18.33906619661839,12.702141388228693
13.724492638776582,35.51976910333699,173.28641846786095,3.630356136273138,5.456465068168757,13.153732208663698,83.93283352223334,182.3659663485887,4.200987628576279,15.3800101152484,5.956725887213345
35.27767866136522,457.25274373750636,63.62961459220731,15.417270893506862,28.032047876126164,38.91908193853041,719.5839216654512,18.073392570767354,17.517586974563304,28.618531900867684,8.755673996800079
270.9357733920828,178.38797703743623,472.5202550660359,1.8902834306759464,10.370802455506329,258.5169335804468,106.76311639702205,472.8077856888895,2.556037817056973,9.274086443888374,17.550227327480286
654.904111863687,36.185406953260625,11.169084950136513,14.279151598874,10.16535434548161,725.4633590088022,87.3828691886847,11.96738419321408,12.604083144672272,9.18441611151539,9.703073381916008
207.48161480863013,19.40547777447353,131.83676918812344,5.951876802769506,22.66186408565877,224.7452616994956,20.95872251005644,241.5182853455504,5.199294439757242,30.177235864787956,8.475069314630197
36.919065135882306,681.8763578594838,36.591040633669614,16.027783611477627,17.347090196974207,34.87813737620867,375.05269049167686,42.0442969745472,13.002185845838461,22.778289844920895,7.782294350793824
131.01148632509165,255.67077957584925,120.64395607979377,1.6717982818259096,15.240474393033201,130.99760838808663,279.4770155323026,129.74793731901127,1.5616792252407916,21.883821051884695,14.912734725544189
928.6894544269916,464.192524030861,17.07880512826109,2.635073553510473,40.564984756232796,920.475066652213,416.37186545126286,20.03846714122721,2.1871950629499866,41.189165460869795,9.479231988551476
79.96596679839213,453.70052251993684,546.914707584979,7.318981250720033,43.170786033698725,84.19504486926006,307.31205557328803,592.3752776330234,6.435457128297683,25.514618410696063,7.856869573968509
216.96672574299902,552.06608785258,133.47753479727334,17.362286318368678,18.24931956093708,221.06727276728338,462.3691851115617,102.11509150083864,15.702014822868309,31.255816585984277,5.983356066598172
91.1781640666737,27.779739110826377,63.793072573724814,9.696619984326631,26.256567334001566,89.52255750187247,26.6605228550102,69.85034594690262,9.31836899687287,28.517688016195162,4.673475231993392
28.084743111944825,16.830914586396098,13.650163282301065,16.57361152134896,44.34174689736475,30.529430542225278,19.188682871123167,16.419343750324746,13.33151068248862,15.186279652873239,9.084236062056206
625.4191271679721,94.30665511083006,20.513856180329753,5.91326742242339,47.26947763019554,706.2334892898757,91.48125581118653,24.908155038600356,6.003854943994773,50.105223917334236,12.3231767746735
38.4976769779346,25.621751085056864,310.37595214354553,13.196926064731175,15.485212560953029,39.199741160402596,29.112634901307903,641.9321726980179,12.126659018918906,20.799819145539637,4.517783032568786
219.80361289708952,494.20310459467544,20.89977974333903,8.45857033550852,6.009791790809794,225.14306090650416,128.4867422714562,22.500245669358293,8.111978944296528,10.938217567292767,21.533535851407233
288.65973054637675,12.380706143816123,20.94724440714025,6.144480167475187,32.906333699152185,293.2517105868093,13.290149293924658,28.201193593491208,6.3144387729590505,39.624432198682314,9.50037721838527
35.15363585633148,78.02910468625436,659.5304076330751,1.9670154595357492,21.391122251032673,38.136596904381726,80.03986467153081,834.8733976226978,2.1391417827777777,22.84415754899764,5.7903018191233535
271.0623026106964,56.76367202976353,74.90650984041214,4.109751265218653,34.62226190342625,280.0808261861049,51.08030823736498,73.32717991549255,3.972899547533685,21.50262819135216,6.072177352001936
209.56588939372858,634.8728528742437,523.2342137837334,6.392456180397289,40.98893668141853,233.88044816109826,729.9378334754983,484.969390508797,6.674996311241475,26.71553778500729,10.757580927501815
17.062817717478552,12.348925913409786,327.9935154690596,9.33656979577348,40.50950372360525,17.549856097851176,11.909371154513435,452.509662510747,10.340476237468607,35.889648102381834,5.067968374632241
58.79884904483991,173.50987376586417,70.60185929293107,6.898967610240994,20.09179430352633,60.92450890519937,241.5597694458734,77.56494142334728,7.569461785520598,12.11409153277031,8.574684191943419
523.3638172118002,207.65450154200292,115.5982595156176,4.466546852767833,19.962817953876137,549.7469272410069,179.7408589845026,108.7212998238964,4.629347622166945,35.613439931524134,5.071313328454198
34.55020113024541,60.48234026882087,31.231737873718888,19.889216858584483,33.01830473899768,34.913722969573584,54.89137562469268,42.34568025854159,10.912390474071762,25.15905725219541,9.335528624953758
485.5831516485071,470.25546773344877,230.12709042510664,7.02758879398711,9.681966768159603,501.69401695646974,232.2491829416544,200.51688349299744,14.705528803977298,14.75680916764392,6.600406387507024
39.9161430202149,42.27470095310553,43.85207436812943,5.069393740423304,22.769810130779373,44.01113455593326,41.214264296474454,48.2202577059207,11.314394339637587,15.126463585526652,7.329058124438509
12.233913230750758,278.90495402940763,310.31581888962813,5.357248828628204,10.686661694185528,12.369404899323046,135.5830785889643,360.42563759540093,4.903678425080852,20.87349366491313,3.9404299798294162
31.360190489122697,742.7873163779424,358.91666243123217,17.3443540382571,21.161076207227275,31.39324247573234,265.4788429084411,499.82331944776894,14.146364626860246,18.793277271895146,7.913364146783172
500.39666305168186,38.55452428737991,806.9386126669044,8.50719190092126,40.40374732119334,573.5685312849525,40.48863799162998,775.7961072945249,8.044936017959206,44.307658657450816,9.885065445857164
63.15884859792922,377.16150080953133,835.619069195092,9.400705949672556,3.087330591066044,70.60795314159172,300.14042571450574,848.7477023081183,7.353005726504312,12.743294458082998,14.939446592398168
28.39721578841134,512.5595742554511,133.40720258770523,11.113656213602724,11.550685156001668,29.978004072791546,244.78054598743046,143.95161745938475,9.723798830493536,18.297565109942322,8.862161307948686
734.2136190284346,10.732882399016063,134.36423007501696,13.48532226278218,42.471886828668595,778.6115968928996,17.686929989118568,133.58508965263047,12.823854769089204,47.419670360738955,16.8597730600827
73.54237671049546,417.6687761658948,35.85937111238972,2.36611635337228,20.221074908360105,67.68121371249244,487.7239782394252,39.24613489415357,2.308858136741607,19.45197873328312,10.55648278723095
153.12797776627292,683.2621031210876,10.448701112160922,12.416489372178642,2.161602225185373,147.68461032147556,111.58460197104388,9.912344205625729,10.339664605534807,6.663286529067071,25.27821822827313
14.427815827250594,32.86481015568272,80.9813101950506,5.097182221361639,31.97834093481538,15.484181045148153,39.73215976884563,111.57163575761992,5.051085143320634,41.90294110024866,14.121679248760177
15.481239987107164,281.65045194681795,12.820614461361096,1.772008218750006,23.227665617476912,15.299612180052558,345.09504934105274,12.60403762189847,1.7803915122063323,24.506642729220193,18.1125912632341
108.5244833585242,743.2914259132612,237.91412586675457,3.1694682728664776,36.07870401899046,108.372118400075,846.1612570209332,269.62488666971717,3.695713623911117,39.15772912952303,10.095822241724958
905.0713351128447,966.1997579267334,14.181279464067602,13.501308424283414,15.106216503310034,905.7623065113955,680.4463335360641,18.314348011486317,10.970898852053686,17.702776891864882,15.603309314068134
35.09953559004514,165.42662060504514,13.034121221855392,5.411498207072359,40.92007036642456,34.41378212711146,173.45229991602127,11.33066539017224,5.063420068293399,47.28859178065472,11.07546830832877
44.51214392422821,32.71450943742973,35.62017427645525,8.204598809327402,2.180488436842275,51.056666349020006,20.043360212244608,42.76449811661078,12.089071582441461,14.839301302975528,12.099071677317335
47.89364683107491,440.09468003764044,20.66345917777721,2.9666950978911117,26.14377215540488,47.92589039733894,628.745706855815,29.82720456146587,3.230943591358947,20.09517804422781,12.463241614914313
19.4115246467854,17.318680798501564,73.86683605514614,2.200575711440629,16.434413020308895,19.192269581172756,55.00777323633498,74.00659710357286,13.804637146005977,12.72896169373063,13.833478736965887
103.13600806453647,720.4912728571987,61.583835575355465,18.124110997806508,22.6905405923634,109.71414315248713,557.0685542325248,42.8059801664136,16.953390247168713,32.406216865914296,6.159518062539549
11.86867110587997,859.9168412063685,228.6346445254689,1.4702173136034016,7.935621330311885,12.085459861001304,461.64686225647216,218.87577241718478,1.474543388694749,28.892012766335093,5.229771167070017
478.91078032668804,53.12070779129869,179.13132271903086,10.236882993338353,36.523387794176024,516.5616374196508,60.7414463613511,210.56997680686342,9.433612987689578,34.59611801005643,11.116014472516556
27.838695377614005,25.47618201896317,455.5938485218566,10.513409009799656,8.147086683351327,27.399672487379462,214.36275852518202,393.28467555388175,16.046935416087674,17.875270302225633,4.7448745695899275
292.57775141938833,62.242767310584206,89.41018772748885,18.40494906448893,22.926643031822476,335.9172869860514,63.8913533447505,101.21107149199052,15.608627680968027,12.754300432694434,13.703899272406225
39.91975093320047,19.782895885290383,11.72058137388612,7.547137207415376,4.408869676472982,42.392250667263966,16.253213905035288,13.378733612989608,7.558807871184899,13.654579847732736,9.87480814845091
40.33382390618764,40.57044653485248,17.720501252402183,10.15893584645305,38.78536999141177,43.516636627532506,44.601662071113275,21.732002628738403,11.434280162680485,34.1882775458148,11.564198621561832
136.49864667004934,65.13270182133265,941.3207770070438,13.118962169990063,46.438209905796654,144.06593648598866,41.43021856466198,605.6070850117638,14.226641879872567,28.668900269263048,8.46061733434502
233.82009895068865,14.174076071785178,24.976186403181575,9.43188956798015,47.04054995858961,243.15551077641376,16.990319063604087,24.910060035703705,8.726061672786216,38.62755036180961,11.378301804188558
451.43850627495266,167.57729178039017,46.49601175309242,12.18107692179048,26.481234170787264,504.69929090815737,195.08695031135005,55.40919070214296,11.679580701747113,28.230275588270796,17.408543832766288
174.90455503067648,40.26739652433787,222.86199544770184,10.826601989732744,48.13856191341346,192.0160097104418,31.359789838550498,235.2011018889856,11.749041259671484,37.910085143691255,11.944332905715974
960.2538263832598,231.2683696241469,14.47953793033022,10.354432253961798,40.19373309385012,895.6699641507876,214.4488759557746,13.824143169162127,9.437137768735855,41.95213749252829,8.68064893612613
136.09280361544955,803.4230673798249,710.2071845843699,5.094516139195131,11.125735137453654,141.4638439144454,792.5384658621366,653.7715728074196,4.42693934471508,19.911555308328076,8.986575085593477
26.796526985543856,213.2317954701639,22.810952394822362,7.6876680361357765,21.08416482437579,24.503438256265586,161.9794835309299,25.938604292857434,6.077001982562264,27.506859498687014,6.798949879483573
805.5901114849254,53.93856159652069,69.17760429080464,16.50929564650593,43.71218639355788,855.3656875074373,87.91218247368774,65.34142262100839,14.830916668323315,10.77245002700222,6.413066877381408
298.4211735520381,540.4185247130127,65.28181165201569,1.9734876141698727,32.11793458865074,328.42777690724455,482.4099430530896,65.57069810679435,2.1152979500821703,35.71727674132212,7.6232892386761435
21.821201404862773,794.8699448620931,259.36555149623405,6.995558226095443,45.468954798569094,23.64305442224299,741.8442577865496,92.9971854914812,6.803616541787274,46.91911532857358,10.049406830759256
203.29164334350602,217.38236164877623,25.9334278027231,3.137095527714311,38.74477810923228,214.4250982428179,197.1899738125422,27.694352695711164,14.488723301683121,24.27317489858162,6.76593484737134
385.9813920104726,23.10231207610612,856.8252486009733,18.738198992269403,33.711820185708916,461.7661650528425,24.115349776136952,400.7621277578449,18.028420087691828,32.07988273619102,15.743189865471921
449.40154231287954,188.70896443035852,57.84084962211148,4.850832544451661,27.906734128665715,534.7044120269259,173.82603290560178,55.02764673168423,4.1626691804465334,34.40955693322649,12.535137212594769
21.847103416601524,280.02051319657113,24.57441827733925,18.02941691474684,3.2580491143428247,22.705257194760584,70.73308260426771,26.98332318774555,13.639950215947866,10.86124120396296,6.821808051525815
113.96127749019243,18.153427302643195,10.507055280111798,5.036524963705785,36.76863175138189,125.5821265348608,17.07337746567446,11.222764587052907,5.072967840774334,36.6814717185894,8.549969833511758
59.514897439762535,127.0696110410911,24.914032570720646,12.707988621678021,18.613469554708757,57.361914905324475,154.009799691715,24.30897717995955,12.87537208871689,15.23748930570185,3.735392519937849
55.4402012411055,117.36872715010415,115.14689699404639,2.394975579261052,18.365938791487856,57.287498116971605,147.90440940975904,127.79123702690525,3.1810076850288445,16.589865865595588,8.96270844618366
14.988470373373984,143.38969711047625,159.59395969762915,8.022263165787846,10.004670778751095,14.755256211972931,87.19763809431733,153.32790004736344,6.3985517726899195,16.511360237550164,4.758332115943385
16.67745461327614,202.9465116424111,51.53909844025835,6.769265781482473,3.7646725031126933,18.717493638599382,111.39346262504193,51.750125949250965,6.418156981467972,12.869837927264712,12.197384287924773
11.632263023550253,32.47310464364741,95.77524646985464,5.699797430039883,7.236253076018971,11.921260088179533,59.62634967963153,96.21999073348748,6.262436131966779,17.096130443305903,4.251402535386176
35.78009332650823,18.44641316170518,254.95577240053706,12.350644613769008,47.42278528503282,37.69711814981921,15.197995208482823,242.4731972662258,13.365822931937617,37.46159834436391,5.990128335573126
27.052885895713626,64.6176116056341,24.929104783133738,6.221763238887716,16.209446491656607,28.37071541072941,67.02850977453203,26.7405753589941,5.766012927762085,21.67540773762253,11.01487954841581
120.83727394400077,847.9545211966308,156.9600610856753,13.779438768867074,39.98144137302666,120.96566654991744,781.8915710874727,146.90111636805966,12.79645018814747,38.95323995977962,7.313537420612574
13.557333853091048,795.5597194008196,336.89565166065034,14.040894444093823,21.19746592470634,14.458105729301378,233.63159088814044,376.007141009838,12.380479312032705,19.751741595735997,9.300677046926658
11.434455501942983,11.726620934217987,57.303647918048355,15.347111922566844,34.051038168860636,13.439358291016465,10.114666982298612,62.115492906921396,14.897291858490751,37.285722556081375,15.447523858848303
16.043098581196542,141.66874404512262,47.639973646133015,10.319649667045432,14.546329825328591,16.2017760397903,131.8731835360224,42.426398989087005,10.040125774285572,17.25493292571485,5.71991006938167
43.45585970451016,306.6408001570278,313.1887874149612,19.139541447101436,20.63299513336097,44.287728225650454,160.28857327232075,372.3979280746026,13.87467150355261,19.263197425213374,9.677691663550217
94.8159708591924,403.10665672360705,22.9768686530159,6.050671215296692,16.248041935333543,93.16441422417147,470.71249879890394,26.340068586684207,6.870496693639433,13.427461239688132,9.07190104956698
27.27726424549215,13.804462351815937,597.6395605921532,1.0870587973724106,5.329859431179207,29.639049331152414,159.93435716462432,382.4454375959376,3.307874829301218,10.85028059443311,102.20061429378822
192.2649529810275,289.74125934304715,415.3314215075438,13.997169238038028,45.717636627027765,222.752009293016,249.61306450714412,353.802584275274,12.627004259944535,15.622592745227275,12.202569353681836
37.01526228569839,31.547225423620038,12.716240985264532,15.541942768165299,26.443797109616746,39.0834572787249,32.162702575169604,11.634692783927287,12.561845397087884,37.666262463710154,7.8535890114533835
199.49195614495295,396.9467565626848,514.5699139035912,12.729601417451848,3.7632851844065245,225.8417200232516,403.9876782252929,531.7612267778997,9.346417065514613,14.173571074089669,13.679145257977046
21.966078614870252,431.5639488405864,444.00465574621563,11.713886868382405,6.3672313935328715,23.152034865366097,187.52962147869803,441.7026893136475,9.30543147708846,17.279492015831075,11.134690582264149
141.51453467067182,107.98140510594187,42.11647307336594,2.105302579450285,43.79113516097084,139.61943379943952,83.05416500341256,31.485300245856955,4.105440508144035,52.31610111645062,11.052562922048354
70.33135174974403,905.679952067389,949.6348375954178,10.84130181490465,13.878080468928003,76.65907245175063,323.8932532416966,1022.4825271172655,8.298369677193053,12.70494700475204,11.438993494990877
308.57117522154476,368.4299989389647,29.991268315911526,11.773154473912708,15.670291944328321,377.0796514204216,383.3623330159834,31.52033040670186,14.07928580656079,15.540847890386255,18.194685043369578
302.41814386008093,461.7712987476293,930.3865692518317,7.826131766272398,11.462803101764967,338.77744906459486,937.6794724938053,872.5556464120351,10.981722162827683,21.422215112389367,13.376029864643483
53.61874269887181,387.88728273459697,540.2999358948346,12.41370398904053,30.332748785503675,61.16407368575327,168.58919323533206,504.367822450461,9.580277483289937,16.317413384462924,13.086238683540023
41.5088705351878,394.29824710809476,29.047547895869048,5.257881998538397,27.71521172257607,43.57232257265617,515.0286240760906,40.04480366013961,5.5014898465773205,19.897355560838093,6.8830263340723326
903.7115051312301,326.613248323452,57.59863885351945,12.105484086119079,24.38654983738783,857.64808652077,276.8810514914483,56.05524863677134,12.302686285679847,31.286336999909533,9.884534880630383
370.84348749236676,222.39726365273887,15.166916930169267,6.409500604819987,23.52358706699705,369.5967224895832,263.3610633149743,17.094071619736575,4.1722509425642755,22.52215958027362,4.952783527647702
48.37144763020969,819.0529151693462,179.73469348026637,13.493578533802188,15.61092520503013,50.35402417685851,453.6433680177008,205.28222946965465,11.794755606759542,25.486040029599597,8.764232021888356
25.243312650733795,47.904609787420206,24.311533524845682,2.508793179300495,22.603849218291316,27.843624939395436,63.386871054016005,28.788862416981438,1.770392779423009,24.581291287719687,28.22445981586445
18.72592111209098,690.6640198101944,84.99278656696174,19.590921210782493,26.129520607294083,16.8470835246415,308.20208737207946,140.5415813644584,17.89388158740515,24.276757990430795,9.138676418376166
525.9902207958419,28.090983954244624,112.5636153302916,15.758990229753026,14.154131101688183,625.92810613361,41.97437937649138,135.19604851607477,14.908715584195502,26.447063243815357,17.704660922941397
99.47903048176774,29.795440151083245,554.7311274623507,7.323400420843398,3.2892078480422797,116.34955601684007,177.93542439847278,577.5560605156832,14.60289311565871,10.320232108474363,19.20684092459713
855.7089726220731,257.6913633538516,20.637508649446968,8.070687993811141,17.071272050988583,935.4271356199888,257.86625022462493,23.293183334016618,6.974250067111842,19.356947449557317,12.577360246939145
734.6285650852781,27.706939398572562,374.95905968992275,13.217726278966039,26.874707761565823,789.574669663276,28.812998286806014,733.8053309415516,12.461202082153955,30.03056867766514,7.71290433643508
118.4147353531843,12.05295895920731,315.96829276802595,8.486145884012481,26.8280905105942,142.08644861613445,13.84730317835928,561.7383460946144,9.098716127741104,29.224426405754702,22.281056086113328
835.4609962893007,459.4542966478907,17.15234803527076,1.048073152409986,18.587239422171002,833.3398794128735,371.6148386993418,16.92629849980463,1.3410672667873547,18.3367009656801,14.2805866630864
44.303934725334344,10.988111503541909,66.00901912033304,2.910924275248114,49.669656877672274,36.8505554745925,7.883479776415454,87.16217962580255,3.104909658585963,38.1985335395247,17.344424729552575
288.29801362997614,57.77735836649888,662.5643280856069,13.452342219959581,40.40409760233805,333.2382736727685,46.425789422731704,607.8246310232464,12.50915087532948,30.648148857782072,10.969438350919852
487.33797663760186,775.9904868204168,86.07912256904633,18.110718751619434,22.732211507123388,562.379653103297,611.2314741943371,76.02296772559922,12.299283606363725,36.446609068008755,12.910579955042763
141.74746975462133,56.444855625957125,16.139692227665556,8.97041254101276,23.639028871966907,148.1469851266516,58.53280111078983,16.918643791843806,8.793006362281202,28.277133352757257,10.110825390775517
29.947966441938895,24.798479169096602,92.74287629224894,16.39020430463917,44.51190434394106,31.625523459807184,18.146508758988062,93.41268079981369,14.622093410543112,32.5195231390596,8.2586007349773
460.8233829119755,73.8405436230565,225.61453316929448,7.312985113082849,11.82481547976976,497.4239302573746,100.33745571864296,322.8608396447999,5.867029672924241,27.842004442820876,7.607562194940829
53.08493082745375,647.203947169182,15.284953745210226,14.785597121474142,47.58043446511336,64.22906461300576,781.2085957331259,34.73209966774446,16.389235047234752,30.054767972333465,15.370843387089417
14.525488715716756,353.9359949286217,192.83324542368968,3.4194113575483103,22.744005034386465,14.987749086457542,391.8652932589414,178.02688867616368,3.321433756537219,32.51005290718559,8.151665991462183
725.8046721276978,664.8324230029,430.2951355050521,11.548205669699728,11.091797400110856,804.9967145300025,530.2986568380649,383.188868406754,13.563862319754552,24.493070244172703,7.856469588878859
31.853666656606986,58.39723218550524,41.91103931639468,14.603979804248311,5.7903794318419095,32.90605493915619,51.30396001672608,51.434330087012874,12.086031343607925,12.33188944676359,11.551057279301357
503.80468237243906,20.437415993960126,294.60640453908303,4.667788326509178,14.99642006325441,599.0292138310641,19.030239646597664,423.91707640757465,5.119932854852548,14.345715442165131,21.75099856011811
42.46928063815041,220.49520958786695,47.4864445743237,13.885619412435064,31.465810130896887,41.57014758036584,361.6976182366114,45.07410463666001,14.761046514874387,19.639061143207325,4.626932811793689
845.7361191217891,13.551038266938074,15.640124048639649,12.7992615722982,28.28085248413838,873.2297644744616,135.64356088405532,15.62025695531159,9.25574855022898,7.199734067473242,17.23755451474425
64.56085801765474,680.5437497238685,644.2588653720305,7.007942633833159,5.205431379683372,66.6773678876105,459.8208456025047,555.726147689636,6.599617492136045,16.93513515669658,7.086831231229361
74.85628526492422,109.56145801685777,347.67808657103313,17.60657543797853,20.848369339430022,79.39217631029902,100.01077673088473,389.3345904000427,14.525035130934082,21.11520163555437,6.758195924786109
62.30763061706137,167.64278987784525,17.750652862998052,4.088130576121207,16.549584963041596,64.70060535172757,188.8613030167498,18.256551802585193,4.502363312917705,14.929900383643309,6.744419779746639
17.51363812587012,220.1863463997122,116.3212438203136,15.019931240783643,30.481272687317954,18.05228004283767,459.82661382130544,52.20465821093403,15.842389002384024,25.70581564201705,6.108278622556834
380.73976229240196,563.4199388445018,20.684674372011116,18.24860332741993,42.65226565507064,438.79452920958437,520.323639640502,33.015181391977734,18.343696812047785,40.595196357077064,12.251499747737647
164.67304895064055,273.3479640106934,27.257403406831376,6.839583679773993,36.68761416716031,177.9442283910832,338.09304743942926,30.02725309444241,7.585394870862005,28.609761595800638,8.974212328383219
211.02110259590967,121.06570089041543,18.32431941771422,5.229843912659602,12.681073327549164,210.63671618169136,111.92548770987801,20.398597977485196,5.478034528247083,13.613330273294354,8.355652389416786
57.80550076531792,510.6355251603623,19.461249937419613,17.633326556090584,13.027113277414104,54.37501443586514,282.14903305092787,23.590983663298594,16.88334631586314,19.756507029681323,7.333024208510879
46.80876001477949,330.7817879347334,215.94374298605595,18.861093598662663,37.44172675151661,46.876093597103704,329.76149476264743,172.37956706879217,14.863297216964062,20.807952361119256,9.070533885097765
58.93103353429511,61.6406324792224,124.70386134332797,7.743328722155712,36.69951689431692,64.02951719471534,56.146943096776745,115.0305809254503,12.84950568922357,30.98089909359894,8.032097677613107
30.04936107691358,343.378773002396,13.484676685251578,6.4055883214631715,35.651303528678966,26.1881326758777,404.1235114834365,21.159382629991672,5.750163230698456,28.420761186140957,7.800237724841411
60.230039807559606,280.0766453021683,31.003961990433577,1.6435525836719942,42.094585285242474,70.67996653031734,319.83996897355087,34.55466630851002,2.014469605261874,44.82431605495178,17.208734492961945
22.173925036049138,24.959377740686612,34.25174665835857,14.450560736376035,27.522874542994046,25.588392125928397,19.96484488129993,33.05010947501342,11.514096567353313,19.804111509902302,13.506183670149788
13.200728911603077,126.06979324415117,19.497796699984306,9.098423116921598,5.730152857120521,12.987080913487146,63.19808558847284,17.575376343346232,7.582124716682946,16.707945313524885,3.82558979354104
48.62931624636163,227.06847035250692,534.638555937414,13.740605362897114,6.311276190134095,50.03388923227135,264.76653986345104,513.9858876699359,11.93754734981049,15.611976787113772,8.655828761207845
298.9561475289756,30.5933172838459,105.19095340539126,6.859716863443861,11.868826381754806,329.3226926363709,39.41412326381694,106.95467406343155,5.875796595227413,17.776713451668734,9.177764116041017
358.7244119672787,122.9625562943207,39.03503424721681,16.584364563137203,12.343906107502256,412.8115331211584,99.62719041165128,42.72418168436603,15.545918364915346,17.792499292210024,13.261386105075918
858.3012720314229,255.4560553624099,21.042699481072265,12.136602148304686,7.701301908587765,883.3703748413863,70.01029442564283,21.68121361147532,13.49032821875034,14.942125483954099,8.464046414431456
145.08084185445696,105.31412410254056,413.4444055783668,10.69095599524279,18.801137839332657,153.22475972404874,76.47000037343673,384.5045643939367,11.921757615186252,10.064027638992828,5.598667514717404
634.2473469747148,247.70533590007696,84.47379177187085,11.656431620831501,14.19636709019222,716.0375544010075,216.6429961010522,100.32403329127003,11.31973324051784,19.44845642730002,15.213752515651285
111.88832825273866,18.414876262349907,95.37946352637896,4.35435639430358,27.29594492989888,114.37942117024294,20.24867785148442,112.62387742265994,4.384860695899407,31.56956522798284,6.487875724519706
166.41029656214437,28.435556503257523,52.99511203567984,17.36464188724987,36.27156788833662,175.46331651941952,25.77853219510041,46.32531864190189,17.14090919022366,23.0729303223264,6.8318153317459664
35.49481255199489,548.952499956254,22.57543885282276,5.50304860647562,13.789423219599685,34.78963807915145,544.041710229659,23.167854134405175,5.9317267842626675,15.058374089779196,9.40189639038717
159.24065197105446,21.607647241432595,12.369116065608178,10.857622929360959,3.0500326415039307,171.25073961482192,33.11486937895544,12.751409378579032,9.47009084179798,10.683404612002425,8.432462830001903
66.25749014107888,316.0221325504268,128.7278924011238,16.158411812786525,37.704989347956,69.40295544399737,369.4478964823911,106.87605014074605,13.572015315374733,29.86815339980436,10.857250156403692
21.12560535239584,907.3156313858339,534.9831963730521,10.701271657308618,20.495458732998163,22.883525079691495,372.4917419066805,449.32350611518615,8.919971530156916,23.455316123461593,15.554736667784308
64.7199329861198,28.45624968942891,15.112472399214871,11.380097918416046,13.37656326009167,65.60522787874709,26.32486938364522,14.719090968721263,13.52699808540318,15.070294684324134,5.825746855221329
990.0246402795309,30.59908258465269,400.8568179202587,11.861981517009484,46.6099976169844,1098.3950422475384,21.771209306429185,491.22097391622503,11.450953228032143,31.54661099989079,12.500974872601695
935.4183292743786,348.63001254490126,418.56524502310793,4.89023188325471,34.97117436038925,1021.009687411669,332.235236548943,408.3039585021637,5.64215294537946,17.451624314391513,12.073699830153537
411.2470029070245,14.817031125772244,25.876250329986057,8.245638265272753,49.38573177067398,460.76021385318563,15.98786916502429,27.935742664001236,8.074903415945311,41.94257407094231,13.446539754676442
143.78111083530644,13.278778116167972,81.49897012904263,11.992597855995298,7.2037979911962315,149.74778119387992,28.947207955714468,93.262406781013,11.476023570860512,22.13466438842958,6.3372740008122745
31.759008586990237,23.78111655831173,173.94082511415832,1.9087935678920789,6.27435385203998,30.02373430154017,383.24149189601553,73.39562385776087,10.598717856143548,23.84782551650248,9.864701916792034
504.1939478282904,374.7683699148367,133.102441794106,14.066168015528014,42.712583922217796,488.67389627620133,345.96959503863513,150.4758648809568,13.25489172836846,36.35153844561483,6.821885049851203
24.332702267889765,60.5510421851072,11.786309591769392,12.359419246388537,31.81294312286507,24.655753091115425,93.99915287342868,14.974788858206468,13.078573183814658,18.784810734886275,7.590470666491811
18.335545965466885,58.018293952181025,90.71679331982529,19.259142433996807,21.240149011596614,19.60414935308917,47.43933561826647,99.82917836642397,14.997842790333117,18.851594007609194,11.961145875835735
763.983063845649,19.369709584336373,12.863975989564441,1.863092254803937,41.66407509089701,663.3096101347417,15.336321308568989,14.164944932732325,1.5614543445444584,30.141166893435905,26.4200345589028
252.29644200908754,30.0192070773046,572.2745843781789,2.259715746449973,17.60394956804198,245.89189938347317,22.510273608683182,854.2583620283259,2.7519227324073703,14.697456962478274,10.935244928239578
72.54715441851471,86.25383042284544,842.4127178685563,5.656649751183334,31.19715188036277,76.50018977788145,118.48134463936195,878.9295500877691,7.602781316790664,40.82744800159366,7.6781325517176455
45.276431949991824,35.98549666548837,843.267332157258,4.92267850160623,45.89854597116298,52.08122327117656,26.928004961666243,496.26395328096527,9.789782942184841,30.8579754125716,14.430864965197445
28.281353998750685,10.09455316611433,23.93018347813388,2.7795678723096557,37.318859239717156,25.66119787758454,7.00949178441426,29.08056602761641,2.9541997496032386,32.982218491993144,16.991984148643795
106.03863500763651,73.44208294872742,11.794662082208445,19.235715924255185,6.944128838247622,104.50081584271004,101.77204135801888,13.497592389727256,11.650319231797466,9.321631112984818,9.153264186222398
507.5999844471543,172.6603909468166,662.263909864804,13.01086784735766,8.436128637712503,589.5973190304538,300.6074453285583,605.6578659708207,8.829531171834102,15.17842111468633,9.075095186245935
154.14157730170305,14.891613554952222,215.61728464423442,4.420363743659357,40.94381760015498,165.7136680633752,13.913273332652155,197.04654986353341,4.397053505704074,31.735439582309606,8.879893088902508
26.91711055906762,10.314411059855013,33.20684735210935,17.24328686919419,8.77682608561915,30.42365662350728,15.732914531802722,35.00338626023108,14.884945271551024,26.88932645575451,10.365465561516608
738.1562693166137,49.05437870127261,161.94825417910204,11.658129966332991,42.96058279686044,895.5036367796087,37.64008108372724,181.3106199830244,11.966558797421701,30.358401431926563,17.964039995173867
37.90029366494543,781.3256070247319,70.89727040597552,9.96741942335667,25.158241136877184,39.23218718821553,540.7164680079322,59.748102081684735,9.424253372254697,34.46916133307406,5.338419265925974
29.147815263805064,14.648488294482247,275.28068382382594,10.547662771843276,4.284572546945677,28.12482305119156,218.7254544832907,307.3046694009862,17.33023824119034,19.47693388204525,4.959261133621583
233.07335161569452,95.27241712772961,306.99672479815047,17.12096695018828,2.512863302368272,268.06027525726637,193.59520266043168,283.89891092836297,9.844816234989292,13.20778925963636,10.652134928226808
445.1675206535146,43.13016682463131,979.2072487113425,7.786993308528264,18.978225326374734,467.0198682842742,26.611018129584597,951.9596698899063,9.07984516182725,12.78946929150931,10.886796855911811
152.61996663995075,735.1835409933018,30.065837706258765,14.676650524404339,11.0901682118844,149.93291640238664,437.5838397029913,27.44181475622776,12.178398435268454,18.851901080408442,5.697173336280927
314.5232398672321,72.77386967340128,50.52893323854895,17.801913002086433,49.36806821337067,337.82275178322425,87.61628663495374,56.54974817661527,17.4879105558406,28.910501104875465,10.440227926950149
245.70561464956737,361.65189892530327,138.4896369833831,13.162762293890147,16.937110916436374,282.6347697810479,362.8853253231736,127.00581604440238,9.395680326990986,13.483235569162328,15.757441774056819
10.432941562906379,83.69600698291669,53.653974317117815,11.193300997112962,10.63578686801775,10.66159598080374,57.216593664838015,54.766647648823685,8.943036109869468,17.55809241335054,7.96315512418796
20.96562813844196,13.463654039901334,60.34819005194864,19.37089904001351,16.79647387315697,21.950744261721038,17.674784194439255,83.28563120806828,14.578059642895965,40.991825100985444,5.579678808219134
10.264746223316696,180.80907059888537,202.00213210880494,15.32041797956307,46.44619341469403,10.324198059692138,104.46981688732332,256.28525982721703,11.872601635122297,20.936813251655543,13.948528703569252
101.76127158040964,228.22686811958386,179.65722457182588,3.2606019545377305,26.68762689466249,101.20667433329378,246.7195729829111,177.08669883105924,3.98938058106732,19.30389573726093,5.021407555116138
28.79404913619902,17.122193859110208,56.946023338924554,10.237709924226998,23.853678683884066,30.423168969757526,14.120024725767058,62.23340868676384,9.031896211839111,21.66339387663585,8.487638633179285
114.90531662154493,19.865679696108042,12.518256096460105,13.778716746221596,7.182329286860123,130.5832395659142,16.58981966373203,13.538378812213464,13.12025112744517,12.673532369183457,11.489747542893921
20.605037116025443,92.87083809526936,215.12608658869902,11.870591781910019,41.55019863660262,21.66914438828228,75.60309106856245,184.1235388226468,10.43883536191562,23.217495745265552,8.650855646834286
340.6746253784261,67.51384610806151,10.198180401839549,12.579486850827406,10.21900708657926,362.4453850257935,31.245227302645365,11.175010023557817,16.331690184564607,14.210143949044216,26.786734202530077
48.09143589658477,89.50876220377108,90.33586650871305,14.335420743228411,11.221525487062477,48.26662837034613,74.37173003352059,104.91447431218302,13.408799783185707,15.429423651860446,5.9162289381025825
15.164534107121563,475.5058434304196,216.5560292846493,11.816861653801785,46.16145739655093,16.124105380935355,166.05202105223134,296.9096095464803,8.86544521519657,17.10893710213109,15.963065761206325
918.4065760127954,341.7032578236672,59.28396606271547,3.6042817442851294,37.17729221337889,1107.2259972567194,312.6418297424221,51.55105639599977,3.361543614645703,41.01538578909075,11.288894332279959
312.65444724818934,169.78659775739916,186.02459516341992,2.7792293924673235,38.665889289359086,311.9089742765523,138.85141874591238,200.6993828468993,2.4708574094483886,26.857012719509722,10.89864636113536
10.887966226016408,945.784445629289,66.0172289790494,10.078278995159428,29.712801235176485,10.151768068870394,503.3099275546343,86.72066843244839,10.01273554554088,30.499027044624416,10.466887721820294
43.26703090640599,19.23942567598992,315.690256194293,14.864745829276048,36.99856228846147,48.871922991998076,16.7922356959707,294.2153538354826,13.626087558362485,32.013277053098534,10.349456008476505
11.192259533964618,112.40682354127439,438.55710135694056,15.795156181503351,27.551912156335504,11.055410145840272,233.53517111904267,299.9655789749768,17.359554801595834,21.295163606706723,5.281176865989144
15.056857089410544,243.32994485245513,498.0018918331452,7.638532076565591,36.05219881276162,14.933272828162254,131.7704924569731,427.9336665917711,6.393146477379949,29.627486496960795,7.187976910524983
218.86520385616197,67.0924400242926,168.28478875441,5.465860181999111,14.222613948868254,245.97444479830546,37.279285946277874,165.91125559126047,5.661967309740385,7.547176057707094,7.71470706364914
10.805684275847243,34.83108177136633,358.74467434191405,18.28956502382525,23.04015661940392,12.670031515518955,36.135392176531,430.1806129105699,17.514677616565052,21.608715310514423,17.759497083695436
17.666942164447278,22.69248951822472,32.91381235342211,2.5522777150113414,44.644271800058235,20.186682032793918,27.898782425138624,40.03755647075254,4.825419845634801,23.202832148980374,20.01548387227958
12.479335513702463,674.974401986454,29.885865147406182,17.55220234833081,32.301285657298564,11.837523793481465,263.7403389625238,122.94923606237238,16.07935834462073,21.610689972205304,6.422718529706269
16.66733885393534,18.994184634511203,53.66270750302754,12.539326159142538,16.764325492252627,18.683404414608955,26.680957151025435,80.65530335113465,14.501502911892542,29.70460618667696,12.846243262901597
31.23378140200063,435.41779898234256,44.190248497588655,6.75546699197292,20.157311159183426,30.017518526252957,365.3133703510271,42.331007213893024,6.196078668645985,29.432326657897196,7.0222174265762
17.02854716043036,32.02065850442634,667.5700329775574,2.94842520245128,40.787155736154176,17.1701956770182,34.52233007927542,656.4635493777629,3.239955471055861,35.94881085171295,10.385664789399277
165.87107827524693,469.0462742535482,121.00787866589457,5.250499178279652,14.559983875323585,173.06643461728373,547.8629684961853,112.37372458699154,5.754369021911075,16.853467826995335,8.201038029424122
312.13375615245826,610.5228565507651,341.60860735647606,10.855913036875393,46.191817192452476,323.2781988328851,836.1523397151034,296.1925985820007,13.444046179740484,45.1001823759239,9.137875868382023
351.0068101961353,626.7113372303426,570.58357883525,9.680460817628555,44.221441071215125,377.80582198006925,678.4118002585468,559.6311708162046,9.806973612266718,25.934308029819384,8.227045439034825
81.80214346972137,133.06700954427433,12.57207803533669,5.25137332894682,46.106995402545884,75.31799060792645,159.4913864832946,16.254404448940615,6.1777574738528855,40.07589775208532,10.630897169969165
52.8705678461026,733.9916420986664,457.7615607394781,1.2093312690218498,19.932751644988812,50.9421449740367,780.3742703341982,502.0499508552795,1.3711823921782664,32.55833423426322,12.156935017460322
111.98237305761425,11.09569846460246,33.11513724459414,12.812862153708066,9.527115311572963,118.41752881244128,17.725966808123793,36.4437607382251,13.256244115436006,22.644136008071452,9.053301860895344
65.75519433721045,31.1997315718416,73.94469448572657,19.931840831603488,15.948004034809177,72.05835784161104,34.56198157112777,95.8549775569661,17.478383037891962,30.556288028594512,10.006256609388535
16.205866815347527,92.36346954613802,121.16126479853376,5.76733290283381,13.034959970087995,15.058210626886627,78.40586119140902,125.15198743426342,4.59856200260911,14.227227316494334,6.757193997853515
31.25872182959251,17.640554609786786,11.122754807358167,9.440699629962369,6.839210499003731,32.26107173193153,15.346824115902283,12.241693287920992,8.895188482727386,14.984793775976874,6.969611858957478
225.11012584172175,194.24466406336308,125.34937011885077,3.741723885817791,9.155132187794717,216.8183545313155,172.0479897758027,121.11094542145389,6.1440098663954155,15.399041663846953,4.9906828485540355
32.614329054686216,606.4987396285591,117.20874434302242,17.018436732981904,29.94942158618364,33.96039052779647,337.7566061834322,137.1779131793955,12.951049459254378,20.598173632960275,11.85905503835593
578.5363366298332,12.682805431684297,884.4307207240001,14.372537098386777,15.646336851752833,659.512529959082,23.050741083661052,790.5992707679374,13.839643851750813,29.99310257261755,10.744234004980822
820.691266804219,281.76411585980327,268.89610718522187,13.724531710677942,38.917661987512055,812.169004660371,282.26145290590097,237.9554902597833,11.271486925540554,19.716263520663183,8.83160185193399
15.663145997726422,592.7980072167326,334.6620462568204,17.803451123527907,7.370259997532967,15.830807731861809,178.78258245161152,452.7255035995516,16.600331118051372,18.42780205136807,6.6505394398609035
356.6012282849508,200.24594815955857,25.514564720374125,13.609432572512983,13.340474851544844,392.1452033583094,88.95579909673157,28.435399053638278,14.452173534199547,21.152179282795142,9.406933295575149
275.5081053526999,16.301209893852818,60.30929661827939,17.034533289299723,21.65504796266254,277.83809376851553,15.751583868246799,69.49460043307943,18.2835669488117,34.83512423503872,8.511729418500598
116.22275999911179,50.289172042689984,18.377574543157056,1.7218843915898132,27.444605563768032,120.68654280228343,40.55849320781451,18.576150477589696,1.7122192046388456,31.173003403822708,12.850913309008908
16.052943410171242,789.7334732361915,14.301554424224388,15.419695060225347,34.44721981098763,16.176363591622803,377.19159935396135,111.55321675963238,14.343021950946733,26.040717749149852,5.087734933125736
572.0762818333218,243.56566165755711,506.8845727286507,7.8319315937028975,9.565972195140914,620.1695205804167,258.60508439036107,511.125667610875,7.929775643999823,10.10974047691226,11.232833138709296
811.3671188231547,17.708101153225805,33.539866638571155,18.41718491998196,22.256211786144213,959.2195186945268,124.28356621559475,35.905800925185396,13.415898466166016,12.669292022024752,15.632921436621913
10.906887017605634,362.89194234240574,106.63604467953931,12.35637708749169,28.798187654588038,10.35830684615051,403.7515361332894,48.34490870671641,11.486429788359738,24.850703740699586,5.8482303896037795
27.519624885171137,21.765427241156274,50.01073541347074,14.827321115209639,19.08404553827936,30.456864623510388,14.3978666356901,53.40116722279641,13.030154065019797,23.439116899450358,12.37373989430271
49.1093182334716,50.147572692837265,110.71622716078855,19.474679125859762,24.560841080510254,44.89056230878929,37.0062494202249,110.72786756091712,13.438466601245533,18.151920172795577,8.649879055872276
661.9072680391753,19.664504085769146,23.07091181581023,7.589762401043751,38.97429575260917,757.6472889140314,26.95023311405223,26.593296494715315,7.162618151577025,29.852851980491423,18.975050299862495
790.3594103845821,233.29859880542028,10.542373443265165,6.889605977706503,33.2445562011941,861.1697714274452,213.08859300186936,12.738160685823816,5.951464120884169,36.67924139763591,12.226577658931195
398.7446865263967,133.5713291464627,31.184661088575975,7.103929408835627,42.30948731531659,399.9736965464069,119.64531850873865,31.599682717989364,7.240233050308557,43.32959849420576,6.264823717555595
48.690688797304894,303.93378494794945,34.69921616282214,12.897842306181841,7.8961834932839485,51.22946746287306,297.04505557797705,29.365636392494785,13.587438950451434,10.798880502126206,6.35372062120418
79.00682947522508,21.54382099503015,165.05539732767434,9.34377463269934,26.166145388528417,85.68262109834752,21.511627375857156,264.44566667301575,10.089946001465545,27.75429888164766,7.523795551985257
259.2181442983414,600.6140710839965,37.74482675446324,3.457707300318472,9.244136493147495,306.3229866244377,661.0937425008609,44.055771692227474,4.0460767533348045,9.532156987826987,19.53025782853658
11.552298584043996,455.8044176780862,326.34073046887204,10.4298953814694,10.294251883056162,12.504725220083227,170.0688289752219,355.52798551492094,8.496988791246597,20.14420737069142,17.64437596603342
48.55961666220563,481.79656826733134,109.05071020300952,7.588297466960193,42.30135629788229,47.69465466944308,570.4378007120428,102.04259415683978,7.356667174053538,34.43677859400198,5.850258153226643
424.2401427677037,100.16261788869058,11.142325885222675,3.7517487525684574,12.13975644162855,481.4040490209011,117.82323100897148,11.930986039884408,2.8936617311377884,9.459274583129977,15.699127002527893
325.9136614448929,86.16024392582469,38.01601548162804,16.920522162336393,18.933639622240616,364.31065473958165,99.75633440205056,38.803664194093116,16.02468015836495,25.45952282591399,11.466142398002429
11.879740993230424,759.3948515240518,83.76665606412624,16.37999133260653,34.24548140327043,12.926952805351386,140.75286960901886,385.44184536469373,13.84788734910651,20.721317370574152,13.199280710920092
562.9433137296851,21.586669590959023,137.7805852486554,10.947974968576782,40.75664367086525,592.0855728123203,21.0928957660258,246.58818004572416,9.910968790658105,40.76962324874705,9.703657676493352
78.17004626457422,130.53026396803332,12.043344237143355,10.308151686644154,47.962006703100585,83.12435724560152,233.5212481271468,23.126842279371175,15.328347875296744,18.294490024795834,6.472350287499159
300.5436330660823,498.939238652793,56.24019936237508,17.86648800338329,35.094107720324004,321.99595801908583,416.7605253547864,34.341170747295756,19.172503695252157,39.08580785577809,10.884956139994637
12.357382756395108,50.63198886195735,264.73947020669715,1.3503182546286825,23.080568633884866,14.327945473873115,57.34062796646756,542.018886443547,1.152661811287547,30.246639950452966,17.60487520325227
35.95919103237818,71.92636142494331,25.142615504548797,18.691236428871036,4.888523836296678,38.75605928418366,55.32535175728959,29.662607505116544,11.065087474183127,9.49351226770887,12.255652167974686
10.83228165447368,386.73054128621936,663.9845188632398,16.248052004102334,30.1324897768383,11.067554685450853,187.29883563737036,489.6473712858366,15.470064163393783,18.305334760199408,6.202578962190318
19.872430258647263,506.78250326008646,12.754886119233323,16.388449880159524,24.27705910899787,19.773303411998956,371.5135648912117,35.8375276757799,15.712965166632873,23.863247564538725,3.5302318957448717
152.02373717806208,915.4173086385875,327.4018745936406,8.699296032254741,23.667572571722115,178.1050523869941,697.051790566756,338.4482860242535,6.92215055401947,33.45831595438519,18.049622325297694
20.003652755616248,216.5753705043771,21.52847470435578,9.823155996013295,20.510279802489144,17.952871128615456,185.3968410537493,27.075527930540222,9.062945331322279,17.79142490034488,8.592049974554298
675.9199046311801,71.38010895037401,21.89578207147196,4.4704666772167005,42.80497243687185,715.2636551915506,82.30163275881614,25.354855378029388,4.037895132307057,43.97420483069156,11.914677576097144
15.593667149816342,107.4157741851309,105.86269014325606,11.685197156882962,10.014437887181968,15.446607600267386,260.3778618625841,55.352910342969025,12.14859561067557,19.868143534342526,6.201066864473461
209.56445884332948,951.6352005922106,218.2235352503822,10.97680112126742,27.004156808827442,225.20989107457302,856.10416003037,274.41897540026895,9.585516604550916,30.348314658132995,12.794957318658332
930.7620141087133,16.46859714394091,24.854422949567457,2.4292334186651066,19.92938987914506,912.1902379111374,13.449475173808894,30.78618642690637,2.5706589752381896,54.66667996096871,14.64750122105682
10.185185938194337,21.138818077830997,376.8555861591664,18.392759423024536,35.89328899591387,12.608745004039479,16.929459156917478,456.67260726714187,15.376980539649765,33.04126968924805,19.905011237249024
23.432642842780904,56.241876884060105,475.9524094806664,12.634360048704599,34.011764914749406,24.61824929074572,66.56842265958794,503.9747148453802,14.97201650089037,30.686123792125944,7.466388998274858
786.8428405508733,251.4191524354814,177.88642442738575,1.725068464770819,8.070203239559143,865.5920999510657,210.152990429985,154.25673212799376,1.9297740832874632,26.096243882409368,8.855820721487735
11.758536504401647,60.79142585741187,26.47670094339966,6.861997137178961,12.775513883885502,12.220606639552502,60.80274221951489,27.09300507203687,6.307395063916855,16.18394172587623,10.163444307988426
63.1479175549499,84.33199707989677,232.71820122875403,16.400248466575743,16.42082789155026,67.63425566974249,87.02783198588303,211.49209406480435,15.293927296725403,12.893424052539467,9.823609422626784
114.06927309774075,186.7567527599126,31.835164595996403,11.60129108966801,36.8182164931437,123.36431865352496,195.345325224857,29.869335159894646,16.859708785208777,27.66622920824511,7.7273834733264115
871.3465458411458,10.87557390839397,66.35593926182435,15.49072867913451,28.303033969142913,988.5587822664708,11.667285086011583,93.63104485992245,15.961637018679955,33.72277785494558,15.449111133466353
18.758252820469004,40.92834987792609,943.2570831416845,9.39980403056786,13.097873753918442,19.719481126913596,111.43059961107762,993.5436927107254,11.205455613442087,23.329267411882373,7.7641025841271265
152.85007276402678,325.2000209173318,52.28881437780922,1.2077597011026109,30.56908890202044,153.64105911902348,316.1900834595926,53.68796175849824,1.3944026118126458,36.08377616375973,11.26520874837291
14.939816842885467,34.77992796092191,172.85116627011323,6.9106533068655684,41.037909821408974,16.778171007696134,34.06924931825856,142.74600953792336,5.964710240165927,35.682087836440644,11.730107131657538
766.1676390603686,718.610831117371,64.71117372983902,16.970700445482905,19.954320765512755,774.9369904106968,769.3960483086041,72.27683123982517,12.152895576899423,22.885044089026877,4.182128332945217
22.13058134225401,826.362295954032,414.1689495815536,15.05097738490813,23.759937521417097,21.679020135397064,407.68376399270824,361.50473637127186,13.129404240731642,26.178938006918433,6.373470974485477
522.0928350015105,46.442701787421214,44.10217838518072,9.083109763766958,49.50444858045505,579.381749578879,57.752637686728875,56.922591938900325,8.120601776909872,13.771260299017031,18.71438833823019
57.235612944951484,70.66886099268034,751.6089126273002,3.111656993147254,24.64582390832429,63.349712994714274,81.05984846791834,751.4365991123491,4.754482394986677,27.32846605503762,8.71407321992378
133.8586044930887,10.522235743984528,271.0252973669208,9.803495977983326,38.496001038040895,137.8405398080594,10.872722052654224,270.7735669127591,10.254723176874059,35.17000564028207,10.241584411968034
202.20754167592196,972.4382659831742,11.027283561813087,19.640157609574196,47.11557817458758,212.55180884988758,890.2307587782667,83.8422316658106,16.317036392090742,43.93425141346546,6.998391128007997
145.50547388182775,18.596163711565598,25.121774943033053,4.43300410962127,47.69276467796355,147.15128850723167,20.552945825567786,26.46737324408578,4.545509389969647,29.165915260622043,11.909047696562137
57.72666214641356,12.998029480657596,215.6689342173321,19.20501510363054,7.134009041129144,63.38507095950205,25.95204524056368,260.3136933810032,13.033000418107271,18.270330960347003,7.63661088694824
14.355924606326079,545.8339085255569,97.40582684729067,4.994511853829374,16.143016481790454,16.410578198412797,348.93939675110965,68.99054210354211,4.598971572203534,32.1458865738203,13.985048620817203
22.744873389153582,25.06593942452722,522.3549578697314,18.339072138696693,12.183075561118466,24.132468907686683,36.892140023534424,588.7386886847777,13.209053544892203,27.17683968492532,8.914228741078068
673.632400815591,28.380673955488337,28.76484919335696,2.4933717816018963,18.383933905222243,689.8897098698012,24.8843631764402,33.17398662812711,2.611747763919133,22.827840616208576,8.108342828952047
980.9393089089707,84.8670507988534,693.98488338819,15.86340393203468,42.055312120854076,1264.6517510643869,57.51736088481266,674.1464434698981,17.133152868595005,28.309417399936862,25.80308603882286
255.57400143981738,34.40228737529165,189.16659896617318,18.626072947940383,37.41891635744302,290.8343892682405,28.956858699517955,253.03700172805864,18.55280780119195,34.78894593089346,12.488340933650074
583.3214335081495,26.5018659349928,13.539690480080191,5.7620774617591675,3.3628116995119055,666.7775129339975,19.12264211888327,17.543223961988932,6.0677563679594675,23.072435758715415,28.598670912275676
36.179988392000624,24.892767028374948,86.66370676673232,7.103055277799205,24.755960102304954,34.89433165137187,21.494110091621575,94.98882366918191,6.557109861639168,26.61233169927748,8.821322215323638
37.468914318089105,18.199103297188795,100.55837973284467,5.180918089055549,46.90644112348734,38.11190325866161,15.682738011250418,74.42421160032984,5.820207747255292,31.539610109126524,3.829394148092459
10.69939406525241,202.69500705812771,19.081177096602058,2.3850699198808774,3.4025776480522314,13.131126846657375,137.33948329083276,24.30739716608221,2.201896708055534,7.95819668926707,33.503529936310215
11.80396206965376,598.9983934632313,116.90802871154875,12.571898553376984,21.88111574896964,11.244520038247561,293.0649889133683,107.70740188674316,11.234984325509949,23.19027708551171,7.770104878413004
90.27797596864677,163.97245797277301,22.532249404970035,14.537435596901199,15.488605160073364,89.28938784526515,125.82304564254675,19.762387089387104,11.07034397021463,22.41814635183615,6.044608970775191
334.3806063822972,14.923909556073664,124.74019364590825,6.498536778023804,11.923191594559237,374.4816338737878,16.103331007945755,155.87087518854355,6.088400602868748,15.576191752198202,10.442503338568535
365.59126632167147,10.377122679436019,533.5736933081749,17.747332724196674,17.39098075787785,431.16044404131185,24.218192341621588,385.9998461479529,14.895530521779477,36.9034020750568,13.7208047413269
45.17409486038157,25.190276285020044,65.35968958306886,7.908800978661269,37.27077735982933,45.638214271828026,19.763443575984624,83.53608355604707,8.220592946981636,32.35843659450769,5.5312053971940145
32.233285600611616,243.1926361469101,74.06314827702548,16.263641135031286,49.97686928868558,33.16912252083279,331.27920097736717,80.66777329567573,15.953197040712721,21.744706230796815,6.26879721921684
823.8339127754099,147.4975799644652,228.15328863810686,11.095626312119586,40.71359588701785,859.7079875840229,152.85106477447312,230.35076319370617,10.457743250515515,19.735543161513508,8.914831706878596
508.51356417025846,17.021122891094308,36.3141255813843,2.7191659179816394,30.300575154014677,575.9476718558583,18.94369184815019,50.353714460910055,2.7617431881656787,44.022933079695605,14.417775810513032
826.1759780462518,32.03925290229324,25.009455118830562,13.258695740971286,6.2174219201663945,820.7311148356249,73.15019504162738,25.083430027284606,11.15601082957656,11.914094236412224,9.608715689182645
25.18714639614954,441.4528680311253,12.18219009739784,5.609992078977134,44.99147198152323,28.134193714636847,514.9947158547678,41.91707553335382,5.494854695025199,31.160563716845076,11.339962087194126
36.55811451748347,11.922611946447127,37.51970070927309,11.03474773114054,41.825627897310724,35.433627817838016,11.468557210702215,45.78033805798105,12.822267566628536,36.704763204414974,7.8448900645004915
398.3002468653285,381.7476252500242,58.98883230485266,5.178576826202345,27.74289217456989,438.85659243046354,352.4590821505897,62.438974185184875,13.490582047620391,19.812386183018113,8.965190163587303
371.07538033112365,14.961449759698283,693.6495271926767,17.054100492106706,12.328535836035062,427.4163284729816,28.77110650666268,780.0634788473168,16.325707927701526,25.199852640384137,15.074536106853298
10.131573878647584,476.2123774689238,13.620207520630055,19.22601975539261,42.50498751369268,11.284329953035162,144.46728164580983,133.08362822298724,16.501105095712145,19.469088764915043,15.288586758973233
165.68239329802006,539.3708354318177,67.02145998366208,3.1111436258275704,43.68729164342261,178.15957737806863,558.0944902730462,77.59637903317591,3.5978440827822205,36.630273837039205,6.436757166449239
111.48668506289142,16.650078834964862,523.7677097487812,11.68529427823111,40.921261737693555,115.27461536815485,18.380647210630947,518.3143229201548,10.661574455738215,44.926458233564226,6.464999058306818
826.8885287265052,20.782544101095688,48.31647670068193,9.72088600394702,2.321406998685525,990.3021101886764,91.20711290693433,62.31164279892667,7.419067291933726,12.231126466850517,21.464643856883246
32.86839580204949,390.1083452227573,23.033440437449336,2.761324210532821,19.780115386535353,34.4456274110587,562.473499055699,35.686413019194895,2.8454320643402213,16.459626014567455,19.517852841575372
138.11663512007152,104.60483104174503,68.31293329499518,13.936525385036283,44.39557911888376,164.22622369278434,112.98993468181537,71.60991742247028,8.423622070938087,31.937615312945915,12.63504553502427
60.97102084681128,135.557702339413,46.26699902059125,15.060234764158428,2.892368855273965,60.14207730082574,105.75393849910066,46.598569086243074,6.693930026151139,12.31716069648588,11.236344527640203
59.0533213844174,10.846569808499924,731.1447531827017,10.135649414997738,37.96164716330362,61.80229906395579,10.355445588564404,445.2315586599368,10.123648846262098,36.98934954024831,6.514767649650451
343.0423796008642,73.56902585442649,753.428885139897,2.6736703801734656,47.415103240774435,370.8673281693058,60.8594668544526,730.0068801968806,2.5406264916933154,42.30749318386053,12.316232720193545
76.50453098072967,12.912832708135356,103.99789171777421,14.990755828468885,34.09500846597139,75.89737710119907,14.085453171772341,138.77731525098218,13.320665772303824,39.81124098768809,6.1134527779577725
859.1482615323139,20.03791619066269,20.19122164002228,8.576762347514672,17.015207721170697,963.2717503122293,50.42137839513243,23.915067078247667,6.98087172734936,15.691446588506379,19.036047712631266
70.42313786427165,340.10842632705305,569.2726149906692,7.256151421071024,19.59842837846957,74.39225533220963,307.8290198776315,588.6951913473763,6.667582088927807,22.1671948105342,6.669475413154062
186.23669074957567,34.62892754707712,129.22246747658008,14.318598950587527,11.946668094466713,188.39819281702722,32.05917680449267,152.53490154507088,15.832260180032613,9.648568039015695,9.88174544380965
28.346800012477534,39.987806223569905,524.4585978354324,19.573168069199745,16.979835382486385,29.381625928485782,38.75779879373757,758.2002566368411,15.076195174776268,25.70426487454436,5.5409424008739165
35.740965222162885,32.01769934757588,25.784918391002044,11.118173751635483,7.144848865528517,36.89247096138537,23.171498493799966,25.83834551568605,15.608751276087718,16.378389059261213,4.307235161942618
12.323629906678848,33.17723244457194,64.34815697420406,15.814461132185583,3.4557069769336284,12.175885285960247,79.15932508774709,56.03640902625399,14.959047706782432,16.635872021186206,7.231032053873991
366.10553595327843,13.863921316755011,839.6033881583456,17.26788688640344,45.16180026355806,393.8918405952063,11.471111971543982,347.6621701658062,18.602278500045202,36.5420290334846,11.922033993623279
257.382092178731,184.2661932381205,248.3959776433948,6.267632255965003,35.25733621226498,287.213714209924,143.30009541448345,277.35245912316475,7.338717913646947,12.171845111549004,9.54592854689845
401.80501767274893,31.997203407010304,120.82164347414584,14.943867267204281,10.933029947771125,448.396952079039,53.002601673437525,127.94594623008865,14.871648362258293,14.530928407318218,14.864060386239075
130.5489421362066,280.7911422132037,230.55740247228758,5.4529660174061565,28.436426825753298,131.88823925263875,305.1335965101257,221.97116659564887,6.090928083947528,17.634571645635425,2.6332646715422756
985.0203273492832,62.8711531708703,708.8952072263947,11.991621310111146,43.32869531243853,1118.273087624378,37.78924726218728,765.1324781792077,12.701618239903413,26.491777902819887,10.94009867958611
450.15905484194616,280.0871334365374,52.16831508364761,12.088332040631327,39.29733380275319,480.70440497507406,212.9845610635624,55.20662849359488,16.266187583736407,40.50120683932033,7.565211621889893
22.782865530011655,66.86198377714716,342.01349068519295,11.933176372506747,28.9374368728796,20.76979306059314,45.18234575351556,527.7870992256131,8.81247970173215,33.408637993811006,7.0798981627709505
758.0577141092393,481.0957700107713,35.47428000335244,17.3478601101617,4.899648645757522,771.6924451968439,111.94513983205691,39.136402167217994,15.59829267129598,12.71081163505012,12.463327938775256
41.30068779637519,900.5467954110479,12.053942336033254,1.9371204487236255,41.38073985818737,39.04299624594738,752.5209648930519,27.920822667668457,1.7765810517888563,52.08405134028483,10.137676940758992
610.4900963152899,212.44074948553387,563.9497191285091,8.3226385562138,21.110943872294893,654.6206663680583,157.5482146004044,446.5984651618062,8.256298025987435,10.324506882444874,8.371328859246002
149.60259223327233,444.1132709877621,357.6761287412441,5.238354542172187,39.571727249624466,157.76621401212725,485.2700735190955,375.1392826101286,5.028530702226291,24.58367325760956,7.627461289773044
66.10668229246389,11.092729243706636,45.76386923349437,1.094992920798565,40.800510336029426,60.72831971134223,9.237940893472084,61.50672136600274,1.0006642241773025,35.628389602476794,12.987771811877181
420.47699951473084,119.95947149552232,628.9366130195524,3.596366210192489,26.316620846648597,417.66814037642916,87.96431950136393,640.3178853745292,4.160571046829875,20.65585384774231,8.799374450792168
43.95969478052486,923.2629026996714,37.22417883321223,14.78740729928003,20.080117376104123,44.55239312346777,557.4384653437286,37.86229210042596,13.168156617109648,29.998852420149092,6.353123198274247
10.557568335969503,182.82000248777592,47.03437227919258,9.532099703777382,29.292003373953026,10.617391209464417,163.0946654372425,40.71891633445126,9.19910577473432,23.006477330855144,7.84129787287688
44.9388907335976,276.2985990488569,54.4290028627752,16.741301412997423,2.207468817690943,50.14299936129596,100.72458266954088,66.48884152303816,10.842179184299058,9.364742800586257,18.279349708800897
19.006917523644937,112.90429853469928,23.278532436964138,6.6519051538633915,43.49741631614653,16.80486049650967,176.42802499896754,28.36821759126009,7.743840495438872,23.673219568504376,10.630694462607176
631.8151058678008,32.383160039557715,110.0968082909151,9.05241462513147,16.35110811748593,695.0988726320155,26.57342255051942,148.8394407089784,8.789936630681819,17.87247440347284,8.04221120198773
42.504299203976316,40.07291821244668,24.371444947171,16.22032941924768,48.287768178590234,44.4436708670366,49.847372397741125,30.352507765518393,10.955678034903052,31.721578492583898,10.734292277130802
150.41990289694132,142.65101985368545,40.66818366266759,14.482922332111931,44.33372104429546,139.6751205281651,129.83423605590895,39.84496318038639,13.875786264900675,50.42903415727589,7.698902126573815
235.95295322775462,801.5788279401794,10.561700340850388,5.951739434782195,24.35186710293825,242.596234278503,729.4390683602039,15.13534625251012,5.294592412969078,23.59945993130325,9.570230248051798
17.178961454936886,567.6497298587567,48.87937580491384,10.854972615473468,7.554478449311086,17.35458161253092,164.5147739886055,59.702471553430065,9.589937530369042,19.238102930262787,5.017581269013291
972.6650174331481,838.1384726600362,184.77988385030625,2.036198312416923,5.766774984382021,1001.5136604757807,221.85253658243926,193.03111449829058,6.353755048846996,23.33135016994265,9.748630289956653
241.01554775494608,479.54164025949564,52.16916753309418,6.234864405605709,48.798621067305625,270.4491117507874,533.3007541007692,64.00922188200308,6.6686277486622085,39.98548466686111,11.184416536983337
131.33350021070865,85.40164421272873,16.40846916426472,4.391361007918882,19.351847697860652,122.92184893551378,84.83396386245838,18.596014190258852,3.782111138839408,18.892126655718904,8.840242797496959
77.48820025281763,561.0264962752898,57.917643360131905,12.837844318479414,25.12826751581648,80.14245670498043,582.6741673104647,41.38277911339165,12.281141469919584,24.59466095626142,8.3468824372444
389.42236054832966,104.05559256165634,281.73923547451574,10.169041907036025,18.55032226935408,418.8353931689197,103.50262868823728,409.33774431585323,9.080432209487318,25.458772055459963,9.106370757724369
193.70780619217925,697.3652623516905,19.63850946373618,15.091107634389695,31.842314249486893,210.2019207882318,734.270591363166,27.33299124227338,16.005937354301622,27.161633782225643,8.85606526203399
31.835997035536366,26.49183063609429,138.38914153065437,2.373589452538673,9.67932091931388,35.477566352050026,219.5587509203927,102.04141571786474,11.920047265684987,13.501221775721376,19.347821557201645
373.9215208053195,19.810074267345502,22.84235012809814,15.290031722028846,9.176228115758004,398.6769008050179,19.909820952286985,32.61864178465778,16.123143825413106,19.389838088278523,19.692128940212385
454.0307751206593,29.676028448668553,20.486319080795383,7.55808216319833,14.183899539437887,445.761191555938,30.595122278745222,23.814344029975448,7.9922000370593365,14.884241920718353,11.516156578465727
129.54984730827832,49.09915111453993,401.61846042940596,17.709044769321512,24.683528523539447,137.96778214323984,57.91840616032084,366.5823342718572,16.590144491823466,27.69125646886302,7.738472319296941
33.53201935032698,415.622365215908,187.6327311124899,11.802148868971024,24.2687556931892,34.663180119413276,529.0824573770471,89.22757402386893,11.530292679268076,31.293629377654486,6.551798284866517
50.53850253287599,381.6514393177937,42.58195462876919,6.053606103982229,33.803920426550526,50.114335441312335,513.166180503469,42.93373062907183,6.446357133638189,22.248356094527374,4.481104310192481
493.44661560722994,64.34284181583912,312.60536232889456,8.441074571600534,44.94571621826231,570.5510224900988,57.454142184800205,278.79870934451986,7.96484317063248,31.248734401196515,10.48882403806804
889.2402825644087,64.26110849000507,781.2909583009824,14.344878009048642,22.261857935136728,1053.6256331358516,50.62645539259449,829.8388009895059,16.594263120770083,17.80700507360311,24.051241274823493
