real_rho1,real_rho2,real_rho3,real_h1,real_h2,pred_rho1,pred_rho2,pred_rho3,pred_h1,pred_h2,erms_pct
830.9721564925709,912.9001499161843,23.896739782020276,5.703497919204452,21.882048705249645,823.4040376921589,987.3158656197161,22.336496250623153,11.003641595659149,12.511707346859286,13.778641384495364
147.6575380498498,271.3205143797158,102.88868264445777,12.446229030999142,43.260575883288695,134.1419548036943,325.3228518292441,126.54777229565364,12.33293826660815,30.85322673962845,6.699375472481771
987.8196589064245,254.70908161088164,153.28148823227215,8.850175381211054,18.146714896929804,876.0056137643693,211.1076904591453,161.6629710336061,8.973821877740548,29.486257226900637,10.296636260954813
758.8861660787454,12.70567384542887,127.37379698122561,17.134111846467615,19.15161007355404,675.2070953626269,20.133666048062558,177.74092206784874,18.371266226914845,22.534178463724153,19.394052776121054
40.58466419863801,143.84034387829817,714.3989284824409,12.87635490441903,36.13561682079239,43.753579858997824,126.50827459726969,954.1144532258596,10.984730393288539,30.128074684348178,11.767871764612071
214.11245128009006,519.0119746465151,168.0534773888168,15.249062488629033,37.83364741657644,201.56180201626668,560.647076827149,159.49095117313794,16.40106720588114,37.53860909585155,5.0520388925068165
54.57693580636478,54.661958145186595,317.06296846996673,10.695049718073951,11.646916467673949,56.927938079203074,80.8862523244796,358.0175720027642,13.82917583277574,9.497440195738335,9.80607450488323
246.37171108475857,15.2558562850963,191.66504907247025,18.279764315538582,28.64969241919919,250.94966253376404,18.757727831737736,248.25737373959382,18.856667773688564,28.71820640735101,12.956325294080202
11.866151778083365,98.42552785078747,12.73241869719817,15.712770795927511,24.859428009141546,11.487595234939784,168.68490210756812,16.637181540963713,15.439592162035142,16.602637509599802,8.32147025237713
360.45826493293816,315.2620100126585,26.66327299961422,8.26317356415061,32.27019168302337,337.9411662105775,304.2598365103097,25.551391932863318,14.002772243818397,27.297602162162125,4.237663516206146
244.65698720971184,975.018139361233,122.79421491716543,5.995092326486187,24.71103827932182,211.5995059200842,905.1139517624761,105.26151653935885,6.350541667770083,24.92084921572803,12.498881508766399
110.86267527407607,335.106500764651,971.21500780379,4.929281025770173,22.563157855785008,111.76616061865862,393.5262912882715,1032.7268671042239,4.34191107966874,24.831080293567997,9.409498272697707
21.09224408352559,775.5809640558798,498.74994408172415,15.558024952105233,9.053412390745482,21.8834918733699,350.1120571667124,454.3343563358654,14.58879362848084,16.24929356224616,4.033052899494841
219.46545742543657,27.56795088691259,73.01330642935635,1.7544488302317265,18.60676597167892,229.73738070808812,27.644640971299413,72.82672162908388,1.9526714284517985,17.48480465846025,9.708490262130184
20.482391662094855,12.212455991881916,10.50060635839404,19.483011675710106,19.342754755678875,22.436414781565006,21.721485895310337,10.379369656216559,12.160381162857002,10.206690785522829,8.025379717240105
14.742585330212934,570.5824834112049,779.2626454201603,15.084752538742702,17.429952664230427,15.11280800475839,173.4816949869809,807.6561348322601,12.633191971659807,17.54895915232644,8.948431091150743
57.5071606650061,755.8198663090249,25.790402473074575,14.595819900559993,10.721097862809637,60.47903014296932,431.73122178627614,25.925533756449102,13.052107712188196,19.609209435268582,6.249714101688164
14.194050894109349,776.1452704779728,26.64760481596481,17.776515554224854,22.48882608771866,13.884518808632485,469.9597650418052,51.19996041394992,18.05702469787865,24.322870320484,5.1414482989300865
33.64949771324051,90.73210733386148,46.867495704583355,5.463635411460149,2.4917772984070137,36.870185185879386,79.7315776294767,54.23806504780024,4.116302274601542,12.534209404100912,21.916491143893502
13.975779110168219,69.99315588957741,18.898003889465365,15.773366422663724,45.78315800077893,13.907079235916315,176.05894591534047,23.911219700676586,16.46552431853099,17.653426137740972,6.874435194804344
91.1357896209437,140.46285585259275,471.95514472064264,15.611650326387707,34.45522523199278,99.81366751789706,136.14127504493976,456.50393704860403,15.541715545746412,29.90996284244626,7.824187615360166
11.135910809736147,24.008785926280684,34.39957323289232,9.75691915351867,20.242691992576948,12.45127664406688,29.6814801784697,35.9026256184542,10.368630648445658,17.35736974835602,12.57429369332489
45.38868442998871,507.59517260762556,359.6507949043836,1.6208699645084033,25.588872568125485,40.431138125228486,559.4887510602391,414.718759731421,1.6668281365276663,18.484341368175812,8.716516471619519
189.2384996208451,75.63915352871909,60.93626062094607,6.8360703968968455,12.989616109270681,196.2558647604609,88.17764843278776,66.30465238494429,6.659028024576461,16.242017454410334,9.156123412427757
160.20112789230544,22.45873786572556,104.9130051904683,15.010380768058292,31.163822325180572,172.58602247333403,21.97644086921194,128.32602773552318,14.987967481343079,26.503862832887588,9.927033034814372
85.63463069627146,563.6830048682109,408.3429460576447,12.627768674530977,28.57989681505739,79.24090757829245,429.0787384344014,421.8684064461663,11.370337390003701,14.219261322609542,6.702166724996999
96.58579288527866,79.47757032169251,10.88243859322586,2.814687010805337,49.61062764337939,113.57674120148513,95.0931589669133,12.835557351178847,2.4349189944818876,52.323553368919384,20.250845607210806
31.87834957026859,108.44565138733358,326.7162137909746,2.4603704339596923,40.672838447441656,27.794298017751586,118.12328742030819,380.0519431264278,2.4619629593751258,41.06136271546453,8.397007771692968
21.306206740098062,128.7411066631566,191.4066121104523,3.5224513762979575,28.07645185423838,18.88082239560224,143.4394901566674,233.63159560173764,3.6866170605294726,26.031764264572168,9.276189760350997
101.21121167146724,177.5644553965696,21.36879891311033,4.130166451846951,8.839761177702774,95.81118501143494,283.64067580331573,19.9119860830637,3.309309291775669,7.3087951056767215,12.80449853475416
176.8290845035422,360.7284653158514,51.518046175861045,18.46838651502051,42.32925360873579,197.56450021626367,413.3005766878944,43.35964261184197,17.086107200974443,41.47794467393711,11.571329455038514
55.23395879787663,676.6038050043026,598.2984241866845,11.516611365142573,16.94088901124069,55.4147003714972,324.8304714077683,621.2137498434088,10.358476201642382,14.934668074664595,2.7959150652828737
34.84483606183282,114.31363647920215,86.16602621443465,3.8875348457550922,27.599622328869756,33.01525961272599,145.18269265516494,95.09140511125565,3.7605597735322625,15.191638689247382,7.658445111941075
10.187201517742466,603.525410305167,17.903767404811425,19.797971913858664,14.668237035859244,10.593217388138594,183.368843925475,47.918101946023945,16.57587968839333,21.093456708731246,7.893271454457819
98.7466674289503,581.5323741396497,80.54123333470204,19.75396281719292,2.991254691825322,101.20487221956698,203.33096357122275,77.15884310161857,14.249993457070167,7.7176085156520955,4.654949748840624
55.32637559565129,46.32747786930695,79.34330639893633,19.97394220865742,35.591820138806206,61.45409552220576,51.42312771806518,89.58299258844634,15.996541027178019,36.87935646128192,10.288692134537678
352.23858641482065,214.23757684079166,42.025311199978134,15.266553287694046,22.746693570731622,318.1288071964663,201.38080453201985,39.36912559568743,16.63613337413657,25.439168200653594,8.062597201707755
118.1343074899729,79.02684808767737,394.69059615067084,8.526385179983588,47.59298659303717,130.02454862228504,72.12333903434866,370.1262801184636,10.244474217046045,38.73964499394875,8.49186822797759
901.0233977867151,554.7490553784276,187.19242626629097,19.529141478931123,23.097198648804216,855.3922526815995,587.5803468855765,175.9316113467136,14.29116949783194,26.62577450087513,6.824980904489964
339.7234524376871,953.2519133022204,16.86946436194715,8.54061457890489,13.937125076437603,343.27874597906776,932.2509915194995,15.741170171437727,6.731857553264632,19.178852987971876,17.585102934446617
12.084192499104475,776.494227886508,71.66971133733172,16.93438686777913,12.650035354689944,12.544912108880244,225.86382919176378,97.50881878241105,15.432489360887383,15.471877252064957,4.196027136139178
23.702843513543662,10.27794498029844,871.7366915856602,1.5127158938914538,18.403955681911295,24.036701663037693,11.534700467501425,658.9630713695361,1.2649363996679184,22.504165941858066,5.8657497352584835
165.11431938915152,82.25302207689441,41.15039899070468,7.52746646104126,7.439521703931615,174.26838832524817,85.51344290179864,45.73833089615047,7.0834224226568026,13.6571532355484,11.991144948610751
14.258777090749197,169.50386254013188,169.55004877346192,7.788784206698275,34.245416998278,16.36203909421261,113.02682856110692,200.53747341307522,7.344390014034752,18.33455964035283,13.480646822283395
10.793736839351476,252.69870462657224,154.49176568602903,12.870340602322155,14.447786992100783,11.528864565063103,226.03653566713962,125.92929771908618,13.26700677667972,15.193242156618757,6.406059814443818
12.498724093983347,27.998323567269164,15.348584824186842,15.701184734964658,33.5549531088704,11.917710254430869,59.204297978699664,15.993548690127755,17.07559634842811,23.4992141123531,12.345911875710927
139.5983998414338,35.76015332098998,867.9279177485681,4.494825839609721,47.589462847336726,141.22289392717207,39.934291374456755,744.433170580649,4.711978105405462,42.61667425399362,12.183281907311086
332.83188039716504,193.63945693590074,660.4053461661213,16.40492550413389,13.870708015985286,299.8466218801776,152.50669284182936,599.7945710105103,12.489294554875967,9.529904790077225,9.839320806268466
188.88235193320455,36.8683929093577,373.0253172392684,1.7250269850655888,19.15041257496686,201.6237848474655,45.51482729989342,407.5195491118927,1.8469738472451336,22.503972207515673,15.093282589719268
612.008592943775,20.947500151918533,474.7503661033982,1.898676160071217,38.274484182217435,674.4918638411049,28.552727616775122,589.9380292702252,1.774389939277744,38.79766868348055,25.731038704637278
29.056628612150064,37.85936106588758,765.7412010419226,11.523347253161223,38.213619261313916,32.801761131611066,41.87701348350843,843.9342684422489,14.2219569970595,31.112321058196333,13.484747433764936
728.0734780604206,432.35347800904856,591.6168723481405,2.134276585517618,42.034012624179155,683.1436590676346,428.9208778756032,578.186882119919,2.5089279988106705,27.030613143032525,4.268963039368413
86.04884494824329,438.69146942596075,788.9245668525177,1.249868838923213,49.26061862360656,73.2290952955317,486.3620038843394,809.9596822879395,1.3047928548602505,32.68183364566101,11.099417146594188
23.1359143306965,19.21059990366939,270.2521528155058,5.940809643362445,13.86519477170493,22.601726809460782,26.24383911304875,323.75902673820997,9.454473797225821,10.042494669830065,14.692522659817719
35.1257451935226,53.37879989331054,39.43611736325472,13.885468490095292,46.03193306277908,38.03123247840914,71.97686551036169,39.15606925912755,14.823281545605015,26.446529282327504,9.515433327610378
20.172878456200273,143.8032744360726,148.52859272322766,12.153928093736171,10.558689858786241,19.879443398146545,139.38684293511204,137.78480900306317,11.448518330125038,14.531002142062176,3.1211418310785755
312.7545606546972,18.33327443619875,52.68387337398512,16.998164005774026,28.298440098954128,299.98387131353553,17.96185156692367,59.78016222702942,17.756405909431564,26.9332160053231,6.2338420809085155
206.06393459131147,24.591649762210533,12.553896758639215,8.682657765996098,29.81007590547919,211.90604524763881,31.685692327927317,13.145362097579955,8.033936139555445,32.22776943531362,10.356760942778783
100.22911050129241,356.87238874480784,282.3355835031606,3.437955071971587,15.47233223676177,97.64534402761265,459.96906658113556,305.6654431332017,3.7593933340674113,12.565449480743002,7.402603369710937
96.71080123133815,14.439132707450362,22.791048068108203,12.843564670102142,10.486286036637821,98.44161152401362,15.810081891688187,24.533356678855032,13.131963746792353,20.826789351016632,2.5536985350972365
11.326918348566037,40.23479309730302,96.30562254161184,9.223366840785427,29.306019917590127,12.571096185842608,36.643720698798916,106.34492277114998,8.795477678798406,35.302098020127495,7.971072520294914
566.9701373301377,179.3924019337791,34.21774806048983,2.774975697248906,48.6179059428321,597.4547366636339,208.30868016786408,41.544013654650364,2.427860579252034,50.90375770930599,15.052358681294384
114.10293418161469,154.55831512753656,79.98669475561154,16.922651295398683,32.9123916192334,111.88686319127251,150.19656995359867,88.26889267876204,12.40023639437001,35.12927722955152,3.260750098660691
305.4785645357589,97.23767808978785,168.070785836172,4.190228172133411,9.3406023283996,327.32930242367854,94.5692067351795,206.5052887041547,3.848856947029492,8.862934129319301,11.796776649767628
29.734150723099898,76.99225311983528,59.407526619475384,7.957752606801343,12.940833051720404,29.367539523109205,69.39336815233906,57.620159839253624,7.4675428252825125,12.512908620205566,2.4781379587384316
56.08580668044244,36.34159265039662,756.8531127051575,18.183193920626167,37.06181603872045,57.045522961573894,39.34802160082451,730.2934650868112,14.990383664003883,27.98051461388462,16.51649861951195
531.0281255907995,61.39948182692896,787.7899186372233,15.477319583784938,43.39589933368538,509.54700527787173,45.165479266750836,611.2934846950972,15.761718625576327,22.66784368906116,10.045800283309516
54.18201033860495,308.67583961824545,24.14960813987322,12.38986042603051,37.21397409310014,58.79751735850657,505.6953111245899,39.260983964680534,12.176504519846443,20.56444940644264,10.767810246778755
200.87328936942157,15.711645643266678,60.18912133657315,18.689452049639986,29.349747050774674,220.27567720002077,17.998630272252814,64.6017965199329,18.895364630138552,30.4038476939147,10.483967233597452
34.49761117184194,165.60641966820822,48.56412138228736,13.471670579537555,30.398073985395975,32.248876714180135,274.62376406260813,51.61673041330719,14.015996339864657,19.678233717680786,6.481502541973951
20.976732572331333,188.35818364249886,66.98162493748268,11.884643577028376,6.065435102691776,23.418858301775682,130.64028323529186,66.53383456237799,10.189745086715861,10.659289952435593,12.58386187364334
523.8745482117075,11.351944819739895,13.612277039813558,3.2154001980278,33.45979414602344,598.8762998899867,13.575154594262703,18.421018107715895,2.7500814474966675,17.357000519354305,25.636773949589298
617.4757577873412,55.556419533045805,24.588485938586516,3.4590731252463374,45.158480723975224,591.8779717312761,65.62194506597956,28.41596549527409,2.990964977207031,51.51829750497417,15.624692632309165
242.1363168683054,364.5580844462214,313.63352569853646,7.334992193433701,32.700501235435965,226.957502633826,400.4994522553863,327.41200533832233,7.21161614451985,23.260674069044022,4.520692086050086
400.8757340162407,144.15261208784958,623.9626568566579,18.423695100649027,22.80388547030785,380.75402985678306,125.60269447335747,576.0757816961838,17.262522450880276,19.17091986995204,5.639182519871802
44.21339802808303,127.31318021901471,14.654879522615422,11.368041651446154,22.706676240970005,46.952088204304914,304.3892431690528,16.72702946296834,12.157739739872673,8.682999977296427,7.080528141313976
754.9928783262534,33.70372091010485,727.6734937587447,13.25975256901095,23.346682252972727,639.266611824064,26.848723131730594,573.13618661556,13.418372519159933,14.420317177913477,13.959536212832862
508.67261670908715,275.7607105821695,694.9446926426984,17.534426508727634,35.65220113128365,488.96128467292937,223.90970993867745,589.9750632539905,17.100194068010733,24.680717039205582,5.9289285727201815
46.26267549481195,11.435941306693639,876.5603899925861,11.388096503107494,41.52134753864104,58.20203672146788,13.31165944455885,655.0832632451837,11.344083447777628,38.272108044693304,23.720183680399966
33.409854941948964,36.53572779151558,63.01917778345,11.689595608662215,24.07148322071285,36.814827237460136,41.82516206315835,72.36813980200817,14.458363300269522,37.06175884825513,8.3788012998148
429.7990108818276,429.2513792214052,254.7576479572535,19.688461928164365,27.82665918006613,393.79755698502214,429.76445434857266,270.48602579864666,12.793626402342163,34.597926441231664,6.722087894600283
24.403755077548936,539.6195829002627,336.57319882318654,8.28883701730091,24.298002013068807,25.519562323836194,232.6664533419494,393.3979492427751,7.069455467799408,15.041853963692185,6.439148583859995
10.981063600249874,439.0924112447392,11.396396358597903,14.851206089945418,27.009615911504,11.529686211643382,296.1028486453563,38.76262078849692,14.382617407739389,21.614126524721804,5.3616268191585466
32.383880211079024,341.61773930423834,178.72886005056475,10.853174198513582,23.664044322299063,31.5418884322137,185.7524231649835,202.95523277887273,8.713761933608533,12.790778076087014,2.995335432193266
54.559758306969925,901.799761916296,329.8180259363965,19.5690403046756,30.016675599179255,54.57585268011068,239.76911719740096,492.0135155701761,15.843617390978551,15.951148415763823,2.110406466393093
337.1451224128024,362.42720397387217,597.2588572868068,17.033290584477815,21.892319017486127,315.17463449041196,242.02953917252512,552.8627159984992,12.931015560388065,14.159120648312403,8.363020999248166
158.5413622202175,83.90454540907628,236.81114062756615,7.115901120066415,13.318525249935739,160.84235031689568,52.31689931861705,219.55035772813486,8.002954314969557,5.3541442258198675,3.801914012858126
25.19012374670738,14.800088221622321,34.10683794115834,13.889601296054373,22.574302474025128,27.01720596150713,17.830562873660046,37.34916631853733,11.371202357279902,32.17889481066761,6.142054510690992
343.50882417564543,55.38802875571174,177.93505750080925,10.999652631098641,12.560307490535301,353.91323742863653,63.98628924548527,209.47812738185561,10.382540037386304,14.320495813413704,6.854022529743924
25.19609579307549,10.042739866483297,88.62076683572836,1.7402169989063403,15.101110965195204,26.382019321352978,10.853838164068327,105.67116133352752,1.4470898591204793,15.232270924709413,7.289733704076659
344.7608917481757,13.484664873038277,180.22928257856492,8.246970865744068,18.04583824473393,374.49759410990595,18.089883890605318,182.67546506238287,8.107876801634188,19.769130506602806,12.32073442710945
66.970911774082,31.42936438819812,29.574587484613918,18.661503915494823,48.077575717778466,69.17581610344622,41.842961314626194,31.351600621904904,16.01639345904117,11.92635407285771,3.3605191781944037
79.63070647831233,214.3750971732364,18.236232038521365,9.024657005142636,16.851676993358065,87.83971987154571,320.19029143169433,17.588226729730255,8.315388331118534,14.693946734791774,17.123039479518766
319.99597357812587,35.643146261312715,649.5445456564463,8.243604150167815,28.943011973923806,364.087799129975,39.640492189779145,706.7636840256235,8.050229745726433,28.41710667056639,13.147535141168598
108.83156955402204,592.4251235202407,16.452325457586145,9.925583300166132,13.475203641048239,111.49745518047888,551.5487153773421,16.997257691372827,9.545613077647511,16.355698265508885,6.920899173982625
157.33440369045115,12.518701889668389,50.753810588357716,7.054625340380005,48.46996935198704,171.5762504681262,16.730497112411584,63.389092176155216,6.83204937450456,47.299507904265646,20.253461450317886
128.9476497022247,31.92223230627623,13.316891695450119,19.58181809905794,19.766726279266777,138.67670214475848,53.96051407933041,14.005791493559094,18.52306321503254,19.793272564635817,12.681042858851127
627.2352871940531,116.3228862522785,11.940909293804173,9.202870061041567,24.682343029772227,663.5033487417542,140.39089937277294,12.42833899718712,7.927627946839605,28.686823451240233,15.446332397369625
17.404806333717634,952.1770851937813,389.9793736934804,17.923737602996294,16.068403397196374,16.717946897930855,176.8618992527499,465.8238226923321,14.653898182063362,16.432028243990032,4.000136388984952
13.212251718384499,35.71125786426594,40.171462301910196,2.769763464623157,31.48076854481144,11.838228966137011,40.859333860075516,45.836904013472406,2.874550352473548,15.372602337782558,10.304015618656619
751.0834619407487,609.0347188871107,391.6695918677756,18.297746190278087,20.944463980549884,681.7430423143479,644.7281289366147,415.00425321835604,12.915847552771199,30.40656992359838,8.171703659012197
332.84110177720004,116.24327456500194,740.8640156239593,1.166078462675458,38.92882714033337,307.5926327953823,129.8473079593321,692.3650723243554,1.2373471045833433,39.12714217194498,9.376310237592607
158.10256033881063,376.7037092296659,473.10223651762004,5.814969750412538,41.094924594378156,148.31356218028088,450.4118398880112,466.80479356669656,5.736995732430248,17.713871383948895,7.791409906102918
487.5659512882286,121.0536544689289,391.8808643367242,10.355354121563552,13.150506679873379,514.0229681497982,111.70195567594943,444.62752247508945,9.36455919733701,11.818667124069034,6.09374842864918
101.59570150498824,11.829193558445496,704.5358477002793,1.030856230481774,4.309964589142211,113.8102222107744,15.777782378287759,1208.6769562043892,0.44380897592956103,5.759851202344037,27.19841922759276
382.47465944357947,163.3726783552622,368.55159524068944,10.68651797397224,20.246884846151836,351.31137906639725,102.02822250198052,364.0835623384334,10.871124293846963,7.146331744769719,7.252803536536254
48.63348647595928,981.168163769036,33.05147254445158,19.326773099650804,12.044104692287489,45.50237319883616,472.7417870736297,26.4884507055587,18.118841532035738,28.78717467735894,5.856341686117805
580.0144943377036,26.27370511270401,15.214682392148031,17.639174310833294,16.17572365168318,565.5515054201802,66.51953772544034,14.102056321022385,16.473812255401285,14.876088965602905,3.8835870960701118
62.51433868029414,975.7678379131996,322.2384368115687,12.467415368735761,13.623149375871549,61.652668539953666,435.8667958418757,340.02823452878687,10.606301528703687,19.13808407835574,3.0982527392671577
32.45502966396515,230.36753913070322,16.908141628596464,8.39965135621026,24.322326860755304,32.37825718231244,392.7698760648242,16.90834942286,9.824199807342348,15.786708005476541,6.438204204431646
134.05761630062884,341.66991186849583,761.1698422696537,19.204833273681743,44.18214161768992,138.79695175095807,252.8011651070277,790.4531289252058,16.0282128833798,28.69789031505919,4.4837883870441875
20.539400428321176,164.1402920109194,298.5708609224733,18.97740455603763,16.93710769914037,20.4948361490846,88.3495183824207,550.250384309717,17.689934060014842,26.89883956212606,1.836468831139679
365.38039313735317,17.946351519442842,138.23512103624864,6.743817559157275,17.3674008311984,406.4894385900925,18.592429461055442,183.55324628691724,6.713292613634054,16.1833501790339,13.177908131945419
40.73965358959907,300.6320447348384,20.122345524215444,18.963359513821345,35.473237906811505,39.17891798955763,426.78458548548866,22.86749819947734,19.107170992451824,25.1669500542751,4.113236870421902
561.8835382292119,679.386108589319,501.79319832627056,19.327042884289913,24.343999864114764,555.4876027249984,565.6501942275886,507.58268043602953,12.89464331108886,26.57480917349582,4.4322481625955135
15.79968893086546,819.9068622640905,929.1928244388905,8.9867212610292,31.265873642082518,16.634139994728372,193.14922246678213,995.044788763269,7.506619821118856,15.918329053816915,9.338624550583058
29.370826687078534,332.75144380568213,562.5440594388241,10.093652008441468,19.446789621653522,29.8087220951383,179.69680111477737,650.3367189628918,9.022252993126127,20.307532217377325,2.0021936709313977
735.0787648383188,16.7984477288315,82.62205358425172,5.704060413352412,33.930196077558705,741.0021902705719,19.276014183420237,116.55610689169612,5.47399446844931,32.845613783764314,13.40760411257304
629.2240647556582,24.560456950384044,234.06365442272187,13.532650340934339,6.284561923241023,567.2732881890977,50.68762028736025,245.5035114029716,11.44575269240901,9.421173815239552,12.628124372209573
14.818014459353236,10.120909920274059,24.849715015656415,19.473792456929505,26.05488035641033,14.90370631643042,12.634625913673506,27.933270777722235,16.137413755691174,36.70222892167191,5.075130480521446
12.034288939495577,249.27652802316953,106.85897948615401,14.176810024596678,48.405271608012654,12.694477127352577,218.79273679820062,127.70371778396488,13.949773328031583,14.555936202963856,4.91530854469588
153.1328979504665,80.93026171894188,175.9923018339934,8.628289051387458,24.594248920762098,142.7880885565388,52.68064519239043,168.93078787707645,9.138460977299253,10.037959815897258,7.150726950730249
234.71381463985006,11.800071619211844,242.21036343033776,13.976024152239678,7.613424894477614,229.7908427600094,34.10299954852834,292.5995707524608,12.359121202515574,18.43390778785465,11.582385445759302
50.852352024135634,117.86093256258486,241.66283061616707,10.520551672438085,37.07549616905194,51.15110868636724,124.4323704048705,210.42959202489186,10.245907591429322,30.48802543109217,2.7926373921186785
849.2184135994694,172.5129868504888,285.65987143103104,18.31470185877514,39.34851111991591,809.2010371493079,130.31911752758595,258.1252409891529,18.93984809887904,15.98747076383808,4.3989450969096895
33.833450024093096,746.3914115421987,26.57685010489529,9.449103893996629,47.358083747421425,36.75636846875646,783.7001270361172,69.29800717284768,9.396525671677868,40.277219865485584,9.383256826677586
163.03477718210533,350.7546227032932,41.15286043346075,8.097056882339494,20.214439967142972,167.71931108650864,442.1768526718749,36.759235225008055,8.130280206848534,19.608063884787935,9.42480525103984
40.05141552006258,65.55430541135807,51.73910045291061,14.093265980069258,29.490710472285464,41.23675273188359,80.11501063120356,50.94937977075333,13.45368314929433,13.052508717934126,4.658891375176399
52.350318559947844,40.52682945069708,69.73814673992642,12.850560991084002,30.95110079596668,56.51508675913289,35.91691601954606,71.53299612669979,14.60151967062085,21.466475096253077,6.352792809803806
908.0616785034164,47.44938907847321,205.9911546992108,11.881874506540266,28.634044400278597,869.2294037871467,31.955457451255274,212.46848524577922,11.969125603553973,17.01194168475266,4.8167809889613995
646.9278160461522,36.793630939736644,160.0117776497167,8.371453768333529,7.011172736849695,632.2883315420058,44.40925099321227,194.28267644061077,8.11919276248619,10.122645144619797,7.13873784843421
307.8805000661592,79.30099611307452,293.33515087772616,16.669268975477003,15.23185914914607,316.1981821285169,83.1853301209227,311.6506520662302,15.450912710204184,19.249580053199477,3.8809461294485863
181.35041328028908,215.9602804086943,615.9251443854008,6.437097215657401,10.455903487710389,169.43988046341988,422.8016907610804,657.2284032672945,13.196108933347155,17.78559685837064,6.701528222327879
26.487691590104824,54.65407917971739,14.761366496901486,18.714640669424114,40.91663686332217,26.552181387150494,84.23675605670253,17.389161675762953,17.566617636186216,26.714777383268412,8.051436116349588
27.99074582924275,16.940694593182993,347.2481291822404,15.795831102022376,27.998268177846995,28.599397380349203,20.96525731228477,675.958651118257,14.915604916981602,28.514760119577467,12.19233044158854
83.70146251391176,106.95683646942999,691.6193728336124,16.04776637189226,5.017549199849784,84.81270326674868,291.46940434730783,778.4926522961572,19.008900700454934,17.41557053121543,3.5666527875197156
31.689082922329913,837.6874033234782,626.4062173461616,19.323141284211133,26.587343789182274,31.878737075624652,203.12507915667575,756.6076866621524,17.12573544169659,16.882568481159744,2.5322985066495876
16.82438747879187,124.45646264885498,279.0080808147265,13.32486152402268,45.921985247811925,17.44579993207298,92.05373102502269,307.48935819009034,12.571388029325226,25.429581213809772,5.524007350198606
230.58475214411638,71.27631128964661,17.811523133040474,3.124739095730796,2.31900162882458,239.49156003057033,30.794630757850776,20.93032565923806,3.330629364612446,11.5829146290618,19.692338739679236
22.14891150887135,303.831563309888,14.823710245192077,13.317796914591684,14.753605882783242,21.588321601416506,254.4431028370976,14.71726811613055,12.46572360084333,21.11819493435493,6.737657874484931
31.450948443017943,16.877730791185886,318.5737274808148,8.835146594227865,46.95436953802925,33.93856681221904,21.104368657619656,365.7238624959463,8.973663829422302,47.05481715627522,15.722714777882837
12.383634353910866,323.4130939835386,30.985843681242553,3.289799456288613,30.296577477876625,11.230696381020143,409.5487531690095,31.170865828297288,3.2880124056139035,29.4384089954761,9.107662405094525
61.04418597254291,22.31302102166987,144.25227708324468,6.426009855159014,49.307111247286265,62.973759720368015,29.61275809065218,208.55658406967035,6.272388055902277,50.817775148069714,21.095098561914725
224.92509893488926,46.02021542575664,196.2700694361476,4.547150247344041,47.00986076172701,237.1713143803546,57.64877977334356,220.43378749919702,4.58332249454223,50.336946607723995,16.570978438728346
127.26318468589038,596.9199345606279,210.38366307392212,12.257477983133118,40.925027277722585,122.81978564910104,642.9586638769667,235.78412718509824,13.311407664034963,39.45060524462297,4.409480653214171
14.137566527839486,40.97806485734869,93.08602472591106,13.644211114895851,18.344633437458302,14.672920457657426,50.86582692056975,88.85938873734739,13.626972997527398,22.864151627619954,4.461127772928088
792.8774854531739,217.80851810908095,124.26034122943209,9.52335835232556,41.7533344178056,795.913667272051,206.99388055684554,127.1468936986409,8.340387655799391,40.41407283212954,6.923963150412458
420.3582488818586,35.99299627449911,20.29281542888376,3.4767935794793794,22.913766070113468,458.19772825699096,51.465086376088585,21.232712222739302,3.1496890209786748,33.07134867757494,25.578398302229544
211.86324699212773,142.31613505826544,943.5552936244401,2.5701049241605425,24.443322474626836,220.9212982563481,135.4007796273552,1095.024265287447,2.6919786421600365,25.127255367841332,4.3293244891339455
18.127663513986416,836.1944912108046,138.1539211099757,18.734923470797714,41.86741171801224,18.064860719606195,229.3942819896435,375.0672673941039,17.491373391264343,15.434589284111222,1.823972071822186
712.4973744812736,159.5640571489311,341.50980323154533,2.021719481802553,26.295111470748573,707.330332609106,151.82940015468827,334.48641831876387,2.100631753294318,19.95376485174718,4.0317882646224925
261.6544255489753,83.29356624836822,688.5291234724789,10.2039266822314,20.185946549253288,267.22288431258505,63.5871974124809,682.6191822868902,10.194967943302672,12.596215905489446,6.481815933403347
457.9064018942127,74.12442820014827,98.8598169782867,4.343468264567209,31.504634611400103,508.6116314502426,76.9470542233044,117.94771020706034,4.349984525964705,15.797858833056372,15.099378461229843
18.05088313947664,15.239045344135855,434.7846730215183,3.403512241792804,22.02887947647368,16.960204275144964,18.340153484407676,582.5580077256606,5.180392970704923,20.910360435436527,11.567541200890314
10.9167884951044,24.99872691139951,717.333792961449,12.363904881515191,4.235269537607639,11.238929959287358,227.7487477449894,561.1757649559612,13.219094921961569,15.297713873741088,3.9477386910908843
39.48494875814477,479.3831403133213,118.16015990864209,16.633045118615943,28.32151243424005,38.80578502132528,494.3958703728433,115.46471961358544,16.05153211208749,23.243596969661358,3.239278225738143
434.9657773361136,42.96196983258256,834.1891307547153,15.446181200907164,39.52215967456548,403.20868399263423,29.01617354752936,735.0330099251294,16.379587607311866,20.974104408575847,9.465984145307853
390.2092141729054,23.26640470008592,62.646462419129016,9.632855284206014,6.288808676498971,397.57181176635675,61.87814384047237,75.20719479534718,8.099124071107342,12.31321592221976,14.99659009801124
14.9007061012007,277.02996835319334,96.5345500438427,12.642677950594647,28.767553800886045,14.963129791489507,218.2262316427487,125.750798745853,12.89845729600556,15.862068178420913,3.4238085761119503
58.40187969724693,89.7570573248945,114.56725507380303,4.943992676379157,20.455234484839096,54.74861994121243,106.88650360364984,118.25084553310874,5.249988423517897,24.872704747321347,5.8660488693777
363.09644799723105,180.16785356338255,113.71873127260096,12.819082336083614,17.535995608749918,375.3413649811087,170.60122401815715,126.2583910179431,14.036809573631382,21.90249836165546,7.55827017964801
21.025304056795978,901.8876399757702,24.494657298644228,2.001560728558508,42.49025133265911,18.57863260738711,1194.3222816624782,38.85463461342324,1.7652876132001194,49.52028124963128,19.544292860751742
817.1564141109268,24.173479850498904,71.89637273993225,11.72884708303599,10.3070632047741,847.42634156791,47.271380134409185,79.73550332546864,10.23351114303853,13.520675206681858,9.742505763583399
156.43469037643754,76.95574251630731,77.29874093108543,11.03013756349079,5.871430924774209,167.25510825926173,92.01333770594111,71.75576630766062,9.587601874794897,8.139702370610358,5.83166482564354
26.66856064132303,307.6674692507576,11.041482841871137,8.945683112600678,38.935665792732365,25.763626929234363,476.51390760276894,14.53575580457545,9.342775081854457,23.578361844524974,3.2879723839364328
28.607056235597145,21.08034808558842,41.46738223257686,15.187052090285405,27.38456933104509,31.07074854651148,22.57862681962973,40.88519355078154,15.07891987451404,26.54614812961132,7.981617400494937
604.7178403683964,103.80716849442933,105.6093647033061,3.8035718288359055,7.9909315451337175,635.5568248883862,105.1273861218877,137.13869762459126,3.7057005352677126,14.058205762294818,14.51674095926786
101.92048259537157,59.78351844495505,180.91620661208032,7.95338983226975,29.33575709918591,101.83023062299647,43.488364121373955,178.81248918606755,9.39238283257541,18.335930843506862,2.827903764627729
13.061801703904186,274.3652140116784,354.40225544703867,8.59063077079538,36.623738890084134,13.800001365521483,128.0552836009395,477.3420940449071,7.802346698155075,20.34696441475232,6.950957169797369
31.095157159995786,14.104979518815215,116.85104564014092,16.996816073916992,17.29844445113631,30.376341546524436,23.365144977857888,164.11967856505896,14.624353090871796,29.629237082813145,7.785807816909444
869.6625915956159,96.2253519469366,403.1034030967523,11.429201465315032,35.79193873347881,866.2343811515736,85.04061140076207,466.1634287923296,12.056468902509522,25.827065859430064,8.328632417065556
15.175853151042872,18.1175366079747,83.43847736716114,11.227729577679037,11.181507975596276,14.021847713217385,47.321543257725956,76.97034991260267,16.72932516064309,14.225647640508818,6.168953551296663
380.95306676035136,91.64730734277089,76.29010536348548,3.233745473601404,39.22291377141471,384.85247563144577,108.82012916806686,90.0473028479778,3.1801379909461764,34.2248558700253,12.059079599021242
101.53457438649276,20.480164982817485,511.4796296593656,13.840027801613875,32.62090957706962,103.72626101974224,19.992563665054814,689.7381657859011,13.351791327813757,24.480665210485935,13.129076130762485
71.10549547868666,206.8602010301407,122.99941409304009,15.971318607406015,44.83120462364201,74.06629503552958,278.67308471779927,130.02262181559271,18.333859928669455,30.435418803101285,4.161416407449022
219.8430508267055,829.7264610655272,49.32401451145019,6.695571512979797,29.898813719447613,203.57519303682972,877.5290800869898,38.83148575167735,6.5997380913033625,34.04938542275634,10.771152964879798
418.42846426877645,96.6321120662692,11.757180417885358,13.745569805293522,2.494073412587312,448.55028344311796,51.282675513462905,11.502111361833814,11.003090719526265,10.963696848609,12.508019809658366
111.75299790644965,23.7336494378795,211.59953965285047,5.379404362922985,19.15628763577841,118.82332522796922,28.478447182048907,269.06347469075746,5.046926314166325,23.625578060953053,6.7229234060501755
344.3156736990222,20.037634592916024,10.94506766052261,19.883919579234426,11.674096144226247,386.8671389305328,126.00125193443117,10.726335752532599,15.976682481105001,10.541202949689792,10.29490285553966
101.48877995267087,41.09808405109385,15.680471399888534,5.4641130692798265,33.1075864917371,112.67787594131082,43.32351860876928,16.707950369908495,4.848238308909027,36.92602502797125,8.603814225565285
22.3870186462695,68.5829068561643,158.47294812919228,10.85423854639333,16.603265929655556,23.108187608755966,66.15782247677151,157.0417731010364,9.929488739346864,18.857896328340864,3.867369878285047
304.34147395683135,527.262054431685,116.2140504407917,16.704267579991637,44.39147557072905,293.98445024531196,523.9222379280378,97.6426518553055,17.96880801246157,41.911103010226526,6.08867786901552
61.701664436834555,105.01196735875561,854.0189983608338,9.880619682522676,34.54631330122668,70.39235552651976,125.52493242625697,869.6880296754761,10.399963106049308,35.411645465939024,13.16245010941815
370.25439939832637,555.7861220410678,67.04858384976622,4.128106910294464,27.60065016096261,376.3765062442868,870.7259184569722,59.45163147826927,4.233893217398364,24.631172104722623,22.20893652020002
15.329622497301148,192.45111143187873,135.97916439975074,10.028810226466621,21.015594747699975,17.06901606061361,99.90283853641168,174.8216485976463,8.91335964191397,15.319058789061058,11.65245524672908
49.340694129858086,96.8232134999123,13.811079355272438,6.052475222930019,47.670248644604904,52.05593551234203,119.74845534627458,16.26610991669826,6.62443537930237,40.057883304115656,7.251514787811835
11.24790361975107,52.06184071026646,182.0375749096777,17.965040109487322,31.909601484346442,12.106814667994097,45.079413774118414,229.5779027022638,16.66577689411397,24.760264449632484,10.716699717717109
635.2407495203684,67.74408068183537,191.29779849245693,9.789364921739113,2.656330025074018,644.6384306179403,147.29739723660697,224.48111905489947,7.96826078761094,9.590584900678262,8.831339197686674
26.10237832435461,40.844347202277845,21.667618278664047,19.148368214836335,29.42846610504073,26.89816149615364,50.69669571410974,23.19829474851625,15.359424426288072,24.96291056689787,8.658524222056881
28.845894033119638,129.76839594033459,132.82136043280622,2.430414253676079,31.9681245883682,26.061026019339113,158.48920498583317,141.80475504299318,2.487248313280811,11.735263298915717,8.1262280503301
277.3457796376711,604.622714622758,158.8417579722193,13.596421436400554,46.84140719873015,248.95882625257363,747.1800869676475,172.97526411507167,15.348543466933053,42.63684468118384,9.7583083363649
836.2666580182982,16.20299799599353,114.29341259205604,6.1788032258608245,14.67875185190983,857.302914574546,18.020202022591988,170.1878563488196,6.099266190459,16.050541031636936,10.930814943818378
23.68500472210535,805.9525553834478,993.4041247669979,11.9461986903826,10.9833618893643,25.517036218450578,202.4067387832509,1194.9016590222736,10.175913139684713,16.557137042253537,9.698174639361232
31.394338768134784,18.405573520558605,812.1515183893276,4.48499067670781,29.460276750845196,32.98872100137711,25.67213789339757,786.2235911205092,4.266061771775266,30.889601691619323,23.13975612474153
241.49282190505988,35.16407378184828,58.20324172868342,6.7673901833649275,47.28924791846406,237.60103447756848,38.60886470682179,63.822631772619445,6.320658550369525,37.990151384247,8.698847460460629
17.920395061367277,478.71393165637727,35.66476125832237,4.812569294555981,9.991600179897862,18.960435659528688,400.1812796476466,35.35868473638921,4.856890923929436,12.91690590040884,4.938532494952925
23.979428318303235,259.7598115738827,309.25577214513146,14.021359157336594,4.943510477056321,24.47321030129106,205.68355835075775,268.1095608429895,12.640011840677975,14.78241615294684,4.453515052663867
55.13365371102432,28.93035435460596,745.02167113963,5.314987434021489,33.93096413161297,55.521512852338574,39.05402989033075,812.4300090425052,5.6917263594209215,34.060568950124,20.7406616497602
10.273065221057239,140.90434552914377,312.6164129273635,4.316495287930154,46.719481370865786,10.883453134072578,107.12263804074485,282.84109558066825,4.452460815672798,21.05753109030781,3.6663341008225645
134.86579424568887,171.9364183909452,58.04472381378684,4.321832159687936,36.5968201836196,144.7337208292287,204.02799043843234,60.42130732537136,4.361262223620536,37.674128940460626,12.41131197985958
30.206697689275128,32.02318657245268,99.3135569247635,17.381353832502754,36.04699869475706,31.526711848798048,32.639470513220125,107.58321782193666,15.379244582871692,36.750850344152866,5.551275482053746
33.8431229801907,165.6346494155882,799.9075373058554,10.169207777872192,29.067076860909335,36.76418894018713,145.88955691116934,683.1821878429216,9.880220821309491,23.23849951804324,7.278298368710363
740.8022296169829,493.40996363733376,18.91015978872123,7.027541398876248,45.46975356246037,794.6986247140449,607.3421407784086,16.296254058498725,8.990516194365505,47.93550832394723,22.365113679205844
398.32613338627715,104.44142373245005,29.815850087490976,2.726608977002761,25.49376157185939,419.5236974217321,120.10284055854902,31.032390489988988,2.312177717473927,31.679748295932892,15.51252504261813
45.98913893390777,23.516889607897234,316.42724861669774,18.675755587098973,46.37280176214586,51.26110378947658,27.89693265231676,399.27071019701754,18.479460636115896,39.91109208837196,18.50610441483997
33.53007701773394,96.72701988775586,358.75167891787845,12.966409264741518,25.032359401534855,34.99963401453698,116.12780267791614,402.5730777678582,11.814625798523284,31.759863332653673,8.489198297065968
138.47626454556726,771.575770665841,102.31479399781762,19.34160408956582,45.47376539880337,135.50992034384203,738.031714406377,132.07307362094204,19.0165844959321,39.98197979406217,2.8795883971244245
13.6499952403502,11.421141697321334,24.92010958839022,8.431909875822903,45.61019976180892,14.51776803461607,13.836150810915731,30.000696826252703,11.344775407130363,43.23185931518102,13.890341919648943
154.32577359356105,35.35932429490173,122.87098277275956,1.7532718565498489,42.72292089250688,160.28893589961956,38.17654536068484,154.2376638377742,1.92794853250772,43.73727719262973,10.95638689400458
35.31932682430815,165.7766494300357,801.0241209210654,4.423145896937762,39.41680272023384,34.38634060162411,175.6434013222994,802.2312891316344,4.594583840007267,40.37361491775015,2.853578524396005
111.6908996813502,332.5531794754729,450.77975974628146,1.4412285479838078,5.798337425631164,100.94583027501879,465.83911765626505,487.24678996239896,1.68495003933396,14.332497019763963,7.969546904794221
10.092160873577827,93.3404016245387,214.6837811646117,6.932243092748391,26.101812169611556,12.260190050343539,87.59438957319053,283.7548485172675,6.684002019633409,24.390354434270048,20.91084670176069
99.46016831890283,459.30653098710957,425.0454000202345,17.117041837149642,35.497900537649684,98.60736852567778,291.9153162088319,445.35608376302946,16.212418897677587,18.861316956431086,4.469655952062155
141.72145006860407,20.680724713221743,30.606111299202222,6.364723703608124,43.89548555745276,148.61442301318675,28.66616558139543,29.583359912425134,6.227307512540167,40.753190454713526,17.203159014805205
455.0694989196685,211.9724166259771,10.523181565416614,8.415230513227252,47.04148287382009,508.3830439439538,238.5685420965733,11.383420307460517,7.24950496452935,50.95632203789298,13.435068163523942
49.511362372327085,15.438462800587628,13.462584489960582,1.318565721632879,43.426848738378126,52.794835800454116,19.0621685202151,15.00806093688162,1.102799888982356,15.514692321541455,12.064891634082644
558.0160419453032,104.24472580205058,763.6848321383815,2.3579456440989275,13.122772571095224,473.8343791279008,87.94289925669048,841.6780101977215,2.4856213952896016,12.621053823475007,10.54873338762408
21.608751357510776,94.55578332610732,56.2794690650282,5.613934646460276,38.479960156528165,22.46950557743703,147.38814219108747,64.81305664601767,6.046908694874802,15.77202985281847,7.209104649654968
200.03061754582498,201.890119035795,10.820231700554206,14.949479863445577,37.80827944210892,208.3714025524703,208.89286741958074,10.320979208787138,13.802092022736634,39.76792822689762,4.67171146138279
253.11974696981028,349.9935032983607,12.647155764436086,5.728620324284391,47.0402656082317,246.27712965375986,359.6269498484667,16.198248444372805,4.453238341799651,42.939100617862586,5.920251334898354
148.30018537555725,385.0828807336085,49.13444282677893,12.521438105554914,39.37185650380446,145.6268462864542,494.29882997338115,71.92065768265321,12.291181876060945,31.833634954194643,8.509341437830805
140.6938125580365,523.2175511883422,208.77096608976385,8.584700975910849,3.5791416038063923,130.44903599574567,306.9450301853249,198.27687218352264,7.098031372839425,10.271796177356432,4.326782996700257
138.62986535702066,21.497210863982883,16.274606977155948,14.426990489905533,13.852462145962743,147.01662003738755,37.887825296631796,16.55422002861723,13.083941418251769,13.753185852375715,7.012764303985114
23.112638719525894,45.673160551382495,10.692806869434701,9.331742447921116,8.149848099178188,26.001346982251224,59.10259704485118,10.469088106601756,8.227959656675667,7.903004636321501,11.98367934469716
66.61259910639257,437.76487336148824,449.9864168070811,7.2180658235071204,41.49188653858797,67.40625058148095,384.9615427668494,510.0575785872956,6.8390267145634045,11.087227354523852,4.349286194740911
40.94913808907664,74.64917696779595,135.42882799185122,5.698656485058742,5.016766340558322,40.43806635518226,114.18153701805622,145.1219079946366,6.706152552320202,13.485561928544241,2.944923502568229
391.91808225199054,12.904351037438582,223.54784494916143,17.424743663903676,25.876560655297624,416.19766135687786,19.83561134524507,324.4330607636228,17.15341669206783,33.49621307129994,12.19477737605526
432.82290534522855,111.59453860277172,234.38295625114216,14.271083580947,32.33453256970843,434.01680209488376,77.82777082143211,251.87400692454062,14.367887894043102,19.62070065974941,3.855851030032991
76.72022898074106,21.325297839363753,26.40303498599841,14.439297427629448,2.672519792442268,83.27763854384293,25.211442398010785,26.913721429867813,13.550195945117062,18.5718864506093,6.794968494998294
945.0405822361463,888.918122097875,242.17990119315687,5.474740177467787,10.605466707181222,893.3261956894129,289.61769175823235,275.53525864211804,13.973069469877492,11.710908725831343,7.6031598277401065
57.06197847325215,577.2445412438968,73.72541109534086,7.877873742286285,24.295051447372913,58.23676667683042,684.206558977658,67.60364547384233,8.110450051735068,20.83498890729267,3.6261599758450327
56.180613736880154,73.6790195287543,24.046218937134697,4.318252033390378,7.271736884268419,64.62224874866706,53.86720961716108,24.054062526923918,7.773099164443282,6.886168114387006,8.678199214683048
148.81042905709438,124.24144865991924,184.62018928938525,4.749034980585188,26.89784136380253,147.18317324808592,85.24817468743701,187.62719274208118,6.183804518570131,11.040969772623068,5.1763584835547505
62.97508910824858,636.0161676100088,182.00256340255243,7.33449973816398,49.2039663570903,69.71309216456999,885.5087390631196,235.47921612534236,7.605769863738656,38.80594435017197,13.189778552423306
109.63141345977137,76.49311362722082,18.273355498072586,19.727226492513665,33.5221048635258,121.09162700052569,91.77049818694695,17.72121610013165,13.947978387875995,41.41907205458827,11.33379427860234
986.0441334945853,38.56828393521127,680.9473185483704,2.478179115846113,10.549732526754784,1062.695690892991,61.487237796123836,738.6273341579366,2.1734690436650874,12.370522807885452,24.142220371027307
784.3106294886135,32.549062705412915,11.724278028679443,6.5080265851936066,45.785288134404,1022.8814227044686,34.44720436894228,15.433865646044161,6.176352952440143,55.05089546084517,23.777975937778752
594.7468616336306,159.60106929588326,897.7661249990408,17.621306992833595,7.004499437391649,552.1578382412096,190.70101555555155,919.7460776316839,15.989928949477308,13.715595873574431,10.44003307108793
249.10328297726508,25.94424775876073,40.19232574724617,8.488389766383852,21.997262387319097,239.16297748728644,27.215574547900623,48.89334538105059,8.120417070387587,27.32472110291181,6.74462429271143
455.21303898199915,66.4234388828209,933.752092415266,17.293888318558647,15.466147599487554,446.573741841878,76.68885975904188,985.8203709521401,16.17342415265486,18.412195461355,4.144538957051256
21.844289422576267,298.71933381192764,58.870478458513574,4.562967897158636,43.33125604778293,20.898359888384093,466.27252071230185,67.13339349385139,4.733706033475239,28.05855911240374,5.389581848389851
568.0163231438924,442.3196902604133,79.50494035501345,7.725855112576755,29.12901130747516,555.1448295167883,413.16827980049413,70.04675748855635,10.921043959286251,33.06693474456708,6.0780339930242455
120.65449872794649,63.91878083678555,14.197276713472824,14.842647627355909,10.914096119020874,134.66683551509274,48.23074336025368,14.974580925707645,16.634042924930178,13.539461951171821,11.571647597666775
29.337483866227643,43.61787877890443,91.42967609708576,4.987670579931113,34.84193665080534,31.64261644269597,51.312329995840955,100.05364659632961,5.667574298438419,41.185672723824155,9.8759133977651
42.06174609819371,10.52524859412325,19.511928574600503,18.90619441448783,4.932000762787451,45.51439191783822,17.549195399545653,19.04857795712199,15.935854768338933,19.699077330516243,5.434658765289837
35.04113497943674,56.96784941033056,435.47522556807104,14.777237099132776,22.127684395352958,37.46096407115923,64.03461806570243,405.63170114269815,16.862121652547664,18.479132267644314,5.687231356482181
856.9825565881857,21.25658539094998,363.5957692641458,18.528522168898835,37.6490622455164,779.2889538440838,19.132664124080275,358.1056796564176,19.342216713466566,23.13775470177796,17.058608260571017
20.364759041566536,369.3399853688057,10.712217247010226,4.991668766744121,42.55821603831421,18.939510283059683,599.952841524686,23.41501753718717,5.087787835174892,28.533196834693165,8.037442587221083
151.58971695468827,40.53896133915884,14.95091639112056,14.372870799682774,8.769244771579842,151.91405289850786,31.530072680821608,14.50313532840499,15.193202832157784,12.261793817834464,3.6966374731388063
147.53166042075918,841.8403336427377,363.4024039364861,4.595730841871792,30.368010996775304,125.88130388151178,862.7505520676153,359.63920705705016,5.0887536207315085,31.12885610501498,13.021182855166652
73.04656474039172,12.433994847110958,298.3212661055452,18.21428468599762,46.39927004331034,86.89484268975116,13.631789199816973,378.55957648509064,18.212155489558334,41.39250701234609,20.1208375637798
126.2351503295638,31.035394584374895,56.281745953745755,14.62899964400709,31.792260903443648,129.4121367602441,24.924843350682437,65.31945809116647,15.271105130367106,18.827172387671457,7.9522892894114126
11.887902395815622,31.620184404243012,938.1953542886706,6.739350691590108,13.932196572897405,12.101616890319917,92.67038299056046,723.6091922120645,7.948787665521979,16.44968473368304,11.715921622652587
502.3427282546562,847.5785841756365,26.679220070220946,19.61580984799675,8.768048293601892,479.8526727342042,650.1386838780855,25.667949270240847,13.961085115689833,16.11142321011684,3.881632175232932
292.9954738891355,287.57350652372384,350.8020366607854,15.998521307400509,3.8755871449819455,298.8555335737931,333.9253791869591,358.95574942125364,13.569604577363688,13.78870379801363,3.204462701556108
20.11990424027966,20.61662412197857,345.4045956913991,4.560399060036374,25.236718310823996,19.634014378503235,30.852064404530488,473.0132066827278,14.645608908163483,20.116606981776,5.014414040033242
67.95176565927585,269.30358744327583,97.73795597102456,1.6816053520004082,8.982856962763961,63.55199948454166,396.1250205698169,103.78120719685937,1.4556025233675767,8.920529404644155,18.64811709400229
836.6756970459116,223.93812516455247,853.6163307338454,3.656976735894908,34.759719459811414,818.6079210389755,246.27635678972177,866.0699121564234,3.905797388983463,35.394178254080856,7.43461149704142
38.746759630785576,31.495409310957,72.30283229310596,16.21373645776149,40.21575723389369,40.51880609086167,35.300544693433345,82.10129233124464,16.86586220789466,39.37467580681709,7.09932572909287
114.57348164205635,305.2361020356395,151.8761531168157,13.41534497118041,16.370397992711624,110.73222128042654,401.5550941723958,145.45694325153426,12.828210894520378,12.646980779225695,2.510195992710707
98.42722008371898,98.21792704280008,230.23204220481483,3.309804349212106,23.17647458742615,98.73280686459276,99.36766996775545,235.286218894007,14.907108698131026,12.927386072261921,1.9569341860274851
57.087294593003406,11.917847104796252,304.8745860739443,5.951426950567988,34.25278225659585,65.9981565205325,15.586825410037692,611.8317285722428,5.319926408092344,35.86460210665624,20.2675007277585
13.09546585395454,383.7705468037203,276.09391209733235,17.998393791424515,45.22126355962603,12.518910077151187,229.64511052648106,317.3012318674734,17.030271122494625,16.583804864796672,3.8582499739273044
466.8579184883465,651.4801799461478,13.580265929582028,15.886598715219328,4.833299915129578,481.1791485282431,338.3105866977623,12.427222353978786,14.884057092629364,8.634179856357028,7.99640631986835
563.0780500264966,11.455421915046017,161.75936630460276,8.388453263560937,31.35528445116982,594.4597752858041,11.625505520221244,175.54064617781307,7.854998587842574,26.28395095812296,10.128898639124523
124.67341498050192,861.7706842830601,934.2819593110623,4.111340584074851,13.925249588963087,106.84318375929446,910.1728769136494,1104.3631893953204,3.9331305069180096,10.486839362792779,9.408344011254997
352.9750042432681,285.1462147066706,72.51244102545678,5.917437251588226,12.55709983386642,366.2059479467374,176.88287735556582,81.5540059720081,10.099996682466713,14.994401502283793,8.947428622912144
641.3281137106025,235.7762306711325,20.205920509825994,15.056749510588682,36.754768220877466,556.1150889835396,266.44485156262465,14.907345074953199,16.270337135559913,40.81045507432044,15.085454308505742
14.61889241997788,35.36077886368306,553.6388146095628,19.975414030091812,28.04139815201163,14.213740555329506,27.1609446543924,672.10241605292,15.023690265710743,23.456811261208244,7.159952054135482
260.17909063581476,14.22846729194262,889.3553304944787,9.618797784251626,20.37993247110323,277.1069856272409,20.91599862154037,766.56755572484,9.025169443546663,20.798129273082022,21.187894786454645
157.36162279224058,444.39852362822677,17.043809207994045,4.265665367501879,5.023452796773976,152.6402001415573,454.6803772985853,15.805921165520015,3.1416416785257066,6.95915564060866,15.849039435803924
40.47598719910207,123.649053323569,930.0292707504511,18.776777197054226,26.925204433448616,44.3048330834484,101.3678179876169,904.0904866815677,17.57331143848335,25.47812688039851,8.241847596080241
95.73814244012587,106.06740885099772,259.551100210475,13.184753605035482,34.48009435210266,101.65717262979197,102.91857705118898,278.07446785473434,13.597640618929509,32.51628425137911,5.784551284796197
25.389607241142375,29.530789927470977,49.26819813069862,16.616766153189367,43.310698034143385,27.06713681950285,29.3565323083459,55.20932050663356,15.050978389236088,36.89811180477402,7.298305358887445
30.722628334660943,390.8402917779159,34.26725022619506,11.075149657307001,40.97043447519583,31.139169406073197,510.22103670025353,45.4325957708347,11.676193137363605,27.2957678481163,2.9526017574269003
977.1168504869931,64.54557061887105,16.176819940487054,9.124546699841115,22.634882495460424,996.2965536757349,75.7634035709097,17.889286446842572,8.513771280607818,37.3285804077383,29.514561356265485
86.8129534589469,47.739648704070284,623.6314134825526,13.937077282041715,23.285005341553905,91.24702038287631,47.14858837308665,677.361282181309,14.212882217093826,20.65264817453725,7.821189391043405
110.97869264270777,25.082931151017462,13.477584687545724,16.44831972958236,17.77265198439668,117.54926844789411,31.20425590031827,14.232348654613796,16.43695392068457,17.889263121040294,8.351034834483103
28.05141624799966,122.62218600995934,110.16282598997701,12.139549309943517,11.244723744698332,28.3207193868859,123.59917189250966,107.58572280049123,10.236459051633044,8.701355508459136,6.437919651220976
193.61716177352864,201.51308770569105,16.071167759016905,8.98335877298502,32.840697287300735,204.01977870630262,294.5958996818734,15.732529070591022,14.484603319152757,22.104401544913653,9.598374148889437
79.66062339694804,14.78368835867421,30.654888888954375,11.87351690125856,12.824671951903895,85.84331608225348,21.129857612590342,32.54958013013238,10.676785891002915,13.935138165706233,9.228423485574758
17.9018275561325,10.12723835388729,91.78927997167932,15.613396194917467,5.33543667655573,17.716386214461107,25.778324148577084,105.2975911834087,12.631700490884427,20.092608882383157,4.244976496762211
289.9203857325362,179.32154510440873,71.59099223729578,10.696192424438951,26.446415034791453,291.42332524646395,168.59703982164606,74.09686450017145,11.02206683661704,35.40885565662248,5.395378242306131
499.0034219549105,44.12690776053175,29.72796963543576,17.963212205748192,23.741455226070137,485.371464347358,71.63862912971011,29.6036882256705,17.170112747745065,18.688860347560276,3.5743282618789145
12.573777163781608,500.3727074519019,166.17896698339436,5.355470978710821,17.1069573987872,12.433242659452652,391.1703157016532,163.31890788728782,5.682310399163277,16.17936319663976,6.616699825326909
10.123237572873082,21.796740184287437,283.9772734981489,17.60185280272961,24.14205098830895,10.899831079672406,25.154546273601344,429.99000127395504,15.828590253314772,25.229679208964317,12.87884473718369
58.73946552663319,118.77522187755847,43.66446957835984,10.096941851715272,43.52051140136942,58.18186237642269,191.15701624114345,52.47058970004804,11.5582490701306,25.072259480445506,8.115964620995397
322.48037503768415,19.4971007720315,12.893772193108926,11.464232726204628,27.97428152670979,338.4387875706346,36.585533482400685,14.464159565016324,9.912352730950554,23.979089429887257,12.764279762420541
182.62472332972868,266.9405194910951,68.37609020936486,3.322373857195807,20.409639374069858,177.68185962796582,370.6355248667706,69.02537436028871,3.6412187515709835,16.29428079930403,9.838644391056226
46.04924569362536,69.67138004666008,130.37275835079382,8.160631352007927,35.658899305510076,50.041921406528495,80.77447614922589,131.05904440525677,10.051403522082722,34.91739726061887,7.982306292057075
119.02556948863541,914.9698578237734,96.84584171529279,7.159361234994234,6.652843468530966,101.68682033145808,599.6207873085095,90.27934931234299,7.436000822690713,7.465057218776718,16.361770684144027
74.75338707966726,123.91050906395067,948.4809470009623,11.158300688370947,9.342028448038665,71.88154532155582,243.04384616261964,1121.285171427713,12.392589671776987,17.260044586423128,3.2237632096211577
42.5768806608225,41.204057141225746,347.8274766163996,16.22693871870282,19.57226316264824,46.351152055177245,41.33261469514635,376.7291603479304,13.822123588550756,18.626450892302607,10.043909822682938
967.6986533100331,35.67377394023835,75.29487098796345,6.018366196076796,25.81370525641264,938.2756099175122,24.863671234446986,88.68423588485022,6.0650927360320255,16.25617721300815,7.28917920740688
45.64382022924754,179.8158363634797,21.520774827627935,13.031223587475385,43.61909707280976,44.89381764918087,243.781764506681,31.765100131423335,12.659520991874484,27.668464554644984,3.397002446297024
645.323828356869,45.037968334581144,69.39820879007675,19.395562531105714,8.97347338726505,630.2638688571787,116.5481349943044,73.6287852993956,17.026830235470293,9.100925497532677,4.138216408640088
80.08165310809957,32.79269040978342,11.480407046368336,3.005392864310949,42.762566511277235,96.48954532003728,39.3296100819215,13.533641389940257,2.7779405647881408,42.53829684472904,18.022896655181107
46.8250751407592,72.03764304767526,106.55229077632605,18.328365491761875,10.183513787031497,47.83672032566039,69.94527783722964,118.75312615832217,15.952116079131958,20.091937496069047,3.0041902305680286
637.7958658949506,569.8652233886552,738.7087029244798,6.118465807910589,16.75490495892053,639.7586696530485,472.64860381054643,779.6999811777513,13.011793068109535,12.26583912704564,2.4908517677244184
326.0446203810794,29.409487477901212,106.48682521640912,15.995128895967236,45.73568515946462,338.6850789209066,21.13507202382121,93.65206253157282,16.383261103294338,24.721031562852094,4.480005264990147
232.20561872188324,577.5731791367631,29.250192598308818,9.167132175228929,4.3309756005102304,245.77702811980208,404.1134567103299,29.597917786192706,5.709530762371212,8.890271885968984,7.219334367125913
47.3122245530752,149.9685326611964,155.3843356202161,7.856165453314222,47.237688688206795,47.70034117581468,154.7797524301746,161.65320824395963,8.199014551107,12.979118769916797,2.40204373777727
46.405049450475566,12.082936852699582,19.99156926771453,9.716926474987686,9.329642800913108,49.842191883548,14.931259963480679,20.38221857109339,8.55061103113326,17.06464760788987,5.330576410977071
10.007226200830791,511.8705969211815,913.7405101518344,15.559022547876163,11.4262264495566,11.186283068926393,152.62476201135848,800.6243292422533,12.927158686997469,17.345387244166485,17.643248411501933
11.591460724864415,435.15770958096743,240.632033708775,7.143447993540531,27.054509818535514,11.754402954373099,256.30418917821254,250.9678253165312,6.5523205849480135,14.880062538097015,3.5694754337048162
62.132787387434895,488.39324328121637,259.19383666261825,4.527934775013806,9.279107127765949,59.99336440660842,465.25910478480307,258.82213534403996,5.18819032127019,9.926244605782047,7.65194387241889
28.794666971007267,18.350353528904733,226.62997309479923,3.314817587942091,26.30383671779039,29.3946127051495,24.807293377178162,321.97794633318233,3.0269269193519635,30.90914603816449,16.968831911865372
49.12942167350958,16.48240327880068,10.843661066762461,12.417844561883037,30.614406568011656,52.190351375825685,24.397896403185186,11.755547899124368,9.398668696623904,26.254285034166223,9.47771844248618
186.66657835211876,211.199544051399,67.46095308874685,9.222907350370965,46.030523619692545,199.75930502006034,190.53638089983713,73.56548495403439,12.825526925945125,39.415254598072046,6.1741145985122445
779.3332251939734,857.2219427228813,16.20736329309789,4.436145036623121,5.155762914604097,801.7919710419833,74.41188150508037,18.78611107674798,6.530552140458831,7.260000280389414,25.150276785591245
776.7773890296628,12.640418972929783,315.799546557972,5.894639707458692,43.59722394337627,763.937679142628,20.039891480926766,291.2721067196654,5.697991754653334,44.10347366787886,29.403667001718702
12.534952319524178,81.04366620365964,178.90253287425043,19.33723751474028,42.11188636910253,13.156122372983292,44.142493963006494,214.6916119582983,17.730228142115887,24.51976060524795,5.436125586596961
91.39321902540154,102.82445199532135,335.0279468646972,15.901980617734152,13.2947251115448,89.90220848321738,98.65194678265577,326.5663645862521,15.04275784123625,11.852124143695303,1.994016672550262
270.1237872141328,92.93233697595018,16.625623004366727,11.58373893402151,45.71243125293499,322.499059155037,98.77072827106839,16.927198546449706,10.464246003713352,48.43048543960842,14.018939805496652
930.5248973669371,176.93910585162337,265.5299431981405,18.045171816788187,35.600713544146,874.2864130757229,173.04974255494525,236.4710036445328,16.600628310415676,9.867160043401961,5.864747027810497
212.44040966173776,18.54450276338755,366.40225548071476,6.163336426267558,41.28864286412771,225.63224665793402,23.506243099087662,507.8062736863341,6.1519822667288615,44.801464781008505,14.974342920255735
154.78797881334182,26.56243904876487,23.39749653590936,13.149435125739084,12.083319058851416,171.85044352219614,36.897449929219164,23.91101501935395,12.473683324100362,17.50555907184456,11.101753605544404
396.2465336287628,450.9077444176906,12.726736267179833,7.288837603285388,39.554342667018474,401.09081802735517,517.7845343831427,10.8428698207221,8.726591742172394,33.19478009924014,7.644596355261586
11.04258015650209,162.58552881537764,418.38357365238204,19.245164888207025,33.59095715819934,12.372507820571874,75.08766904274287,665.5106934807336,17.413447879693486,24.223175104622918,13.333545160006405
599.2886312439246,409.164566553681,334.3109770805649,4.155883649862583,14.926047750780773,608.0100317347221,406.8443829163557,373.89095335531965,4.689786100058875,17.135807657940553,6.058620250281402
103.32626681218294,116.26077778196509,22.158271079374032,17.08402304506178,15.77925872958033,114.2041344660208,141.28424334121578,21.235092273258495,12.429240703827729,19.212533435788906,11.41952602381005
51.78432602583767,257.09358857340817,37.928948006958336,16.87388904030122,48.28985807667322,49.98547293587991,390.9854810671321,54.29350508295856,16.87100257511951,24.869498388912408,3.227101662702081
68.54047850862293,39.00799508319348,20.633744395144106,4.706146729724742,47.355149695011654,79.14144012883717,44.17188140398315,21.652304732520992,4.9817154438935605,52.90707055790486,15.591115310808897
195.4361409494068,13.583338936628502,45.25053255261792,2.3344039676851014,3.1073871470031698,180.66824391010405,20.933152190276427,51.053404941129756,2.267583456171167,9.466748188741487,7.800018742655388
234.9320401509638,11.711090488414479,161.59834924206226,16.71385505195155,13.529620077131755,240.6819295311997,25.293490760042207,183.4105438140141,15.2564539162703,25.266039404131757,7.480724493859581
11.772732925791486,15.381333934313904,32.374240195764045,13.44775255514237,11.641666012278035,11.7135335003747,22.375584126552067,32.7675349652572,16.070735429645957,22.146364878047155,1.437466312113816
79.62543967322543,15.228329781424991,103.69780710074035,15.410646172630962,46.1136580686081,82.9518542795686,14.741852429137163,114.64602666141637,16.174907132342906,36.70665716253861,9.36371596741424
110.98233135665109,350.9410278753836,11.788699699612767,18.72257851787644,41.51119349673138,116.19151255779713,445.707163752649,18.193731382785238,18.432891689395483,36.676940340663435,10.260757408616431
58.534557018205014,101.67532455137057,407.5230487329308,10.253613344388333,33.610168237873,66.53355014105911,138.77275730668586,407.1902896177878,12.00228827209256,37.80624608378122,13.819939244229232
45.74091201845411,16.40919186613442,31.08424638990962,9.84991177986609,9.131597450772388,50.994115925012714,19.923317981710717,31.54539787794711,8.013061705481649,15.873486288245513,7.1584057999105815
102.36796098524474,158.33341545696348,30.74892554054613,3.4848139860090197,15.123968082683572,89.27568129814215,248.096899436388,31.336696912012165,4.273718960190041,9.053102508987424,8.419992818473974
32.067824627272806,356.10836293780585,349.70245925225464,8.188042270251927,42.086037971875214,30.618970721888196,193.93815622827063,420.97201252133164,7.033112157743018,18.16361403508186,3.2727297882205013
134.9894544854993,10.551881621402767,280.5743328814482,12.420928192022814,35.091630187367876,146.54088605254137,15.86686149888562,353.2302024649847,12.253762951015394,38.55376039966594,20.30261268579471
321.7479212454279,240.84532058274115,488.24616100987754,19.04849171471092,48.31452066781605,321.7988728688637,168.67318781777848,401.8182663870796,16.267478280026214,25.818418695896522,7.732587965619034
289.4023822370566,17.963134853255518,84.30687286405113,16.501523208281068,24.835637097098225,308.32681985650703,21.433821503477215,108.24181745035295,16.41400771087909,29.513485783621384,8.31917489207759
266.9537414386659,97.7556072069398,22.274954372594614,9.437972105780387,9.504835843065438,275.03485923513057,48.34629784382593,24.236483927767022,10.913100788653598,19.640639968926404,9.915002880409777
368.3225400990217,86.89857244367,189.93869645756757,19.648022044544028,6.56547413611023,357.6577831687758,173.44894014931845,176.84346359126343,15.303274886308644,9.242599637267006,4.385255610744196
11.065049417919004,915.8115917697329,32.983218471216,12.269057869058871,16.412018409817424,11.534639932488925,328.52380825037267,53.33769267608167,12.206826138069868,24.49341785998145,6.105886098923037
468.16773750799206,15.225334011335146,65.00748166043986,7.731156363699669,44.039643083613896,488.10447330286945,17.01225768476664,78.52146291609903,7.102389180010573,37.77510144183539,13.962234521721617
37.176876105230264,80.85869399045181,266.2562181664498,2.676249668472752,26.484523214657663,34.76227762836893,101.26851389396553,346.7411098373098,2.8244072585149267,37.09234170085928,7.927293758175528
26.10182674362387,634.3047372729733,237.65878475106274,7.38728890440269,21.567352578181524,25.77908237805974,557.3478229291385,229.27004805873622,7.2260582938913975,22.94858945685008,2.326974006634156
34.11130507368239,210.75606279052676,620.6484357096656,19.62809032806947,18.80424133544697,36.07838374896315,102.1917893268223,818.3070176520606,17.77317744059781,19.67455744120239,4.880669270596053
976.0465737956595,60.207602661332764,12.599952818395776,5.867368188106702,46.60100100820621,1278.8318328096368,61.049434790746794,18.31218439255786,4.663855504556964,68.32251551324497,34.53452060405752
116.77987611542163,32.345196418167504,10.360351349479746,15.263759522755482,36.74014314695748,130.2579263640523,35.029016280571824,10.011097421063612,14.84029442712031,41.17899611519081,10.025737578947624
770.8308320228192,91.95976017531072,12.98887148416502,16.026837733741786,4.265988780727618,753.4280941877136,58.50103790656878,11.197061908458217,15.63099397407721,11.774874977562844,5.795877563255733
42.56623971843836,56.29181887638908,63.01342608101957,7.967315401389166,16.99932939079263,43.66991593558254,72.9912023967238,67.85707150262577,8.657604018814814,14.070948354230014,9.493488477308123
131.38217204446357,103.56524950502019,69.00188812317107,19.58986515305186,13.65485220617756,130.8767401033216,120.30968345840219,73.98272657685192,14.416626600661836,19.049392846335905,3.847651618070292
895.3375987745799,604.1517703613771,405.67024529499184,18.929411504027,15.834518218100419,806.0559898040119,651.6936088887603,421.6946373250674,14.223167857072468,20.38170743240821,8.995193433361097
361.582561858169,14.859286052155166,24.072539329969498,9.655087217608388,46.648732579748994,378.1247194122612,17.850481158805735,24.601772445684393,8.560690499543673,23.39969286756777,13.546017757667816
509.6971364228724,428.1418975325162,68.03109499317107,8.828009762098354,10.073799635967667,513.6804146651451,103.58565678892182,68.55072181291804,15.228898171687193,10.139546194947348,3.5088092148772025
39.73060047723118,820.1533242555373,372.1487381795172,18.53191937465206,37.227101732454685,40.982357942926946,272.55132401504795,523.1499893891402,16.356886655666397,16.145944911096073,3.926140603476341
465.7468553381399,112.3652418003826,12.45164621870661,4.666262430190297,4.692006056288832,478.3953446544003,38.469026971966024,16.289064807697557,4.573307600097142,15.053190865861582,32.01497023180699
515.4222472771969,10.904688638542256,180.2122581251812,19.633138141361304,8.433697371800536,480.43947408037434,29.1396797484595,182.77738647256535,19.930568265530425,20.99367734234574,5.9967839030626715
734.572651766898,61.98192478123917,28.342827076233032,17.083331593986575,27.900533769954293,668.2510776900555,60.758949497496744,29.487621706336075,17.854968730220406,21.738629454953276,6.852129454992416
87.32267875536041,76.51944792590695,314.6201555559948,10.436199920138446,22.218599846074444,94.15621310037733,59.548933636799724,352.4676556195518,13.472650606970168,14.525945717128058,7.799522944259259
171.67206549021296,11.602647663687765,16.48053876630668,1.865150060560077,47.53081148410121,186.72289100919016,14.304682449588183,15.843823384804708,1.6834410732129468,40.416753079763204,13.573907379120154
19.226857555571403,966.0498966718621,332.92378839375345,6.89031206798005,9.477021861796393,20.407624268171155,350.3526841405678,349.15965617245007,6.390727874808284,13.385690163475077,5.96692459002238
429.95159842422845,43.65124746815081,81.56703711780173,5.693701032257569,46.35104918342574,451.3397805040987,49.32444400929335,92.4841388593176,5.450991537796017,38.43156552137328,11.034777156163528
70.2217012461875,866.8062742715812,12.98374210601079,7.955558306499626,2.365688766267507,87.2034950893111,278.5556967865612,13.020182287576862,6.501394272090867,8.436874924905622,20.614424560554017
45.22199759958482,18.456617424173697,51.00835817850641,18.041567715290515,35.508393311736214,46.82018644487229,20.945929093987218,67.88372965891392,18.98744303846319,38.5145059931901,9.31527687862944
609.1276418022815,158.67504350407785,833.9118454993021,14.05295756820022,48.03707036091981,636.3318890514502,118.90077212689077,805.332375132982,15.416351900502526,28.20255207088773,6.951711415047998
136.10547346019845,328.7338865741643,926.4759539522562,8.966175370115298,26.69998649050548,134.40199620488227,384.0479132583046,848.8233805706453,9.410514363706174,23.878960702139043,2.553441910277587
429.3187250292642,388.70095896601737,216.35015063625193,19.682091494069244,23.195034946231065,403.889097344342,437.0991817743941,232.1918922581773,12.78768869471074,22.65596756912948,4.815625028672107
60.56154785811927,18.24969208424772,109.86146171596872,13.738099349858894,8.188473955856109,64.93412499018818,30.883587282783076,128.6190753299975,11.37580006109751,14.873431704994427,8.307896518811354
123.39881827492724,48.70115754898438,491.3483058210556,11.558513462301844,19.585675332671943,123.98325399955465,41.40611495259111,534.9930799686425,12.122656710647728,13.809265975006069,7.1635451562035515
14.68063669983643,20.167276119658244,62.98980144605054,18.808327779029806,6.2773708136654625,13.493040342812503,26.871725145269686,64.56824807887597,15.576521371036899,16.565968693808788,5.687456693420045
16.4624134248771,22.23324712602008,17.250043833848746,3.6088417238483497,14.502622187346676,17.98423726122003,41.2054783920576,15.796903264909847,5.05510394833511,9.836870973619881,16.56827100154807
419.7526044190867,96.5539446454168,11.135239465807325,2.36738392054073,42.17765122383573,440.04858419699883,112.3841933825441,13.699266813171707,1.8990455490754738,45.702521259593354,18.779085106126193
358.7979091809935,336.1512364531399,210.8103012105021,8.434640222873515,21.170876796176504,327.5161373862061,315.75638133752744,205.3709504788103,13.324131822018284,27.545027992303527,6.957776132332973
262.0123379630925,254.2278991626319,591.4679385350295,15.462129365547923,41.58193942965882,272.14881237339273,230.43926215614232,582.202468784944,14.435676142543109,30.989779685263237,3.443050046572992
22.087156053872896,33.05557120363,20.51917394459939,5.868592605336004,39.11188155537555,24.070476951251543,45.18266650489993,18.993168648770954,6.785618663107328,29.194469326579824,12.81349403953141
345.0687681519568,581.3140910074413,28.754854402425156,9.461477636018117,26.5624906602926,374.08294668553236,634.4260186413135,26.215991509287417,8.253523448999111,30.0393602462789,12.337928911563882
57.134180321033924,85.92659104861123,31.8278197622108,2.1669472739194617,4.981863830725892,67.9125554066998,107.95247254258206,35.649837048517526,5.031267368878179,3.564440199182551,15.634479441872982
51.017406346897474,18.440177352631054,746.5752058700657,1.3824704699980594,39.90444452336299,51.80034312205459,22.991696310983233,658.1558555636179,1.518762690949545,40.121842585895486,20.139399471444623
244.68683505142425,407.51008478758735,140.0916896661138,18.9854974536101,38.62119836866028,238.37959741493168,360.344935600393,118.81148832120202,13.886630897575373,48.09000487138534,4.229877105906164
78.75031526076793,69.11272893414531,61.4809752419829,19.957626164107495,35.269677592915784,79.90146830531883,66.20495473696216,60.6539932410735,12.657253984695808,13.17619657969605,4.868822444055136
377.77950720977367,31.812367681432026,20.04145657827429,17.184694116603197,20.381191828759317,401.7841428519025,49.58311576958625,19.0767659579085,16.665685347052868,21.78715701182961,7.908528602271731
146.3913737549312,341.89368344390726,19.476533220285933,1.2915846683329213,37.638553340263684,148.15151012721608,388.7265511602887,17.794389987406085,1.4764107514691318,39.99083910985431,13.057581952146052
90.80896570265,346.8846465057473,622.6151554714107,16.64407923604247,10.841970284515135,95.91458889889464,270.9448260799647,703.2441672703478,17.390684500062722,15.548581913209308,4.403451945808445
331.1232894815937,54.26101751673226,26.55607557790843,1.2720079991588888,17.416965161546887,401.8898425448334,68.46201737362841,30.790242592095435,1.1829930906959247,20.936392075580653,23.67207978547674
97.65238895162796,915.1639788362558,196.41732083467363,7.681186366892894,26.885345228745344,94.01732231481768,835.123139716573,174.63585537874974,7.280278914024173,33.99775570345654,2.9142151435705594
49.10305783567681,11.890926554047583,688.3708912775112,10.533869605563048,39.27329132797457,58.76381391794326,15.731751567304883,503.27732239362496,9.699707840172783,41.25784194374352,21.025644248561633
61.728554672287274,23.097451097194597,29.948417883857175,4.086260818282243,4.738158828127812,66.75710495280248,32.443167932039714,31.916856655537487,3.0523209930736352,13.81133682199349,8.483680631804337
85.71450407862054,16.56891686912179,185.35027999330637,10.115017648004622,20.416438174995964,87.1323320835982,15.37857179267514,199.84610053598956,10.449833153109456,14.308340272720528,12.458595503974953
12.947373542729693,102.80847211585139,139.4765349409538,16.090612719643765,26.211178024401768,13.024441773868286,122.15861746404738,134.47872662670372,15.381625406608919,14.521944356283784,4.687541978342495
984.2183726968027,660.9551267115258,40.564248773402674,17.076992041119592,6.572341905378551,905.213666390514,270.6122454744567,37.81445266400506,17.098346878742216,10.01285065995548,11.446491062168825
14.081037256703201,790.6944335841159,699.5746061968262,11.58767044278709,44.56632391522212,15.342180484877675,242.55065756974196,866.7579201012629,10.973125954803105,16.25549351153708,8.62809379087303
738.9995926547015,122.48607621338489,36.51560780826599,4.006218849682913,49.45809261970874,729.6685384419767,126.41568917743315,44.94068767941554,3.7400305593767573,55.349159002256556,10.087182628295501
479.0873966091687,24.29307964958116,27.82802192186284,4.7209339678474525,41.19692742356996,454.7942458783745,25.84625044476953,33.81413036502003,4.49502912988077,20.695353131532585,13.734730524408539
94.65017317126032,10.139856775096098,708.4218767772776,6.103898950977675,11.701069192185614,100.95630790632192,15.686687895373039,661.697928874747,5.591626066244897,14.617208142463442,14.226928273243159
32.83561940664454,25.560602028795962,136.76641662096034,2.345815165806392,37.18353197833367,33.729768150655545,34.92189375270703,153.287013121033,2.3873710772843046,44.221423166331675,20.38939692561925
143.62121407216293,19.144966021579783,880.4252632493511,18.154961064975385,46.25108031196162,161.8620387870371,21.091069543833758,507.52255145908487,18.330239009480287,36.036252125325916,17.97268187889108
18.695260021920156,33.14040320753063,107.15338481227482,15.461113864242904,43.9116315926229,20.442450651520943,29.39102852498088,110.18212750950566,17.005109930866663,39.23630209772928,7.426457129442392
24.515084363723982,806.1705321416857,98.45418919691315,15.549106645593039,2.518950164419884,25.062259911272424,178.35583783857305,99.6729653324167,13.34169587901819,11.048355088440738,4.97525424596561
154.37922486929511,26.01802605039182,133.74300816159626,17.75623712563962,34.00799771314159,178.7198201864374,25.468882910246847,157.6933951231785,19.344536174576646,25.966384527986207,19.1960810879575
729.3623529824598,51.51754817180993,491.37157942694483,14.728749519974613,47.2642137247015,662.2820924551226,32.187560753342126,451.3308408714175,15.012538347091171,22.450570087866005,11.74605023596096
63.50007466311576,18.836007816451453,18.875486163108267,10.694724047776447,20.419493952525524,65.90442955091277,25.119868822251558,19.044705716035242,9.758642944506887,15.088542731004388,5.427017757266973
14.203746406601661,26.798095748456557,10.847694451160592,11.13500418999044,49.436868564149854,14.499415406096787,59.76453855494174,12.830465510927578,15.110205770201969,18.338535408377513,8.105953122640667
79.82423826484646,13.109294594934113,609.1920230486604,16.54484065989137,23.900054946937622,88.7552810896153,18.20182896257938,647.930630597182,15.437138209447,26.42737303594554,14.991009156984378
435.0729852676851,15.437525104693103,619.3440171167946,18.88471314457194,34.07532510996974,426.96401154353373,16.870588043492106,572.41491638523,19.59879184832102,29.55509128652969,11.737898164056647
274.6764344464267,662.9261315967279,531.6639950179433,18.50601353637565,49.040549613860684,261.3733148593088,510.29065304925854,586.7110609953194,16.494523940819892,13.278289157953003,5.3169788360265535
325.16011544352847,147.01551521302997,14.77461903696989,1.3284839165304372,39.54280435145949,310.3305780290238,163.88940205151317,14.834761133376674,1.2348253886298768,44.75009258012957,16.344386689588855
537.5011055204432,440.43977376531734,623.8986953366234,19.4208088841132,36.22535077112467,534.4003394870715,374.4867221466353,627.1563226117646,15.64482381498145,23.105281552950288,3.794942813518529
30.684198202179843,305.3271375194247,72.28860133933816,17.67936960795739,6.301373961676566,32.63214644867194,109.52638128603701,70.95186074915159,13.233100200025719,16.813504767934123,7.908336893245704
42.275998412058556,159.13874825444105,24.775596337600398,5.445619690063779,33.81494036262621,44.96722545519237,178.2952969685033,25.941303992239302,4.943230487941002,37.354486398940125,12.641603026564127
209.49195565106652,323.6329671703564,11.866463934779393,11.521479791039294,29.642108409722375,199.82220359791856,459.41927586401505,12.983060095313732,11.378730615934739,21.516172637991982,4.89477449651023
30.49126786817872,151.92813383929942,151.81585558975556,17.126326908781973,11.519377873572106,30.111346575770153,114.96679043503322,175.14524765003563,15.321968748380131,15.974202498319057,3.7540386948510944
11.311247895350968,14.193615451812034,886.2371900534488,15.178470607530556,47.51585113290668,12.867911643719673,13.413688904334942,610.9237864833964,14.070644721412462,42.5768918665691,11.651168811573843
370.1566858677045,582.6819345150542,14.280624414626734,19.84548094885857,39.11913264265948,364.9007328647159,620.9483421891576,18.16842911124888,17.038151221497472,41.83811753156,5.675390661105421
89.98066840477404,110.37080939407434,14.982711968087244,15.883271066701752,5.425570378288916,103.34375769547933,101.86406609502691,14.836926028117531,15.59192254344829,7.251642198420638,13.022528490050323
141.98611056405866,468.97246588620874,27.439379571912344,2.470797788522229,7.593935177368284,121.62564296067653,496.9249512136724,24.381151299426183,2.8248674318028217,7.4529759548886805,11.976360698627591
18.172449138624103,57.70668187094432,67.38134457853626,3.4979751573543854,23.507053147646374,17.56317612119218,58.52968551744465,82.33156851029561,3.1663865202931833,18.358771650487917,9.511708014824091
233.61782818274992,974.0588308303181,20.652665894477796,3.9323821113863606,39.94078115702807,191.6347731033214,1158.8620154032787,20.78969117883554,3.639729388406405,41.587999621841504,19.588212742008736
804.8301112399768,37.40651207716333,450.1373041113377,11.525896856223774,21.520184505464865,742.4127759043703,36.557079482851215,477.8300281334846,11.736089246944793,16.45809522364007,12.325213586807356
24.455927765155717,39.19508551403193,12.910560014339607,7.951724835954969,38.81700350487355,24.815494827445793,81.55650535829608,13.396069109720534,11.799279384420345,17.39025100842809,6.91912621364298
555.8123769069765,745.5199963362297,22.336737115543414,18.130584218311494,44.86964707485537,527.0212368801631,752.2131883268752,27.273672285070415,12.222075382033594,51.24100269988876,5.212882542265015
255.17848011824333,10.758147014170499,64.31072503754278,4.340287616752708,47.890745039768085,271.486033295505,15.377808993464125,98.1121443155578,4.254943130299166,57.58637648771639,22.04287392024952
11.32947568913631,40.409776069862424,231.36618705242142,2.634179133631749,20.046310817083924,10.338671403197067,51.49535955050273,289.2828709281542,2.7318943461098937,27.38256370189944,5.152661614236561
748.6901627304231,121.08281015173758,94.26412710445703,10.529399321353612,39.40951859604982,657.8977665160446,110.26788057490215,102.73779821831458,9.910040235928525,32.646646624808554,12.518578303342823
90.34926907434283,37.683027955997936,67.80652831018759,9.415603921585909,12.671028074553144,95.44798307046808,33.80469259883856,71.92360229682245,8.886969545125705,11.802306610072787,3.7072917009431245
13.229238753943697,293.6683377042756,159.5565536212851,3.592820517593475,22.6875604371157,11.649752058825698,310.77402210669413,156.29660254130516,3.58372844680451,20.369077554009532,9.70337344427265
133.1849368870899,720.1337907978655,21.165186630593233,11.459226462288425,7.072300177367823,137.6918536029488,537.1092473690966,21.50863763199349,9.631863106363964,12.823235243778546,14.313966414273017
316.0615639324765,26.857822465377108,12.154279550427816,7.381716085620436,26.27566883080747,337.7122623671793,35.840762451485865,13.088122489204531,6.80052252795984,32.86628747081081,17.759442648865566
248.6144327219072,794.8348767438357,39.8029403374508,9.725571160917816,36.25648980100145,232.53582714458955,1034.6567284216496,29.514167779416148,10.624586051711384,35.285883913756884,14.153324198992578
105.68588630985448,171.98065848487744,36.90768457497739,3.2572820843056807,46.59604896111643,97.89482426251479,177.0123175911826,34.44815772288978,2.7287660849644735,54.10307818231112,6.799234586616754
296.61901999652014,26.532581888478,558.1543765868047,4.710908851987722,45.59814131654228,315.739871534529,36.31669255264636,693.9607256081222,4.445666451081693,50.23269481085374,19.51146944091781
122.83491387945432,235.10123777437127,158.93211380718984,3.822842304944808,49.97869930541466,115.77682305128353,255.90332050075216,165.96651038569195,3.6762004416545726,34.97079254358953,3.768818562982082
381.2226257854329,24.670344400982646,25.649492005756294,5.511095627697876,39.898504992844614,366.92255374528577,33.50048060874045,31.54267678719686,4.734377893075003,16.241988035994975,16.765156061097112
19.772721084177174,10.901874380898672,100.56952040008974,17.39180945199576,17.647570179949987,19.27088228251882,16.782779449621625,154.85485656400743,14.20531073925488,29.40696417741124,7.431050600565115
10.743577336303423,44.10423398408502,10.17288955975678,14.586548656663863,42.496228229149324,10.34829566673019,88.11104106324764,15.002604008097801,14.082775490403138,19.962016397541078,9.84373538223864
61.512765891138415,130.1978759934563,173.78913992225446,14.569390905912185,15.274963771794706,64.7222236427075,115.86945551070703,184.64046257522156,12.44296452406345,16.649263396338515,5.8149285027151505
189.5031683841775,209.7649288341168,600.571682715541,6.398647454624417,5.23061264037046,166.59532284699134,508.8703270571943,624.9634248564596,9.443099647580214,11.749369830330291,8.387284222968095
22.79542987667548,10.547890518502866,55.31735909467718,11.559551687574746,7.9496746056260195,22.17695943065719,19.61995409427428,60.26915617699194,7.662563906252857,16.82978334100474,6.1343122958699485
442.00901692482756,961.4149959447429,40.22388816081443,12.933084441548647,14.309729613776955,484.4964831833891,843.229721847562,37.059242348061346,9.79896860057142,20.155258291523992,10.214315477159627
25.64803766505588,48.77125271160239,26.70042562894282,7.0849846101678615,28.519782463898995,25.466097287369006,73.32985015925411,24.0619417815866,7.862409519354363,18.958460686452,7.831404437664462
80.97185595219165,33.71484884655996,34.72832497195585,16.430770942763928,29.506075532650254,87.81551394417811,43.50959789845361,34.74484960202229,14.586877126670757,11.261275538643103,7.432828055403398
114.57712491307119,350.2222891844981,702.5990245697603,13.819273062323374,47.12624054776802,108.76140946822368,272.2087627897294,634.8684113702751,12.878034884061586,29.360200640153046,5.097509070649147
58.00817803912663,617.871707426503,545.0634849987405,10.037578079212404,36.47763042596517,56.49233242807444,341.854348109548,612.512461156648,8.426222588720314,12.870037755497588,2.4028344746836074
168.67186547801833,62.55503230830975,112.87885618577651,8.641078728971998,21.14154138015494,162.41375840539231,43.33894100716055,110.92194797775682,9.05611229852948,12.64748732543492,6.339442640297676
482.6919652110339,307.14008760687244,98.50177302581972,5.90898544064291,41.887033553256245,533.9361017614401,329.2054318059098,97.37616979242901,5.171165755451323,45.48477787065103,7.7450002803312
20.408849197113202,26.992075386108127,29.78834204976769,8.913881875240694,38.45889626313353,23.81546003604245,30.85687959091738,28.01753145376231,13.750992198988586,10.140602417260038,12.110883661987007
14.816366119151732,16.724136885095405,73.23121457418893,3.3888185721039648,9.148042079727595,16.203332742981438,55.84509974219696,72.7737423891027,8.95447860321637,14.126273120572689,9.86562312386
274.7497739952665,140.72259750140788,10.101221086347115,18.704680982377642,2.5949583781139847,334.9292743040451,131.13305650948482,10.248765877695696,14.441992458010331,8.232757887789267,16.78671035589197
356.15911538363787,135.2003786844505,32.3662807836395,10.913095996009648,2.7179626848288425,355.3641278004054,67.06578108216512,34.88189000821624,10.062516372909977,12.164529040801808,6.681962998630101
155.66163201002254,23.545396530977555,19.79790200216051,12.972795195957959,4.992724181893094,173.8778734089127,37.48685762843168,20.653206779964634,12.248130713402608,10.93886297249196,12.555044379231923
138.949280465965,586.4617393401946,81.95364527828178,16.695845077272683,33.42871720886952,136.0965250285966,618.5143200470641,54.27594894831759,15.58847290021095,39.324537292840475,4.607118959284774
10.396729938055989,60.61193931450949,61.40959257343032,3.272877850712512,22.980318164611816,9.820170788103281,78.33959846196022,64.34021242664964,3.41243186453077,13.474696160981763,6.281722333412937
47.31584478307532,195.5116856200976,811.7781106155727,8.866285593195197,12.252039894107728,47.5254592688194,238.47377945367714,959.5154018197474,8.608391003394471,18.316276821561566,3.2510661151299796
62.58828459422081,11.265418146172163,19.357782310729796,5.258162912333873,42.28255723704291,70.46732896291269,13.760885744643545,19.506418361685647,5.285423815569143,42.79770624048671,15.561922724136732
182.11735282367715,41.02491922639349,15.533555071429948,3.7574359184237123,23.004070771873074,198.7805077300265,56.383303460342376,15.769370776120269,3.1510318974774814,26.25155959568884,19.78529625857659
279.948858111496,60.28047665172808,54.29348465895268,1.120268189664959,19.849498454538086,272.0311836818531,79.17208636502261,54.00743291901956,0.9358188294893822,17.29168780349128,15.956958594102966
21.628491893232624,530.6652750126373,226.76448572931295,15.0040649619255,29.43350810056726,21.346225117905707,301.9000097835545,262.9923520350857,13.876226698541872,15.74284145376195,2.6425538560456316
124.96051146054856,101.69123585146751,20.91622992681393,9.472443444562261,41.50445479324837,127.44310006503638,103.76367327315268,21.60558024049702,10.03163580057757,43.37145523472148,4.6475518093672745
64.58810720609493,716.140204110564,376.49996106001873,5.424001712427927,14.049433570026352,66.14820732531766,634.8544121271888,398.29607534246315,5.739925908371981,19.75302729673974,2.8208371808594768
112.8955417695625,50.62182144352527,654.3407371473292,9.765086950855157,17.923353552628885,123.09061813448463,36.33213127213115,615.1304339007252,9.81001761167229,10.219907536582937,9.868611439457958
155.70248329604354,93.66616807171984,308.9841976483326,7.511083707241283,48.2184213883691,160.3328766225118,83.04942574829258,287.56493711909695,8.477402628580855,36.41690974401683,3.312604202167186
25.509048646696325,17.235178489594862,97.39891902680623,9.917250286218847,10.838737486279616,25.118820925856667,21.413466403705122,106.54729465128514,8.755202143202407,13.36417311325425,4.740859450984028
413.9149708099487,21.330940373179182,15.951480534715948,12.982365193831917,36.88571974106685,440.81535205991054,44.572207219869014,17.087132561523266,10.524957082376504,24.980739169518507,10.88882792985265
301.7594760634108,23.284728654074854,193.40656329589223,8.652583266922672,45.36934634498411,301.35758265126185,32.72493968335833,185.89462770043255,8.421183210720384,43.19878243516644,19.368898720716345
599.3280251840259,13.069967336301973,252.49139593128484,10.55072868220062,13.260218852011075,571.4082308578087,20.03102618007286,320.53189602074303,9.486265576914494,18.599273477061914,11.380185753858227
262.67893497189317,30.489687583198556,34.777657516716644,19.26618001162542,35.60396032967994,287.9506923303795,54.753597304844035,32.87255262516731,17.306312518752108,10.352437469968272,7.470598130169809
22.438276084802517,25.59592604109504,61.380498190357855,15.357182621722936,13.123206211402076,20.559756414411527,31.519543128110918,55.66378037909912,15.963124106602898,21.647196381529497,7.736193488628181
887.7142519779518,12.73842567203245,19.872565911066324,2.502611243742573,26.942574048689035,1045.9695640996274,16.025253422365655,24.18497263674868,2.3154335506581365,26.29007051955428,18.60738551291255
329.24141383768784,363.5353240268389,180.3116675266868,17.853998406616522,18.359228559434488,306.88116949706165,400.9925721082831,175.48173279368098,12.494648100110567,23.78404763678962,4.7969000758751275
24.428586181258293,983.2072265143775,43.66748060821485,11.271862587049768,46.60594654706295,23.225727060794245,597.1760070264064,168.24246477996076,11.13382932268856,29.156730999302116,7.606077917551472
227.7774783218077,527.7229688194266,22.148002597370212,3.381660323940247,37.31466224568196,226.61904162242806,634.8211623002721,19.12768629604179,3.1775630018800434,35.888141884716,10.880306203996021
354.06062841768255,11.516437262871642,14.476526376438596,14.540510189959793,46.069728584390724,382.79715354260946,29.004883641512425,14.994624716664925,13.271651348938253,10.356201775930074,10.35783642112853
12.645090919383273,275.37077031551075,401.19630251184986,16.93710039833909,34.32262912757818,13.129567361375232,145.69223478404368,437.8830640108465,15.113911104229608,17.49152917384993,8.135900245035318
584.2813652853771,52.03764991464806,199.59724341043642,11.79625565507353,39.57386007624629,526.7415146663981,27.920264868269314,215.7191359241633,12.052222257384056,17.58264057173722,9.907684130931264
712.4672421809902,33.14670075544281,302.727690103898,10.093273609912448,27.783679962562164,672.0139561135949,27.88336498500698,331.61942446541457,9.653217213489704,18.42126459892385,12.153486874068678
22.845424548517983,64.06771795258722,566.6751473959554,8.19254293524549,21.131084309164315,23.536846271463208,88.16350540498023,919.9754483584177,9.483405983908932,29.422467083229762,3.5452489435255106
57.17228831039696,15.462493728818655,21.48450068509091,14.73916224076234,20.67664215305984,62.166396696463245,12.678699692914362,22.1950625252319,15.137027622516442,21.61808303307034,7.516745355011969
30.04623704518415,109.02750730717968,106.95118214294276,16.6488348764341,22.807473088195323,31.730475402713424,78.53031530130538,119.34173067000242,13.55545120759413,20.086877693819766,6.0960335242148815
949.2863084701485,18.861195831134808,31.87649608235279,15.535940838296343,24.38704355246432,880.0209526443244,38.33194064379428,30.16975756004302,14.584501145257383,10.74493606063728,9.201268759412438
246.65526718528974,13.089811908505977,35.956417063087436,18.973884590664102,23.05140335516668,230.16193572252823,17.51756874372578,35.842034918171606,18.68389376047331,26.828503762595812,6.896760033089566
273.40562719272924,11.375137994533363,11.532032499690493,16.326928701214953,37.900721084017974,321.6235205424215,33.742461927399965,10.92098115231265,14.317642516840184,8.903169531306295,13.842153732779753
348.99810025102767,38.8396255263071,16.454136923652708,5.36864806762371,29.818980348686935,408.05949320607954,44.23921645898784,17.39339343634578,4.513480590617774,37.06778676059185,14.188019810062292
543.7753132154413,15.560096878905712,183.88581587064127,10.169341625234845,34.58242290776837,536.6625462702602,15.674927068379658,273.8507627965583,9.572928970424227,30.888898558596374,11.322924228659927
564.9359280778874,259.3773140229943,15.987859321525635,4.849211988353968,4.472506134823993,657.7368856054945,45.74058093360936,21.492122250961426,5.394256623996109,11.290797188130998,24.875720892946102
138.7672739980394,75.64335745099139,22.952136040423547,17.275787989197966,31.0555740932676,145.02853734183472,90.20150117842219,22.503313356030326,14.805885140230773,36.59867079680608,8.463581690479662
649.5604171359171,485.4863957356832,17.83456689296436,17.141242268219433,45.89536226779739,675.6165716561275,489.36400567570615,21.8525462843541,13.204287771168708,45.23579985203284,5.833713240100308
773.519701983447,10.098859720898794,107.47938377954907,15.612491232059835,3.8292428360172224,724.3370732604118,45.58818851310622,106.54940306052295,15.271951288907028,17.155036578209245,5.240211457826939
66.60272359895258,924.9679474480993,257.2521741746251,15.564286580791329,34.15591789523345,63.955891295409984,851.6597551923126,253.3104375563788,15.776547733130794,30.514927171189427,5.2739328843149575
898.1361126405992,45.42837734145202,40.386613110106886,9.823150883872128,34.69581500322587,975.3585260020964,81.86211469866808,44.064919646162814,9.041283516097497,17.689959363944983,10.289500126809289
10.55538940298125,16.493926908011527,17.313028476138815,15.465712467147481,33.294557150649034,10.8511188538983,17.184165660734713,17.831335085348737,12.276063281895158,13.262025754156893,6.143823931605249
127.23050304712902,34.470219406196655,137.56999962023136,10.428772386049385,27.964007040582455,130.1204750063774,34.7986550888479,167.62671641632548,9.969201982158648,28.431815477195038,5.468592471236096
78.2815090371792,133.37276117423605,318.12251648260906,10.718856223751542,33.29117363821059,82.05323883727034,134.10130021947325,347.8391397866915,9.882532998514712,30.980678502694385,6.344703511682514
153.24199997987975,600.6048410810414,825.9097768416168,7.347220632384236,4.372728330693697,141.64365925705752,747.410434345545,894.6240244538102,6.775819754595691,10.554192865195594,5.157816866624331
43.28082305075576,20.719572068437014,153.64762076672278,12.760328474913457,6.043221833694636,47.113096030551525,26.566515194284865,176.9086245306901,13.92032925527812,6.650973676212134,10.397227944630663
12.515410903995093,153.47774836438174,54.69470291956493,9.319834598684892,30.763186177213225,13.552269837570465,187.2477771778545,64.78435948866894,9.84463914477133,18.238343141595017,6.346154203375487
466.9482049584134,38.912480522111885,146.7070030763357,2.931080911614446,9.029946263179209,486.4796605937482,42.227588470568975,165.02633055278906,2.544834097049435,6.00986289125218,19.437248611535075
95.73756044172593,573.323021083115,58.107070386939085,8.508111205475812,34.92517768423987,89.9290696413919,721.9575162870196,63.35208780049069,8.842762040209877,28.10085549300233,4.66842743753086
35.77300723690823,79.26596151991389,44.21405681602903,1.4049642032638736,33.50028838962247,39.35249599268184,93.96873245187001,50.19125960290912,1.3929464363166277,22.849467465580805,12.46160970222895
203.58824915429227,190.50518416154537,28.665218081914585,4.894423182651021,41.68464668256125,209.15202652380935,205.38563913359357,28.25509421161297,10.770445456001882,35.78353998655425,4.822633123853922
295.4065183098044,304.9193982398907,870.1909877347923,17.60724159615906,25.561816613871606,304.53527143545745,230.4831288808086,874.555179833885,14.39131986823011,18.9359557009768,3.612402291753137
53.00636788945928,35.19681572972992,876.3151508539455,12.955012655408348,34.57995311054804,55.91096287751312,37.409355114078515,1062.057689863228,13.887827707159222,29.419274491489805,11.01959108836284
11.88945303005253,352.9564612434455,71.86717682081779,2.507811224786608,46.95882310673165,10.362187955673111,501.6697815437175,56.512690256011815,2.511591613894667,36.618760299501126,8.620187894983534
163.31915803955553,113.24539544222375,852.0992457598359,2.955639568186098,12.334834327857742,157.1979076659541,88.98021231365824,820.2582125447477,3.6861313110295657,8.243115858124767,4.027307304492224
640.6282475783379,103.66866654373827,306.67051721392954,19.72741788030122,28.542994626048102,615.1029148722833,99.09402424515807,326.1193288133883,19.294263725117897,26.082307188931498,3.565051146270205
130.14902495939285,485.7600864353113,356.2888174405484,6.398581753929321,9.173850605558611,121.89551480672652,346.8071374378376,396.96820013749266,5.599247110820039,15.591340696709427,5.742511739943936
15.952241884911427,378.11240250862016,25.189448282261786,9.66436782120957,41.06339748430175,16.19269549422187,464.65442027704125,30.091147691329933,9.732992342893215,30.402823043327107,2.1434158844416236
27.978096904756285,14.933284572638328,599.8848157216321,7.894126490841279,13.048471383529469,26.581500685695747,19.662831046173046,737.4408701500523,6.097932495393453,18.76151991809076,3.8138423939250417
242.58736021680863,92.88776690623776,135.96856547491387,13.073503749178672,13.343899716635862,258.4987760990672,92.0958772578002,124.9992289153523,11.391410234229195,14.515538562937149,6.295643786836995
586.3833313054718,130.74052842411413,63.49006688998338,19.839656454305036,9.770115150889913,559.9130116373532,193.0920925780394,62.34050972634844,17.472275674136466,9.96830933437999,5.919052800508727
73.13165314060976,335.96170089548406,64.39885152617677,8.058095543859757,29.741629084115104,76.96772864713947,396.6723278804486,64.10667766393001,7.887619080653856,35.07819614473308,13.587515172621526
83.2561391109246,553.5939718476553,10.61302633254713,5.017983764514733,48.46631777489372,78.49979083539672,757.9856765828051,28.223196275725588,4.671948036575218,38.694692579070455,10.962475430245721
352.1808272197116,11.234076838213447,27.25701496240992,13.466700212007213,13.52552294588036,357.6972248623675,29.91985679959844,27.835307738599933,10.398507814037183,13.463950428988028,13.234603111446654
55.44254841761657,74.70034456202029,108.0405922180875,16.7046459083504,4.107460134236879,54.37287873130898,68.77469541852008,107.65487673689763,16.673689913335412,12.229583642009015,4.970769517299697
10.201151461013787,39.773343246548315,289.66620527860607,19.0792627950464,17.14121375540946,10.940405804715969,36.03252227512725,354.7540310387174,17.41499766010452,16.406096871106833,9.466189827216061
660.9845349752786,46.558608584314946,223.50043269754195,10.101129232443261,34.43068403808385,650.899719764428,35.973990294850296,236.38322267007067,9.825966398010822,19.002738595578503,10.604341910180944
162.90682036522148,162.77860743469762,29.47146416507537,7.746678225502962,34.88868121996156,165.2511053295702,170.04087164847655,29.174624018489013,14.22177298092538,28.918424713006907,3.542550353686901
15.080663026736504,504.2569504497956,268.9589251041755,12.867139392758983,36.918438186121975,14.855592745397798,212.73102926971032,287.0862844088114,11.047215611778212,15.917292300548342,2.9607484429729483
350.87999249249964,390.4594284463566,33.22607046836671,3.7150496179468133,20.044378262946132,345.80277440865024,576.1584666088461,35.005361077524405,6.950524355477357,10.515766706413931,6.333932620309312
24.96379174002954,12.471175544101532,29.361951098370657,13.813123369401511,43.465695987087635,29.211532786325005,15.463689997149983,30.161054749387134,11.973479345084296,47.24779030618961,16.1366594835493
21.06536505924419,15.15061619247984,935.5605720495186,3.3943004149816365,8.506794932841686,25.365480774380313,141.01914644001448,957.102490143282,7.645178050265428,12.727087771185344,59.51654159525365
164.03390376423,45.48047788235431,334.7774953756198,1.431504226557497,8.1159692072351,167.5068344635747,42.55611443113279,380.55391246532685,1.2661263748301401,6.941409984408668,9.036748916263692
546.8060784704081,407.8040354183554,15.970123234950458,2.6683617333268552,25.66165898331412,535.3698543289332,456.1518494098348,15.44550675743765,2.6529408820393425,26.59667793675071,10.672484521798047
812.7143184681439,26.056366842125357,286.361680423293,5.487645427909661,49.240015018113006,817.7228261426292,33.0815343397728,319.6662831547096,5.410868973248036,48.12314659207143,16.503445847119043
13.974168388576736,52.85676192253349,524.1538211100434,15.040993754321338,35.78574200040082,16.191963396183283,54.673765210237185,618.186593372031,16.254896369911297,31.03423187729337,13.504753608133269
22.819403142555213,13.953137111673739,256.05599287679945,6.584807510518038,31.195194748642532,22.421485134927444,18.156857901857254,524.1455196722993,7.105080030806976,31.875622658999802,18.233603722288418
30.537728805012357,27.86046358012543,101.98564374731328,19.766409593975677,13.247394666923256,33.66503678250495,35.828776902960385,121.16129886877766,11.032395288882366,31.324017426943243,9.104829104540048
61.960924565155835,12.02437537703114,685.3067401828984,8.73083323838222,17.750888769670123,65.87677467130048,18.902914319989094,658.6422646824842,7.899857569025466,21.067519293914668,18.68903135459718
720.7482213295646,674.2927233197039,10.063882857748803,5.367211743723656,9.440879681737703,776.2203641755509,45.576700493025726,10.226557192310466,13.187475371987366,9.768818331945338,6.004307925815315
105.17097615945575,571.2313421157841,31.052783210406115,16.151866621679453,35.096370702670065,107.98353903033471,702.8710982828558,35.20210953268671,16.818842606923393,28.041441213546037,2.6536804887735803
27.756483223410648,37.61221889518407,253.64878888477543,14.512923550166976,25.303933567481277,29.81198166106823,41.65307216291441,307.8678218080356,15.256526259377507,26.618698096447808,8.254919463210069
179.30123205273946,634.9273224610774,12.002809973720474,15.390179385828956,33.424523356126414,190.18109456635187,912.6481959105264,16.386666255178305,15.437887859074012,31.86163588820741,19.863973229690192
454.9651338559167,16.15919533683318,30.414032158767704,12.48422126244802,24.575099202940677,459.26232771416994,18.876996434068854,30.24772105734481,11.799613855457148,18.895926881983044,4.520855470900527
39.5965084090996,98.50275222874596,82.63179447107564,16.93072518770636,25.270648138113096,41.67336907690198,107.6941524628855,82.90163103342954,15.66982070125156,9.170897216846514,5.290723296843882
58.80074502899956,34.64387380986707,249.4561292696494,13.66281457810722,2.2101438512332248,61.19544440544428,251.6311590670173,261.2592901959322,16.777899550931707,11.200336951264163,4.523389439007303
233.23791698083704,164.99403043749695,879.2403233206991,3.6391742453354015,29.5289270351704,261.26950016389844,170.09185629265085,1036.3905903824425,4.3652359291026475,27.27601346090176,12.692968326000187
407.92027366731327,76.47811084376804,521.6218891377819,7.677827798890313,48.825091388961205,454.6589062756307,81.87715376172807,470.0607365354758,7.714215908379143,43.54118643933377,12.103941609967768
191.20859649061796,292.9462201982806,68.34990039956143,14.7272628474659,14.51244262760307,209.62152668362486,389.3970660971337,73.41038929315462,11.596740304391217,12.980598297725104,11.622274181537664
75.36729508710478,73.0667760033009,126.05302432949148,3.235454441989067,4.3724148882468725,73.71090821921098,117.64550958759949,130.97637693581177,6.20243748782923,13.226368140321417,2.6384780985179983
32.618205489464465,378.38307884250514,156.52886074713493,4.694783002559971,20.85641992345873,31.327455129467946,400.18327355005476,157.20547479729152,4.686444895914061,22.16818310834252,4.394499050241745
327.72288423893445,170.40003878492513,69.722082539624,6.894446321649298,41.71817479275259,331.66911153827385,174.10755557107916,64.10720016818684,7.033593428054574,45.632751886625925,2.952427903416032
63.37771898257218,452.2213047475912,361.81214958510924,13.880459415021955,15.559896542593576,61.72596960648987,301.0996051992379,392.6086517587188,12.529738262990515,12.805960726346715,2.9544809460604107
140.56933707660716,119.24615360646565,49.253401224946074,1.5465737037930345,42.660275868008725,121.6405613215142,104.35127984626266,46.08755974095929,2.8188617061963597,45.04709601960631,9.48863461223706
124.10272657846266,27.350150598672666,17.442623690218863,10.744092334519403,47.946695434254075,132.2117745195718,37.55143361917552,19.880931460263586,9.475166730804425,30.574875280547847,8.60841427593398
517.913249041152,113.62738207241824,21.710158801413584,6.6671810389318695,30.674868722107746,602.2522133785852,111.21436245326306,24.426738544769236,6.076717133802948,39.02388810255999,17.01724597548942
29.59177803476402,353.59127101932984,44.41952067540472,11.061940811296115,12.248621361452592,28.485195783264736,325.44154264161756,37.43472915993729,11.226852126595222,19.2452094156873,5.559171734847633
276.3008886943894,10.172876349879889,262.11681151188697,10.666985272854049,42.29460105358311,287.22978530183497,12.931510983147364,283.3143043729613,10.159314180378544,39.325490134522646,17.14757578528942
229.13841925906297,281.4228360441196,94.67532516276886,6.982568342590836,37.78872097789404,239.71965086929197,398.1281883094167,99.6499301415696,8.910693413561601,31.019467437398827,12.920443898317775
25.421415170531738,105.33472682806914,678.3757614930423,2.2653211706911858,12.959813678900401,22.664678050986556,159.60472420435343,739.9464783438468,2.316158039664997,15.182903239148885,8.66013031490111
426.01140689984845,44.99410192738546,281.2834208076946,17.83141899258171,41.52289132197488,421.51797868557225,36.26996594748787,273.81164364129245,18.193779929427976,24.282553474370378,8.581357176606087
409.05480413139134,31.937833506096734,466.11272570032645,11.00842300585745,33.3588615670917,420.3774176461905,37.14540835579078,631.782195697807,10.419996767293592,27.996310212349854,17.89175536858083
225.6701591413797,77.94264041326286,164.2893207533689,16.75129208329309,26.674817002601877,221.2896635213757,51.11377516663553,154.85508990619456,16.813035597776857,14.137502149619278,4.206040768888748
20.365240863578546,236.6622414574884,31.707162649713833,4.401003345006508,30.264803125239084,20.20980342958617,389.4559259921709,32.79556508527483,4.583798751370151,21.607558818756626,7.869867322025613
23.629485395106506,466.73143254949997,13.989512315148154,1.4577701511069825,8.332480105027434,20.98744437079044,419.26357732217934,16.105950812686665,1.423573566137893,13.15394719206393,34.022710670402404
20.239545307193875,45.97837169424074,218.8700556282634,9.341667132333841,37.241363274475766,19.257060577107225,40.32947289934308,203.92624297538234,7.046242061007389,32.80676611720365,3.6838339868909205
30.55755843504105,211.13579420120993,372.23686529109875,14.211967839249517,31.06312438500509,31.286550211180863,140.5610186098096,332.0479716692486,12.531856766758965,17.400113432261133,4.522500215652136
33.550239813574294,465.8067837351643,22.31700184075961,16.77608403339532,33.595590922505785,32.28038105501992,643.0701041202781,18.142503807404285,17.144888792251038,27.891456166021857,4.54014157460449
10.59106798649813,390.8922973565358,109.76405281258971,8.751267176850737,6.515454228290999,11.539173954223346,209.5775227929092,104.098490891954,9.034473148984754,18.11084481290757,6.175476507348982
74.6302566606718,16.303582648454377,211.32221220254314,19.21897380551083,29.843940059361504,84.55548848333382,24.75147236158198,287.3633934444511,17.21004313582697,37.61907813914511,16.866040637844378
66.85913320617523,33.25865313307243,18.22618714633288,14.606490003989553,44.196174309420336,67.93959080723458,35.65017346294793,20.10621150058014,14.825725942389532,39.06418445584044,4.82513836584268
28.26992590706444,978.3482315812802,95.79620199020526,1.0671462883174558,12.035112227541886,27.762220774934224,835.3995860399743,95.18050235967735,0.9793250295429184,19.543327316495986,14.345075692668802
238.50880997134104,116.27352921553012,59.666154749699594,16.433641982935438,36.05880338951461,230.25073336418913,129.6766851528066,65.14683600859154,15.581932056260545,34.02871275505401,4.4490256596819355
981.4394883754023,168.16697467697816,133.4799345766956,11.849547588033564,35.393305868584164,844.3789085663639,145.006727140382,123.5669639390211,11.359751079730128,29.00501837391519,14.620761156429257
256.1815547361575,31.87126843955358,38.0270595122383,17.164619111149307,21.1157073753123,270.2596794915687,46.38538153258801,39.81614614651203,16.294030117959963,10.189607024992858,7.602889261696134
21.867058059996243,37.110819918808765,42.03819513321762,19.932264820720253,12.299470170461952,21.133654235765817,28.456761840436616,40.741707744748204,15.908858278047859,20.72651313879273,5.402449754404914
10.06555427205825,10.339597122783168,47.19938120980052,14.375428782180903,48.677917157088466,10.217802994870583,12.326919689368117,54.05679234789091,15.024990741540178,48.370119558033664,8.254956521779677
27.057251687375356,20.359322643220054,21.651423313257688,4.0088927714623015,18.17351025425855,26.061269585599007,24.298113000480765,21.31972297720406,4.055911250044832,21.440158620211545,8.87838892854829
20.088755012003773,86.58396989864892,79.64567794136019,18.426670233203307,24.19310879017732,19.042119833473876,83.15308985587293,82.18435757426381,16.881371592389453,14.218379339274142,4.164784417443624
14.811964863355485,862.9374670478903,86.25319880220324,17.271754794297692,4.856640329337239,15.096062666968995,207.538915682619,99.66581965863199,15.453761248985808,15.056961046123101,5.493195739420196
95.97535058646926,46.579887997291294,94.49378788893374,15.943070946508978,34.90787967497996,104.97336846607233,52.491489173082115,124.0435970354037,17.220798239152924,34.77218154954711,14.200841278382711
22.031138667291316,17.52428024837549,13.765856107855125,10.339488343666957,47.9433562228089,23.368348915157473,22.231763071229935,14.378074260357137,11.11321171567734,35.6277553095054,11.608036841016304
35.66715145905654,63.36803139551316,260.0411348682477,16.713378788069637,18.757777656593795,37.553243839486406,77.19462852924791,309.06789629586706,16.964116786113532,26.79240042587184,5.665482010367459
22.940921674398965,203.49063353383707,946.8118401837833,15.860678818069882,14.81446117800777,23.24946507823253,273.37076427987574,1005.9840206472261,16.461552123830547,15.77010586714039,2.017890870539879
27.99295983993988,14.722970049141962,12.094953708280705,14.570652451268847,18.735065686155114,30.19438102069563,19.11610139413851,12.053714029954346,12.754525392305213,11.448053035911276,6.384371668768065
386.520941443325,499.6768047269862,55.342022097059406,13.178849058595642,10.673303912188356,376.9868699931096,508.1837780795343,51.5424198796833,14.049756256504983,7.887171883896941,8.017298495337757
35.321728587338924,118.83638969952223,46.80826013220919,15.914256418292567,32.69775835556941,34.70460982071012,163.7029837412745,48.19525201460001,15.985979705637737,30.40646641987694,7.40210898637526
183.48897693370873,25.171033861907947,10.711597127190135,10.31878655621669,11.051074732907157,195.3336168788273,29.36845040697547,11.74580082477715,9.939391404492474,13.981924257947844,9.681025919310782
30.21471544373926,35.2831197781666,19.524206463493798,3.379483676930398,34.19765308395963,31.7276356693014,53.19065140538581,21.518142569088724,5.811224271579016,21.5437777423577,15.473377087381548
311.50203756118555,87.91801864738733,280.2847902088072,10.698313812344749,36.21784265441646,328.7608535654218,79.98853800214836,303.2459249801749,10.828024025418527,26.48217228024952,7.2277749279573005
70.12055691219444,32.2094579080052,14.527059491400836,16.268001270631146,37.46830446692108,73.40034570042805,38.84557747544169,15.21322472165312,15.192395147035553,39.169029444004025,8.294662105569298
264.72753074881797,655.6239630419293,35.60713320372903,13.550211210391348,27.322889200331083,269.39908947374204,790.2170216513704,36.75682622090724,13.40766824088643,25.45175617355189,7.036159504968086
428.0489268387243,38.18196889081507,261.66242221194915,4.648898808099439,6.946737622684017,458.1308286961527,42.835353462116274,317.49694735840245,4.582251137969626,5.582140130983763,19.65433458903476
73.4901842892218,955.6869824363844,21.98757186977625,19.205799587788455,30.30344507709978,68.49263175795282,832.5030118770583,46.01902653643437,17.791929438053877,38.146223710856155,6.6260213552806615
275.15112089756735,215.36682461963778,98.83599018012868,11.623237143092682,17.512721519612352,273.7823924574403,188.27947908295903,103.18156602615058,14.929294339656764,26.60284612629139,6.697632143694422
167.489103345053,121.20648425446814,28.107358427551127,10.137097824031926,13.336920664839443,169.46951874148778,73.69421362766951,30.311921925986358,12.612377624606433,22.132977590380666,6.648119008303381
13.935363259363028,483.04369977153755,12.91623190027311,6.331617286539462,18.038241944074198,13.58653941570565,440.78213895043154,13.93043957401539,6.663935061293832,21.874529300965815,6.085037023171687
59.85095174492478,103.232006078373,42.50059136025852,17.23228960124727,29.600721995288175,60.43732173043041,151.83013064578893,45.586687767981545,16.455325858715277,19.10427908487467,5.9072439965428005
57.374777170558225,62.92118755389794,10.656792389354463,5.99889517204414,34.82197685988849,60.21310570684879,125.71281813875932,11.381646228478923,14.122697928031132,15.148805676571966,8.687857469105477
330.0672866226813,357.0088375110887,252.80730444888388,2.32681994940749,19.072129216327763,332.3429810734917,422.08226498243937,243.9339621468558,8.368761858861122,9.472617209622447,2.6009278142608556
27.541038417946034,843.7769169155927,947.1525519990611,7.714586271026115,25.515459379672482,28.092558999894646,292.96003139427114,1202.9330353974572,6.787167370340093,19.168843366210204,3.557332600554696
63.9131444569653,33.20305073059283,44.65396446348792,4.096187669958784,33.624323333391075,68.12229638429788,33.217348714106,46.71215568676031,4.077319804788976,27.519962432418854,5.831574231597371
956.0227738184813,397.6215906399257,13.016306645716442,2.074347355233908,37.015890225591036,914.1848150619627,518.5067123608017,12.61250175472161,1.7683789044323952,42.89081409037404,39.315995962559874
25.92811044505241,836.5173375083841,17.994224926699797,17.383810808879325,24.00974102822426,23.038603064020034,589.702505389451,38.9319801156211,17.197552394695833,25.220351887778627,11.038962325990882
853.2601616012853,97.32346835376391,843.2944372718332,8.65917338435441,23.632549996082663,892.7191939443226,83.34669885417463,769.8126014024422,8.679000663916584,17.169643977509082,5.315073841196381
355.46750770154955,12.326076238942639,358.5467881435337,10.684980284964526,42.88367160695153,355.94801358533084,13.920006000313437,359.3020301673068,10.428369202748337,34.79379650330413,16.404438619785875
327.6048656984461,10.270827286977783,23.072739410162562,16.968726099272846,43.00994713773003,306.8198831480166,11.396821275012412,21.024456606911556,18.327955159174525,32.28206876887285,10.325139275457772
99.68141172878242,32.024473828434,112.5864850840467,9.772240829159271,42.86076211819162,103.57968862292128,33.0022043012618,122.2995987262554,9.916311533129692,38.80538170248641,6.597619586452722
57.389875517858144,179.83566279403234,33.240320216220255,4.895533512519698,9.158301291716796,59.965834217727,255.73180906687276,33.41313390716417,4.867425799573635,7.160010229663651,7.290476475458198
591.4118753960439,179.60858262902343,302.48853878033515,18.928400624299705,13.066369725281637,584.807459171183,198.37852760074045,307.9489029409722,17.158158453145578,18.090814589915954,3.129517166476951
514.0247490913084,126.23811854288286,21.43693553384015,9.674628766244943,39.86727353945668,593.9641660906323,134.07736366599394,22.572837965310754,8.18227672933945,45.93177501958081,13.207795814949138
443.39163929500864,200.24171025621197,11.002791387840107,9.935732593385211,11.382454332100373,486.9585874610521,129.81809272926301,12.0077550955034,10.468632442418663,15.056046576175396,9.972272687349784
68.31021156446431,47.53461921311303,729.25794067743,11.303184833689883,9.039090817049148,75.6482508001659,37.551340683105764,678.3298575216321,15.54086816981111,6.481146548943638,8.790867806078092
36.73485307784433,77.26874064470485,259.2999605201871,12.91121102510585,23.745262913579047,41.75780675409156,96.86777544306479,308.5375105081392,12.215486796372259,30.81405611661779,14.266724971134845
94.92268455256847,151.27638131684674,11.13806944196379,11.140591182323263,33.6887799186372,100.46908620627009,299.0515406724516,12.943054513170676,14.480163361599086,17.988053304921692,10.591167690229012
118.07186371033305,247.29564064717206,574.8489013321555,5.065062563509053,41.07865004962572,114.41815012857083,287.1948869414959,651.5835740689544,5.014979894658762,40.32214779404881,9.036886107237754
125.97035155993699,34.61140981427634,245.93867629181545,1.5369913223510423,24.51312471106751,131.19293011967957,41.66612346407796,239.0775719657661,1.5571711172967257,28.709511234025122,12.369525642704215
122.26631354768914,157.26709477503235,181.85825367012325,14.54838479803118,28.552865361975968,126.8582018508161,171.228975234697,183.0657134535223,13.411594006004353,19.70360308322344,5.705164626856472
402.51393259000764,48.05817094361183,160.87856346494388,1.264394941406143,2.109694741539061,472.5139804299624,85.31770770309886,148.90772128707218,0.703771312879505,9.018360691054095,17.962996469785768
61.54227192683435,62.37847984210856,22.571449275358784,1.0054629329435172,24.151593103210452,64.145480507314,80.59626249286013,21.10362529248872,14.616490065906943,8.692752185436131,3.989783691409532
722.6781652646346,12.479381556919932,64.72807732898829,17.985721211148988,9.65003342851948,651.8991920000011,32.102212537571795,64.69160459306879,17.919006939954258,15.666218511061686,9.65194879955164
13.419526848814343,146.64609229082117,99.02796157207504,2.981922572401708,44.946792909314574,12.356208088432926,196.29791396680108,113.45532222757235,3.212478220407643,14.933084449508383,7.269998796034629
37.41900078113935,44.791812269720616,43.295645360004826,4.254924393238225,48.59876446209265,41.31794196158101,57.86918039686173,46.507357416057424,7.171164468161878,11.105459213103892,12.029579694091689
73.65343862220548,93.38874905231499,14.07300257828748,13.751826664748613,33.70131033268163,79.41776154734647,133.79292504316376,14.504137591899033,16.143564184826612,26.89750696288142,12.047619615351199
13.716409435689156,13.93155273028101,65.70052674112371,11.761643163577403,14.126629427694388,12.864116955195714,23.99117528526585,69.2955172788479,14.690771927253454,22.494963319189328,4.794472107361812
134.70529639168237,396.6334993017371,171.23219832052257,10.976667286966693,4.817036012075807,131.89508329198847,326.7267071741399,162.16846360433658,10.346774550087215,9.052627991871505,2.7013661431398512
688.8888278457376,32.91260491579318,588.0927391760771,11.09320003499714,45.90967921110087,670.1076975307332,25.499452177123622,472.408912587396,10.935983825620088,26.42456011068092,10.967885731900047
28.02908281028708,54.84023676095628,90.5619925428047,4.605962973313764,46.303030566626354,31.28278557097886,74.86840074486854,105.80602691326456,4.599474348198603,39.343920176633596,22.787026893272973
256.97474002359604,12.151775508943233,23.820216929967852,18.178882930246846,29.040770090802887,262.3566778479856,34.8656373571103,21.2426701747083,14.55807329988038,17.747308128892048,9.131819055008066
466.2860010933065,452.33609256999176,73.52139766647501,10.599109975491237,28.262672727117838,453.779837815473,430.3801475737223,65.42054443513668,13.633755594567182,24.353478535222973,6.247807203844827
10.405186510260549,10.547641090533455,346.99444401355186,1.8748078079080657,34.76878170163017,10.643724475543712,15.84269271427329,691.1752972761883,14.219210922941093,24.92068770771778,13.72346872281624
103.63061265664126,84.81218051373313,159.8075292584023,6.680415029841643,7.4966251957639995,106.05898357462263,102.98302531553497,164.59923314647241,9.14828620049823,10.818233680539022,3.1517940414111814
260.1698961171019,563.9613787609846,61.70677889949797,15.333861485926388,29.102402881459348,255.3357823778353,643.8557858234656,64.41520551303941,15.481168346080773,27.674488400567665,4.756706517259944
101.34604261885963,361.15346438939895,722.7844372595108,7.411197627117715,27.92273322453601,104.52982289550496,416.81505563530885,760.3122650877451,7.6282447629069186,30.609309501045704,4.884993329000852
36.25510312358126,92.55088626341697,632.2528383498748,15.429583803409054,25.056596744170516,36.188797435304814,101.22664776469777,615.8077362557652,14.046013485229851,23.71560642659764,6.325922567672393
744.707973816553,12.365043050589579,736.5626161954651,16.928265467876418,16.38482454181034,688.4930834849724,20.718820176038793,626.2968933130957,17.659150589503476,22.03812183272714,11.162953734797437
128.0305482272563,50.784051229619386,28.741122228336977,9.932277151482499,24.37092115299728,128.3836689556786,58.934788094289004,30.4502628849687,8.833229013630081,30.600105088895543,7.686969234932932
15.7332769754932,166.64011428507212,112.64980957571096,9.653802703289701,35.212230828916034,15.895858764886237,176.45437026478382,118.54326933769407,9.222686746615254,14.933224001382284,3.3694328433190006
536.7428943819739,48.51662263024836,107.16224047022259,11.982424724494157,33.55827719329617,513.9221896392928,32.31774799714375,120.20593248915448,11.914101791822159,16.502941973080528,8.363686770559346
219.4720072312136,115.04816264381297,48.41079254506904,14.385730053887256,43.256035703722006,217.81132369428823,110.2419807458241,43.52004291286968,13.813716650877497,50.79138200935689,2.446495150568402
93.62353056540984,16.707105034762936,371.0920887693474,9.091318233870714,31.32004734028643,102.55688335599703,23.282292096998468,503.1623478803673,8.715145553306812,34.70215367534296,17.999268637120334
142.0238855276537,926.5190169718961,13.777830906887777,8.753124979404086,24.52676165822756,130.63465093025508,930.3905658157905,13.286351261052225,8.210367522073387,29.086202541968387,13.849603712030476
512.5532525596287,44.79924045254474,228.8648431930192,10.187702489387707,2.190919614439524,530.5709346475519,113.60818976474805,281.4120604746534,8.060303787831597,7.463373305641567,10.173396827219081
773.9534700456119,213.728799971293,36.27829626100633,13.193308542685038,48.157925919354646,722.9138296685234,205.10253878526538,27.31927107920549,12.348184150716644,56.986710805724684,7.150719322794115
26.28392906594208,11.525864632388025,415.48010448975594,17.254155096907613,13.579846239423544,27.830253304551146,20.937855262653517,778.3119885104468,12.760543298666171,22.289295170703618,14.528969275717493
907.6698118819908,525.9663001795337,194.5458640158748,16.42192255598874,8.82485638629918,767.8590971700451,336.56760695134767,189.5589335289052,17.489913048113138,17.167588327823875,12.669710778048838
325.05961897707624,446.24300550768044,48.14389517125241,6.820438056931835,2.749932577428272,313.51139950869555,90.69540061785064,51.17986367140332,8.340123795638608,6.7799295522966965,7.986871255061442
220.21582076728265,563.0489806461333,42.54405374497045,9.155472285506816,2.1702535185235288,235.81970109372384,58.91548606249497,45.87270225529675,11.917324385988728,7.1756578784922995,6.405685289909438
534.9152603446566,12.793599047176981,652.7371547774359,2.786354442001133,7.396622544819921,578.53387313295,32.85881370009562,770.2099553081838,2.393000007810465,16.813024226948027,14.756413039242316
39.50177310544545,244.731361880464,436.69943815708416,11.878113267260574,38.34979361529601,40.93084312799194,161.7209847521728,389.4338953029576,11.13503982181945,22.241143415554188,3.045405548479432
747.5364886061119,14.699566466150083,237.274246758515,16.954945990445868,30.63836468835668,677.3040163118148,17.372276428534096,374.82469864777585,17.498697923494202,25.200699806339916,21.290683041096514
232.64799924417946,126.49797579368209,729.4827248388451,6.291538010190859,36.6667017088211,251.4120162510646,119.22854939602873,724.3599632592927,6.812042303608252,29.63420596005006,7.6725991762591885
874.9139714569415,11.773150637166681,20.14765897519627,7.6757410388502905,6.721893952390798,1140.4115489413525,42.042453013223536,25.063574685550005,5.43114208197235,11.795076268571451,28.345060755824193
102.0292593399212,140.42194829959274,71.88961739338444,14.77601200962985,2.748046841161342,108.24598517298202,100.29673558846741,67.7252431140688,13.385428843853447,7.6551593884488405,4.476089837732768
26.802033727614006,510.1948009920175,304.0989981076519,9.016266385770722,48.501396632614515,24.373872903773158,411.59161358356306,351.46534713619803,9.000158019335949,16.38509656902432,9.756895634190709
49.79012372507939,16.71921099551806,518.9239224423659,18.680195061954716,15.552395661277375,53.94714524574891,25.26934819191779,715.0935527215166,15.748927994582424,19.0842002596153,14.825514157338985
390.484926283838,169.6224463723205,65.97491818869362,9.042138902599987,12.72283428001457,395.5083510576595,162.40483983050893,78.12673495502185,8.744709249896452,17.636696767348315,12.104883925148945
85.04366287003182,153.39479844744577,42.91576069638093,12.849530601378396,21.493861731369073,86.87648860762062,203.52303897583482,45.697694750683006,12.12434897982642,18.436539010113915,7.945616846117353
600.2951731013361,223.12562554563158,10.677626634197733,2.427499688718875,14.360940163581734,601.1359064079144,239.26570890755977,12.296047399668556,2.1982704354833316,14.157917066167412,7.2519333744950485
47.42271821428991,17.377126952609334,19.6702743589217,5.920319804671932,33.391310576275245,49.59747728133132,24.544887328636342,17.59923862838975,5.621999671962651,18.196720931204922,13.43803796475283
73.16047698402993,20.037469009077697,829.743503514516,18.46599546796652,8.963707102864426,76.3766953725654,41.55823712591706,874.5177291619418,13.429710747681023,18.233719337103558,7.250858430209979
842.7062789241448,579.7443533058168,140.53596200524072,15.907894580382491,39.73915556980736,784.2321565221827,533.8487324174262,145.45857946817532,13.502488828110653,38.7632336764346,8.722648224096876
71.37154393628505,34.6662127815879,46.161569545566785,15.762367639674729,10.727871971360297,76.39132951060107,32.809470888743824,50.62180956813057,15.067263782568382,10.478155410266465,7.28244326046729
15.123707727660786,610.8015814085172,18.965997932478185,16.971634586871286,13.733032375935748,14.991545425061576,406.85755230775027,22.891593443392082,16.581162787428095,20.7005900649881,2.0360546192595765
33.23266050821616,976.3578057712291,57.447754158956876,10.686018864572914,45.66330211563177,33.34807418607406,685.6668947213958,181.2450872528341,9.986667515672108,31.67729066958029,3.452100897816927
522.7241350682783,306.818313421387,179.842310964676,7.64174426194551,49.561173913423666,577.836135309789,308.87546952374396,165.3446364704734,8.768215017759863,51.3470752271972,9.11292937886211
13.502918865510821,749.121243483341,191.81994761575768,15.943469569292162,12.559258910073444,12.906723501057712,304.5162472133655,198.49416272153152,16.457224941126935,16.733634339628537,7.857072864906348
687.4662081663719,62.62734319478621,51.18493038021137,13.23620560281745,13.349422673735186,683.8604300545147,77.0504253377788,45.05120854101012,12.105607928681076,15.819586507133273,7.312052689766702
782.0700716496287,483.44853046314597,37.72707190109466,16.88088586803004,8.252852222520547,727.3053342508767,279.32925216106315,35.28788652390951,17.218114326027038,10.209839742662753,9.1436855389185
346.4887640047073,752.6969490435699,795.0442782456437,10.198494986650408,16.477075977766326,306.7152723237842,791.1433303962729,858.7358092974658,9.427740418658892,13.014769671662055,8.085723182586847
290.10165582995796,12.422391851572295,27.32076785834841,13.111780223273131,32.67412823749901,302.9536680203053,14.900082415883324,29.863307664467147,12.35486271590959,26.592388716485495,10.27357165498025
539.6056116000657,31.449835004863523,13.765570744495228,17.230655683141233,11.199693799307928,541.6435093183711,62.723791387722535,12.996899315662038,16.315439308010554,14.301464722640416,3.2047496326883924
988.8096293254466,408.07639411898515,59.348040342963856,3.4256111278258947,18.772425845601443,889.2348265819102,389.07165497191176,65.88119922329851,3.465726251643105,23.118251023313203,15.268259000465259
723.1365491086406,12.744285813557287,17.16934820096274,17.54980246086678,15.322654222929764,688.317855918784,63.30357408018849,14.465898986057814,16.11291957729861,10.148240275446984,8.670563246396009
122.33792054823577,62.860676086767945,10.318655814115184,10.077064274092423,13.309284792713965,121.1694055707114,50.446194196896236,10.458139536799381,10.542359515472208,14.714009384743134,3.338472226168953
77.89305130020547,776.0347638091666,148.2210630765336,13.06562500259802,2.4671682784935776,76.3382902944653,223.13307871649462,155.32174763640828,10.283643595897077,6.87456296667213,1.601336212562051
662.09252096938,69.62261306247979,672.270104734744,6.161412346839415,35.2457565003418,739.0018711597932,74.99651772566425,638.8585355095561,6.179380790798786,33.234984771367266,12.032258683223162
15.209455919233871,188.23889534347373,50.049456496624636,6.453148840262009,22.90586500029892,17.008238611576882,308.66279225717676,53.10931594325825,6.682043155939361,14.493059672429156,11.099452972296941
618.0294273016561,73.9091991474136,341.7835341551357,16.32157584712169,16.80606187989201,611.5708439054484,75.30926628891265,369.5932079160836,15.276269000043557,19.02926864330794,3.6785100855341577
16.522891134361934,33.942580938654224,70.2627405879763,17.938951010146727,45.58775459333238,18.123340639190992,25.03717387618038,73.51832448221911,16.855039876880276,38.1190246672771,7.397285209411946
231.09567100046155,889.5714301999785,68.20639148559643,11.21131389372556,25.381540155988247,205.42150780820137,832.8580282251766,69.77590515429762,10.388376293825424,30.38821946404273,9.978296473452176
553.4217059589918,297.28326120955103,203.81610574053073,7.913654572848764,38.782539696678924,548.6942044271833,271.1357718146419,200.99644588431914,8.322632308141978,40.461641175621835,3.8930906846300934
21.40138304981438,10.118862987532617,22.4321812995134,14.79878913047127,45.098143127672074,23.735757062739502,11.211188802007928,24.42097273721816,14.278774535157366,44.673632748448235,10.865580426086838
38.349687393448654,402.4518104167864,580.030771871513,10.278720261588004,5.069751190596669,40.16941370832773,241.4121191640978,687.5928208004508,8.785953694444592,17.13668296881321,6.257775532442082
19.943452435364517,582.4078866558147,288.00946000326866,12.131511214224311,28.938481778191253,20.55972570369759,210.66341465783722,341.88896482764346,10.467988324642773,14.76662242610538,5.159320235410627
783.5469208088919,68.09384269394869,98.13940212725986,8.139568341068927,49.41811283233652,763.5294764555284,65.3560978893394,104.50057231321165,8.717078466751659,23.268368121401473,9.64261339829813
335.0355884635698,665.5345247508653,70.59028790127316,2.924728591652661,7.681097905516578,282.6153291061682,692.2432591142077,59.04426862004432,2.2319224986318247,6.881629810486511,14.081840013633906
152.1578537997932,53.662106573521726,134.6672104140989,7.067248461355626,2.052419566992413,150.1469686982657,89.73656957358307,142.1417238796089,3.775198823498001,8.322872971428426,7.389347712349512
64.03006500000643,448.5099331992108,111.13954208392595,2.1292464658805423,10.09103367218775,54.240926048148104,622.2114314632203,107.76749555476405,2.5392791316548364,9.27095024923295,14.154240539330033
118.26159235400011,295.78697307334676,101.36936559070948,9.397421419284404,27.39667296319642,117.94462482905723,497.0352306929379,100.99038210540023,11.086036231436653,19.149286624974007,6.697002729575274
129.37343995410893,246.13168745391636,32.93781883869777,12.234607125569081,13.861245314912825,132.4208795737657,268.9078404341777,31.289292001564217,8.877866856306753,20.278572454939574,15.532504807387046
185.73002023053752,492.59969009002276,30.359968247316377,1.5493877539399286,33.77995169504323,189.62237030837267,620.9869690250202,28.21661109931483,1.3623052020372837,35.37350226699077,21.61673832748223
50.91827366823714,55.40392293600275,62.548983898912944,13.162768857856806,2.128812921868942,52.63253270409867,64.77304336911023,62.21170022630015,14.011458281302408,10.188162551203243,3.665674277404392
60.771012099839325,519.8354723872443,12.437585212101578,9.935547360636354,47.47973855244978,62.01290117295214,662.8016032791147,26.376682412041273,9.851043993782676,31.85985971798524,4.343491115920646
139.7706505960438,30.73131861060972,313.29497556761646,12.336424720091332,29.235747879367306,134.05497016612378,34.54598621189543,544.3323316677006,11.69390178039354,29.980400664272537,9.356972166586146
14.151212150108588,809.3228573760534,371.8981355207731,6.447255234831314,30.604134269427224,14.408503510523783,421.24946315216425,399.9737580888081,6.507593900201751,15.027892258491084,4.633443497150323
744.1831136744375,489.8477210882112,613.8765993277104,12.717462060627904,5.748592021045524,712.0721159218034,485.1597885457222,640.4851961422606,14.032413799051803,13.74726822389223,3.7932591137590363
17.26790800397799,19.974673140508013,303.9347164278549,11.297802975637008,17.094787998262955,16.76197874512161,39.289001313995264,361.2605681656769,15.86183293264096,17.726882046058616,6.071036705268323
89.53442251657475,578.6464496988433,751.5813132246838,3.461424643044103,18.719438855722945,76.50565970350567,569.7676875098235,886.6709000734616,3.122780173320674,10.573721824858318,10.216918359063783
38.92929444442616,25.95419242620768,110.01307097813742,6.729483822510484,30.526290718904683,42.91953742626805,25.87920316599355,106.17506212755914,7.383907042140001,24.084122798840237,10.140723370859012
796.7845141631137,13.737793982885627,327.3410047150456,12.421859070975028,48.48489153585747,713.2021949859,14.655221098176938,242.23675061265814,12.258875813498234,33.10125268817727,20.336472595533127
12.0038669292103,62.89983802024497,25.05849921201145,11.903734397683882,16.643597928967996,13.00968265592295,105.426077060735,24.845647166459262,11.67912710486776,11.987236138136753,11.311316677423056
10.685798300181578,75.83228565420431,138.91370812396724,14.40822956776808,11.082004206506832,11.624216632729373,114.29408120006231,130.84780584701994,13.482255911280024,14.268817976226217,12.572876915639128
16.113478163825633,69.42236491757339,100.78690616091544,3.8846467137344898,34.56071723552554,15.702286973323702,78.03514500189091,119.39369275407118,3.8479263786139346,29.837028536480993,7.749377330178935
38.83677720445859,132.086151225674,97.90625377880943,14.507973860200226,23.827460532723396,38.176790631241786,187.12708326613685,96.91398785216248,13.720462650438556,9.663420944001444,3.0813558691678544
38.00460023924254,101.82387552962102,804.3162888356239,5.809445514432157,42.31466391935357,39.06076996944535,103.81825078214464,716.8653817870368,5.536146128010101,42.71143289959997,4.898596391658842
52.05435087724131,22.353771293238335,237.69724307123158,19.79424687222012,21.5648089816617,54.65299488025185,34.88382719366955,399.08180180090267,16.75812897311096,31.070726949572595,11.286543604608333
166.69538314469048,90.05874983099096,258.2883395540864,4.490865500445933,6.006699140568444,147.5816082146106,82.42417414714733,249.98907348613685,3.258470162860586,5.385357462388346,9.346301174685225
169.72317007432252,18.76538237949723,17.698420911557456,14.056815329306469,13.495629135782151,184.9740043853306,31.541325963177893,18.643155773047333,13.88259727852344,13.050027296527388,12.182517201416124
439.97256486657716,188.9476393847528,115.30496023400056,14.09301697853863,29.976698883018503,407.2971207789464,176.89439312123318,112.96633633507183,14.789291055808853,38.75378791634715,6.261449212105457
969.3437500912719,710.6889063868352,43.910683333596644,10.594962861414185,23.00357193609702,818.7055780544888,528.2420022112046,38.452678531036305,17.055914984826813,22.344431354971285,12.463647193248024
25.557679138609114,531.2231957615422,17.372306805639752,18.24272980097268,48.65956993030199,23.045180467526826,441.6807148107383,87.79179580208846,17.530161278079127,23.5232937138449,11.61200399005788
35.8935050354874,106.28063329100792,21.391872697419988,17.259948510370467,39.277053592493516,36.46008457494622,195.94448512565535,23.73123726753038,18.09661340880507,25.037559295708252,10.545173501126454
434.9443518991354,17.59625605058798,30.671038728381127,9.06240828928843,18.80652362863299,447.6921343046279,28.633192868142935,37.800664337832416,7.657327248404228,16.69136888295624,19.390460253029786
10.335659793139323,240.28624115162197,55.22006741393165,10.75795010687845,27.123669466559402,11.27604219951964,305.4719562359089,38.96059873746716,11.195111023342719,22.35817981673125,7.537786200920358
848.7736859734862,756.4789595416353,34.748884436124705,14.74511157632101,35.47633435597306,836.350406589793,673.9607522146415,28.769655549216193,12.587467452090097,37.87657072226733,7.447918261577366
172.97988926449412,52.385907547243896,29.54440860836804,16.51476306454831,30.574119286739847,181.49054633750995,53.85161311973304,30.162545441646834,16.608472982112108,35.43366358603121,5.401971287920832
30.525105029758286,67.75920907542479,12.749456393604289,18.385020183797558,15.24678729343986,29.674466978192488,83.41357823726683,12.936479862998365,14.108111295529216,14.030747529340678,4.997041544820197
187.13713297898911,31.58940160461122,18.678073923511104,3.8052928587668173,6.237535460866573,206.82349360783977,39.12407589597659,21.39414809332086,3.608519817812079,11.255849514692054,20.739390481048304
402.55644090064686,51.85856544734678,43.969940325440945,3.764833466327052,12.62350982427958,413.5855422765928,83.2090032416932,49.36373572116784,3.3557961502317126,11.821183927710333,17.683105719323684
926.1241065874996,320.77707978639313,13.53004844663788,3.0202614347718884,37.97055178367124,1017.1360851696938,452.8981774456512,13.47268785727684,2.526098317841224,44.66860951553099,46.776979540311444
395.9779720531936,141.03430735153964,372.0779978292766,16.519553502180294,2.315203957407327,399.063453801871,372.9839192098486,386.7813578329885,12.985808677454695,10.694024300064388,4.7177829525212465
333.5879619829626,251.48173783339752,189.07414009775906,13.134326054018114,49.34590194704828,308.92970000196453,310.74401840566316,203.41005896663634,12.859383993213521,20.067741019511043,5.461088605670724
13.274995559230911,15.673040317913076,54.09768282286499,10.529140052528637,6.978512389064813,13.566712801179019,39.20207845843344,53.147007210829635,11.457646880430344,17.988567178888623,7.270622090686578
24.014820095898987,145.8909260430972,111.51735592418042,10.226824805727574,26.575413590080174,25.49754404925875,145.97893225880185,103.16518495859232,10.224187652244279,17.79629004619139,5.418393124699688
72.82603520885222,196.57784396526372,946.5347143537404,6.700830939836911,35.88527335294994,72.34864998971118,199.49840729273026,1024.4497008558305,6.313976344772634,35.38947412393059,3.6046434432249126
267.86866516128276,161.64735837466546,15.793504254411024,16.079608289465693,42.981526448816474,273.79668540166085,199.7425451484849,15.12272983485015,14.18012003244959,43.882421777892425,7.891717547753725
313.1538209575145,115.37260144055288,40.060121377349176,12.960903340413727,20.66948314478647,307.7226660790785,75.23531457565285,42.308891054506006,15.346722161780121,34.20336080786149,4.953738386059178
246.65045607872142,32.68015248553387,607.8219838354214,13.486225410059228,41.94960727571883,254.6950488205862,35.501405031313354,701.7825268025489,13.170774826942964,32.67985732067805,16.663506585214254
101.72871203835842,43.23329313058256,595.3493483634384,4.599315967489863,12.55737704681467,99.47066681418517,34.73721347516417,632.4668674741293,4.456402623720865,10.225642591990693,4.626261174636483
392.22561895253483,50.06760502695713,28.561883716889685,15.040303418069058,17.642730990733675,409.1749208410279,64.4850979847419,30.41215690860145,14.287321124932339,16.1194484753808,4.479228810799291
11.090759879847997,244.62315079388662,55.051134962697155,10.087539747362001,4.121281577788565,11.593710238265313,81.89141574014296,60.31507772016431,8.78370415974635,14.077184371712963,6.541198990398602
49.01655496593812,296.6905744129672,946.9453980372498,9.955839986262975,33.120238737624135,47.48510645033268,229.26810871284005,960.6834535222717,9.337240976558226,23.120295937124833,2.324202347450222
17.214213662066836,356.3536809257759,244.2588589701778,14.559406676103617,21.26432348710662,16.680504204072008,193.05673314722404,262.4057942178442,13.966370273207835,15.335654785178818,3.569226298643896
59.43072843853221,57.36701033832723,15.829216079642615,16.09244587191706,47.62824699931115,63.04955110477897,68.45767480063758,18.93811894611669,14.2873967998914,42.47920183324148,8.761806759477407
172.9217309399341,24.080708903261296,86.2612015794852,9.873164669613455,12.797762744048486,158.9285252133443,25.16652280044511,96.93699397764615,9.714022576379179,13.203924466443471,7.982741431034415
655.9539629812887,48.07727233740152,285.2982309148141,15.470788361370738,2.042608223586172,659.0722784855794,202.99331193764812,274.59061848523163,14.135620191908817,12.534333436143084,2.2414530636506416
383.1957434761799,132.04641118658822,640.3455527241076,1.6082621694207804,19.14825729252036,361.9199080752534,122.34556379602236,595.7020589730514,1.7961800997784094,20.03029801303298,6.506709535379272
178.10031376914023,18.307566938910007,595.6214444375421,16.503762492529216,33.40711169224088,188.21728257841698,21.161207041792732,684.4259987568009,15.922948161977882,29.87489571892422,13.767153864362273
16.050124518318157,112.34544106697497,11.08281125038093,6.172833846836741,29.98751543583503,17.34725323342323,269.5607997165528,12.95454072870225,7.369293499655697,14.402026147875853,11.114507585190953
432.7905229051965,26.542004419955443,151.06317105433067,7.598884811152631,31.269431677850935,465.2782083626456,28.559212769134973,179.7294083150833,7.5557290560172214,30.186403594854387,9.889453261020599
12.25309567712265,26.970496672747142,478.9790762025174,8.118481302764618,6.045264224988612,12.68686816445582,210.55264605129378,502.8163631066032,9.498371718413361,15.499591466125723,7.33565161906293
618.3200671044701,16.02115034441773,47.89479709946977,11.076584040000379,31.445624176792997,611.545471484863,15.258058629555261,52.26005795700699,10.272171449626537,21.75928763173937,11.087184274748632
32.52900372671138,19.796406228761928,170.4492632418405,10.74526705087889,39.605945402139,31.518495473393216,22.16828523311324,203.45195868816435,10.815746979345759,41.31275683617066,6.005548120871109
22.595068299878303,686.5281843348093,921.4522692428908,6.2687758818776445,15.314576213669078,24.679670933970524,340.9052623219505,947.4903792574645,5.31677945174695,13.843374578935652,14.425636099191927
186.68985054137576,307.6022057613704,115.67135882384977,10.046542600717798,23.577547573929007,177.99742359796858,554.7648145620547,126.25465750491078,11.409277889441423,9.999092914465038,2.8347568008170185
16.17409288210633,26.993430912117155,11.71124323517181,18.906898465898564,13.72942335275612,16.672308796098537,32.2977077118061,11.571500673252585,12.064010178777286,10.517856682556944,6.416104431758927
358.82811755300435,44.31789029381362,87.42458201167464,13.475818874174452,39.849916254702755,346.97639583693524,36.04666370827947,77.70712086158709,13.120333465565292,21.672892230970447,5.797829878246484
232.51974374867115,174.45193648927776,90.8589740312527,10.733669395147057,9.673986687305783,268.8240967166085,125.3532258887144,99.07298747479828,12.679197194733042,13.845885956897526,11.49301368004271
86.54693514344996,452.26071160424357,37.487247040714905,19.303465809965974,16.90067057842467,82.18917631233651,275.1621260811865,28.106384673430707,16.49863929168514,32.17771228513591,3.9984916327131614
17.860727427368726,913.767328361932,249.5559724106472,10.956578147266763,7.083087716327853,18.245096034639356,189.12982317405206,292.15943071009036,9.613811298437325,13.680064575940177,3.958003400722862
498.5008229209048,17.993682881640364,33.48884458135908,19.878208019679093,11.130014434124053,459.1826280558124,114.9546694001627,28.04663658065911,16.234276563884965,8.436063890725528,12.739086031225073
211.5021270049628,804.1427023404322,115.28354257318841,18.32509810697643,38.79622911563144,200.06814096956805,838.6665779294967,95.28975143793886,19.436165321683802,43.437626396028335,5.924201361001323
14.556009649047178,16.021230994825302,29.93410718050913,17.43492316352131,43.07061125629789,14.761865793392271,17.075734521072203,30.59072183589479,13.119542634431378,35.03270879260544,5.8393544515660825
45.38718022065599,20.974488190988406,581.1850934245861,7.9527640375275075,16.76273017077668,42.95568485575543,28.501460738755423,929.0363137947306,6.666055915171572,22.231925642923485,7.948214718505605
964.043253603697,399.5779387687953,31.597517348709705,19.09649554924132,42.49268299632808,804.3691738610967,421.8580656268606,32.07398943517867,15.853359977531385,39.54279271709501,15.835649863291106
61.02304516895598,207.97116706110236,316.3640060052597,3.6574341225363574,37.3869265791513,50.35564634378,235.3617079934983,355.2517015346398,4.015671444999774,32.09258162227565,13.111294371192567
36.24425979762079,39.54757426319301,167.99102657769507,11.655519076211919,21.53126678935599,43.11058944852477,41.325602560618066,219.22048059714868,13.63279267151503,23.064693415008175,15.172095912865979
334.0259135152165,13.531220428923842,910.0309428026092,5.313836059943208,30.498139959905487,388.9093461562867,18.977164708724597,897.9134796201994,5.071104636775599,34.005663535667495,19.157938814913646
426.94731787675914,30.045285761488486,12.316285580443441,13.15447826235423,27.31338983045566,438.27863589560286,40.40130196927919,13.16794780751397,12.19799129633351,36.14890062259442,14.863527424413588
69.89320478901114,378.74107863013086,834.3087013496272,17.036069926643126,42.951269259004526,72.51516362617089,234.05214535739722,731.0183301660292,17.233160759308106,18.8880913690517,3.0674339741262613
696.5471825908395,71.02985885480977,912.9330156509445,5.036166708554294,42.976235584733885,818.3308040159457,96.5137616298461,1288.2146141520266,4.768340616726582,48.66915103260832,22.110886838364124
21.494215461415564,58.68681508642155,307.5823593510885,19.633815877294793,36.060120064398504,21.84697286734474,44.54839648911227,489.10115093482426,13.665505195101451,30.261192624420293,11.238485575879388
296.76534712916407,277.6246422690851,17.797340600674833,7.290986338299334,36.63185689642489,306.3516833387211,309.2258155808644,16.228033069961462,12.40339319849953,32.04497149318822,7.245012723556811
904.7647490047699,13.128467708343761,54.595433727942655,12.155010573277277,46.97672000632904,871.9430747941999,14.191550512790357,44.812993677740295,12.322122930973402,30.670787675077207,10.672075120225635
21.89282554274504,201.81789022671774,19.790735466781967,14.771865306473545,20.667829521699513,20.951359402585584,253.01653785865435,21.862009329556248,14.215368964507148,18.551561430988016,5.28860125938076
77.2758525595783,18.515202089459365,44.857606815133366,7.812256992407795,44.639742332622596,83.89706703085872,24.567698060686855,50.3187518500561,7.211770666693111,48.250907731645036,15.418636788839587
10.497312631570319,107.742241927055,934.0683666038553,16.3459981544266,7.845972837581423,11.453736120607852,201.1654761560703,750.4335919090215,16.005017023121205,15.875621737653951,10.776333778773429
719.746527821696,14.610989000232438,649.4095596977852,4.695910865899685,11.077146720518298,825.9444672889274,20.348448024935312,684.4588959080465,4.83199395384794,14.17232253655883,15.987921501534194
136.17975121614126,68.37664448188202,217.31602306396172,17.71598584173442,44.78178655951164,132.23199729104576,66.16482744089818,225.19083427533275,18.11292502803672,30.47268687823539,7.179149149610517
22.46460253829853,61.26574955003599,520.0223072215682,16.799387279461246,30.194587829621568,22.826077158988312,66.96147954843158,558.767127125679,17.145479238092747,30.00873147092604,3.651506797025806
118.8544167197233,163.07705418366623,15.936271993889665,6.189974273784881,27.315189471590294,136.79776335032946,265.6917111191554,14.610520115375692,6.616309737497572,23.169133168189138,25.07955404539162
83.53390463279248,14.531418177410169,10.755017239851183,10.066812032375568,25.72709760966165,90.20623462819486,24.96241678388445,11.572958857467508,8.167144429628674,18.98458379128305,10.317369766632417
163.5041342818464,79.4540325441287,33.253492056945674,2.25413661222154,47.36603405519695,174.25783330287655,87.11805950240661,37.16736611978244,2.108456908628062,46.83901170804056,8.54193853049717
18.746277239930087,502.7614434784755,10.05764430019886,9.065040648235996,19.482441296661847,18.55553267346314,498.3487558977442,11.896728240957193,9.196384274302591,22.210681856742838,5.057622099577193
27.138653211094677,35.41118717612516,63.4764559144322,11.051748476288914,2.047519708466533,30.74675409583464,90.59534697663372,60.97134974681505,12.232346788971078,8.34152296917679,12.716710008315953
20.231981479606088,22.801624503012455,773.0911488887812,12.620611762491297,15.700119739286913,20.26043583766358,45.35663572847646,1107.8009056217165,17.09605886778183,22.264472401837235,2.4828737573711086
108.20905893983746,53.636826837357766,38.90671815748454,10.6076059310222,3.507158813156789,118.87807485470907,50.588444239049736,41.63887883147402,10.42982623940557,10.237670275308519,9.335246166681497
980.7084997859499,36.67387805520145,10.30551612904091,8.704854380836919,36.083477585062894,1088.0097962697394,36.66503575268411,9.821569772413946,8.219226735792985,62.22325166505838,20.673009128325944
324.4541113605178,866.3086678175092,19.500380763144943,15.497438978054602,23.636737549498427,320.6018393445103,963.4364815677267,15.345594443837513,14.789524204607885,27.864565711155148,16.39915732332974
981.1891038743842,213.07421980613708,24.29568349088531,6.581131950240343,37.2471268680358,1166.388201830479,228.87318576550038,27.985218463376828,5.416596134737209,44.55406054044049,20.627756533150308
56.50399236794135,642.3836879085226,676.0168662426482,16.105999692568467,8.175076895448473,59.57889410435831,249.42445551653185,770.6630123027777,15.076393405508377,17.108620089841402,4.249134039555415
17.558589422002182,48.3073548478815,29.360475213308046,6.810744448770463,8.19799552896551,19.375979511990867,57.338636952772504,28.25445258342439,6.42656478369947,8.984147662556227,10.049572155311441
29.93008287146623,456.13753419281045,51.854742557450685,10.04238534349629,39.03713517649397,31.288409676597855,519.3965798098263,51.17500817156971,9.954505293338965,32.136159850404766,5.397142253420598
14.131190831537026,69.4217551744751,217.47021015098022,16.925173648078527,29.163915766359455,15.093715365567396,61.26206343540785,274.59404309253495,16.406998708145714,23.77280667661979,8.358242616455248
586.4354815998183,11.033502682421263,82.8322332080368,11.773133894599656,2.4441525586362403,618.4080145829473,81.49570720029648,88.26649828527222,9.37458926153958,10.494627776970432,8.692643100632202
16.831410284756675,26.51235432606961,63.485034606153164,16.636564525145182,38.93283927972351,17.759067067210207,23.79856333541474,69.26804263871476,15.744286385592472,38.14237792574332,3.6584777412610956
21.57177582491444,604.604010697271,774.7353521852131,4.336249697734911,38.41221667439279,22.545184938598076,410.1236684061882,844.7913881472617,4.087603622642154,13.98687847774178,5.891638656277616
144.70318055095228,25.300134514613344,140.10712379979623,12.890149403481562,14.388676548413757,137.28326827249944,27.030903221761232,174.51273321148383,11.879657885555417,15.535163924515338,7.0732125661676415
180.10418419193803,75.77431083121103,306.7384817577316,4.141239130318182,43.96761313880888,199.17162957362962,93.68596969903665,324.03866998432096,3.9771350725697308,44.56075531875274,15.946408392098272
11.617626760905116,21.520087066906523,35.07639996241723,17.805580832593368,8.880164620558768,11.66070053874285,24.31074625999906,34.69103274236915,16.784506463295315,19.142730810918074,1.892575536948155
18.031673230042465,33.15240042094902,266.1520668374056,8.257730822043348,25.47625251869938,17.651644752927925,42.77908447268889,303.97380501801194,9.13295652465115,29.3267867244699,5.185185639480334
44.46703217677907,193.33778692305734,55.63688472287163,13.1133854802335,25.417484151400707,45.14296435623603,384.1044950441286,58.539169531665735,14.452654003923499,11.21270168463682,2.6348496007487365
442.7796829020992,59.31133471310713,508.0039414238886,14.902127253377826,28.390516423069418,457.7209563669078,59.23032687070472,569.659375251459,14.59327041582194,24.94337518225484,6.812975080842454
322.4186474592498,442.6935682710663,141.11104308050867,9.501633251369094,34.54698651547693,293.84660661469445,589.1767447650326,153.76903165190362,9.54394733494863,30.466949738023324,12.00584214822243
58.8684906960309,12.41954560443247,11.114677925650401,2.861770398869841,21.398852626511882,63.60881895373507,17.59985900118208,11.494286469863736,2.2245158643971457,14.249155918501675,13.252280337394224
143.0177669574787,136.88340853626735,21.136496288624606,4.532633468855544,7.236549471445398,149.32369709022075,38.242565847823755,22.79958828125106,10.352400788676126,11.782594825339178,9.58273386053457
15.822158767468979,150.08936838825784,31.40648189921511,3.9079834794142423,38.774895269140494,15.003365558487374,227.50464291461103,34.2420730902432,3.994262775990521,30.972331951151602,10.886764078785498
114.99102235886389,13.515311311889699,704.3845917623337,9.389353341015585,22.08497618854408,124.34072423228454,16.14214790041141,629.816787079421,9.069106533196464,20.96881661686669,14.06099365755131
851.7066268750159,35.613001549440085,13.639634959587305,14.477879793732516,13.125560538241428,765.6267200537739,43.959704365576435,12.394802112844864,14.452972246859245,16.25465779495626,8.4592064932902
67.8688664909535,22.56375108701091,13.254165663546605,15.39130893378448,31.111384817633194,71.82894317277865,29.452562744545578,13.289267924505383,12.915385273528297,31.419979893910195,5.505749874691758
69.83894996314807,145.5862903609998,116.97164742773901,18.949159955248152,42.20482076929415,73.73451291146861,105.74920092714852,126.92996159917396,18.98345766322694,11.082033554361978,5.215356927101003
713.8490122266659,877.5857720334878,40.86219627177991,13.663662756937825,2.355810107411667,666.6801257500933,69.61036324117238,36.65273052765435,14.329809263241447,10.644383605001927,12.961003268146607
17.145271931635282,162.28255645520017,117.93963477990627,1.2625306021490088,9.768941599997305,18.33835640954792,178.00567557722218,94.67424267606792,1.2243935892759519,21.363899996713425,10.503091800289614
404.95685681543864,15.755605169046172,17.160174107540517,14.993604435052449,3.445864982271646,433.0587224895635,42.49787880521567,17.524476958870537,13.591043906608418,9.164718081331314,5.120767950132572
618.4729256057799,618.3265611644455,802.4703080968543,17.755218422071092,5.058076980149675,621.4572775732652,535.2541637021087,815.6941726761575,14.1350199664484,13.388038914072835,3.88693683156697
878.9996161127902,31.225769289319775,31.5748108709863,3.6504781112816085,43.30705065313433,885.917242911156,36.21506748205085,39.07041977760041,3.164439287086804,15.43030515881219,17.825806480645763
731.4018532417045,195.49276154139832,512.8820932596516,7.5170659429618265,30.38969364104871,744.4573007295035,154.51688527627607,485.36207798313905,7.22523201299378,17.232851975327474,5.543200133196754
305.08456130043714,76.60043866232454,88.18337858596426,12.55501437352901,47.49500617814734,310.6400604575158,78.68587917487349,89.18764423966464,11.417453647590126,11.339266195758173,4.12935178655216
341.7680118567314,94.92865471441097,172.66560876928435,14.40179580726337,31.546053315199952,350.30208475770416,80.25020351292964,193.70485172729843,14.520614239782,24.750077842246945,4.0346721429650545
16.084099818827443,22.467376920583277,276.15114395820933,5.023077423591972,13.856531153207483,15.172032353289723,53.689794835239276,404.9407163699815,9.268438210208217,23.366525628938536,5.17280424723112
113.64764857546854,46.59180230496965,125.51687610904602,2.392573581768352,26.006672132259354,124.56916638366032,44.61586525259436,139.44140832524386,2.515800725123172,29.501054266755876,6.49762431121077
52.35364986273621,448.6515162582734,13.031940741842826,15.602423533118824,41.7353928971396,50.468312390828174,582.5039454696092,28.704594789136422,14.624185400461378,26.281018645616957,2.9249829723959357
922.4021188412565,344.1723347372484,11.147603246721625,12.874980311727757,31.57958413474381,840.694780904575,373.3583034962846,7.617931271466752,13.275226465169151,37.76977154217631,21.55702492277916
45.7014205063581,39.00661455469535,16.128782224244514,3.4545877921074024,28.20709540639039,45.504432626158916,40.13147122634883,15.813923146197542,4.09783530318669,33.87001501102504,6.763783603792262
243.95290509611772,89.83574516827062,63.83700253539216,3.84791499168329,12.793945294781986,255.95486864914935,112.16900111907871,70.54509898939595,3.4173991232964522,18.32490322184634,16.473018701142685
212.2787464950624,16.73746202864725,462.4433832608494,4.350771220153441,22.327778944623386,231.15233420010722,20.381928555585127,818.5331134275068,4.203757311504456,25.941436887396584,9.780442740947299
387.2012965204248,581.379443269425,83.49198415296387,11.715566654784244,26.039834453950295,417.35782277568006,752.0171214223215,77.31492260229257,12.115095194827992,21.38267062814548,9.306759434356735
994.9083997354637,28.794177166655647,458.4264358918741,4.023237194718982,49.05174201324549,1033.6869518467845,37.26938366100482,599.8306650488533,3.7920016944404256,57.23186651725807,14.126045385721964
431.37988163703426,43.85714179731863,19.65336195390893,17.021705383832675,30.299778571536084,430.93057594873056,44.197332498154786,19.904652791223604,17.852577214779714,29.029161267343557,4.017147369909038
17.503855996270936,235.42473183922857,92.0427253057203,4.099976728111216,2.4899667244549573,16.674797509659758,152.02341154595882,100.21363839645117,3.872471966940285,9.336009597457947,6.081451393466716
991.6960273976058,31.311698441122115,101.26792698437418,15.417872384345996,37.26928814302408,830.9796364766582,21.8039235273883,103.73260325632815,16.16288006455291,20.01207563236945,14.351994086397376
16.536542016632403,276.1931568042583,39.05613484889161,10.847320250837377,17.947690753617884,16.756706522951557,260.8232750735736,25.220374725083364,10.798825929829896,23.764224279500986,2.8103928903079294
329.33954796776874,137.7024415947621,37.06028456825226,5.311503016783294,39.10764451630023,360.9094629764137,150.6857795576421,37.903090348276876,4.9855442642759815,42.86105060508313,9.420655360434528
108.39945523544729,68.6644989498477,24.59109715467666,7.620651936383705,43.33041004308366,116.35866130644902,74.97007613594323,24.50364408098977,5.840561623105424,49.22126483713899,7.860633049084766
267.50597233955904,57.79567030955599,356.0813428272754,11.593882383725472,31.171901598259645,265.3281596018904,39.681935582279856,346.02441750225614,12.157332527976012,16.04540014554968,6.85519042711493
82.52816675117471,758.7489489418216,16.222464009490704,11.413502116169564,8.376179104093557,82.22741877089527,545.7246930924387,17.66636444138458,10.789403564948044,13.527920350515325,9.399742561682887
16.8675867772215,22.00129260907633,40.784737503397196,15.252302879400117,30.49885616528644,17.146954371102,22.440280813822127,44.04608575999995,13.358871205348068,34.12581349689424,2.9337360923574747
110.65033546854403,163.22608536362392,18.282823954801028,11.259390284203883,23.793550627523057,123.18426254635277,311.5228600759271,19.16489645440002,12.19980419875269,15.707160670324239,17.139887351393117
42.40958281324626,686.1618103795015,711.4445103013976,18.761692064410596,2.6879646698128496,45.18072343702693,243.35741823306054,863.3420692203749,17.609466873348833,16.335857062281825,6.18694243399553
849.8073112770022,45.35698924123062,300.09638524255536,6.422115068509229,31.32574598391226,908.9825965148709,46.049062122845704,326.2966285792856,6.191167559923272,31.045453230502144,4.843724417236328
440.4322218588355,151.68350148950753,106.9466054580356,9.808302580417156,16.919608443875145,430.70479708604705,174.4187790157292,119.13161964992715,8.732727465886672,19.96381647830645,6.672692596797522
46.70883851258037,668.7762769251909,562.0139120463455,6.157855715500366,46.84155528499399,45.75139039379839,472.320941548992,648.9706592692191,5.6629259051297405,11.452964135168765,2.8035062968924067
741.4914754268322,746.02485662714,220.2420197843128,7.090506679789929,13.17652019574633,658.3652698669142,380.7153221666129,227.147944131582,16.495813279625562,13.451513809094804,9.885894095222605
549.5577132652131,330.2706187410982,244.51433572786422,8.839429591509688,12.09888919220127,540.3404133719793,315.5837325524821,263.4884987119775,9.465016880980707,23.239631797212514,5.251765548645001
78.57042612534501,67.17091021054487,86.13573538730658,7.44675065474093,15.727681480463463,75.94671179711015,63.056463035121496,86.38721806857141,9.742971027054532,11.498715252220249,3.0372103276517013
859.906990098323,717.795675237075,265.4493634356245,6.379831160769664,16.158873568449433,825.4753382378492,423.98222403771996,294.8968301339204,11.969966263236593,24.029676399550166,7.624350423629496
844.0145752459108,20.56809298832047,501.9430877948436,3.360000111798135,19.127422920560647,975.1142149375212,27.74916693492388,599.5188704827856,3.091466842236964,24.034248912551828,11.414463838399387
28.15867227764252,111.32255717202611,14.5888731975867,4.051116253878132,3.0503122731757646,26.427719566162644,75.92417274926738,16.149439991047274,3.3310766848733304,6.800535644283788,14.147165088927743
50.229694097039115,462.666867445913,128.64117102888494,8.470469855837056,12.007517560539073,50.59828399091773,408.3522175717094,125.4918266551794,8.122028737139743,19.353886866261426,5.2217601117589645
187.31732943169362,14.092037683990155,13.661262010725551,2.4691840551032884,8.859704016068147,211.38232989500526,18.461764018678423,16.55955013692546,2.1757245455803544,18.074893692063196,19.489516922245418
738.6079921803555,165.00044286180497,339.11376299140977,7.366067166351454,38.21501344025606,727.6453826434156,136.47530681996042,359.2850565359159,7.5019619770831865,21.91514071986998,7.0298894789405155
377.55911736492874,20.52528248190003,199.45248455508704,17.500999211717893,47.534210575719705,384.4648787454914,18.481634474487347,166.44657045731145,18.603182475752725,30.522551469683567,11.584899141261156
35.72838345489502,101.29411872175812,72.34038857953564,9.746752289753193,41.046395022661684,34.654961006135565,165.65643679630037,74.21177989639332,10.9116178611499,17.314675262884926,4.3285979094825855
24.017386796314526,17.30292437689757,616.4899837511556,12.72959628722124,27.019245834463558,24.81198402197299,21.20704400119999,997.3731610145686,11.764495450693166,27.132332461574507,12.826495286858883
205.70769278488135,13.091210003126827,549.3599075726656,4.095231122914461,12.410040196648717,221.16375823060696,17.90745786043475,544.2935249903684,3.878204798945992,14.868756991103544,10.622410759607597
15.845627358938824,13.931296399223031,11.256608017228753,18.416157344549656,16.94637172489547,17.99830849737069,20.076074118638118,10.82050947641404,12.357658610367867,10.382921068234483,11.977787990810128
25.976298630264033,28.632419632883348,170.788463322479,19.276882389196533,31.086025090909263,26.914544333304754,32.31705736731495,203.67566018554226,13.512307787583486,38.82876469512946,7.269292983851459
430.4858029003748,912.1435988201229,10.270230062011029,13.068134012193187,10.996183312391,430.35876731312214,922.4348931144718,11.2421252549998,10.884280786607647,12.184765989822013,3.3341404110674593
15.482909986546106,695.5390002287492,11.30653586601918,15.22923661037755,8.989086028696581,16.047689160400783,290.2482683357538,21.563561050710085,14.361805403315518,18.588776053227186,4.6334278339337605
96.64020506469272,361.33357726318917,15.667070510830612,12.313485775398966,11.547122170462384,100.03904332357168,510.521298916888,17.21513434882793,12.377264412460837,9.329929429812472,8.850931609556682
121.65547094282849,65.27448498281227,369.724811794129,11.762803067888562,16.407785775997905,129.1691283891334,54.793538213357664,419.67404627211266,12.819083743446646,11.870031311530726,7.840174714943184
10.29649888806901,33.84420344622512,421.402011280933,7.490359750602961,21.509772989313564,10.364563455716047,43.85270429135993,636.35505141297,7.002227076171649,22.92689263050534,11.748512783613894
40.28893854002909,11.293641693490796,12.000420967366972,16.352956821859298,9.879444707276496,44.16144884869419,18.87584809724305,12.323190460118198,12.503588076748226,10.254115458029583,7.032410578161979
76.78308613078829,405.64317046890034,183.5031346057893,12.57820033143119,44.123148050660774,77.71183684908117,494.81094106389384,224.86043999039157,13.218009039579476,31.33940667919713,3.1980665872715703
444.63505849116837,33.925896176211054,120.93279697324556,5.976415263912182,4.40402305356022,498.40058420357303,48.3687581859807,149.9903722734452,5.610795579708413,7.977781611202788,12.58647870964254
28.8889989266722,92.03848567409675,116.36989055944781,6.834056135136519,44.47880545955453,28.419439659378114,69.15469645497375,118.63633503124547,5.531006039797168,19.60970953067668,2.76922280050305
144.1648251065821,42.81492020958142,840.8186882863658,13.074904900983055,46.46690655874464,145.71057363736108,33.6865201537055,650.9713763469783,13.454714208972765,28.54437813700497,7.81548578375654
21.86915703403828,181.26527406026224,572.5693087188295,8.512783034825421,40.00166354740351,22.75491129570917,127.72322704669836,529.6273706019722,8.113538742848045,28.27004113394379,3.2320251331372387
11.142775235062965,481.91823681163197,22.195029991907543,7.040577856943307,43.045312291671586,12.472332632196549,381.55291041388733,35.50330726455546,6.704378826922248,31.525611000102458,11.981122821320026
328.80836785284765,559.7363386467879,13.440057266489266,15.686138587788474,5.891260714822228,343.0825017454262,424.1575819519155,12.765675510348613,9.858521753286112,10.261289079143763,12.896335645256585
708.2606911629422,10.430179145605978,696.3395865379123,11.32225578985701,5.18306500088693,685.0379173408685,36.60380749272896,687.9201049663344,10.626259452419854,14.300732137747392,10.244023889129213
125.39746794265392,72.91827570439425,178.65902594950487,7.85248935455483,26.611483741124392,127.43867749622757,61.245759463543735,182.02495714750955,8.593083494843606,18.182164346527514,4.05715631942053
50.99523257738349,39.24099112590288,17.86549420353947,4.012026232580428,36.39237099590432,51.34443593399203,42.65889092981604,18.85617843724115,3.3575459997498687,44.64665009742418,9.160840736671057
10.2047408519561,702.2486099903999,153.36003041880394,4.147881366799737,8.076145971046927,8.590079768961653,320.0353740042085,143.3678078063756,4.181890043240788,20.587979347514345,15.862642797213674
192.0746721664178,145.61402038686973,79.32851324094196,14.18201578008323,35.550011538325606,180.67629411588422,161.33545342098859,90.95364213487606,13.703689808797868,33.021856022192395,5.844189765022648
214.1329224435099,27.17018567604385,40.47296397719514,11.066761134557446,40.23955131228424,211.6157589944585,23.16404509132708,42.80498256095075,10.933587560133777,23.749648632378175,4.3767450437143225
125.92327479870848,737.4601439646214,215.94613881047536,3.834891347148644,48.63411243554375,109.25853497458128,829.5346110065103,251.256827251581,3.8085356229984355,40.746988939126865,9.004359486963969
92.81624974266447,29.727017517219966,22.65642129216931,18.599431424226054,33.16082863427566,96.9577620981486,48.46267946538892,23.62916537881073,14.866621979097472,24.401375997742246,6.6670702099715555
12.974906605004906,698.7737752711299,56.01060817774838,5.461071303618726,8.233088922140885,12.28532731578485,345.8223571984232,39.1843150654732,5.0816521223982525,24.472918029642422,5.231253767540489
464.5612168930548,10.910069884492039,192.38326729211644,2.278558526377564,47.53528054585191,564.4766601781535,19.11363091415245,246.26803675406444,2.4560405502498934,56.09972994326294,54.637784968480375
11.470075129147984,97.55340231126972,37.168310799306376,5.962097940631577,46.35121489383273,11.986835590128836,162.13888352287955,44.736027955148955,6.331639410592837,22.66221913797934,6.485894067417247
980.9449546662981,376.77405023717284,373.12147782890565,17.075251530325332,4.116801973235917,902.1472737178677,409.2344576086802,393.0006487251153,15.096610784463305,14.956583745823334,7.574018637973376
51.217390458507694,420.46419659993995,304.0644317564036,7.179445716868724,28.010877957713404,53.97360909271092,563.904725396271,271.84403126153586,7.807141022796928,29.341162073479875,5.72309794721654
36.837561132104085,777.7774468858827,20.466850147630137,17.596076297942002,38.982461869529025,34.14190907969473,675.053353403238,61.67937703340603,17.087398525617058,28.47045103696546,8.114721356789904
87.63114344427407,13.643977130326867,146.80408257802947,13.406871327880408,33.0788437826087,91.39083921416713,15.645062499912369,190.06791451076015,13.635050028873772,27.35739047433592,18.687184357933173
169.42674003640226,778.8767504516708,22.99772181005522,5.29219746957497,6.3771580061613635,175.10182404967065,813.1656688590376,25.045426132305312,4.571862250685773,8.401978911692122,20.717227065340293
63.86214300200602,79.62962382829433,11.484638702479762,5.699236535715071,49.41251861445607,64.51726507189505,100.41574448241914,14.275791098992235,6.8126926734134035,44.863399627148056,13.250100021100408
17.437455758021837,17.629144135908,60.12457940987794,7.166130553048864,17.191869168395193,16.274045765574215,27.8872361228008,64.50064953750852,15.861873151486895,25.594390355885558,6.103523372440704
51.27351434473086,11.971515722567121,166.95488399965254,16.286729598592522,43.96240208874593,59.82047992256046,12.195663142508105,203.26490645237945,17.056488089454348,34.53985188853088,20.491364549252733
121.86839129196535,37.332592065222315,701.5593954554943,10.111726940100398,27.177516973465902,116.45489437064474,35.41388601724399,1057.4936800970925,10.038627939024208,21.73907169106626,11.170747570397642
40.46632586431882,42.74438319243887,15.320841769210132,13.855720706203073,49.8111420525413,39.84565823595607,52.424971186057775,17.551785564744986,15.187186956692614,41.03392022208755,6.3952186008471195
497.587050040241,841.8345413738867,166.04649807570217,5.403316568742227,6.447173158285283,399.7135968147922,656.4274674582517,147.86852164690055,3.4960551159829376,6.511189307782418,18.302058803680257
131.2174984000965,31.394078874353703,39.44592279577575,2.0885678931034155,24.225383554167337,131.01890015591212,31.15306123308374,39.33357565918895,2.1130477143495265,22.74008552784102,2.281208266693068
837.6747867372685,530.37176287481,58.31187859895257,13.41595449466977,2.98077463609142,857.5942442281557,87.35823431353394,54.03843872953859,13.662805742004132,8.947215371040713,8.285593847552308
121.71111624988002,226.2327917275616,860.3353157273782,16.52563751191899,20.902507480680992,117.30169054202308,205.50176320176897,940.0089463676895,14.662439572849435,18.936088048972387,3.661725966472172
55.7936875443622,579.6128511968067,65.50639183881424,19.45515601347825,33.37238583620272,52.69929552227461,591.6330021265815,60.12301500461714,18.06002295823231,28.64848396642047,4.667538114498314
14.094166357569172,50.423362431891455,25.82892280401971,9.000580971160995,20.715329287811468,14.937141465461794,97.88798075001846,24.11681196943109,10.042917173889728,12.911393653703346,7.472325907311649
63.15081635148845,830.1956181895005,14.029614819345367,4.845868802145046,3.9891323154195124,64.81655903710369,527.2842280364786,15.923489028048126,4.336909361849158,7.4540857503952145,12.808758585951404
76.43073971161873,99.89571664962159,425.05147504762743,5.04097488402911,20.629064400894393,74.77072773164734,145.0489704879175,460.2988911369082,7.497116649783612,23.79934338444202,6.705347108270601
13.308411259836635,82.51332405918748,18.115908328401563,3.894207492993937,32.349575025450086,12.517128835804392,132.91753693422683,19.441787083734624,4.004003033889177,27.26275898619211,15.934352740733235
44.28243565003281,198.77828794618156,164.5178295820137,14.366453881450262,47.89847329763095,45.37103089195649,188.4657700013477,184.65772576042292,12.240848911427989,14.228139405610646,6.924909908797848
204.9268605610292,39.402984028978686,44.30437499651668,17.37264355205348,45.194538163916654,227.66645009710797,52.762833801259,43.44803538963484,16.031561828541925,13.434585113978725,9.192608176488536
345.7331040622393,40.9073638601193,81.60057382288802,7.053209919988621,35.221722343378445,369.94786936151013,46.941630631387206,99.21554023581368,6.570775823584662,34.383817097809526,11.318649512031984
14.191933596911088,94.48749816962732,144.19364189554682,6.517655058580647,37.31679930840115,16.393987394485798,76.2915409641086,154.80513207438855,6.184836886284271,24.136970137443793,11.662331043472914
44.23951084826966,100.91679417190186,21.069353784035574,5.869259733493715,23.61016449759454,47.115078453622225,177.4434328221956,22.781843181261564,7.1231722058956235,16.28626897778401,14.000462249753868
26.11717761768879,82.91169895484471,70.29009029272866,9.954317633281061,34.031138203103744,27.49252669096088,116.8355601947665,71.17816231390617,9.835004973115216,9.498977160724303,7.882657436277013
59.32821992873582,143.38105204395868,182.9902688773874,5.401285354152009,16.328882050037496,54.61725803054345,141.03806549026285,193.42832774254262,5.200332093102555,16.940560748615454,5.683257760463206
164.40216587452554,489.56484839296434,680.2027380739056,4.332679168179217,32.16353388932747,145.76484615858973,553.3556240506362,781.8133912346038,4.793928878029252,28.845977836201723,9.870520990615502
11.272725866825537,33.33436974942343,204.49015259229012,6.345140047836925,20.220982707202282,11.790858482157303,42.88874059360162,287.768580072692,5.671926014096891,27.489526118519393,11.642037178389481
599.788574958605,328.38523279800756,62.860011866066195,5.658504580385053,38.463190050717145,666.8041772567205,350.035417375757,62.233955557921455,5.115143986556195,41.314820826116986,8.411521116041268
20.164557176507152,24.471922791374208,270.88514399786203,16.941755460025707,19.411760298724978,19.743934642519882,29.896481909125132,371.35082701834375,13.61513252050595,24.382188564957726,8.114234910467852
841.7151568963307,167.17399668449846,34.90372850752746,13.318454412940035,37.30441569277845,830.7969079000023,169.73611077009397,26.882530916565692,13.306559159279427,44.74459542207269,4.094689721513957
311.0063083846199,193.5803171582697,821.8859183370118,7.905426633780505,37.68392282336525,328.63064007338613,152.25586646757452,861.0706269004403,9.508473026369575,24.672880661080793,6.123136100120674
115.3536224152367,10.24938520502399,267.98396183810434,1.7325739149990205,47.410809291401854,134.42933782276836,12.398192580152456,218.10495235474866,1.504770346129981,50.05860901205074,13.40969027827066
305.83704510820905,112.150570034149,37.55109996668192,8.837096203792717,28.4519330473914,311.0082632761997,114.76305508861573,40.07093950582082,7.596718779991413,36.550952346914514,9.334096513180533
15.216098503050672,308.5946728277278,505.80701251384176,19.08645435692741,47.902159672183004,15.319992385796402,103.6256305449872,679.2485612681667,18.56279322367882,18.81369718360489,2.3110789806917174
383.82366688523996,24.759508377839897,30.511026699470495,16.990183338308324,37.57724123500213,392.09803515747086,43.873702769116356,27.314807487167826,15.000990268041548,10.188249200171853,5.066424300197079
406.98572480995136,592.8879849422171,78.96458705243988,8.025357968751939,14.165677376522613,388.3738040150341,610.7964201990945,71.54912485754438,6.601854314300131,12.799593855388213,9.514632261699397
15.501548259106945,10.026197575082858,73.095614588034,15.615609044666206,37.20638925439213,15.667910906493796,12.001563359122478,124.11784495562053,16.579241211915008,46.99343986179162,5.928221275286652
39.75015564837808,153.25343977116356,116.12637796260834,1.4108626251910623,34.01006854796821,38.94949783936343,176.94279449113984,111.54506941410152,1.4803751157156306,19.681451597364788,4.931854399108775
27.91010737594776,727.61114010338,41.673462504594355,11.97837006735608,43.48225315624584,28.265983761986284,654.8226585966796,59.99695174995505,11.526705521641329,35.92044422127666,3.712321867861828
291.35279099033005,143.73335441939585,878.1794408561973,14.086773374927777,25.639787935873866,288.12623346012487,117.57423067808935,1121.8298259259732,14.728251654674208,22.073390328843825,3.483863344321482
897.8564545042844,106.09356347818941,88.35588903486139,9.55547968109753,12.465914278984664,867.6331317778712,121.494957904082,103.7058828246522,8.85992467283777,11.51293086791597,8.365950124232223
19.212722410089054,419.9375819640138,94.6833821501299,11.746831556112998,6.834464332278177,20.0903219292902,171.66160658898943,97.0072024297299,10.478196296241057,13.394043006425617,4.802297502924078
271.7766890921775,623.734285839658,153.88511418559452,12.774224053369442,19.097034401779723,247.91119901992198,754.7969372974658,150.00049553463927,12.018920929697849,14.694013555682375,6.762557983131834
879.3037435373489,139.3383977092542,156.88668475862292,6.39617107098149,11.156516558605013,804.1113367125076,110.9581234733401,196.31196611267018,6.28285090784053,12.217959393355686,11.322936044499654
286.762424968496,51.64441910825438,18.26793607533562,17.386273590269628,41.746253214304865,288.1051554098397,58.15380830868135,19.380230920664655,15.370887301265332,37.637191897634835,3.8717121343310885
20.622991591790004,18.132670909582306,440.2958477249092,17.282019401272912,13.226160443993178,21.597094498852627,27.274423154603962,678.2461147350638,9.741528040054911,24.85202040135911,13.632138197490992
52.90625547205446,17.961901564595635,100.87049411636458,7.098563672557424,30.297243872600113,52.70293579892149,23.400130048631613,126.89191656775874,6.742603220166722,38.396230869532886,9.321374025714164
659.9975693846806,15.8896058530817,13.246511123924291,7.265137531376599,33.37137646601717,776.0440031871126,31.320608772556575,15.429883512423126,6.233191024908175,22.854062278873602,21.2946325246547
563.1624456344769,986.1284173361735,22.598651883860114,10.388523911050571,39.6435497145919,495.92448285456544,1047.104977688099,24.416392322364864,10.456494048589901,38.82552163778408,9.629251654498768
93.90331403987766,25.474905380510922,346.7657979235382,6.642126243336443,6.192587345680851,97.58831089639985,31.48066008872649,347.53837354471904,5.142342652745784,8.385221098082946,4.765784332958585
876.3946249248648,346.8853273072284,67.42546226512357,4.990098554950968,38.859786925739726,1070.071785416606,417.8173490025524,66.1861812387487,4.472536671286298,43.50785696884503,19.13731018063502
717.4902702513868,23.859043191009267,859.1454774455408,11.357936335420979,30.43988518622951,686.504409930254,25.1089622762835,646.0745543126743,10.920112040066924,24.131238585590626,13.124624828669806
128.78486193733193,720.7466971885823,13.459298026224658,2.858929378398996,16.6961456779949,110.57929360388964,941.4711029913254,11.842284262929079,2.452643089487168,13.414844007844161,8.164559779936875
221.6017419757165,749.5301359292224,50.627061257788796,10.683954099843262,31.96732838512701,194.54140121673973,849.21993920484,54.79736771654541,10.490783135019688,31.052641247606545,10.217982961294474
26.628925582739697,185.7577737061729,309.08257809944865,7.781096063702374,41.900992153425875,28.75040652025398,146.18820956970086,287.3594583103926,7.442885148988787,27.095977377828603,6.440016778611897
133.39613747870033,17.667333980413606,271.20253749840293,4.94253674694998,18.95697913044343,144.59784066094508,22.477499592015988,415.602249019569,4.72566872077711,22.911769674257496,11.772391622796363
38.097412030541356,16.73823572319081,372.5935581209275,18.377738982773053,20.30075588103693,40.28990057097675,26.734386818126655,715.9696960591497,14.18399698538489,30.187460048829074,12.767332857715497
30.00556306464895,75.92916975983216,37.31298885318608,2.8454025842466715,31.664275318461993,29.231380978767653,112.23705959033313,42.16158378340868,3.069636457000626,19.177263636832407,11.546918493932361
237.78326319536154,233.67259576173998,80.02922440275638,2.609602111119525,45.31972853988271,242.02419067928068,234.40627860043267,75.95530228175767,13.411160897758988,39.33625249236982,3.7032033676548752
51.970160220183,226.76689827516293,24.712099163182824,19.359550130120326,23.170767250332666,54.38250924476955,239.89406604289442,28.588414368418412,16.971259001943,23.78085609147753,8.111416969458602
129.57216195860423,98.23077645135963,705.8772680981187,15.380089649594817,8.450232776969978,129.5287652402649,111.14227002065257,739.6740454905924,15.17632352232642,10.201760802888836,1.7230218725368773
45.86955501831889,27.70997911263663,24.87737353766888,8.174460414863027,14.52624974332139,47.4923805876712,30.835399873825004,25.38590202146073,8.196443819493075,16.237371653101423,5.4450529843217295
950.3299843984956,51.4012059837258,215.19679356475459,14.429982815858247,18.940098204793024,857.653280323892,37.941778609276376,228.51175312362153,13.861809609239048,14.124877006713833,9.963991759657969
283.1929968101215,154.47440112639455,250.26932443969682,2.226756484386175,19.779504165065124,259.12652255318244,129.3788228620082,271.1928607692847,2.4095411627041146,19.340090609166552,8.85791806288577
384.2069816073089,11.147521347563607,33.58476933866959,16.896743443473603,16.04878676946724,345.5901058217943,15.141672418214043,44.068197599728414,18.317929949912475,26.364754855684584,11.862514296748262
509.60340058306946,220.9080139913583,14.064238408727068,18.736940612022998,34.57944724379648,473.68535145624736,251.9243204467092,12.187078609954254,15.663093156622413,34.886799067410585,7.34951503433824
21.830979402950035,41.70966432558159,37.60886151351384,4.686241581821237,22.221370809128455,22.297684747197927,55.15603878545644,40.853512343628644,4.883098606650588,11.254998493538377,8.73137338733007
10.160736203761342,328.97563008140156,34.79902907185184,5.368559412320099,40.77362174513748,10.779456927045413,465.03914769189487,31.743984132553386,5.5017966281625625,29.60786434884361,5.851413042503243
573.8946472908381,87.97663447214897,10.307589910374892,2.075506553258759,32.366574917422,651.7174247333912,105.82361773523316,12.70266266401699,1.6019298787840068,40.75380842348221,34.18853708689003
189.77451790233428,25.565670192034467,306.65642014673165,19.607057912994755,44.336567356611425,196.83247010863477,29.721002714630917,274.0494331536978,21.054167232510636,34.37901196737064,18.019739471762627
166.43089314086444,18.211732058769115,76.5763507183482,7.0294717148199295,36.22403160940787,166.60751047269991,23.21814266377947,109.91337483606497,6.558923065799364,47.01691245621331,9.216898342876787
426.8797907925559,796.7791992396844,557.4325833285479,18.096815230587943,13.01827755577384,429.68969445936114,544.3208108792488,534.3216682242626,15.267571222352982,18.833401622195847,5.087744727851661
19.003497873758498,21.82554220111366,12.262003276759657,12.960448136776254,35.13370570642793,18.347717857866385,35.81061536774069,13.652419044369395,14.305229808820116,19.76913008545604,9.382460539078334
66.62482362951441,149.05483756566656,294.8766396692628,13.21249698852202,37.43704674743984,73.89428300951435,149.1681019159095,302.2358710589256,12.544698578245242,38.72498048989637,9.013987388817903
15.916948752611635,20.586356544309268,67.65125142627075,7.013977282556029,27.34789864954252,15.39723390077616,24.24003259624323,66.2678722009497,8.463226634853559,27.05430361288314,4.726078061286058
76.77643359849321,58.77249059741805,212.2410275261474,5.061999329331009,45.55697986700745,84.71537169524436,55.50606748719485,201.03956358970765,6.183646501669359,35.671184075122895,8.611144814284511
62.39857981609687,10.290904076995272,435.8978068134049,14.837292655768328,44.804302955236636,73.87245991167991,12.23920210388809,326.9250683323234,15.429275901050417,40.13137474697172,22.535135657014095
21.540392928156066,464.2478002952025,60.63730024051247,3.789513033209511,36.893198344336085,19.27851437258484,542.598804472523,67.8646686493608,3.8863875886704604,33.61599279125946,9.327867783275094
74.2978735816674,577.6068429257017,333.799181935145,3.8069731624028678,20.15955766104545,69.27062351240424,590.0359258995604,358.6164104114146,3.744660841652228,20.415508312128193,4.9961893154829715
476.17765823055385,69.66868548607475,591.710737690998,2.48273162008918,25.66411400042364,525.7697160057112,85.21895913680555,726.4388167954852,2.2948389037796892,26.986845694265266,14.665034170453554
18.742939374110218,24.3701464197102,363.80919789502406,11.299019651265342,9.698539113365994,17.914494830023774,176.05074388240035,414.5487248150823,17.445754929795015,16.99799618411209,4.620325336290057
56.689691335350126,369.5746985530772,14.101266885397207,18.041406952874148,38.36679804153649,57.36315722240273,495.72664584803,20.545040039379465,18.02179802842038,32.08721390095476,6.290701110383468
30.319753544798054,638.2894170095353,43.24958618124562,19.207942998405766,2.198467991655132,33.314994257297734,138.67536319358663,42.96215864924938,15.44681998967623,13.264862917090584,12.165563369384525
314.2707245210654,17.96564961788836,440.0700313081228,10.992638216541893,17.490829718317897,322.3648858442702,20.109257089901654,579.8271864900339,10.278613205267808,13.17512155583837,23.23048598208027
45.93947322190076,65.94015275633201,19.71498465437642,15.090467771297567,15.453646687921543,46.97979075271111,86.9391949492272,19.152191541343548,13.05591352411717,15.65417921568137,7.742930598296793
32.459406646380764,10.698835731565692,38.59872879830363,11.615031591223064,25.489051076233885,39.552171878611574,15.42368892421439,44.47674851087194,10.339772903127262,35.32462794526098,20.69481690139686
94.95489086356197,22.311041058547385,163.47450010897734,3.2080525434465192,11.486329593411858,95.04456162326288,23.98208318455534,173.3525497598077,3.212143853355289,14.471062992681608,5.050101134359698
33.69551390332944,22.117419391453254,723.6632199838559,1.8170617640609703,29.127109409402582,32.65840421597264,23.222970905578762,662.7924386423318,2.0004466557519276,31.59153404014146,4.53451128563616
80.02292398446188,350.6327919948378,144.16431233373476,15.941226805079557,19.701732885390797,81.59669508208427,353.5792648304747,122.88502389827445,15.740567217680026,26.95975933594996,2.690945665039951
89.49004017450834,200.03763206767127,89.19732444919104,8.75242343877509,19.80719801176197,89.48143968252037,172.75757263530664,86.94247207591229,6.879466120153894,34.61170571727487,3.9687244545598617
504.8493237363196,207.85290997540642,867.6159468992105,6.026670196039449,47.41844617253189,510.2828913360154,211.35743342575623,831.779214609584,5.984015364644672,40.74246471674778,4.172378554653481
35.9379227202589,10.530814102711147,228.2552922240252,17.44055964574037,3.612362583114656,39.40091376642974,20.761789527035926,233.91118782336568,13.802655125607158,8.62463279427915,7.702386693708189
21.345411597261297,14.090835187918534,30.534892190625335,2.050584153413902,15.293155374649798,22.60081099266524,14.103250528814304,34.58643668878224,1.7908568985086117,17.630414227589,4.683499019378577
442.1951086298812,243.9373276983082,508.00456988562814,11.480371823722008,15.665391665755749,404.16581869343196,154.20590212109164,483.4958397858932,10.839630853333334,4.804751938721127,7.357093204923085
11.792237819702814,178.6591626376722,208.53715538214485,16.487715148823963,6.935523155337614,11.801642372641908,216.95347976784723,219.80861551949843,16.969591702207225,16.683475938301566,1.649058021002477
464.90385258570467,959.5121304543171,72.81027541368952,9.275610107160158,42.86960707443629,396.1881197950832,1049.9927899379456,70.22450507256565,10.333632471934417,42.531916094937166,13.074838702747607
82.5223621471536,528.5411131658853,188.17898498605422,1.8388015758571408,39.10632645330815,74.8180501804151,637.8208853850587,203.63546075323984,1.7802531617113109,39.20671845210985,11.425781148685905
289.1373064126647,69.71832640859218,315.3394515714717,16.087966416681397,5.173344558904873,252.06067675745308,131.5206641646887,294.434030951464,12.006845288972377,8.305682558015631,10.427908439844426
491.38621337049136,359.0176969142998,18.438625548003216,1.6610321944047102,10.200184778515716,459.69780583135883,147.62527083129928,22.9993884288921,5.199981500967752,8.600713992084533,19.007116077431334
288.62038662063554,947.0747150467863,92.0533363213463,8.053570068887257,31.07998181478624,262.0283557352627,914.8823556117588,79.52124991561305,7.836356021949472,36.33564174843812,7.716414657621456
26.503555103890168,409.07636009472907,87.40148855765972,7.626898575429587,7.360255134296629,28.146054145110234,302.91923407591605,94.12609192690071,7.693408769743455,13.353078366191188,7.414318584421184
848.2587437094137,85.6974957566709,735.3219187376949,19.96189621674238,25.33740380411939,819.8033184924383,83.41954431708707,1029.654840073484,20.44331795837867,23.502799941782676,6.617817269005216
10.676055128333992,179.0980980887751,684.2901992408536,15.153704235525739,14.736253000317598,11.970733821286919,187.54947964997254,611.3810583557707,14.48619581419668,17.527776643069544,13.453224045774114
71.87965195116017,419.31897274295864,10.517156781525708,11.8437275837678,30.618033549453376,75.42443498452302,594.9967181121569,13.335784320861958,11.611466870840907,24.316942177595767,10.039865025450302
257.7333819837726,11.578340665855306,26.18893451807782,19.92187605629063,30.654166436147488,278.4229104612752,31.19537409139746,21.970476758539018,18.004796923575032,17.46291999002887,11.002319997105936
36.300408892157456,35.500310386579386,31.961599942367258,14.534263770171648,44.57021291224033,37.39757623547141,43.522703483398615,31.988157515992654,12.00540284657814,17.111182522536033,5.291077840571273
817.2744927473351,298.62276991851473,254.5908540868144,2.007153621166995,23.20025878703538,932.5073922565349,309.53739886731165,238.90002174104154,2.233696349277564,29.149205054641946,10.900211619559
263.38177781114507,349.4705592245272,83.83790705324465,5.527928026178177,29.318747798802193,290.75286623639073,498.6785005697044,80.62415789715628,5.040388474509669,27.4385490370467,19.23130711127295
38.14085598218161,103.5625065736792,351.4922305155102,17.38882492441162,3.9297738383673013,38.52068555085523,184.93057849894612,430.74973758385136,17.821340671974532,17.21379576308668,1.971213568596581
425.123639242168,98.91473990326085,97.09757635929745,1.649548300139088,46.70720458382455,501.07720387993123,114.89113441550923,105.94627431266088,1.6521173189531528,17.54222574520708,15.22812280475184
14.845536936169557,595.7798599646628,725.7834453404568,19.808699307769203,30.06887798229364,14.355678041353386,106.51691375845026,795.7539776940065,17.570475979749826,17.911671798748547,3.0577909416336113
438.6606254798927,496.3879456043742,20.051132607750432,16.38899348395046,25.06255995492006,438.8891740067941,550.2365322201357,17.87922032565384,12.259153363663383,29.62039818811603,6.9769964596121685
430.81127757309844,333.48816637677965,63.704010824969544,6.1128098829676585,36.058613780550395,470.5027775107283,345.22251248940603,60.57120231321262,6.345147950423844,38.189226832096644,8.506120065456761
61.16461815255745,305.25677364042366,88.81476333040345,11.84388151628468,17.07943462776044,66.25927064464443,455.8205296047909,94.07744976268506,11.69291978733957,13.298229384210538,9.904494127414285
35.09789747539134,12.947165343796472,377.20563859701747,15.524465089294337,12.733633540281712,37.11749130216706,22.85288478264543,520.2543555941023,13.305633540978237,19.925591144056586,12.820717818502981
658.9329959196458,41.70018034988423,19.322544171644704,11.890243385079502,20.922170749505888,636.8150132396069,52.56228423782626,19.963492322680928,11.713926747650838,29.8871025433499,12.962664408751627
13.481831510028426,552.3037835641155,44.68779969031247,16.131379293289463,39.1542077965894,13.159338443830004,325.7779136233847,115.92271885429199,15.985159781271834,17.609336378586494,5.66176029009897
61.64771644535866,34.79654653525623,51.33651729847472,9.142062728883431,29.810211439255337,65.27982731090496,37.91898132729771,53.585418724617874,8.250370954434974,29.878597781478405,5.663539563712429
52.39226269962061,291.7151115288879,67.29688971671348,2.206241345719971,33.948076149503656,45.084431330367615,438.63956836945255,72.00584250530589,2.236532268350773,30.635742426489788,17.978512968149992
90.95658570779176,529.2109670079556,192.53284891075896,14.117637135794531,49.18338423372355,87.6700722389636,667.6541845862665,239.92775319523997,15.152377168489929,33.875257811743765,3.1096391559989827
146.09673799811839,42.09939993854007,633.6235731933143,10.038643016745803,2.265621133465199,149.01762774778135,269.4820532974631,687.8309596722046,16.357977882429118,9.594899003780064,2.9629758620245266
28.07681175192267,84.58828953726935,62.79661766751182,14.578442661292716,31.370239116394128,32.11612739977272,133.7975316956022,65.21065691236066,15.485782320237464,14.64263195969309,13.404204752875708
24.410980598527324,48.9251750197403,151.6136887995671,10.625611655437218,9.133752141291382,23.804183257804986,80.9899733942165,138.66029729541793,10.111352729207361,13.83315572456539,4.482667775396528
49.376280047960826,20.814235897100506,22.538977632620302,6.606510204124319,29.963188529669555,52.31152216582376,28.478464749779278,20.67361663501719,6.160989400066989,17.74527271172049,10.997915348199768
299.124650322813,631.9275488458338,764.4929099587549,11.257530987912562,36.55514218206565,267.87217404301975,590.2696216472193,762.7682945695674,13.012347087914199,17.975750474506864,10.37233338707226
179.17542174716345,44.92382474538274,191.92106809086275,8.832913332817427,38.462866510706945,183.47933872902024,47.3956496761751,223.5679644268879,9.012853109174195,37.55154582689186,6.3269462475555995
110.90205898965247,116.21865416833009,343.1012297541423,7.867625382984275,32.97437488492884,111.80732643278586,116.6828304632645,389.92706593957786,13.518915203966788,29.837859631219754,2.5054103450117173
488.5530330906262,29.268754454358252,153.18586951399317,4.07531251190624,29.609949277561736,530.1733760330948,34.05138248959042,195.22637234242126,3.8844660107342417,34.367942577224525,8.447669141172923
43.89861951196955,99.05017020102107,429.17492102900275,6.041509157092172,13.107596237311588,41.88700982577516,151.98839061040405,444.42798117065087,7.277458651785605,16.501851956051688,3.514145891785128
181.13928692433893,38.36749312631262,57.04034579024598,1.4056670057563485,40.317133224179415,191.91329616247666,42.37581351561773,55.55403749790789,1.5967319003131564,37.28672381417757,12.308472714743
513.4797472458205,29.274582400495547,40.559215379027385,10.856984431619031,5.653735362260501,528.8898557498642,81.29545662312593,43.425080652257385,8.072635434144349,7.407807564513337,10.394736153725132
49.312965487202085,287.81833013151453,101.86679628379271,1.438068786708055,7.248545752238417,48.352690640340086,378.30761169790793,116.31047711475209,1.2844441522960892,7.919929661734901,17.603893285528226
116.67226438538069,37.478661090621436,185.56729214343548,16.88318773877384,11.1197968312717,114.0336760764131,40.93606446707714,203.44773792350776,15.655061759009127,11.715694667200015,4.309276255797384
565.0592569496126,280.1374557759501,11.561370864648145,19.791377281472112,30.257538599034852,506.2159621530068,298.675157772775,9.63893285562213,14.000488791737821,32.50458287837244,13.868826037812884
226.30052266362398,627.4858737452564,332.1645490095691,4.339118024937756,12.581585475326516,212.36821649890672,802.6508819339228,332.1010771033064,4.765362804751825,13.15146219608541,7.468287812828208
45.068812103906495,16.40874604005466,730.8531176816676,3.3503723160941172,37.50749177595098,57.31546666614002,22.923986714665446,969.5131190239294,3.4585220820035536,38.148134791586706,33.42938467284418
210.26025740699887,866.5191921569036,44.158935579563014,4.247136917208482,16.986905731907225,191.66024674128047,970.4605500733744,41.051232568545366,4.277065422284875,16.02682164624785,7.052975795383203
74.76597739130807,26.14892063137345,12.363168836961654,9.789976070171885,41.10921672887321,88.74135843227444,28.69146253233768,13.126150211764973,8.964714358625296,45.2088320383643,14.399652535375004
600.1313368853467,62.28309321491018,495.2122242958473,15.947756605289769,9.076677296717037,606.2196129420291,93.75937086508368,487.43692175130656,14.172862927287238,17.60974910533169,7.344185648740965
513.9466617660893,23.90072447965475,501.3219598170055,18.165886735893046,42.578053962781745,497.8513879118478,21.17059056104137,349.2553287390272,19.02937343113066,26.9820988885254,10.821069894595368
13.60051636958061,623.4566000927723,120.93526812462297,13.710833010869452,47.945030285949215,12.874251754338053,271.43963364797384,217.5320722302673,13.269832865381625,16.47663971579238,7.5577332427772745
272.8970376930033,182.69995757681588,536.4170416736853,8.972454791790241,29.67707048240037,279.2926721898001,92.2397059638324,491.19727440845605,11.579823921555214,10.405635825838466,2.667029304991419
71.24050900165605,10.213299225754408,114.04503360538406,11.476308612972188,42.53957729361568,86.53327207552191,13.13542070137066,237.91010728567434,11.968563950289479,43.570645235627445,27.496418226593768
37.42169863634029,37.957715028958944,114.74014386553544,6.085818141355524,35.81110287343564,40.23167282918361,41.88995063489923,135.8300003297446,13.619010845918998,33.36763338576015,8.002509415628978
787.8733348712112,21.35830905011235,457.0325883352508,6.347902849153787,3.375470192961224,752.0584577808337,48.50335385428305,510.63888584072555,6.142264883582647,7.772553349378138,5.258522224067876
365.05845424177693,784.8840674310383,76.14976404435936,2.839422248938286,35.08759765126543,391.4394742747154,1150.8605734537944,66.88446159724614,3.0268753956618872,31.07815388543991,21.456459070964844
60.20416421408245,154.50892489946773,75.00210443525187,6.21835227583763,7.430185744572998,61.825656189238074,206.64859856253412,81.21449607358034,6.668743288534894,8.26031277110856,10.135471874797354
13.28003502584463,57.14431354885513,49.4601710756933,18.499402692945377,17.62740322110291,13.595318260961797,38.113754429784514,53.33162796120635,17.185753430828314,20.181198387112616,2.5977610015349875
104.6379994564878,15.768474099231954,366.21143953326424,13.591473128091273,22.561703732433095,104.9179632347524,22.109589388330164,682.6154955390786,12.218063578881237,26.611375363951762,13.364154317181546
170.51117452911058,38.86814425053372,165.56628366145384,17.89615692134672,32.25165464307805,187.64409196111643,37.76362903849805,201.29033226102987,18.389520441682457,26.962327573677054,11.589005080834713
22.083133286858526,845.2234898186636,184.5971748286995,6.173454692528155,11.559181424830774,23.00362970236104,525.5585079670832,173.6870712584792,6.414738111732753,25.829213670797902,2.6782253194791563
293.0769039730937,54.043604840457135,310.8591287518052,3.3588502453028886,17.927006012369826,319.5549609561242,55.55393481259714,346.6415114136757,3.5485949860322723,16.75220498518637,10.16807843222849
44.607271338891785,182.44847448318896,406.6597953569726,5.324156919027557,28.626681353545916,40.88198737978585,162.8968075716031,407.21618598310187,4.939641039053229,25.879766342964245,5.399472462473346
38.964592463572636,383.90681011438085,319.94549651119036,2.4047326835745224,22.17922214553133,35.45261400683567,405.85889573009047,383.0066725150903,2.521561763240553,12.787665371732412,8.856507428505576
225.32360324188346,69.46221499855798,13.969861946743576,13.24709674002866,3.0572301260804444,247.13586393350116,40.45922527400527,15.336305957518293,13.367781232143797,9.745286950671154,13.671383942274806
388.6532335262233,723.0118587654458,24.32740506086435,11.019925020469348,45.68393777423292,343.827710795376,990.7707892556765,29.263669307375473,12.801249660611864,40.91654404764121,17.96077364015244
33.21958592955591,930.8853767840108,808.6854950087053,13.02801894720531,8.555493012949906,36.513277386964,275.90193129235456,786.8272837007746,11.268042606288079,14.484056097288383,10.613568185430381
101.33981191452729,11.051906496286941,34.048131071086054,15.690531356835933,44.11714705877458,103.64887247830832,10.804528698215554,43.12575534629772,15.576661535231823,36.95758017483648,7.830760738286351
86.90876166988687,282.4412569700668,11.366325960002518,17.842133855387818,7.429618258458376,92.59466973763271,219.71270676147853,11.896312187797427,12.31335874587436,13.629193182106158,10.520253323571042
43.65763560775084,417.81215039819136,15.442677955781443,14.654498583887099,45.37669438362658,42.40637435871558,486.0454118702349,38.79966636290514,13.899777380737785,29.583758968431265,3.6424559628202915
189.88448616084057,62.7053072969818,59.08724392924871,11.396621222764812,14.161667051004844,196.33078064568082,72.35173582070617,63.28738350674105,10.747587506976439,11.626179487311664,5.395790575743529
15.008593800787338,200.06351128528064,15.85532819252479,14.556213839021346,2.656425201065197,16.44970799132895,69.73256370793789,15.011519528643174,12.070198703106882,10.596205219813815,11.371251508564857
106.34546741879475,300.2733511046141,12.160676485533566,2.821942557355718,23.89579407552773,102.73995953122632,455.11679597833734,10.355462464698888,2.768792263792781,18.650370276288566,14.893175617586612
93.90447822852295,715.6765225997144,507.42487097772806,8.286948620349893,26.81946045633495,91.7139788030577,693.3406283391032,532.3973665390236,8.42701009743765,21.731964384751915,3.5395035145507547
340.39458856362626,185.73378737679852,75.76172770457784,17.69319240972361,26.79567744788333,327.16700683696996,206.785172630141,76.94015323534299,15.238732402908072,25.686683886653437,4.023607129494917
70.0822349360643,117.59009679288114,393.79005856293116,19.964965072166905,21.765755870201424,76.43394480079057,81.39830914911293,426.5632619974417,14.430327163891013,17.479980271833544,9.383131192257878
38.4690617280215,458.34914273050066,97.25677593500173,3.570844173049811,11.68225978965387,33.428262032073974,492.5678471157526,93.78612752657348,3.5719147010346974,9.957916564483261,10.323363740015141
13.592842759779888,55.16634383619159,227.81923234807763,11.541004122227024,15.772860028399094,14.555279302439908,98.57108372639519,220.58502532068852,11.878669503146588,17.26386620953879,9.667836629487944
184.69280817762285,117.22655681410714,10.265240994135654,4.930277196039388,4.947179647735268,224.60916176357463,30.529158939221343,12.22227071530605,6.580637204306213,9.979497610686785,21.20525279932706
13.646992735709023,12.753054122897018,10.023917608735605,9.290016534190999,39.18194630202702,13.627490776175572,18.201717177519427,10.999491257571728,9.320139017442166,18.993615193309633,11.167918466252027
687.8556273623933,585.7967881231817,108.97011572854312,8.983988119519655,3.118803678112302,717.1919223501434,146.9973193106834,116.27457207140205,10.666684101536243,10.51601202021008,5.725035841894558
109.37523322617913,657.1924054224692,448.82490199315106,18.101375656455144,13.851929835004093,105.3449590165026,382.8984221308561,519.7776167126785,18.001374785281545,13.106382946111399,5.165586951918874
942.259189377465,41.08939715019056,388.5166690001496,8.969938716687903,12.634665423300662,898.4533086088204,45.96713799060612,431.0333515715813,9.541623428099447,11.51624398863386,11.434334338398777
49.762846590739265,612.0076383481648,80.73394740144303,2.049364102579929,32.45702724347157,39.026669975311506,654.9376538699819,72.92377579757705,2.0173675624797607,31.799890609281324,14.29479015771885
389.17625387001567,16.573212268530018,87.09677642007537,2.8585403264896296,35.790138832717766,448.46928889679646,23.97166452340525,125.03145244237047,2.9037245811934205,41.83573611206304,30.321951609180548
539.9388416423537,45.59842077702759,10.124903466647018,9.168423118617277,5.867409140156905,561.9889484911538,32.960325993794875,12.388674878701428,7.98870031547206,13.245435033182677,16.799057659692995
133.73614865687298,189.3922856285988,194.42825221108438,15.796916083214624,6.547772917207409,134.14266479774977,183.7023488721048,197.11797954644265,12.912971269967391,12.541367662017224,2.7579206086661983
97.9196635167173,65.88436340730256,11.946526502292794,13.032809377516646,7.610060430186495,107.37821047682034,29.949558711872605,11.955997413690078,15.846080980819767,10.355431127060909,8.471681098795573
89.50987576807212,213.34949221617183,57.1388021992792,2.615170080470948,41.50575148392425,77.83475634836067,224.3733630539898,58.64310630944226,2.432536317441999,49.829152989136325,10.93899633767247
896.8198965530532,142.22441416209918,172.39923690154518,11.607849470670613,23.856961764058678,868.8685936694657,142.21130313242557,169.69527306211455,10.637555443183286,10.18620386231016,5.6778203385745245
339.0148156716745,231.2097076727441,51.433900624439254,17.627876508471537,5.546558701554206,347.69695063054115,146.8855429404547,52.028327250607056,17.220988277937245,12.682715995610248,4.015658196180414
12.65158385769067,26.84317212940362,24.629589429793004,11.744948845997776,15.876579494350205,13.89111197351456,31.774576525542418,24.89314608065027,10.90865747164269,9.847583301109173,9.799620040566314
692.5315724480731,164.15331405904485,38.36593925844554,16.860230202375092,28.537507165411164,594.9074292582309,137.18379314920102,35.54432594994058,18.046101769050974,33.65915850455332,11.682742384693002
251.21697316546454,176.303990109387,10.116254883157481,2.1974019069747754,24.73283785971257,297.3038866728658,215.36236368453265,11.519599409817,1.9915586709810342,23.97807262367104,17.14632620035008
399.1666369458847,509.68439617925657,20.27609935983587,12.070966772884418,15.694975692762263,406.6205759788918,743.7384760073022,19.98077739378995,10.251063029809842,12.264069367394555,6.515928933820357
356.7618047125505,64.88701999491963,36.753519917506836,3.850706285328055,20.92052377980471,357.75067761142736,82.33492429084225,37.935577115132425,3.878101828378225,28.974777873309552,19.627089723081387
110.93314362653682,438.35182474956923,984.0723096440069,18.25396874374769,10.68668434958784,112.13774612344255,334.5028990010619,1087.9066875105216,17.861646328551707,17.906782513227046,3.768865421661934
114.46280624023932,498.8512246444576,13.439180232647427,8.079141881653538,22.88856776518132,124.50549303023718,666.9953925687172,13.379052817943347,8.627545242948537,18.071720673873948,7.725064049714764
542.0811101428507,39.09443941339958,37.780959394384396,19.691181949392107,30.952690339055835,510.2821518486177,100.8646036794828,33.45708636610261,17.13314084972114,9.931871944914944,9.98450004188961
196.16993684151774,29.24680578726615,122.52317135731917,15.362810922076886,47.089439113892126,208.75811626292312,21.49976785202885,102.1917677239003,15.686099771074382,25.041420016879943,6.5834212130575205
19.862407141499496,37.44486742882066,675.8265544154455,13.460387583378779,29.40681029975991,20.869571950946607,49.045079797183,835.5393290819053,14.062799880562785,29.05063131530464,10.793025854752432
75.25633562587583,16.811632826942123,365.1466933314927,1.894378147518608,28.104853385095435,80.66485664861487,19.81464485447122,488.4226174901756,1.777721928696148,29.539811297688065,13.099080944712572
28.00065827900666,164.15762369403342,36.36577686685725,6.446785535270322,34.15875799399339,29.962717787271533,244.69300611484482,40.34592321185234,6.372542595129532,27.453887405081126,13.942077778136856
831.1863253804312,12.353092838348603,190.66711626003462,12.805239301082597,26.997821865389,745.3742747703029,16.781743788941988,225.4786328090737,12.42930327139019,27.19006895592214,17.33565972228706
105.02949703288927,658.9329678363299,155.76564275893185,14.331542442269276,15.58658416265459,98.56082439827335,540.5161830212738,167.0139229088975,13.139450566098484,20.525718695869493,4.844454372657044
27.945028889088544,106.61818964102869,17.73167898985679,1.8029667983783768,40.128595230020586,25.101965626415264,144.888285462058,17.65428407654956,1.7663858228490639,45.964544788550434,26.249558984901167
579.1330318999812,37.82363121312697,30.39001821230507,4.493123028791473,19.040516459212064,602.3466752560586,45.69900796169617,37.22062439090021,4.11544436940533,19.93018762953927,14.905732506735195
478.4447613252457,606.2490852222852,199.786755610446,5.603034856803766,11.585843463724634,444.37190545716527,598.0450917205411,193.79714690958676,5.757277599246935,10.041451531559296,6.866093411026301
325.4402299040318,21.039297114696513,766.7916308576413,2.168786921349464,48.47981027263008,388.69359704081836,33.37877656116145,912.1779767430446,2.0580563086370702,59.22887671689355,36.71361805483075
876.5480770255504,37.91950041510799,13.466640709743727,10.642783915823676,11.473604835405053,909.4852902229685,41.99189741514717,15.563980525787542,10.778197118993154,13.55546323220151,10.717596649090549
26.471706981567266,288.0532441255009,12.807682535165847,8.819121873608104,21.52845419065338,26.452236256230847,437.42911216001534,15.431169945125948,9.947662551420784,15.145661223653454,6.9244276480492655
722.1540315853329,219.43941721307624,16.068067261225202,8.450567793401031,43.60473653420221,827.964890772605,215.97410723476355,16.691432925312252,7.1063095459208565,49.59106429298364,12.854221049298658
428.11450338342416,305.86662580605434,165.92802490430967,6.041735826054562,45.62505605578389,452.4518368709404,289.37735912787457,163.69434394395313,8.174235881238106,47.891650399911505,5.582743564892623
81.05567418253648,433.2645210434588,18.216932389582634,3.8672449182575748,15.114171907622152,76.52896332057941,590.9993096906146,18.980537775170138,3.492903753097197,11.149918038736448,5.583249915900897
230.49537317384414,120.32439004070312,16.505480504896738,9.027132823451554,34.409709854604586,261.81532317645684,143.7424448167684,17.115885722048766,7.868863615518674,37.66427231071423,15.910143295976805
150.8793914141049,39.119370661415275,59.97752218969104,7.128711186042065,23.484724641460854,148.94345524415792,39.929863891388145,68.10804084867296,6.515780001269488,25.988597212365423,4.439018187972558
24.014093974195184,96.48434975939956,19.87974654542513,19.622844625173038,23.043763795242278,24.497271651636947,131.05739731970505,21.553066045210784,17.149816730225027,21.851172491568484,11.718912882374935
20.269380161118114,15.69205427509651,448.3840132575594,17.101213086770823,15.508467769810812,20.684479904573937,21.576507582539264,728.6659758024406,13.365676201984924,20.90887532466764,10.810047479623936
165.22836866696636,10.230861599500487,17.712568124299732,11.62387599148491,3.990595147488333,168.71515083629433,32.36052268092474,21.201863513637576,9.208889116237723,11.818364801145085,14.215825930943865
31.460053460883767,10.934836682020963,64.31452570444559,11.193243301607513,24.058263260564008,34.899807528775156,15.788561085502204,94.40123256412579,10.040047769561788,36.33599355809724,12.930241533519006
33.206748164539476,664.7282495990037,19.07060635250616,9.89914068803969,44.133898607623564,33.95954289443438,958.6753173373928,26.399315051993327,10.305147513707817,37.435033802197566,7.309230004120088
73.30535950858122,313.77457598128257,18.132704365771335,7.124274605391302,46.77810366240567,79.86805602969187,477.7708691105585,28.05774970582593,7.487399786431335,33.31625933817879,12.936288429939696
49.092369680045344,30.46967597640675,106.32617414149479,7.321618378671119,30.52918909099485,53.15329864298799,33.8813506984683,107.06946930329153,7.2192954055146314,31.156591600309238,7.967763581112873
22.84238335864274,123.04449703350842,549.792539611332,18.37212383286647,22.96394697786901,21.84728460668286,112.87659057129304,547.8053417821951,17.068931580625648,19.930266366555887,3.9051313219961434
102.178214966958,153.44164180896163,109.88093509508745,5.7227176460595,46.3665475666254,107.34461138645372,160.07437370188057,115.80636357842225,5.017461115571318,30.457300320142952,5.2851420756118275
207.64828247101772,445.440034142147,333.84998994381976,18.953130442133308,2.290281665051957,207.26363503653974,254.00803389478526,343.4376482645818,15.329071994361755,10.339573896774908,2.8571580470962212
90.24253769460213,223.8565736399913,122.09961431087066,1.092491444390475,11.915046341972936,86.88382187433838,249.88482018736224,123.48313912435032,1.3503973777377916,8.968881659401909,4.984380370294416
166.9153329316853,820.5200812977896,682.0606470830741,19.528238468200676,19.897041062414573,170.41386622091557,361.8104116047437,824.3743588926778,16.943434712895556,13.78846109173877,3.10229644951676
190.79159650917904,369.87021439426536,33.104556757251366,13.896683951957966,32.54078256000166,192.64444566286576,393.424283534552,32.60682767542688,12.164927667950469,35.05915638803737,5.505929551940179
302.41325373368363,28.315789961339636,164.75442454145755,7.952688899728687,10.142805452198836,316.58078488236146,23.854296207892034,204.0454301967091,8.128427261213206,8.523901349330245,8.125676674554201
250.5219729347351,967.929841212574,36.05990653656132,18.262226829446167,5.689740921116476,268.5092045207237,509.9623333170692,33.17721880121931,11.852581348257509,15.797964973879127,10.07085760550711
589.1776124021416,105.65694078488535,49.33167641928863,11.528057676810482,34.384022713053994,531.3042004885496,82.48768101410042,50.03634421710294,11.685216873535044,43.092980901037734,9.839323850949187
918.6750094386099,98.80843460373458,13.021831581916002,19.44648910559173,39.08995472009981,771.5565100230864,135.9862958702857,14.890764399480227,21.344826223064373,28.912164214975043,13.824038746989261
378.88537564529037,171.8646331311174,63.62566459158651,3.825397738528959,11.589322400825768,368.62927213733246,162.84418941507317,70.26097390793554,4.814360322005045,18.866134774609645,17.75125506387442
441.55854923740185,389.48138697067384,611.8611557776893,2.191294277958744,37.52240686052987,474.2466156322506,374.1465828670851,595.7454461890634,9.35081149060158,27.72478053469817,10.04927258746619
702.7306946993576,18.95047519862146,420.91857173282136,1.3428564894913273,41.12375217960432,913.9660201130173,28.5906204113968,475.91202280656717,1.1787136599117858,43.02583853083637,36.915643930040716
66.01069830973731,14.705208823293693,17.073369501332294,4.704645688276322,46.05586505886143,63.38768658649395,19.452212092710695,16.25342582790894,4.460136887749215,12.352996806403981,10.250955809012114
48.87687112615758,937.0437483562454,13.058754863333588,3.5727850345881484,22.73450796002729,43.69791082650484,1185.614854620022,12.331176778503838,3.468846197845841,30.026072506378867,42.45716515471141
69.07668018722678,14.250059960958064,89.6214378030371,12.20281325408073,40.930105656281626,74.15931281601532,17.065431064878954,99.07834394857456,12.055525516862547,40.79036734659936,11.744939173717926
155.89078518279536,43.067454135975844,943.7568562798374,16.115206408000923,8.209082040178842,151.6207131065969,69.9430132050073,1064.9818974048158,13.531324146935875,13.157237634993539,4.432417728597988
16.231900676040894,39.66583494826924,20.88325904966548,2.974079582439355,29.520728949041363,16.617404534195806,62.78908525072938,20.096131523055575,3.318052626147198,16.474703948127637,11.466132084634156
97.2346305431512,68.0236151009238,36.83050218405951,6.024438707116238,23.40690985092868,100.03736135607298,87.8686987117447,40.19631531442539,4.037144502773502,29.289459336927347,15.54896913220869
55.96709452388491,115.06997891390506,225.68121333506383,13.768412933235696,42.80094926102403,64.27709896474427,116.99909326937525,235.0355534932495,11.642366032278005,39.18229466740246,15.183271231512563
90.45252476624306,793.2835455858301,265.8641169697341,6.735860447136093,19.528206875759118,85.68773445510335,713.9415515547546,239.18342143436354,6.518423066930904,26.214393471660543,4.598044717127522
200.01764582491688,163.7894176927828,17.915257389352576,2.746329851223703,10.97061422612054,211.44753472782315,108.94583662773192,21.652751923189008,6.9214706031956545,8.412716705904172,11.036126141486182
891.1166613348101,348.390250725729,746.7123955642077,16.32577416335256,33.2832548001536,854.8639162220816,268.2347775676703,634.210197263922,16.804267549655922,23.731197973736368,7.208457392527917
566.5297359752258,38.30132508246619,63.49646665540971,14.203632893460089,12.635512748307658,579.131038109624,55.19305712027719,61.71380501866499,12.026926245191003,9.908147104552638,7.294742250227284
39.860653172791366,34.829826641531895,41.5889203785868,1.3843205246508734,18.235187871855153,42.29136289643363,33.00509428081426,43.1994440971728,2.2785709672727603,12.794427965080539,5.40756685424779
13.60214897901987,92.88594351649208,73.71620244426244,4.742600016807749,45.01495525491777,13.71984270933303,102.22769086392475,90.35607737883191,4.486244215769563,9.880912850042687,6.2649802511811385
927.8020050657422,708.6121250819479,57.99726012410713,7.346974348625936,47.58529944770648,908.0838882722454,713.4618623020467,45.90619602694644,11.385586983971443,48.392456661994785,5.664383946669735
484.5643958323992,10.659422357955076,14.58310168032656,5.102147673937986,37.849544722925444,462.26486275211636,14.352728294577787,21.229861772376662,4.937929023598364,30.277304959490905,26.84196480946419
203.77322230975366,40.633126079261984,609.9058142155463,9.003737576986891,18.399748160722105,193.60640029523807,39.10700865200831,670.81265769923,8.389382144905012,13.759866790602219,12.13561422920356
142.53255332969275,15.78131207753354,119.4858532445144,13.644242228767464,19.356564116704288,129.08356421230422,17.935821925029334,149.14943814095886,12.694233170719146,17.071608696836233,13.9673663463591
114.0784908860799,33.941661573303705,845.891936835742,18.318256899461,48.69944481014541,123.37761393811554,31.643309436322884,540.4653070842077,20.08850282356891,30.15250981521643,16.651622508275278
57.8669298633147,529.5282787766077,222.37652511391406,6.664639827148057,30.83195305278053,60.190777647432796,628.4850386869617,239.58764630403294,6.631782454160364,26.93200172568217,6.704037837537006
479.65846096253574,17.77459486566891,188.2706320179551,8.8556144781723,45.65936641177287,501.82800557625086,24.293101679542225,258.448624460795,8.434466935899103,47.35284734913183,18.098500868805438
14.611920867492096,777.2989234947278,468.0803084531791,15.563915598690576,32.200354236715576,15.26410900558223,191.97076816090234,687.9442036415317,13.456170267023216,18.181634742403087,9.238680742043266
25.668141845839667,99.71610656501167,16.160729799480933,11.596872269358625,41.670089921700466,26.267948821724797,198.31792789367685,22.156184125229096,12.296728247241555,20.18177239544999,7.893034838202731
149.76857499163077,293.6696728364947,41.52650749768448,16.920859197793387,19.05388393513838,164.74371364669673,324.60399107927543,37.74213654087676,14.550597544447369,21.082586961443507,9.703568592393138
87.4128600404565,387.80201844446736,50.60008747341166,4.229180892806246,5.596573973044947,77.64184327152812,378.728839555374,48.33447011870184,3.647936796080394,5.7827702492716195,6.350012082403664
325.33174970463443,21.443460632532933,16.796906638617752,8.987799983012382,46.24246104295348,341.0109725168775,39.04857174632396,18.736539431210346,7.9268056107328,23.32401294595651,12.788384865219932
702.4689111112779,22.049137151389314,399.4451189299496,12.998818247057422,41.02144374209857,594.9702873915927,17.345752500056918,326.99545171851736,12.868256791271971,21.567290500361533,19.46423160854966
605.7267520670698,76.97435712468565,164.20509294837035,3.13806198755804,7.182666400875252,658.0633931143352,84.91338721309565,192.74320500261283,2.536543688607026,7.378000916636602,11.881128287257816
35.28770919064487,57.71942689702893,89.55734100918424,14.562624691338845,6.288394794986187,37.29320859627155,75.59373592284939,92.86683026417546,15.616497751256471,10.854623100531208,5.259174243018733
26.298445358687612,115.56431626329805,97.65298427476029,17.804650999592813,48.20713298002576,26.69595485166237,89.12256600161417,110.85788336060276,16.97022816586806,12.557799176546823,2.124418589005368
168.26755711106605,40.829853072783095,13.0195818733358,9.595798418394644,16.100445910964506,176.69012842305523,55.52110007430934,14.216516715939736,8.043096835934536,20.27407278553766,13.765576486589252
589.0753049539526,316.3511684140581,40.233800997534395,10.407995067812013,28.120289678859976,557.2619986197674,296.4306396051205,36.35275046978868,11.019339219127827,31.196288583326616,5.012448239762016
24.5690924687524,115.23353929528143,41.712865852710664,1.2418044395618688,22.989140260846177,24.62433279552287,145.83551319963306,40.02988282570839,1.3622205696368943,17.667816838037165,6.472474569568511
565.7659344763232,357.66128115492575,49.2739009447314,1.6137024727322942,22.569585524583044,514.7186133931406,365.12172680275285,53.41180772182333,1.969438568264732,22.845151583624858,7.119984402619864
295.6502426521252,61.719314021695205,185.13862236922907,3.6490443084663613,40.024076255774034,323.56241048608535,77.60327065497896,234.1202425605914,3.9706793914456595,40.14170649718616,22.188551651590522
273.72650702326825,14.85051777651517,20.7252778653589,3.5218157979270037,46.759043352455315,291.03332612162114,19.18908596613323,22.74167267186708,3.5777202440725087,33.26080287423647,19.348022717127566
575.9691531390553,155.22179020121794,10.20164139304622,11.622450122219444,19.379471045880358,561.672593026115,110.66343561481737,10.927318093915645,13.759768294521876,24.923601039262344,14.44955079048807
836.2115807926959,708.5527786471848,106.23268067033469,9.809858499992332,7.049900479065382,822.0412914163376,136.90457303389903,90.94766148511683,14.613802970882574,11.447697753882384,7.655391268173561
150.62723072259882,10.407882357977387,230.34817358027541,1.7372175892352582,47.079094306844965,175.92745443567816,12.943420935123468,273.9053259157004,1.5425536082603055,55.02314281556955,14.510821831643876
45.81515107965128,185.70860803563806,41.03914420231528,1.135409281692655,27.483046252804535,44.172902471453746,181.43236339247176,39.499091263164,1.1478280449459761,34.29353557119402,8.295216065515634
680.8487900622055,539.0703982304333,28.935929935084868,4.097898503594793,6.767922524120648,721.4870246460424,81.02927242834156,33.942399998756315,7.886676726376791,10.059096149078623,11.240985864244715
269.25204725242423,58.110668820923486,150.76222729559973,18.440520523780535,47.622421283855246,283.72086129662443,45.428178353622414,140.2825851585196,19.001102350371998,24.19704773126547,6.824522817983228
49.27032237624898,49.96959665263281,90.320688254386,14.207014417355078,13.893189355914107,49.47707666259664,53.35869589601934,88.44840851613354,14.56905225748209,12.463899522238792,2.230187420981354
25.746632322441485,118.3145558213588,486.748470572243,3.016970224653245,25.407151604161534,22.45975091093869,132.25264744748006,576.7541192414967,2.9103757158829344,33.2543581989808,6.812093707176792
233.5494316338545,138.46332680344574,15.817095929659956,2.9451626588913222,16.06218754019228,218.4554914980412,147.06481183295966,17.836887806457604,3.574708392010195,13.569341589409154,5.2957128069642145
20.45891835270654,26.820330863406866,921.6467799555705,10.683875406237659,9.577699512202171,19.840644477052244,169.16857506176288,1200.747778599492,15.784634393616907,19.237750658152457,3.4211165203806466
963.8834053296335,17.949052367488893,235.088858689301,9.077784174304687,9.128979432275814,825.1545279131153,22.756729634984637,260.5944249114403,9.014385745334845,8.85418798314136,16.36814050604194
53.81460646616811,49.65128659296698,167.4024319292326,4.847966248419706,30.257406530895082,59.59445873799689,40.443150740348194,171.5304396682397,10.908805563837774,16.941033683632394,9.337255793677297
37.554547997553385,510.68286155049907,212.89936165938335,12.7857374939938,6.495563984937587,37.366906154664704,288.77106080597963,194.0566084064629,12.111816167447587,15.16450845559244,2.5807329288712775
54.41046592927732,713.6619046293986,106.38154990444498,8.570050688627152,5.0359365603433,52.48587789842402,396.0966363678254,103.76829856115408,8.433283289530163,8.599692588466237,4.532614271117739
448.6036480988232,10.520772096538424,29.544035186908758,3.103272038818065,28.755716305072895,546.3854555062176,12.147820947993988,37.37484536897141,3.1494880263013094,35.2467781821004,19.04055248382475
79.50117407163201,269.14935102687366,18.883447797627046,8.51488831483563,24.87707071171871,80.51469216998609,455.06577092281356,20.344949154493424,9.377970079049927,15.549977436010725,5.192371919972754
50.073724599436616,47.99990154511676,23.8880522236198,4.3959224113965165,3.4581201333681886,48.46793717794893,31.933450791414636,23.956462170961483,6.44384516630508,15.713278922385426,6.9441067302907955
19.413155436923773,285.81034894301416,481.19105025687816,18.62673439399783,34.016801182766,19.50115047130364,149.12251227504615,591.6248229222127,16.947966127508685,17.681472788670728,3.692797266689828
10.064639502642997,29.22202176876319,397.2281173753943,16.139905565038195,7.549492002343961,11.138108432043335,140.7411124195313,451.81807869827384,17.82610371673083,15.939093378660088,10.551616236823316
161.32446722785699,801.5891680131334,12.690962226853225,17.95884373444235,19.446396593321555,167.92034039004827,772.58124299342,18.333531266932873,16.442709383851632,23.086789632846205,9.92653945820202
674.3333920765147,810.9075177923586,19.666234404324147,7.091155305639858,39.80800143861577,657.3481227109837,768.7994057370238,15.144690448030051,7.201295877804651,38.1543359464308,8.116786535054622
109.6631507323058,22.069643351453713,621.5774203482072,14.693816311837118,24.93289809540841,107.02152378850624,24.831935579576058,706.2575164774057,13.685403064731489,23.41628531702843,9.083982530565649
34.822091267372244,120.14085005585437,295.69882511384253,16.162863656538065,42.67693554951726,36.31120511406993,109.08399006382622,261.36369034142336,17.677278942497633,27.366117597123598,4.171127889866594
383.8207241406913,904.7618706837076,24.655629920990155,16.42895795773872,19.76424179424229,394.95684344123583,777.2174426097016,16.49562797368858,13.337593569119901,29.506428631240425,8.737764319188837
431.3433156987345,460.69176379828326,33.125302104794166,17.157538895680652,29.395277085098662,427.43099257784746,524.7624037822477,30.33891563595916,13.177991699141124,30.092137067059724,3.700447950169868
17.290179175124692,136.51246490142853,24.450078470103232,13.787535685237827,37.490741771194486,17.77310465967506,242.7241967422917,25.28915596635861,13.452422579298755,20.84041985011062,5.7422940223029695
18.944592896718717,433.96557736000796,814.6391946942194,3.303616265043963,13.085176140856971,19.353741230074487,406.2518834901614,984.7483541675582,3.1881458726125533,15.923958525455106,5.988244486485073
55.38880155923882,14.208168105778991,150.6545048595138,13.382800686357925,34.79559688766849,62.24131312120645,16.04441282789761,268.6269880872785,13.260754365613158,33.77338538677148,16.82480584808355
93.99383274146098,523.4534287888558,114.50804343371675,15.458039625934333,13.499721901152853,93.82657412145863,483.9985413498588,110.9718731250978,14.508488423502078,17.74223595201008,4.359627187270081
553.2061839773237,398.1474489448146,982.5304027482917,19.223560876834593,28.97113466833932,566.5431987407752,379.7007194274407,978.3919722058314,15.433459483969342,26.566422124214583,3.737129664117928
449.2438258902659,680.2416945801721,41.52394697851664,7.304668362379421,15.497183972645841,452.9687930977441,828.0055148652573,36.655118711203535,5.09812851501751,16.18009880750986,10.743497121490355
234.7978269952133,188.95334554529168,214.25090169877865,13.844248969105504,6.951740142463884,230.3369123103097,207.79854355209056,232.26923840739127,10.57861056287065,9.987776761067943,4.471106743775823
43.32838424369886,128.28577176546784,208.28373431393214,19.483353017812085,23.87344928101682,45.08067687927598,81.96188884345084,226.2649621265142,15.793644245424122,17.333467636364457,5.724315014145273
278.3717553793949,798.4689113905405,505.1596055087959,18.451270099164983,10.144885953299156,272.49944862525183,541.0581781854302,497.5223386279934,17.208299364997384,19.00555736562081,3.8686871902777122
28.96118250138519,322.36311722940667,24.47935890744127,19.073072550537884,9.380751809846718,29.517579919039104,188.2461503750727,24.36182229012148,17.08167018315419,21.147665047729358,8.467336508422282
641.7718118145995,49.64677059040973,14.786052837684634,10.95105516578179,2.633686481899913,681.3856801252552,48.788620247713794,16.201978975324646,9.569943661276405,10.814097544282578,9.128367744179357
46.984256867307835,13.767776872444465,862.4523192726944,18.839315122885004,33.29126798281283,53.31769715253897,17.246925607170056,772.2382881017156,17.99011028160349,30.792408975672252,19.049129782623684
68.33311999551958,174.27370583437525,529.6385370200128,5.952480682046273,27.838480860447337,67.61610912124455,202.03149405413652,608.1557831081275,6.143772316606219,34.93445181398361,3.052595411081014
807.611614208434,772.8373016387841,15.532551042020101,18.97554436841929,39.2231542754392,773.4313581867057,662.4022751921207,17.97801661205778,12.997190990690221,43.95560572034102,11.231543515337917
32.58149029783138,536.5351774180324,36.25926063242964,19.648456101522527,44.59738552102218,30.842822097231686,458.8232196695764,58.31497870200188,18.003365038909276,25.94580470057287,8.25871917799378
86.89337489507896,32.4589172254464,251.15011272738798,10.326313816461083,6.939894513210174,94.2256615319458,30.727192899932227,242.34888334010537,8.256157338041504,4.769382367801054,11.600617763592826
54.73439816113509,192.70349753990826,606.1211519173157,13.343840628972536,33.01579692674077,56.63621860611902,142.27155306460094,599.26389115821,11.217391948020818,24.321480134372663,4.913920053501427
60.67766084475852,127.64101252387529,29.175967450323757,5.224558441161547,20.306717953667825,63.60652820130906,210.14426534050983,29.688624974840046,6.546605354026351,13.375196768263269,8.324137095632647
33.0900345632026,11.052482406728497,39.971696056502886,9.869834763218286,41.82744215097164,38.498038688179975,15.579704742796043,44.50734810125913,9.04720035120282,50.93499319059329,20.25611170075295
43.16097045426329,22.100095091227683,462.8701607887995,16.632996276083198,3.963630119285828,47.582757873987305,70.66747934632552,561.5771642035753,16.10586306038478,17.02932039543014,9.098320951840694
470.1987093260736,183.02470916770534,14.816946464081072,12.910608487751935,5.715794334606998,491.5943260655144,42.76710433436427,14.167614570604199,14.021360369001224,11.376272825745993,4.246839162857036
17.075432943304836,156.43392505022592,210.25137990261567,12.291361501787646,22.167540756475088,18.120401987659626,113.71504801681353,184.09283025786704,10.827397086036889,14.498279716678256,7.3983108211669935
907.6109584580028,17.44034700804929,404.7787606868275,6.871478484007684,13.900637837834676,870.252456679998,21.104593094645768,371.50860151452457,6.915206871175235,15.956120764092264,3.829066368024075
26.197246965649924,10.549923258245848,36.628024052829645,5.687999048566549,38.68911472065671,28.804048236645325,14.539630360882228,47.740955117457254,5.050989320148728,46.064742984099894,20.078343243416985
39.75967514014376,99.68064897877072,261.9528408706134,8.611760194706171,22.55690968336484,40.98625002855575,102.3943938519699,237.82415776765444,8.606464382965688,19.029792039861217,2.947743695497888
346.70629698272063,48.918699461759225,543.8550196745002,17.503821967856872,38.579973809251804,322.4841003368821,34.03820559943715,681.31397448693,19.018455395927596,23.069228062505644,8.397355231937064
423.5731037814397,592.2568248103847,95.44513306723174,8.918476949316734,41.303784400213495,380.9462716270944,714.404413076893,103.00241482045749,9.894072017541028,36.70631764566759,8.986328381674548
26.617639878854998,14.740629796048648,587.506196222438,2.3651464070081616,13.362816601126486,31.06124189413292,14.816250061499748,536.4306571655038,2.25497950677221,12.286302168450193,10.759104590415287
53.11061530733548,259.66592944821247,18.19215588343706,16.54405313961059,26.866884250272108,52.43051431442059,347.5962220736129,14.575455539314888,15.996651242584397,24.099613265520507,6.440687493042666
102.07028454120224,62.34378715964204,178.0553843066137,19.581043592054463,37.86151998183536,107.73802896768856,72.80126564019767,230.89041826137114,17.532032412688995,35.920501268840745,12.258733710892923
219.72453286972245,39.51372575751944,46.316261921848515,13.413921445457603,28.374451968317317,221.2175720643366,37.27972323001847,48.425344504427805,12.43584215417207,13.378909317383515,4.39031176224902
11.322638378331556,534.4886731536353,47.41293396468182,4.78629062135194,21.641459028797744,10.171349236010716,418.616248556006,38.20754551106863,4.496028706498333,29.988773175191092,5.83071235975769
978.8197958004251,30.198568519970593,334.4517850839844,11.29667907150637,15.42822952912147,892.6128444050673,35.84709269962328,369.64629346497856,11.087407508799167,15.252956721411673,10.897339282161964
10.751133946678904,101.15316266385491,171.20651884298297,5.650017555901316,36.915698493918455,12.89674140271605,87.22321110466677,200.67458664724447,5.6809217008356505,25.885365117260008,14.865436980808793
176.98266355275211,28.919430381695793,440.939323556729,2.279185967809127,49.317215294852694,179.74485493302183,36.902617592382576,544.8904195077586,2.185709548211186,52.72743856840856,18.053335219352565
348.6793223321706,21.889117200205764,40.65231721559127,10.225688266705154,32.39131931296851,353.6542324506742,20.87992185058104,46.99158332500653,9.231574930872611,18.14516027980037,11.872278172890196
488.1488583693477,937.6022948447917,622.150491776928,11.919471645986574,19.054567407485347,453.6882348728461,832.8857114055926,618.7214448776094,11.464517187737483,20.522836874185952,6.430103678522005
856.1188315353951,14.065776670372626,34.975479945400394,1.1108859527795525,25.80550161917514,1087.1324283736988,27.67871543691411,32.405261086901746,0.8131163616228321,35.69918894125658,53.67290068864713
137.68426837027422,107.84923971157635,44.41754424170549,6.348669283905596,21.93427810994697,128.74837681818636,101.7327634664617,45.77651402868596,6.282960013376341,29.94426914908407,7.029581545820636
33.043493148602884,74.6441351109507,12.50389499909571,19.843937193878226,15.931626447940051,31.707282122714663,83.38850021284664,12.489921660921901,15.784347651416162,21.214119069383457,9.953870129549282
976.6736931252477,58.32494628237317,16.894346634894365,8.906243206023747,6.207715417966851,1021.8308451700683,51.04610736599367,17.36862624933491,7.45959806171866,12.733317000595665,12.961817775169603
117.38770057520982,106.62945099649687,509.1224941729189,12.606582989165524,27.809887282579222,107.45828764974588,105.04213202976513,590.4046772694219,12.751456817880815,25.81729668245802,7.022344576911648
31.013269415543046,118.08642325565506,27.364680872233546,6.09096688701347,3.6782434756901514,31.05668458639776,98.16899867517567,26.025725957499336,4.798058574271168,7.085765066368849,8.850205292908504
35.92493115261425,43.54835237225629,117.30213729393955,9.051622095547204,26.321481389130817,36.90747752707522,52.94368401785651,117.72050893641573,14.729919735320582,23.710056664539287,2.620970142140184
265.6535307240804,576.6182720865303,41.37027380717704,13.58229506120625,16.809598763777025,296.4115008652542,636.2754335012572,40.99825408877187,12.138616008413768,19.266287868572995,13.433629813630802
51.29926624528177,211.2189440326671,11.981179091693543,1.535435682910387,22.93210803174284,43.89859133402656,257.5962601541654,11.47734278936527,1.3315842602914274,21.82458305632372,10.311064953297667
110.03770592078203,655.6960859587333,527.4103121100565,9.163197366208342,42.2213059555513,100.20626970323117,548.2566389523435,573.8921657915342,8.357001994102815,14.143118350824592,6.310741649220366
26.447671381968238,23.873756965410482,516.4068587627291,10.70437324822178,6.326575137836801,26.955692078606596,267.7894410197972,471.1103086291277,16.610546341377727,16.383547801034155,2.2089028796204357
11.557693983586121,628.0317328455463,101.87927982643457,6.446978889177121,29.446455687801283,13.3222127770478,521.794740634503,55.8816629384197,6.664532344449885,30.70900922713876,11.741333470954855
26.52044393176601,299.79595537267556,517.6050448403778,7.2776693009645825,24.406905184224744,26.92649055091124,197.88342546702125,622.0194345396739,7.10368511335995,21.69579870000433,2.435071416079018
42.224827445661546,106.72855662721352,40.202331465621306,16.772779737342177,15.9310710511515,44.77350547052996,117.27429197691704,38.274270270824566,16.209321632910417,19.988265524052906,8.311153356985372
339.95439116728477,815.8940708162565,189.5790409215054,7.6800092030459535,36.61955058145809,320.99760370969716,875.579992611171,207.9751279920016,7.866189311178574,35.323610336154424,5.390364368832555
111.83934842538376,462.5590244821478,21.08525932552803,9.618071888332672,10.036241198341624,115.71813116403786,492.429757568367,20.892717284451038,8.726259423827662,11.322902257219223,9.071682373101432
10.652295489758584,170.79433600630117,20.234701033765504,7.396213220457098,23.294620485484803,10.468657469125471,218.38111103763308,17.516791624982105,7.599150012351047,22.637359856753363,4.7076550581882595
391.8164954988149,55.082888779841916,35.31906578074092,12.020193555263612,47.0558953492791,367.39471421678326,49.73207393527927,37.067406514342416,11.345889864622267,39.5272010666456,8.956656267908885
139.39269862817136,256.8914003229836,580.474225828781,12.179472325557475,10.653639233698682,139.21918403389637,327.187270237668,629.13426758519,14.099392338870201,23.78209363125558,3.486435732137247
153.77549356092484,820.0080326286516,68.11596672989232,19.927917450294256,10.467901015800285,163.88041709434629,404.20606720815016,60.82163776415557,18.44613459713952,28.341667715954376,7.419508476424097
330.3388857745154,109.58474610988695,86.53281023767619,19.238126558144064,47.91018390517937,336.7122912178405,182.18035359083734,99.14671092049848,16.048939322736413,18.408114620249183,6.2327698164042395
809.5958577268959,23.009119514158993,223.54448604155306,10.662091315240989,15.745359735673013,731.3509508036898,22.499213112827242,274.34321806156265,9.981465679193724,11.958167731836184,16.18507752191914
36.036507846007,43.18336792835984,27.22149486300502,2.0334870139126933,24.965894124303848,39.8292571600726,55.70982068563812,27.84033878560788,4.219732826740062,14.080882696879726,9.307591917197772
54.097082008826185,231.74143999159878,460.66710845060686,5.871679846995984,37.95570625460514,50.625696439355316,244.18616583372864,472.596281251507,5.913434586085071,37.62709455829282,4.619731454053568
123.96526631908658,108.29710586720284,327.0792117313539,2.9952655344117485,4.593516391211006,120.5299256375059,321.8818822985457,340.2196664208255,8.526607075184604,11.203441212193486,2.4643655525687045
17.371089652444226,411.86205270726435,197.23232090244315,7.437700032917624,44.43346645724799,18.02242354743475,356.23479867999833,261.4413150505633,7.302259707541782,15.498985027867286,3.8345318797640653
189.6443428513157,10.004720438501467,69.94481423685397,10.427199577266773,45.507028156818045,211.44770723372412,11.93024325876679,83.53236539658207,10.513054165090718,44.78841451623182,15.410393349559218
16.018588270462434,476.0473936348198,116.53745954286914,15.275798032927996,28.298489795337748,14.983842500422409,262.5832675766203,168.67119442338233,14.435098933432139,15.36311372993355,6.549325789603866
366.40867646491006,633.576616173701,14.679614411913429,12.919931559185661,2.419807728014693,430.69586526707,78.30889932111754,13.088629875148872,11.703965903702574,8.084086997446947,21.405949741141946
55.902344661808044,107.41703069956334,12.55855951857381,3.9785105193636325,15.01357279952183,60.33908922978313,170.19001436221376,12.575170033440921,3.874521809928834,10.852327299517416,14.581303775564367
409.25593404977263,20.93938134166671,676.1801073873178,2.4774182923509294,17.093104961401092,444.65988614529,29.47303016630488,806.5171495273318,2.154726845943232,19.312219926934617,19.24738165914268
152.643996449093,98.86991985468289,16.022394463012745,10.140019762625032,21.81715156348211,162.69498877847428,96.01503501078369,16.969415937330353,8.767136810615503,21.482842559883515,6.1778933876264315
33.166304740673056,44.15510094215538,30.5467989174105,10.117404610470237,34.79640116762301,34.811923932115015,63.70747839702077,32.18060530770359,10.803648992211176,14.093483981341661,6.025969584032302
199.95619124252383,69.17934345998309,202.61885793801213,5.712722751887576,38.292232558182455,225.56620319960672,74.77162093343631,228.36469926802943,6.006739832549756,38.28646422387121,13.041766862606652
42.244567641695966,714.7761083991811,181.55660069753333,11.50629854684989,6.324582064647833,41.23496641235154,296.79100292184114,190.43064291434712,9.269496719848142,11.318010056200269,4.426710504857946
199.4667615758462,11.634169064875644,17.16665695505599,11.536939323946335,8.67914308215064,212.18119744276188,38.174202933640224,20.33125717668,8.736276466824778,9.453875733767775,13.547211731573114
56.51826625258323,723.9259413540099,210.84219249157266,16.902395988236094,43.49374767752282,54.642108116093986,397.13264931358606,369.90917492868584,14.923219720371547,15.213689136818314,2.962963263082023
137.41811476011048,112.25089843081636,157.7553899913121,4.392572480241645,11.194705564505778,145.57345720075017,67.07138798175814,166.50677802335764,5.611001265892293,7.237309595112851,7.332179067455439
32.08996269724646,11.484422398459605,17.294444679442154,18.420119744954718,17.43358359115192,32.31467065140456,14.363532228958276,20.65928489283927,15.68576158846021,35.972843138023144,4.42645874424085
135.3997336530305,63.1395615712693,91.13643093178517,2.2450576033798417,9.779815694004757,139.3293749911611,62.745852850855336,92.09416139534814,1.7794577624294263,12.724032620796642,5.390223286336023
45.8697157995397,284.15016141401696,142.54231007438602,18.270157438067795,32.222594608351415,45.654461803280824,373.2184204939992,121.71014584154491,19.262642429426048,22.91294499219551,2.8761268066622
59.82262915761184,18.577547938830833,53.13491650485708,8.603786609021078,7.38129975801902,62.49503502346835,26.308363669900352,51.448358005037136,7.766884088414699,11.818201407822002,4.114669990796953
205.06666310145488,367.67278542522615,28.047955642032992,3.2594256764264045,17.127930615698048,198.90619162177623,517.5473137343414,26.300489019855746,3.7637277676985454,15.046389220469383,14.016707639356454
100.16100100924754,654.5319740411891,564.6552097599,2.2088802485100305,35.22609792083036,85.42113456198871,663.9992810122295,621.3788270002359,2.0248405081956555,18.26654326337577,7.2730706386524
844.092494256136,15.229897284551443,486.3599034575853,12.924294716825607,44.61282174101598,739.0310293247613,15.354726085302131,288.1851581889051,13.10518424229857,28.03568104390022,20.536935332182477
396.18154210445283,10.054767709204578,235.910066044001,5.100315163105266,35.3238557254186,396.67270528684065,12.651503485632038,292.9636884189764,4.88380201530331,38.82358459675432,10.554212282329738
132.2491669283791,112.57676802982505,165.01878448476648,18.83455116913179,33.066711459321475,131.15030530567984,127.86017346392624,165.61196619736006,13.895967669572592,18.77813521918966,5.590178954220948
225.08259755212487,11.979323464151703,75.68434915518033,14.684223600446893,6.9617495052976635,199.14872221368017,28.805219481501595,85.8597619782293,12.047249567841508,12.000868573893788,15.623070373007314
773.5988290457767,219.27686908830827,171.79834818580304,14.492107264923321,25.229315802192133,700.3479079780465,252.19333804393662,191.59098639108754,14.212632868155007,20.294988883877217,9.006293312386104
62.94490491363145,68.10003764722317,701.3667748986572,18.175935102341708,15.022421504130795,62.34004517474386,67.94662076284833,879.7708895548894,12.63924172951776,17.3481853588474,7.121380802714576
103.70364540889894,264.20562709071663,141.9193991524939,9.040131937166002,41.93249626213653,104.349601720201,312.2869086197984,153.1393270140977,9.46534697338603,32.09408950631946,4.239468839774006
45.06349667475125,154.47495692633456,117.29168585432731,15.124238122159433,28.012397265296343,44.50001187076391,187.8373602002529,116.46344319229327,12.969908367106411,9.225668021644381,3.0232281180851905
22.972262599727348,21.365931883245533,10.527331031636509,6.586034512794794,5.169486750548361,25.317719717086568,14.814513587727875,9.904409261234264,8.632366189105696,13.519841443854252,8.305385455454578
533.0245653272126,10.995990868340469,25.990661479326427,12.625256508298754,6.1044523604017735,526.1076349273113,25.144632245059764,27.471607256829547,12.055803146082134,13.266168842918702,5.479572275567801
951.9398733015278,20.6414503724691,381.3649558264097,19.143655735199523,9.957661344609331,905.8925158927128,45.67930603758662,440.9788192628997,19.96831408538601,21.818380310134796,6.748048126499982
22.94581427219697,15.281832283102595,352.284518598319,3.48779580528077,10.395916067516339,27.60020074349044,24.592312126463995,441.40203131768527,3.5583687614161987,11.583117818005631,32.72959870140746
13.561101176917427,707.0691753191065,45.23108487275249,18.065083807837336,47.36192615648113,12.83533082043123,371.2738474006728,137.8484873674746,17.605720929664038,20.0430025043507,8.226595703647325
22.244145407048755,758.3194263743546,33.765434720223254,16.57186332851906,15.689526298350762,20.848055390150773,523.6648124827053,29.771135044813875,16.633842379515176,23.061387897989707,6.722656531015152
674.3073150147169,120.20657854224362,12.903480728181316,15.841833002282371,49.50646830079745,640.2599349446178,123.96102779814461,12.937592615412283,16.57078668185542,46.67327825080757,4.2794367140324505
18.503260963500548,525.1036513218792,142.19583707035238,3.118566597390944,35.76932696928145,17.13091106080932,626.9869250871691,206.58099568432795,3.167934504771517,30.099256135975182,8.17342749648019
367.8288742319424,72.9295592589115,117.10724198239711,15.109741466179464,36.191545654980814,352.56560587556424,46.34369871969715,114.39855717915881,15.507213535126725,13.42132474405361,4.756152452284344
16.10939340226817,34.74194480091525,21.761153703233955,18.571986379137275,40.17359963874819,16.057174644391715,39.75033376967289,25.170082859203138,16.564673287870463,16.43083299256254,3.4163290028407096
189.60804805088225,87.28770776307822,89.2744272727049,10.371069756762612,18.283628996370325,196.84839609983896,82.4340070438959,85.03632185759416,10.114278902869605,14.132225542837107,3.9296795523634063
257.34443970308786,20.676305828434405,53.783171924647675,1.8194047684871821,28.71719636415877,271.9920792219048,22.57301822914528,56.430555661847784,1.9178542834608265,31.846685014031365,10.806562959914194
10.594455996679104,143.03130190046315,128.52147831464282,2.283899616308387,24.605693327896745,9.459284960304943,178.79909697592774,137.62209125801766,2.2282992512164723,13.200328742721178,5.8659145797393695
41.70566835830562,402.7225579799132,149.30424191096802,18.765584043098915,37.4116334363386,40.526370267474036,387.0655577398841,196.17436473535224,17.947023697179276,19.01888270546911,2.4009228075704887
98.98244680235719,49.75942463635926,99.39734117928454,14.313059793352613,21.031187698893987,103.58963589185278,48.44033555245765,103.83590863708577,12.484716380008779,23.74022195212915,4.372824558231458
993.655900681987,326.7859313415628,819.8976754011383,14.99572737065317,17.834572998148925,862.2878398285721,277.9830992890488,772.6691390388046,15.865945665783675,19.78845675416058,12.611169955864462
609.1385321887933,227.56851237750644,111.61525614946875,8.455558347515062,27.885288660157666,591.9584317175635,207.12374495739044,102.09676708232551,7.874988606416264,41.26890942089217,6.0304886730046885
662.1853806747607,310.1594525740812,10.217129709065143,9.035813340923983,39.492354739446576,674.3791964321816,337.06231021887373,8.133138548871173,10.52990908833421,45.44976619378765,22.61676145835945
24.20564589375564,249.61654947149918,18.862467359846924,15.35289017206318,18.316273272041258,23.71460941620338,278.12997677863467,21.086032031764535,14.677534736887308,16.93636791539105,4.2023699589527705
72.23947502816748,171.16944389552364,98.66056907004099,17.812278857532043,7.732176866445919,72.95423599408728,117.09663384954759,97.55530786021234,17.27649040360273,13.263031569354796,3.0739907792966354
817.4847463308862,177.72760088202665,15.984979847577149,13.58443601586535,6.44109074883033,744.5992809273534,44.00221076632478,14.46502016741895,14.296342919609144,14.814989064285667,8.830649580198681
598.4219756217263,32.29196131758499,208.02640581898945,1.3903176560347337,49.573122772620714,704.482582885153,45.32853184600503,260.0038412155437,1.3094553946146974,47.8199875873845,32.6802539652364
33.368731564561735,19.64071788423289,634.1543940954351,5.366070592924378,11.293764724117683,35.32093998251756,19.36889481086607,918.2842727636803,3.951798101560813,12.064138473998463,4.940693457769698
10.488274450521413,69.62647131368638,839.081592473877,3.144999016354216,38.510928694179206,9.633907000481948,78.41477733840142,653.7145679341355,3.2976752981853146,39.09987985607634,5.657767102010243
128.60597239610647,71.58859228362493,174.0679905671999,19.36103201207721,41.46578994699228,126.7877421408737,85.43316416152717,210.1330873304526,17.493461853126114,41.806297470409426,9.078921607826002
689.7948677713193,437.7042359922563,35.95825359885987,18.02664777226495,16.188974470305237,646.7889304621954,492.4152444553778,33.18674926365113,16.24510421434582,16.059174564068087,6.742926372163306
493.45801005694545,270.2676874086827,133.4371536480862,12.153424999670206,38.169486266243915,485.1299984644986,270.8876827877307,136.9856850576315,12.941368992402642,45.20363229220341,4.66864903620371
42.998777306390664,349.1927637678198,16.950742278826205,11.568048271465605,30.496537421199427,44.823625281350274,449.3523183701813,20.113933823920163,10.932740824612907,24.055767779755495,7.525298135028759
52.00542572688091,30.130609279621382,21.20024035287245,18.858590419586147,13.979819444255606,54.46514877766866,40.07358762520236,20.953138427100736,16.615614396677124,16.540891046284955,6.887733237402872
497.25367289204746,11.532604969765085,259.6463871360144,18.95531216789175,40.76744733795925,485.26787405246836,12.55447504112324,233.99763969347117,19.698226902990022,34.36496825315858,11.149803186075152
89.14308792487054,591.0441411294615,571.1668830203431,3.961223693068352,12.50327689634174,82.54108295893714,592.3903320794415,597.6167452507718,3.8167635117223186,15.046866854397024,4.371740407463287
133.13653910123466,243.8035058539035,10.0006064528129,2.129397492401881,35.526197162026655,146.26704905687455,376.09974261114263,9.606196017756352,2.4153520558207835,31.682215504967612,28.539371501499495
764.3404420329713,414.0766828754945,17.705088939026428,10.640973640307136,46.67411879201597,714.7025694353049,448.23030815759836,15.653102688625287,12.71118666445333,49.22214034001169,13.152356523415683
27.279254408974516,15.626602909521862,37.339711531259454,2.031208613424018,11.79605778768108,28.781590203664848,11.729458015620486,40.2646377459175,1.7840223565583324,9.55442701068615,10.501374683051235
191.7620607375792,30.071451036911625,15.577664306012036,6.0839641665797215,40.09872584624166,213.50387950610175,34.245495756566704,17.18223731275678,5.669572386422265,37.26235847425213,9.466241778034668
50.38299169073795,65.35756212198848,10.74956907119363,4.487479943682921,19.351420911905848,53.313574499831795,73.86743167236715,10.682872898607018,4.355180576258932,19.955870065181873,8.304432714698793
17.84715323739166,171.33657583410564,537.4766243591223,1.4368220145372912,27.91933737733647,17.684220863589747,166.7631064916683,622.2567947196276,1.2507887584328425,35.21380546462144,5.492356016696135
399.4800158248848,131.19391184763018,29.547442206024463,2.0048783077452423,31.56852281547011,402.07093233666154,133.2950581197852,30.645760177782364,1.930894796384966,36.152695563024494,7.827101385805792
37.01887745128549,106.30774993501002,10.34189918107853,5.714190557055479,9.278181262513511,43.75049615363735,148.02686154886874,10.33488485750877,4.6695206777369895,7.717948774437248,19.512322322630553
51.39060646680575,265.35488403182137,21.023916161785454,10.565344449635624,17.252914319785642,49.6310910936479,415.51743194009595,24.41913682801199,10.532133598514001,12.66134732390759,8.698470916820925
15.377804535626629,515.594563937369,223.46434465383888,2.605678803208132,24.686686905594158,13.992968139154245,623.8664813769061,246.58329667935735,2.633313155664625,27.96735853958371,8.168696376961499
873.6545842684247,288.3346320479559,18.271515820467602,10.467757158392988,21.48538275421115,838.7097996618563,274.237809400326,19.782395900208407,10.24139013970696,24.871627385948923,10.28923630399144
40.888432097804944,172.91503716252885,331.0806257860674,3.4375719117112826,39.480241016914306,33.21909674794418,189.14508224639496,385.39412811808296,3.52671685558752,37.730506162637575,12.958908978948738
34.951330420305,45.943534698301455,81.61596189939692,14.325330552187683,23.629161733826034,37.29844037889146,51.023426347643834,89.33941611094968,14.25563276761332,32.52672957746909,6.146578062748109
61.006719300665964,367.256264415924,16.06786664671131,10.49725913095843,36.04256783652461,64.4154024708222,570.900912519582,16.97628638770678,10.58536541715539,25.63408763475446,8.763158840573588
131.90619569593537,195.25844814563578,184.02630607565348,9.291014323977468,26.97681499893721,132.25404411556391,190.44232356115086,180.84068241167614,7.6591370223419295,19.440072956065087,2.0365750124089974
47.345708474464615,17.74844285317538,50.117918339166906,13.503975990570874,25.307287479441392,52.70531787454433,17.7882564818762,62.0635511806536,13.701615379551903,26.969798193572725,10.415842248581463
57.103937381281,62.92347455932585,42.66578442468651,3.975227164681429,11.692068253974194,56.51414800187094,75.65312905790415,49.46354121010088,8.266414606201785,13.794784514056136,12.87426415944945
983.6716057969234,13.26940704346178,418.50051558712,4.530328874332154,18.35676029523569,1174.4878140955038,15.730025043836703,461.4026386634843,4.318517109181193,21.88788367795905,11.065839472098734
10.739787829499413,250.19647868324316,34.7391152637078,3.512331347408373,2.2052721091218483,10.145887884051543,138.534375778995,34.145260666465525,3.8788675006168685,6.757087268428653,8.163258608489974
23.625222092985144,14.133970114084168,81.67981554283621,11.146271949915434,19.85707648506758,25.501734555555856,14.87477074634535,89.72806819156922,10.941435472314769,19.434068898633427,7.550865166530881
124.67308308570543,495.65410925456996,335.9580473956416,9.628972902232668,25.882711767211873,120.1960623796369,517.3884505647572,350.9865861776249,10.542630658837071,29.783962177535017,5.097692260970941
82.61835394071065,589.1163986816298,982.5534717941698,5.9260330339600085,11.629425049625095,75.49925321702908,608.877168557274,1022.6353993610918,5.4038275732375505,14.088190867777442,5.348577648534876
14.8780984534804,85.13822267154553,101.32758210541975,7.665251199163681,3.826123800352853,15.818964065710631,92.11192456408168,107.86844212799129,6.921532286722243,12.262186587886445,9.262820986069444
117.87363498625947,105.28074534670431,20.852299914449265,12.361334755939081,38.48474495275766,127.61747987448705,119.00053155572165,23.22173918714354,13.00725568950753,35.578399829393064,9.536041033984235
719.9945693854346,365.1490404581446,17.48809908680181,9.329088107492126,46.602661062023536,733.9817890830868,398.15670953609947,14.257490529353039,9.7278314606247,50.23610322635208,10.952065731035047
11.347818560744932,51.0057287959001,306.0820553201604,11.540543854236892,16.874179448597594,12.683336551503597,107.40928058026472,441.88580120926383,12.329065462248568,21.504056439337614,15.088486163285648
45.17020152692117,190.35604348227054,82.21600282942644,17.124035135436525,3.2546084756958003,45.75773621905805,97.11547924793061,80.60162108177038,16.818927767555813,9.660052504388084,2.9646288899303306
79.28271023284266,16.57542604112693,412.907560956045,9.110869154562868,49.87629919935894,89.03109823233197,21.939700952537564,380.45268782161236,8.768765967965527,51.713467497414015,18.60613654274287
204.44546424896373,747.0453194592887,11.98471310462275,8.820441784886562,4.547192962327856,241.45047717061345,460.0748029005997,12.099304299237177,4.830522677289747,10.857168081853777,20.272131317103437
149.81599600056774,14.823662701192909,11.727217425180966,4.969909693857863,15.193660621623023,162.05445360419756,25.22675583793835,12.880170783513913,4.327000645980521,12.331703484196952,14.834033669725107
477.7112055672653,15.02532080188483,83.37712523618553,4.177131401301256,43.70543335154591,520.8043873992241,20.323954898345818,110.89589992087355,3.963185718266108,51.25314428970545,16.198841505518107
16.113615373287193,567.3505065946437,805.1159164791035,2.808353654584194,10.293004251438294,15.526573876560322,456.8205837483026,957.4264589645076,2.5978697221794884,14.672977061585408,3.4352840255304113
10.935220906269635,44.01798136247179,649.2094994943135,4.51577487474826,15.633128979846854,10.437505131486372,58.84341021714456,674.5583876556561,4.466234022200321,17.707125394554478,5.784654456553604
94.0040484564779,38.67665919976949,386.48752234319153,14.240290710063604,43.484606489680715,101.44039141455424,31.392898709127625,450.8203258449452,15.485819941246326,27.268412123693665,11.092410648929357
66.95957021992237,86.17453223987305,40.270464071003666,6.375509451529807,18.924746173219834,69.1275535383779,150.6022767394182,37.71014731972887,8.088974924310023,9.452723149002235,7.120803428687406
529.8539077102289,74.53850129413303,437.0590158268925,9.25750592688216,17.634303997911616,521.8986697087977,59.226802219708055,431.0438302417118,8.85236604536436,10.796361371451736,7.116849659374072
62.14205403268958,65.11360059256867,945.4544446792014,7.53999306615434,11.464350476304134,66.87396031933065,310.352632180235,996.7342537337382,17.46173543547393,14.929321195252326,6.129304396475895
35.147110428210205,182.6217692022069,235.87679761295425,13.82114565595096,25.66403109358256,38.35141450928312,137.42726813158265,255.93536351665492,12.45736131807538,15.175821583838111,9.507900104478137
45.240535318649506,100.65719388281931,747.5384287234992,1.3003464767517374,46.3035171836867,44.161010151014516,130.69790470036355,710.6912443149664,1.32878812958564,44.26488890450655,20.337834472561735
233.14844798401492,134.62791422483932,32.54748924758521,10.911467155874682,30.147536897919867,227.2169969742751,129.1163526243015,31.54568413753865,12.61461924129451,35.03542499668334,5.572210224904796
30.094464224212384,573.3877417829609,222.76348776216167,14.050916722359721,34.317459333851524,30.324769152919565,417.1613588557175,246.7318473069113,12.984604183522851,19.846041569155545,3.13224404694056
183.37793852140626,88.15045069803676,172.1400704034315,7.63162934952364,5.7479015018378865,182.83235584702356,76.50031520697817,173.87128425277285,5.588691290146853,6.149975727804032,6.3596496337980675
395.52874512890816,21.003188146597964,166.66183737108994,5.076690322195288,7.381005605550674,450.33377480483523,26.151904109815817,213.5206893459433,5.035360099513321,8.036533304875618,17.992113592904634
368.3715098502855,554.3269900403271,17.32696598951116,3.034118297964481,28.713995196984612,385.0985969635634,827.7937428616307,15.488509682158128,3.570579161316445,25.322176937983528,22.346234412078882
124.68655566039716,707.3706136567097,36.98792448055735,12.943586189240875,15.55112583635403,123.8997589786379,668.7932119796823,38.4336292090108,11.901602775291929,19.228187667365255,7.629773922173001
292.0192554153136,28.84730579100857,41.05800436176192,3.94181393466077,16.178198805258976,308.7118774166573,30.709558175688763,45.58361592671534,3.8980789158649753,13.520448144083888,9.059693919510227
10.302509972371817,936.5428359636938,98.67035059063325,15.078025227048478,23.709477942458037,10.58790420572713,359.1942063165186,175.93611118133074,15.748051723943151,19.519951373060884,4.67661492309535
12.910788977132714,413.89142367398017,843.867481892375,1.161890549861596,12.670293717034014,13.955209576985949,455.3521600990235,931.8897184109063,1.205146001747897,15.640116085053393,5.157041922380596
61.54396688351639,45.24938051308284,156.3844915676291,1.4357573841676805,35.14246099960432,62.167980383254424,55.10638529960544,166.83557431042084,1.7575527850339594,44.75313553189687,13.887637105994289
516.6882295502918,328.88120853467444,274.7425418417028,9.20976775572697,32.11082435371727,513.392757432287,310.27151181117017,317.95822426499547,10.85796451890892,17.535648187534544,4.172450285795739
15.236603848084293,275.6033237967847,792.5145437054351,1.774011307524891,48.95200986001456,15.707794538765969,308.1729571224377,803.6108346413479,1.7142335538375026,55.03859497590063,7.2675485115712934
10.932071113313931,14.330129708106748,659.3182645883311,1.9799244012688304,13.960987290756812,10.751889201803762,56.48243734205279,840.2714239295168,7.996684177061515,20.57294008467277,7.476933169428064
259.40895105023765,11.109548597634621,107.74899632175091,4.364985864545712,28.950424425407675,290.9592379153357,13.642722753381445,157.25151443044433,4.178982170812591,34.8580082214952,11.072638749279779
23.429332700185572,11.063432384281452,786.8934515958822,8.850364692902048,9.142286392878663,23.759330278569585,20.8440681978663,843.6409303249602,6.126411411254623,17.25767043080545,8.078405275110658
797.0971056213297,290.4769015940166,159.7594891953882,7.961616870561932,41.555936530325305,786.692341900344,276.682193116157,143.05212982384364,6.792973403181714,48.87949066944572,5.9685992104977235
447.03629400909585,677.6295763517412,12.154642805161384,8.979730767116179,7.560235258909681,506.74512952260886,372.90909039451714,12.224108076174524,8.073650877240706,7.939792205902195,25.482854853554286
36.13219378019906,384.73765862305004,114.13541825206937,15.412377557276994,19.259149724672888,36.4415698613434,308.3000599788188,123.51323764598207,13.833400358534258,20.925517770657766,3.778205516461931
47.583448867256905,56.25746522814352,182.18878301266585,10.230991304193106,38.92425485937795,52.86222164683121,62.64095750090582,221.50936326395762,13.022549536673525,39.825093509122425,9.524706409916655
165.0700305054217,70.0731244954548,18.56461057429328,19.961098772856147,5.43991037657739,191.9449946900378,107.10899849311414,18.542002333117047,17.139437478353695,11.889680376449872,15.461235578082386
14.90100889037069,128.78863007741361,33.58033146242265,17.5959613274304,13.330546121927604,14.506379969813398,137.2021858184174,31.07158013116893,16.1998508792154,19.152848798565028,6.382956315162495
164.24779139444013,11.327009272807908,113.83694784814233,3.3252698774623126,23.146560547054527,194.91277868322356,15.547557216025664,146.52829740013826,3.254869897604066,28.228983242886585,20.166183626265227
794.471669932898,10.11400040877086,82.34492296842812,8.862616864534711,42.41040108413631,852.9654717350201,10.300990117555823,122.64782958388435,8.139465768946144,36.41770684644535,14.315035227649117
58.17988202620201,12.822883467761729,12.386350992965077,11.753203400611786,49.86555174112133,60.79039709220315,20.789455572586874,12.793258719141193,10.047778069617472,10.648228182675691,4.579501276043014
660.4024167425616,51.330288166827216,183.73495378271411,8.449656107884483,10.369393501488416,625.8183032689218,44.08551315829978,222.08848558985014,8.311548877106828,7.973891532876399,10.105104591608969
391.48133401124437,80.35928364046714,128.93793332099654,8.403215067222995,4.600124884758877,416.55048274323696,95.94001706647362,156.48216538597472,7.453145449143237,9.903278754773943,9.331215627554467
134.27700774300118,79.01552104850904,54.29092090875536,3.089981216107855,2.559142898418582,143.08624879686997,68.8712044110838,60.523827817749705,3.116709152696673,15.397129227848048,11.16082663691992
16.23236434266503,68.2505164361084,24.643155041411397,4.227337425263637,36.324259696802926,16.658424828530336,141.70168014698882,29.669750045956842,4.80846191710693,17.367350365512426,13.086908926708588
18.436939643379738,420.8094652203533,59.52357333071614,12.559115464570368,19.712884831431488,18.39349563683815,357.0372524815489,41.39523508191311,12.192118608360357,22.654308266100408,3.7339470315390857
483.3774903048762,12.564240518532047,71.73751399291204,17.091435781572375,19.434530734721548,438.283459045784,19.95697574755775,85.64855644009421,17.49250940048636,26.873258677769268,10.984055306434366
794.3846601666278,203.9588744616209,141.84107111200808,12.044313564276537,6.404080780164578,761.4998138086618,178.49137643987055,142.2847125140881,11.411611176333928,13.221251723803519,4.732321634311876
249.9614352626592,245.18082643791314,310.6119656812385,5.108160394923646,41.27246223133858,234.35788480426592,248.95905116450635,292.42322699056695,12.903600397444846,14.465156246417003,4.498367067557033
251.4927933926029,17.116092047330103,28.849464079092435,14.910435550619406,9.18617492453791,273.16882758025133,34.04735021510299,32.189965139342384,13.43385635875338,10.685678379390607,9.044760867472016
74.57074923004762,552.7484588048407,48.5235304714962,6.096209150442655,18.328976203870575,79.35447966360108,662.8875802301214,44.72248459531386,6.422832798509704,19.919897508177414,11.620310151691807
728.332049621669,18.074189984218897,12.887208092227333,11.451749932526841,33.43355568804993,729.7325305079363,38.84875173219032,14.744240060209703,10.531021057889117,20.444976339671125,9.408309704175705
163.5970065817806,191.27688335352096,44.183211297393854,17.39736043748405,49.144386507502276,167.09638492942008,160.55421782317754,49.95286018965091,10.586880629060559,51.76977188530546,6.854275662343821
183.84806961215082,994.0105298685666,38.82385958420659,4.494754596911375,15.524813975664948,167.4657103139403,974.4808975900195,35.081601692510496,4.067882890048873,17.254864471287163,6.98326850133075
10.309888442575733,436.2191738652318,735.2439856869701,19.275154202448405,7.710666791334655,12.307892219216921,84.37176874739664,1049.717910896694,16.688878580168712,22.368765542665187,19.27744084845016
257.91470758473923,554.5998240351112,207.55936085780405,15.309074734154029,10.319686222205867,251.4662183895529,509.99150844207304,193.8233280353563,12.571924547199217,12.182853643254472,3.3962382048050426
77.80649043991706,244.21921895995834,608.5534911354495,8.154094617660673,43.72663013263312,74.99280594023246,247.93821490774485,581.4427285791637,7.65280578230227,36.123491234504755,3.8188707240703534
77.67725726521893,170.82145605527293,20.464770331249802,5.220272629474543,41.03637080561969,78.5723164822468,195.78883679183113,21.634015532988215,4.823824971333189,42.221397468836166,11.045313217667449
20.126863898185363,27.165861952252325,56.92795939766645,1.4435896496002738,14.095336693843324,23.175732770115413,26.263220432803507,53.037045411254326,3.332045104976135,18.869127837836825,10.831877521581848
16.851142652906525,188.0066316630908,176.2480617817579,17.121305045753243,37.01727297737503,16.059725998458,134.32044104923875,185.66756502333058,16.445630489486696,16.066613444584704,4.579493466477548
847.6790577579994,17.163224073905983,554.3076111311833,7.216060286831534,47.91255640185696,903.5176660420065,26.04434308943397,396.0396864489998,7.207738931515729,51.136109824273596,23.044309931665804
16.30157253297399,12.350940467068172,499.5912601394967,16.27633842828141,8.366228430642987,15.967336730401794,24.95285967065311,738.8573171917411,14.000800429904366,18.85655796682646,5.171902793704239
29.46558534271421,51.643774400725,455.5954506150154,7.165850239766811,26.845895838355432,29.93474376233253,55.76679141844961,604.8817413417656,7.270494371110681,31.6533757554153,3.4338493517448803
105.65045411621402,23.347717929114143,133.57939562061895,3.808622871894381,42.100564277782084,109.53019943677897,29.378213578987022,207.12835707326042,4.093574449870206,45.385623222018346,19.739018457566115
101.76002975671159,21.82259331352684,150.14882683911515,16.851678847541027,46.75587505497597,118.62439756707911,24.483002704711645,204.68738792217894,16.626546993937627,40.43815971510444,19.235123337741104
436.7880715250147,31.11054860988978,44.21586853749283,3.52737319579733,9.376630667224676,455.37631740294813,30.569569392796495,52.03604937251415,3.3284105984317596,11.133358858458086,7.6713247255796855
239.25406379808226,41.07679038865165,678.8700149600395,4.361809874353749,12.213197434975191,253.77695102486828,46.308747773168825,706.8959122028251,4.800019052264388,12.784268454922666,11.136706352927234
293.5625421175756,30.32865467542769,557.0997196034685,9.341427412713315,11.565840755357806,270.09320364249845,32.07158068633979,636.2297100513168,9.29675368684574,10.055009015986169,11.710721583684306
31.321265328758777,278.35468611402706,22.217234478047974,3.7620686091572875,47.08171134398505,29.532690290643774,407.41373900560046,22.674706854716856,3.651521534819016,36.48302263486501,10.195438586566691
43.719065899575334,10.661942524673808,192.94255144117238,16.299527663555914,33.90429746501636,52.674515736083215,15.548342359258708,348.7985297499243,14.493058722005127,39.72509619939315,22.40509030003147
93.91647763967104,41.10172334388311,348.48159843130605,13.110677521546977,14.841920167523952,103.24537951578215,36.9290384348677,383.5827504195251,13.077821208340781,11.316514699364818,10.84071154161445
91.90060779148307,88.38143292536668,423.7858474009998,15.414825488962096,32.33317511546673,99.20747833460871,77.52558804521603,410.8787763642733,15.151527249799916,24.287799336240962,7.073135400240589
49.78008924817626,211.66404079974708,25.77790075377536,15.378772619549471,33.44835576577113,49.70178549592851,382.22444333091255,21.941918924902062,16.132260699288505,21.804991936379075,5.6985292030306045
23.0582314465407,22.317606942567352,20.290566545260763,9.835470345018669,30.532497655386567,23.881481959645477,24.914319224522142,19.554188661072544,11.186983328772897,11.790300538425113,4.311724727826316
224.18223906083918,223.75437897408247,798.1360635647793,3.427753975790775,12.046586002841375,229.8755291298691,592.2419061868417,911.2447802543354,16.965668321527744,15.185832899709709,3.5396728135006073
232.31090748040555,20.425994879932773,43.14637008271377,6.322788538952855,22.423295178579995,235.0546223957139,19.48882216650154,51.44331661880786,6.030959091769144,23.743195199574746,5.177088289940089
61.28252777619698,44.580546604332554,38.91268645192979,1.40188808929742,42.758909149465104,68.14412986461558,45.10067393277604,39.918982380012565,1.6274371751263208,21.502409261882942,6.652719639366834
106.24560016807638,219.2800100520348,115.3749602796,8.37040178671742,15.994017089995495,108.8211460411579,303.8482842277036,105.70377461812868,8.76014551509701,9.161079852117085,5.470137796646016
960.243321679464,438.5859014356854,14.42378641089257,14.684853878218902,7.737418760733553,850.548820332998,93.38861385187546,13.808609427059292,17.11199344286932,11.988610326738222,9.765832353892057
31.210284916580274,180.2291289389369,69.2541810037698,11.242285241279436,19.87720082364756,30.147374335289825,206.7346522228162,76.01092744873999,11.160038938372942,21.02848773318148,4.6667758918661635
32.54874302667676,31.469687966241782,146.6830583947753,5.879662941537298,46.89598395755931,31.98882507996732,32.01810952841981,156.65037253241553,14.264394831662731,36.54435728905295,3.46919018168945
12.726252370512471,79.51169122717796,87.00847228029629,2.6015185150812474,17.1673748760586,12.520542539164854,129.20996157691934,105.69929163448106,3.2049766422829693,18.65851834179216,13.572713747643098
45.9215174174195,13.83042390176346,12.386518171369799,11.142436601708072,43.221256550961115,48.03728010727766,20.57777002635789,13.049991210082544,9.152685164330824,12.013301770653374,4.124136527204617
40.237425206326336,19.11312355479722,32.54243843555863,14.16586580084018,5.797024811259281,40.920851072071365,23.285103212467842,31.746481113604208,12.139759989894277,11.433633920466995,3.4095916175057486
25.97291809985697,222.2186277430294,326.07616922643996,14.714617507940158,5.421561659197559,25.725826792394145,280.727500714299,282.44343100631266,14.007504909059612,16.067070132854347,2.9087056076834767
118.80075631010513,203.12496238355624,544.6602842201335,15.510207777475578,38.956426350599095,123.35862035759745,201.11017268013586,561.7067963569442,13.058448315695543,33.69554601740349,7.3559977410508415
110.32998657527865,18.520276977210436,12.019524328496336,10.25638050604129,16.686978402589016,117.94072141056202,26.871885088899752,12.778805634975802,9.025560518196963,19.378706894024173,10.159339118175795
614.7339586257398,307.35155961658813,142.30950585570838,4.288145177772474,36.92703297586679,653.2391661733951,319.88153415500733,143.5949844028331,3.917193654195958,48.40635137417522,7.811855943619722
121.49483469392885,54.230151945430116,74.16858023280118,12.429619175536246,17.05571395364083,123.70739194907426,43.76018002901743,76.38610907675121,12.270867733621477,18.012427499405195,5.030539108867126
196.09104692415576,13.772149298015924,11.038660808299076,10.581349362459802,45.531208098652364,203.4824960352289,29.086273352205335,12.00628409906988,9.155519793821135,21.20613783288892,12.444956142357574
41.798506582116104,369.1768942519977,45.28221587594442,18.496742541679108,14.862409973926527,40.51260517507202,290.4158418387078,55.1449602547683,16.56891278530983,18.10514138222351,4.445934317151252
111.5915470167622,42.70612576492194,721.981801341866,2.9717170753950404,11.139509640023064,114.91234645625639,44.381455221116816,688.4391412615306,2.3990969997252245,12.281325802949757,5.304238037284536
89.39031059202604,177.2557759653819,73.80936467928188,12.241647400489466,44.70432724216859,90.88585103253786,245.6826854355487,85.71999573676628,14.754811112467422,25.34381313810994,3.5594107130524995
250.03027533125857,89.95538456666348,246.4091594831977,17.207490762861813,38.307765182434785,258.26274459117815,68.5626694269782,224.65818912425863,17.428168930697268,22.495401537157818,2.503630507185798
46.14713546303315,336.8110200897951,24.831006758540603,3.950249524676132,25.992345402605665,43.765755886792064,499.1969140556016,23.16725190443436,4.078811241039875,24.707996994847765,20.396125947994374
313.6738639255439,405.19519318667363,37.67257252757496,10.716320808344387,18.54073283816506,321.76004630263327,617.1301855764935,35.99616789998776,9.87119483402471,14.029451827614094,7.982569736893419
609.7665835951705,558.651367145494,837.8517860223346,18.639135414494604,48.847317355344146,620.2352178396543,418.40928259927875,715.91271596201,15.135188371021513,14.803355942950022,3.3172889630909514
50.81339540739926,197.1286355393822,14.332697833700452,12.86789592000123,45.85874840345854,50.60802441081763,420.71156362183694,17.815069130906956,14.093114192603101,19.78534139905304,2.5979612798906904
24.777080520219545,533.4310162466453,346.2423934325273,6.886974002648185,8.072025156160406,25.574128465460213,300.99337660776837,372.950096810511,6.175780500003782,12.509100436558775,5.787105951683494
58.92352903766893,77.0040557208683,317.35781537340637,4.158836424757055,18.63451138533361,58.57587481798879,105.50581414718734,327.126636015041,5.699439945980691,23.209030253464455,5.636598066409489
358.69357586918966,748.612510496351,62.932493898521926,14.098987602318399,14.990181683116473,373.6194619650738,807.7181827127945,55.85170217064527,12.749827429729299,16.339926409521645,6.0472458577849535
156.91029477631443,10.209177536172232,442.63407430367727,13.481513683419255,2.756847495886974,159.58734455675776,46.38427786740494,430.01154666344996,11.081270432160464,10.40357763670043,7.198948147195673
59.390963180086196,74.8364869712785,108.4991706295499,19.899215959425263,9.326300416257807,60.16778906352579,69.83874951425211,117.23614841480499,15.690415556616584,20.316032391996114,1.7958258939085672
315.13416110367217,542.5894803046283,90.0003590853614,7.484668036204942,28.462341294614447,331.9317804815703,715.7785237996019,86.1273204318921,6.188446316054511,30.15857849689934,19.102545474542858
147.29003144220917,241.18065786163612,527.5527021744923,11.418588612095347,43.93403642541646,147.48965537572542,205.69716437701584,591.2838382938944,9.533706455105687,37.14150782030638,2.2840444398284063
97.75393366848931,402.73711634452553,10.488967997862417,6.645540955846946,10.557859647079,98.57785404320917,545.6831210035133,10.497026642941458,6.471221508254546,9.061074066038655,9.3613234677209
20.56585489144192,56.44863893445599,734.2635136749395,4.988163542190281,5.288556723117521,21.78131917679808,256.07402241229505,873.9164222224136,5.980688592388509,15.694802023945446,7.0261126671883165
365.8618069699791,470.18634893839805,180.72629662731654,8.282516276625294,48.16359135167685,310.88199727237776,549.1156071981645,218.2209578238811,9.428843330787615,38.14108611921936,11.573020255591034
128.74671090216313,13.101998721847016,125.59856153474735,2.564723979939658,33.45133355597739,147.07470336554536,18.456499171210204,256.80434206438224,2.435407046523128,44.28116824263005,22.532346638088132
114.44539436250025,886.7548660214754,109.15827676031324,4.43055792859699,38.974698098423644,107.92629807075743,972.6264678150139,81.52836347003175,4.4096600341145225,40.202943760434565,4.749577758554949
325.25258115964886,50.37576641675939,46.35403231532853,9.576590646874529,30.86678014148106,337.2143965088687,73.65212987549468,51.540897148134654,8.263519333624014,17.14823848183476,8.328339593762609
306.99239311771765,392.8848827951803,450.57892384138,2.277080013182537,5.463520710661241,287.9300285546491,572.2804770957408,491.2746697438271,3.2693421201891186,15.337298417649233,13.19933878919803
909.4858908326527,137.88225760865583,163.10535113251822,18.38752108751663,47.52329241019999,826.497736373501,186.46274899730773,148.07591598408786,16.776023248340685,10.473558927361994,8.171394683848927
237.50484309954766,24.67324836029246,88.78278132056096,6.589201713816912,46.8397292045914,228.60319551741395,26.201832256884238,97.39593626243358,6.394918874606006,43.81851002743564,6.825109707431669
76.65927899253394,18.848186493803137,10.206998468737622,4.666514393589032,13.322828200737959,75.90991789266435,33.12637211862318,10.511554963092314,3.881754526814054,8.33706316161699,6.5535094422703235
22.38391363790248,51.69779561034441,30.602894412670015,9.63248037323124,49.08841140462592,22.60214231351626,99.22987248522551,33.04616176605753,10.920772243824155,15.55059717784289,6.874085734793465
29.315907009174293,44.84443943075806,126.38241630283906,17.223993342825196,28.23051322445067,30.574863508956362,38.715455356280266,142.7963899837433,14.439931665029972,27.31236427252388,4.3732156168386
115.98941025071012,561.8938176577736,16.827753120318945,19.982879659433127,23.716199453450123,124.73694051723554,496.558180802726,18.450106536409795,18.417988054153497,31.834323173887523,10.713743693748945
66.9406723338195,313.3900961636477,12.235347196981952,8.331544884405876,5.149120200195126,80.26673809505616,222.18376143846925,11.927017290469152,5.985378412152627,8.894471650918375,20.69281379862507
11.251083687094269,183.00141712123008,56.536217164069015,8.570489053502294,32.597476776426376,12.017875983829594,278.0029757648398,51.68509205938569,9.344024836397528,22.714776355857072,4.8570605424987106
332.3074756007992,928.5236239425795,11.42845792203046,4.72519300361259,48.28399067742867,267.9415164287689,965.898388758248,21.67560368174207,4.420820169068233,49.878748780303866,15.64010189298821
111.53260134459737,12.741753639695,45.49729230038475,11.076509723761413,36.40671845186724,114.59699345840154,13.445248295540818,51.765612413885265,11.76834813495407,37.267083238708004,8.106564106376537
17.866229122046036,126.27045229337708,79.35772056914803,19.98637220776814,28.368834488666824,17.36965663550413,95.46522910286419,92.27030494939744,16.973882854586204,15.262733734821733,3.526498430555099
386.04336417636847,40.7176965549998,12.291661923817307,19.88676807897193,16.56969538097672,391.9307299548187,140.64950779260573,11.731795529627803,17.48959460741486,13.437643378622425,6.051301772062341
13.474369717043176,986.9432376333767,722.3192665328842,15.202996931858193,11.649240092160602,13.765325065574961,255.47565643177856,763.0552868100845,14.369057745397418,15.450762353840696,3.740407592457344
43.769629586472625,81.02226172462879,46.56242028480187,3.1774162237625783,17.575141779112098,49.258253103339335,116.09402341182123,46.75548913968353,3.023393358750333,13.143968740838922,17.924958357522495
185.95234346645617,37.35897800753605,65.80127147233627,7.768321687339603,36.48035674836637,188.34089591910808,38.91460791171304,76.52775541787582,7.38076553998276,34.26162795957812,6.970719632277979
646.8048470474952,14.646585092353519,130.49909818449237,8.554907279693605,7.601052352497933,621.4147621989904,27.433097973103678,158.16759799975887,8.854493312963603,13.067111685541446,10.500474893839765
175.37358842392845,842.0440650785217,390.39940997216604,16.51650835118273,29.613066526433787,161.93000978070123,775.1049228565468,448.9892263299761,16.737546701824463,32.96466100574894,7.247135666167627
67.4590328307034,37.71559021118051,381.98990105543476,16.216115709927184,21.72630963447266,76.92027307735357,38.79305318680371,475.27963177645915,16.770130829387533,20.096842410678356,13.16134601660657
17.690149784719463,10.661530843979802,24.204900406151086,1.3816900885242371,44.14134044064511,20.651143718583278,15.911221828970584,31.07914239459884,1.6033445276592253,47.80950882186384,39.12183211833879
342.13511870923105,161.96230654928598,100.97978085157716,3.3705468055278054,43.08848495446385,370.3841856112785,190.66170861021385,111.7206398740432,3.593742674416763,49.70436269631275,15.290235761529045
49.39614116785104,461.2357568996881,22.62283850866295,2.428041173927237,42.627657670593365,42.41167227888024,615.5921332445758,26.634548179463277,2.2906054994587044,39.71102255474995,16.226477883209842
27.852296452790796,130.2880073166228,388.3796957121643,8.786337254875278,28.780819369248096,29.382128118330396,121.11942076780629,368.79356915994794,8.453798611615078,29.671401895166465,4.48299626946288
67.4325033892652,203.36581512789465,19.837040537359766,8.96974664776544,34.708443416273816,69.2143693349827,318.49461097177794,23.769470055540285,10.005411382740682,24.311763330907937,8.80976950293973
445.03792116975484,494.42794331059156,738.0696502225536,3.492006490830356,25.66735240730387,448.8937233685968,556.3464812308963,798.7391357732607,7.4256860037705,17.76955227537477,6.966719499312288
14.961877936962534,190.43361974141698,343.71655569452207,7.474299291376367,26.085150885116306,16.50411809597373,120.6337839650785,428.5226496636498,7.0217868444786555,24.293578329667756,8.294622552612157
218.92585213393832,55.87387740293229,10.102234402736995,7.664243623376865,46.949603232467084,276.54027865860974,62.62517449136133,12.739708102313497,6.582849822106812,50.60880888593404,20.272573428183378
49.34362398511457,46.05720702577718,461.8716066523619,9.668088814446056,25.686038117615997,54.30064571185723,40.05619945730541,504.2605475512388,13.542714067186317,15.843371318640578,11.6380768510257
11.58020225895475,27.410322610310637,915.5578358872285,4.333230823060937,46.14588443412471,11.749589763644874,26.22542086047166,979.6307587796892,4.4046405261257595,45.275150918837,2.20282592503241
11.773182331553299,30.832492623465313,90.41850336936268,10.645965426394893,12.443618323588801,13.652880604558925,54.57999231573628,93.24563497069649,10.695960861056722,18.49037851020841,17.715588691391435
436.4956254342532,240.66316619870653,18.403600463194906,3.1695036772258827,39.05226252486271,431.5511817765157,261.43760901839204,18.756576357895188,3.124103887896864,42.35620554253909,11.387202611283692
190.01370702828697,89.11607390380472,20.486378958780836,13.034967658456965,31.696664324180784,198.87508887646567,95.8331736375331,20.89658864898056,12.813321167400638,35.47526350802916,8.357828587271785
197.45016680649385,26.4432289773113,73.09050476015098,7.78337487012947,48.904519218103346,194.5556166383198,30.447929528828755,80.82868316144652,7.444199852659482,41.60074107111126,11.933387195149392
16.61441395550882,496.0705352366348,19.23782595459436,3.543885365059789,20.567482917901057,15.475042342129905,542.9026771072284,16.718804726577666,3.3395365527009897,27.56893607393563,17.348431675351925
220.4754863615237,444.8451714218278,745.3604189660798,16.13644218315059,45.00239176800221,218.25343686947107,302.1528971187134,663.6581873817466,14.430498457415077,23.822786410648085,4.933577106318347
12.502278371946382,24.22302896543621,10.199188566614428,10.579995731898462,27.35909098727626,13.155670088354341,59.3486888295663,10.773719448393297,13.01278754314281,9.08745265766961,6.6248774525198355
422.7770126888834,76.92167228016508,18.59791762176366,10.833386390873663,10.641948832258388,437.0393964557397,54.688632600557014,20.354192690009203,11.162351800302936,18.822352092465987,11.829766018524802
317.9395042486932,46.061939593622924,20.751024667936015,6.02854718500669,4.32700816150604,332.71693551351694,43.98142002995193,24.377075466967348,5.242473456292703,11.357969332913795,14.834912328726057
27.07147733697024,44.29383860935221,35.27723805441636,17.469375376086976,44.81542669872967,28.603423367616777,49.264322197484205,33.36611117872241,16.589747944564692,21.296029317942903,6.20961017181857
333.56593012655054,120.66740933795187,708.403294320671,3.222025445755587,47.96948846389694,387.1040875150817,154.23205995975937,936.3787738496314,3.3741985823475784,51.50761905166423,23.87302238252179
21.10376148790086,46.21194737130692,45.972923334375466,9.629401222343116,11.140136223984777,22.960443790773926,58.49346790705925,43.38229324597262,9.648813530310761,9.219211972435879,8.730811042581228
66.43644021213686,216.16918052656882,81.93910136865662,15.315750249290495,3.5159038732639285,67.7761051155117,123.88863617455141,77.34285968123247,12.296310086437227,6.097110194910978,3.8641379856207414
949.6781168841991,833.0750498579546,840.150675672989,1.3612068720803343,26.757058756338058,983.9862395858665,744.8130902530775,886.4471580631077,10.839288268068582,14.532157732895945,8.336244165846196
892.1840554516453,481.62849669884173,58.07554557602697,17.89857626194211,25.235139546347163,765.1227274723154,525.4880334687939,51.7277989792198,15.987282693297873,25.870290385697263,11.48374855573613
20.23667719448937,40.654498603280935,425.96338136921895,15.937780513662005,22.903942349266316,19.775998222146928,54.16404421839398,535.089864820207,16.83619117243171,24.902310480706912,3.8178077899766913
180.10095113739237,777.7495906725912,585.8255555137658,5.140612590227594,9.369243256489826,158.01666551861868,696.1621261516517,641.6143330876872,4.8349258932589745,12.011182372838974,8.557303944952832
114.07094613386579,394.9992513539008,158.06708437049699,18.28854357281483,30.70609443752578,116.39259397771008,363.63451456793723,170.00183764154784,16.450719399899025,29.009972822989035,3.8893024756605903
51.170446750540705,89.37259768950435,27.01783190947648,3.2761345068544125,18.887038627558663,50.6898046339141,116.78941760088735,29.796000821976083,3.0187547878367718,16.323139186827706,12.296597494746427
67.58978474612776,33.83909151570103,69.93174078221763,9.488972577173985,11.931572988801141,69.6727093355041,38.39724709916407,69.66410464606432,7.51679049502805,12.155404278008582,3.481679839143123
18.608852283265545,56.17917240180323,62.67574699854442,6.075922691190329,5.747799098208549,19.72124175993554,53.34138151904508,64.75396512402573,5.641393334964076,12.747937596493779,5.347019221491402
12.244547766684342,27.78096289899413,78.1524147286488,15.76991746865069,22.124202727180993,12.177000294022275,29.41904650559617,84.18115806751798,17.106667986765455,31.79422689594475,3.47743613781625
155.91582560151588,384.186123417077,320.7351422546854,17.95828840110666,40.677089520430464,148.9583392113747,331.07750876766295,346.4705888651499,17.01247985129958,14.014545592891096,4.220645107079366
235.53127973423105,54.33955193710063,209.28464596023483,9.005419565009497,26.090139334207755,251.46646728845323,44.04945506329242,221.87420816538574,8.571832918962027,16.308290547897638,8.538921576459076
47.76343562721983,823.5366402664318,129.28371439263287,3.5265296367661394,37.94145783281793,41.83944077800472,915.7536051759565,114.69526623053414,3.4263431647290017,41.0657736396635,9.240582805743843
17.61674851066861,97.91997977480095,25.537751601536346,5.932844893370454,42.21192208414393,18.857292176484773,216.9204874681534,33.50593612610526,7.034884723718147,16.444777642228928,9.298727701870115
11.223012838341095,60.46786692004206,166.67368293982784,5.038732955647958,45.68615034541719,12.345116290843265,69.27285976074675,194.9120146626211,5.11333774398044,38.85691456408588,12.998797507169515
35.87272797656261,443.45707695572327,93.83446002226499,17.20144706858543,7.193543294834101,35.01770893264769,250.39326564589342,97.65787705955,15.747991253416373,12.347202484363068,2.837517399972731
19.13423288882263,63.40345553067703,843.5663898482445,5.072224287088102,10.388257422755036,19.10069870244869,150.39102018540427,953.2305311386378,6.316298701710598,17.377869426996067,2.983150134622069
425.17611467104376,166.83817059753022,169.7085762344979,3.959423970756761,17.418357717137198,440.2659913966596,191.05273084781302,191.80039365612555,3.4513972095731478,16.668298274932393,10.042054375034795
346.047519144903,741.9309604784421,31.149970189600722,13.195724426684492,37.1150522087241,314.15237627460857,1032.3549188872068,25.504540809372198,14.439829466799514,34.32674379260905,16.716862740615884
297.74693156793046,101.17841180898205,26.10777820606405,1.0287005721437268,35.93331027218018,277.8306191535115,111.98521877048894,25.51906841615576,0.9543139218608071,42.71126948546115,13.563800082447566
687.1767708615046,12.507918280299254,954.0301330594029,9.944953304039926,20.29646174349457,663.2360828232576,18.474335183881657,793.4533196241972,9.228268919894006,21.64883667891286,17.367983327521575
472.8467666791051,26.42384853481795,837.1815630128028,1.2499883730979895,40.647139047051446,568.5422507050283,40.60570671198888,573.6316417450914,1.133575302737685,40.38987876271838,39.11340361378715
19.48345781027786,47.210624083869035,19.640306046831434,6.447161368056998,13.481812100027426,22.307208364271514,87.61001151388193,17.29674751916879,7.483599552001084,6.981884561658127,12.16822890272893
110.17957544581012,475.35392171136874,753.2011167632518,7.338478687213754,42.738019749566966,113.0510874008831,468.9137651658835,765.1614808639117,7.452886807321822,30.328784901465742,3.058254412691157
13.739579849189028,318.74804154341757,363.13429866305677,9.761657236670075,48.99815667384197,14.86748224237092,150.95362812311902,442.7542486736573,8.688498734590269,18.05763655359369,10.68853654400983
19.840584590033153,33.36166698595647,42.44880152720952,17.779760377180935,31.9442993181154,19.51077428330197,27.020096160111926,37.07168255154515,15.462422810825101,17.830618702929897,4.084068096722285
230.57154716645948,779.5764993261671,48.75453978446597,11.56483977534521,40.149912692665424,208.7889166641971,969.3062499915549,48.63715598294248,11.560494148960563,35.38985929558257,7.287466688758713
56.78078730830852,152.37916512714486,45.75804607900648,8.420039655138881,29.8912581900138,56.15607102987187,271.62419732576063,48.849525827604836,9.14506361527042,19.48359274050528,10.18855144198563
291.5414878171023,51.63106581532017,25.678887186349062,1.1529729025227642,6.076619371169151,299.13939962578445,47.95208465245784,28.451399058764455,1.3568901462032208,14.789030819772906,20.578991178897695
236.47761851231206,14.28645453006929,114.86828078732768,9.194098270890674,30.176643938569338,241.48186648683458,18.2214350036436,143.36538180141864,9.240795706829458,30.564094459429594,14.479496799043275
140.89836637747933,249.3256435179348,40.02796587753836,9.66339968365057,39.10079403506575,143.21588026641024,433.393600890403,45.24414801555816,13.228759527155086,22.586372969738825,6.737771132241098
478.6444440734465,130.67611435279872,14.888400529734472,13.803125330807724,23.231654340107845,469.1393172634084,116.94993545384496,15.183245994483126,14.641327397126704,27.769067983614853,8.254960413068485
81.16649031843009,19.68440315313602,432.6796015101907,5.967282042500677,49.790070156986275,88.32201192902512,26.25451438009912,594.4369373824155,5.836448612130195,49.598760514581,22.485518920086133
69.52215947070701,13.412035391998293,88.02698055238496,11.286243633802819,7.606191464073559,70.71422042602413,21.720800368463607,95.63801665246639,9.374425050156598,11.033940289201007,5.881691158300322
37.82808031160827,304.6619633983267,564.9187597577564,14.130150737422964,7.343144090580226,41.39654927314942,208.13085729006838,551.7119713898694,12.167790734988639,15.589556413473083,10.513292561043395
391.26308284605676,104.48474389833969,32.2416927394945,7.904604428091802,28.497648172707333,397.4446035620354,109.28560585787646,36.399732524309016,6.8509879111746805,34.434221030108304,11.059247421270518
80.00015533162083,21.88439020326767,43.97782052115892,18.597340117955167,31.32095370027684,87.18387413449523,30.20220401667347,46.28593005885778,15.907338084549982,39.990551239131236,10.302941513518482
265.84538727675607,957.1831127430099,12.069093718885291,7.780645599777101,16.77943909067406,273.38820371182675,819.3169976620084,10.227993717277203,6.1843106391874265,22.03033577095814,6.848250867962941
145.4714625165703,175.2733300356148,399.9128003785589,1.4614905199205928,13.513185276147075,137.50685482607983,246.66960690186147,458.8443026652612,4.042636672303656,25.01014267888408,5.65378303971298
550.2849018382774,97.49294528998439,113.2267128537246,2.7411723905584915,17.516665254550094,589.3364917266668,102.76851958175277,137.95171281742617,2.2445958991101866,10.943005107717452,15.147508085850456
61.14725026480016,682.8896410702968,24.351241251666455,2.987327553047288,48.284534394689246,51.069832491833864,1094.8304709618126,22.19900556471995,2.8991846605974385,41.51608201085047,21.023265489147395
54.04297869552134,95.08389692491565,157.18015971313258,11.283070792851932,11.76651682993491,56.9582890904594,123.46332679201939,179.09044074230567,12.1844790572203,19.518699017520294,7.2869024302782455
259.35952101973356,424.0799353496751,26.207635966772475,18.612521376566047,45.02344576707953,275.94933459248824,458.19604735850436,28.878083835963754,17.33086013586158,45.37845519043431,7.790447399729032
720.6796023752986,11.80284700764438,111.02060000636365,8.683801508107644,31.8367244786912,788.2976536057259,12.287635763644476,143.22882890459633,8.089871595520721,32.8528725577914,8.377710692324996
431.8727977323457,28.556165483415043,468.0291599392862,15.501545489071361,2.195502579996301,415.48411678824465,150.51350433232986,463.4186361050058,12.480169794340474,15.635888796338996,5.668499738034534
479.5427957250323,25.15087638721547,20.415729862804827,8.378069859455945,32.2693767226258,513.7270062443029,43.5044596879526,22.459973482835156,7.278953567342991,24.7819221480483,14.250197609784157
12.74459662066529,252.85026981063592,12.985298907730078,12.438418324875283,14.03315214654791,13.013189036942084,205.57057893797486,12.625080649988705,11.363907059120331,23.029169409642467,10.278014697841659
102.23108399470564,659.3325062360586,149.36466909664819,17.155211677840718,18.348358188393163,106.90035612869954,554.9266010928259,122.64191154064304,17.223192568274666,26.51012179006826,4.0453180723949735
14.836505651678912,159.77037032657782,991.5111863172294,8.12033765146992,9.821362041260542,15.236021312142723,238.86425382589184,881.8448496087943,7.156024065060777,14.714842189559185,9.950059568814915
293.0961857543167,763.9934692578637,21.948830520291946,17.156042943630993,40.505802153200705,270.6264098775591,928.8374875698476,31.559056320759314,15.850864293180535,41.96267912898975,13.702017837935626
25.172841115102813,39.557015781351524,112.32907878729031,1.50788060609964,5.747021605082834,24.36036436833519,79.33263744591335,132.07866441088888,2.969331541496354,14.59995538716056,7.262862209426375
81.721705138292,13.59463948138708,70.36135527790759,5.489558174030457,40.880186486894736,84.23801309707119,15.175116728496295,74.05773660216776,5.094001240708633,42.14116741343154,5.638590644210324
533.3838782417592,207.91639759818528,16.792352925862186,3.044751346786072,38.427698743396775,591.650409979549,259.8993634391803,17.22269134162304,2.7693517081868513,42.270373438202405,22.665700228728937
339.98763539957616,258.2383420641137,298.8291493806722,4.978932285292201,39.42486240996688,351.4309377189257,178.09685592735786,303.35180973466964,7.324878054767918,9.381298156695701,4.107479228215164
24.802005998280386,608.7018101096595,749.0988510732759,16.43745154380537,28.844949342094043,24.293562189825785,253.7953161204436,851.8355798502514,15.658365972476721,16.009258830313225,3.2499629223930024
21.06527951193066,143.8319626849336,614.3281178010478,14.978865096126968,6.616995566602468,20.600021374092798,357.5743078611883,686.9235123329208,15.468595023835656,15.454462917231583,2.7035448821982233
932.372272794014,97.03120199877335,248.20535071079706,12.793018866728067,14.686057530594928,906.8196198168832,78.69447526773982,268.5321076268333,12.379236993692611,12.745509302184864,4.4224113466651245
772.7546622071474,397.5171117379491,74.48799439142554,10.579421987111445,40.29083997030979,788.2818094453556,422.9512051575254,69.45305744945749,11.044079328040917,44.787850666161795,6.7031564365316365
56.533235556515585,85.4832758516876,15.238973463412739,3.6377571711088375,16.08703809119927,58.067272799487924,99.59720235018057,13.699526256449017,3.33609775756686,14.77878878289334,7.961104869418749
512.5456692956174,84.79397399361942,233.96422416319018,7.329568206473728,11.346272324539788,488.8339633727023,50.10317958932995,273.4762224473594,7.740931432143321,6.822244785291587,6.722650234679659
89.82704634336923,170.74275467009497,123.86067944761415,18.188001809979273,37.167604667154315,96.78578283542637,149.13686429067081,136.5147619447876,17.033530339796364,11.536636630159872,5.780413586406111
153.8760478443344,22.715634642821982,130.7474789438194,10.781314937669714,15.728150873853188,151.9721131473041,26.31361852372467,140.62674422878013,10.340647664869438,15.493308716360175,7.344092047580486
60.89995635873343,15.94961357048107,738.0442209901822,13.39354884798664,6.551504062589362,61.54930283474627,34.240146999782674,937.0969829570727,10.582684539391645,14.305968662098554,6.395891075084574
145.0235568345201,129.98016533867843,94.4184636770736,12.563636468756615,6.030544197251487,143.05208006843097,99.25999595417754,85.91551226355473,12.894771928204328,16.716492574727624,4.26533207645418
431.2983316496575,61.330447388791214,793.7013968066808,15.56290198299129,40.60554010680675,426.7026074173644,46.133017242222664,680.1071172821217,16.3768569856203,23.273180423875345,8.571482137003345
169.11279582488064,12.844221185541324,15.5124134645239,7.675768673147678,42.448914699973066,188.0262837906958,21.824637118125732,18.699148062085104,7.281410384449836,29.677596417026628,29.97416473154611
127.33789370337824,742.7639666894833,547.1359109325349,11.952166958830658,22.067375006658796,112.21980905160943,615.6763034458146,581.4475851135559,11.328049035326927,14.825173924634598,9.309900312008331
54.956614665313985,23.26807807575407,892.1473948660738,17.324479983549832,11.375694418332726,56.54467599079854,38.90263840486626,839.090107423645,12.083424524549308,18.231525750347046,8.40736141366911
100.37591596333102,636.6623726842469,149.5855811311177,7.418180130689016,3.986007982583956,86.74145034341164,358.37023277039947,136.2284408793123,7.6633797167871345,7.448812027098909,12.614985254838492
37.51181031781061,35.37939961714992,912.3979882314969,12.046317563288065,35.43114555028824,39.61284014981731,36.49671224351556,1028.7704260679557,14.236992286859614,28.766348458718227,9.532422468408106
198.44863826388277,104.05458661912428,16.245621201622992,9.111738397546203,13.862546687045414,207.57194656750056,87.6608049335609,18.169174016765986,9.309449028909967,18.812229349228566,11.293591659048797
266.006159148269,576.6224403266958,11.381436034682633,5.774179443811956,12.664298376176708,258.4295959842031,666.5265691884211,9.731733924480883,4.451486273223496,12.428375299015011,9.971418440009831
63.89223071953325,19.489942246098757,121.72416249725876,16.001790610868298,4.641544281627905,69.21989060384807,35.19932689956526,125.36406321695459,12.246703425932525,6.847791314803964,9.708314793086805
16.842136935416363,571.5289544329972,31.694429840728063,9.242264154459065,44.00900506025393,17.732405719556986,539.6133790188667,54.65893598953049,9.310944797633649,30.870194459800214,4.928595146675085
62.16472612263489,289.43964421913444,34.84848287619915,13.00865787880467,9.118015347995762,65.86051632217377,323.99093068773163,38.02191637621405,12.202939831148782,8.96383147495595,8.219594304942717
619.6316980314384,147.28915938335498,322.10803975358243,6.598691383324384,18.471847896477122,620.8056500916455,132.59090248372354,388.2349288683204,6.762862800570103,18.05029434941488,5.934341151580166
124.94978621975234,14.566480692082996,13.77533624636744,3.8013092999135036,40.90387645781716,131.2643828391705,23.268509532636696,16.60395733031543,3.5842096255254847,15.535967595308458,23.04763845819923
250.23337304175323,41.041525035967844,803.2756762883164,6.737865943072732,32.45310253848821,254.73228115128396,49.17496113021096,1119.8836465062057,6.428211088646283,35.4536215128176,8.15762853538857
999.5004057103156,11.907938567144248,156.4487457206364,12.388737874400407,27.195823685578617,896.1661339257521,16.017545693182196,209.556500748435,12.185041379236736,26.125963543741847,20.11251885446943
943.3868628679619,202.6602372666529,235.00010962487485,2.0473621823607706,7.0386816191504575,1013.4740770963019,208.48287240682276,247.85873601504989,1.8467886162162384,11.106218484062829,4.205142816787583
24.66150387772779,132.5430908580967,922.2007118074824,4.538822308162272,42.775988758696975,23.30135683692719,129.37889498305438,885.7114332667933,4.638922384431017,43.16704869202836,5.389810291569428
124.95678194051973,44.52052236231307,231.41984295621126,18.654960497594764,8.13938113505631,125.14627841994896,56.56261183447218,251.36183163961957,15.10586503289422,9.87200263445597,4.386518055072004
774.9593626393355,32.800351612054925,106.93629710049268,18.23170510183866,6.8614661644810635,730.8012279133808,75.86718631149617,103.35491041801376,17.260518183156382,9.90045164638623,5.946307068954844
27.301081586951177,566.5163170170567,130.4692952397597,12.46010598969158,2.9951208653633348,28.101538913467888,221.85538024162838,123.20075237507534,11.397765823312627,10.533249427888727,4.570398115943383
708.1036715878898,472.56506658303357,74.47616602792411,18.429158116608907,29.013597668650768,658.8942224242414,505.22209639794204,67.0061258658962,13.958509937449463,32.17320848081849,6.493909401121509
243.22634444254612,11.648773501648204,74.67535512499596,2.706158143748215,24.18089620992174,301.2627411065542,17.274848546226565,98.27463208571324,2.6446338280361337,32.90123379193479,26.870028576069384
81.30820948470907,12.039671946143134,467.7349184588769,18.887862896408116,19.947195162484416,92.65413870993869,22.49114792165017,696.6019167688141,15.990990546738074,30.973241318044135,15.80168964745973
29.40384861173869,190.01124777335886,11.120005769852245,9.387559799155373,46.60091039146141,28.353121870727392,352.7273686924271,14.486758774366733,9.917330037940381,23.986841639675365,3.2493879981549822
82.97648897460883,64.45147056116788,156.4942360224153,18.23869195436533,45.17608296961285,91.25890345301715,73.99612175118558,205.00194092279946,17.362755994485227,41.13590806568536,15.032571895349514
25.734801273604457,373.84363459752524,307.83470944452614,5.665083414747258,10.289408739571979,27.116506943867897,250.0040642365317,359.7229158830446,5.332250313198712,13.563935511389982,6.357455868283168
243.71114260527085,13.96290061229354,48.53265741860577,17.47265845481184,41.89569777262361,240.57154149632566,14.354021882584892,58.2131159375686,18.10043131906172,33.78642235400319,10.315957381909461
26.2358310189033,12.784105246347787,295.73321895161047,10.049883326804652,28.474841680802882,26.600944234009596,17.019927450824763,642.6456616550486,9.533732680036735,32.28132254981773,14.032566855256817
59.91439445319989,119.91734383186659,201.53207188592933,8.3922037003442,40.21929938463764,58.19727077373806,135.49898599066717,188.41102347996127,8.796156532811771,35.6386217688172,3.191542296033608
10.467294064160068,38.33308310149382,31.08758939697852,1.0359000597937196,49.36986311203047,15.528664724237094,46.925148730901405,31.96071438418566,0.9924305498216164,23.51139591318782,30.273354889692577
513.5588715384018,795.6727710851194,26.68179543370381,5.612151801484969,48.25604365160585,475.7716490746058,818.6134701394944,32.20300732459141,6.113069784517005,45.45016225265214,5.423132170504371
16.032496852893807,371.9614251123379,12.976032051827039,12.739608231003944,17.145537706692384,15.749777916414635,304.7678544731247,15.711938479677183,12.398495703570244,21.72811291724667,3.907678759979845
198.17330801477357,13.63472448015132,22.98948103502129,17.47964339588075,22.730197344119297,216.10523529062965,26.070156299401,22.297673778882693,16.54809661606147,14.299068284985351,11.906106128545742
22.200812590429393,39.72696986139673,521.3747643050987,8.975050725379536,7.212771818895863,23.64360709101716,248.777762843942,579.482437043857,11.041116465286812,15.329848216929516,11.28734925026459
373.6087982602462,121.01253037761836,373.3200309028285,7.55525591958241,45.15873493149227,406.9731676401581,125.65514810289184,384.29121622039924,7.485735346905862,36.683673554086035,9.078701645472046
26.59385162115992,669.7024003669583,178.29621370003252,19.103649194440937,20.972163281905406,24.78059053545759,242.31501983133398,237.61186682564932,16.618308247819353,14.859479137284827,5.716085591041349
152.51976728842934,891.6377572276418,780.8583431263185,3.2942773520352926,20.900750770824768,128.90858048396018,993.5847760498921,939.2024362732631,3.0880048279516292,13.298122833827671,10.541636388417507
152.88308639684553,36.07754464598139,16.925364977729334,3.5137154091814047,29.425610652811113,178.45993637059613,50.65703505645734,18.429711365949373,2.8724790565832503,33.40216848868061,23.06067475550078
114.33959878528445,34.1862380405699,319.77088098643713,19.58608354562874,19.26098254716961,117.69598363838806,41.39627391900705,344.57376547009926,16.195412108902648,20.640624968727856,7.441564958286934
360.02085376671545,327.5634400761266,738.597919967645,12.177838822495774,14.278226669523422,366.8455166454423,254.34579718196267,763.6370075389317,14.636934310353128,13.657793722642552,4.902871665898604
61.15800628153648,318.18132017619564,657.2765122285473,14.358055773960055,46.92457814628701,60.806992688587115,212.9965579359496,582.7386050450523,13.119672211993567,26.662503000669993,2.4208716834614754
51.80620902622881,108.28527439565973,808.6454417561143,6.116006779328147,8.033707414306315,50.625916537302814,331.4147869678596,905.48111606208,7.860664104283941,17.84660531390697,3.2439440151487893
150.309064189346,17.757432000417058,64.96278781918494,6.944590646419618,43.60061999449474,150.03253444335738,24.11944129884484,95.38573073729417,6.790204613105639,51.577127230142835,17.580103256331373
118.69711818751277,14.031188292116184,119.20187698341287,10.834311165985369,30.338199627698774,125.05068347717236,19.972003467345413,197.90924368442327,10.739017380706525,37.439195617744524,16.652233412256205
89.13511735536815,750.4645242230691,39.0940546364635,10.131427520911508,9.238779537759548,88.6565582606204,629.8908777111436,38.96621353018436,9.517445824609496,11.49556520186324,2.676296914103375
11.76111449691031,118.017013413512,31.91659349525344,12.499827767769547,18.767504520265813,12.598294907493578,143.15181536425584,35.54148269781,11.979140735663051,15.81078309072984,9.195213903345685
64.98242828468358,26.3815299438108,31.034328683924077,18.46010082481535,8.241529683143305,65.85116056817445,30.77853794934955,32.75255982619213,17.79435762260394,12.711433999091351,3.4315073636777806
51.7295054355393,10.443848272872648,84.50569183491521,1.4812012804940895,17.470370495607504,54.05062089798366,13.384081074724051,76.43137999081027,1.4905544214186668,19.458856467360917,15.383955222094778
11.714058762689115,445.9424060151351,106.97411452232,14.047005524271595,29.60834648828734,12.502380665004699,266.0924412753416,114.75188584937719,13.349109550100218,18.10389610119935,6.408129119335372
106.7213259732906,19.511127707916096,16.951611546307607,8.418585825242626,13.165705807306518,106.67575622598932,30.043999585190452,18.048499955633176,7.56609769490284,11.90365007550031,8.123388202020934
807.1685271083047,63.17906442639937,13.815954568161155,4.460194288680487,28.796762756157516,950.6039619620466,67.30278087754584,15.175026619581548,3.626660967467266,43.845769400089694,28.38193617524197
159.87028773797311,513.1545502454743,185.49103842336353,1.6483679428998828,38.46576386665471,154.5693407687672,567.299614138107,190.00526134666646,1.5637645526688704,44.95628982135878,10.1381286540885
209.1682718781197,673.4281376943833,22.841321304702163,5.076873063949578,13.150550389872656,192.33524867841209,713.9223341641086,20.82393419290411,4.265093752104477,14.23771093584473,8.005514161310638
482.3486210138334,663.8992415073499,91.2136703723069,9.48332948450319,32.46295355314852,487.7474586372571,842.7088863032069,92.15390599658274,9.311880599147832,27.3723030052016,7.019497286744605
64.58715862149676,18.8148725074736,84.6936017446071,16.25561822574518,22.603166888027257,67.61680290469606,23.867174034730798,101.59716670377549,14.086121259065095,30.50895954789951,5.766408791679798
924.7987825445671,14.542633449467045,53.14909550803686,14.34921622361089,25.43981595487895,773.7539608384479,15.458135212893984,60.85342126755701,14.160624095496743,22.503130572214175,15.976951672070758
71.87072360213955,65.23682477436041,69.39550097562878,7.21738723310587,11.898534367380606,70.64842570711363,61.10141464989771,74.79836396883525,8.836203777109777,20.206138649393356,2.9970855291354646
119.42062253157995,155.0386939280524,18.092125094566224,2.139337372456515,46.72469054787846,130.90012959251928,174.2601751435228,18.50883306031953,2.7007031378571162,51.633314296627425,15.910313981336198
33.274207604032604,288.8162856618658,175.33971968189417,16.35555242575572,28.241779123478686,33.531411865203935,434.98489497562895,117.70633523285608,16.830227686998533,20.851463585184007,3.3311762537027176
81.00348504734465,16.536076997075096,199.30690800711136,6.686155364102583,13.622559426032874,87.36467590439004,21.485363876459594,220.68889363736744,6.0300559840959576,15.549014050978789,10.34426390798966
116.85918262638602,49.51941908740011,151.67214901107715,9.929969176031143,44.924448874618705,112.71136762649961,43.00635729797657,164.63618914721343,10.721897446593951,34.50071042682664,4.17640136221511
20.644904809649262,14.945242553318277,691.889512527491,7.620250350783605,7.456342872320574,22.855832562129766,196.06461249347285,752.5636645025031,13.602280266309728,14.359251410420454,22.070929453229503
614.1162778634285,41.988534032126516,772.9232436305448,14.351296300824536,44.54519370300247,555.4334319346378,27.338703947679647,598.2163308657308,14.34438664570353,22.218661395207274,11.548468796632982
144.1798086253155,11.73980371074424,127.70006774294404,12.984009143107746,19.6842281392126,139.18818220233567,15.295198258549723,150.33913853741186,11.982704747794648,19.177268122803884,14.396236406793397
93.55207023215239,49.5324844685189,487.28432234482483,14.1128286548894,22.652610038838336,101.47288026276642,51.363985298565574,605.6332439349899,13.821035242916652,21.638370520838215,9.585441637124612
150.12406739334523,23.429052109442328,11.159134481583171,5.787731541009033,25.972574008464566,162.7244219036499,29.584132098356278,11.129935252512883,5.059628476500859,28.130347743583222,10.031195998724165
402.9283444080749,100.26238060170763,116.09411031169148,3.723641777366054,42.43582368713097,411.29506253430293,109.7490326014034,140.57199507743525,3.880036649748722,20.10471143216141,14.678314956461808
642.6086715556934,538.4496247599036,394.6343381455451,2.8973870660538603,11.811073619908601,679.9835145544662,433.2049215959658,410.6653629230787,7.025625087518787,15.333738506024773,6.49784133160398
677.180131098485,465.68161471027287,38.718285447939245,1.090790069935761,41.85468213081343,604.5357828238407,457.9509943821803,38.82589046692778,1.7323326565125474,41.95039696988772,3.1879175384433864
36.38307457572892,10.243728396949992,165.18537129761128,10.07220903294137,21.155578755823306,36.83918703705148,15.811811467767008,265.1307362059295,8.409933651701085,29.614512343423364,11.902349349376435
20.456470117604173,367.0331186183231,16.820824479674396,18.080775438467885,34.75915106656498,19.172441328422153,406.7327634470357,37.42338735506006,17.04485621425558,20.817136289933213,5.434352003959413
24.033476404797227,65.05352172270301,344.0702345128962,3.0638063576490246,28.88954655624036,22.82759568886132,80.10424825149734,393.43667809855856,2.876609376047242,35.525060695780965,8.032301290762236
31.335295339244944,24.924032726583473,439.93132065102407,17.483275869651745,3.46030907583233,33.48748360448099,69.31806278008928,453.5688490574954,17.567101042872228,10.962240280263005,6.371884321754005
56.09759084427861,34.27212228511769,26.33797521604196,5.099620622790431,8.903536713535056,57.62903094163884,46.0566525514556,27.071363949176064,4.4258512466795175,12.957030208759782,12.04016759115817
131.43534492057745,135.3345696291638,810.9095004451393,8.057213594727623,47.2874625405305,132.0892807735296,144.06224938420056,851.9775729746044,14.721207859242815,37.46294370529894,5.184045527378768
100.5384201452409,780.5127056293625,384.42707033185883,13.260954562016964,26.179561247704648,98.07804193420564,546.6134981397257,444.5587679581768,12.01903263151065,18.270428725242,3.3419714871657784
13.246656639151432,394.72884562459456,15.101495950613673,7.085287745911341,18.365544422284106,13.603530574377059,421.3166714039702,17.1372967484383,7.684763307949441,17.947957444044057,3.6992963691392813
155.00093854025317,284.7423037349263,25.004323624924606,7.848759571335984,45.80734306972513,157.6063704265925,364.4279704353793,33.77884414460129,8.527512156992021,38.25466618115444,8.789997682589581
102.5280920288781,55.28630909005347,699.0741897004629,2.763697331965349,28.607344383363017,110.16668122473773,59.35320453012215,741.2096327422405,2.9297379401012438,28.469331832807878,7.918971668522086
619.9516985868115,227.00705649869082,468.70798221559187,18.59141462218469,23.926880072787057,580.9779580752921,203.15518132848803,462.6276951581188,17.4093695887407,27.823316788658794,8.198413998734893
12.148645034019443,190.11228746085703,48.777580932618015,10.562520955367544,46.01521514311699,12.667493466569708,294.4443460881836,55.281763756507445,11.510736211227927,21.163284440166397,3.568132749582388
18.10520633535078,33.525612160240215,214.8600363642453,12.684343358853965,10.244120803042078,17.216745700187936,104.11731995433682,199.82702696193994,14.323017446787718,17.997463363816255,3.4023427174013703
163.08152103885064,69.71010564580583,24.55289620299239,11.037767863379742,39.705080685182786,179.76059375387817,69.25007743161932,25.28403659579978,9.691000790170222,44.88604853206428,7.864030111975357
40.927332908662294,61.21249777515552,14.516763711048506,8.6772390746131,48.66662195689041,37.07175323991489,85.01715228961025,17.554547061784724,9.808766925710138,33.65486430363555,9.064809555366944
133.58892864683682,10.467425753507825,951.7437792070639,13.383789032826522,33.47353246725422,144.32479361065,15.614406057158705,721.1688890001278,13.306145316905098,32.37788591429855,26.596080718075044
22.150231065346347,51.87103596905431,14.077675596836643,4.799680694089366,49.39064478541032,22.225289354099303,61.20417398333123,14.1565879884787,4.50831847203642,44.33921990326615,7.564845307287711
29.751676647472628,13.067011736615557,629.7265637717227,15.183178849441475,30.695959410016144,30.33218086748191,18.457168863012186,708.6339075584551,13.101110369494554,34.33321164317708,14.104972011760045
88.12016416752626,494.29059077281534,336.3436499420019,4.041223815147284,5.430637181676124,82.68472685499326,428.1948356400481,360.6828728998913,4.261473135061559,11.548812562887116,5.986976951610991
173.5530424843256,868.4136702856523,36.769796268516494,2.492357045030416,30.854452789357246,153.31815761751628,1016.322971346231,32.68791040324477,2.5836611256514446,29.479124784244863,9.932876748523144
179.4284901497031,19.721657792182327,36.763488776566746,6.904822207571099,31.51012220358381,189.20990482574138,21.799817183562094,43.94552497059141,6.600306472799484,35.51320488442861,7.775333145510664
23.471430224034584,480.9270895086076,496.1881010488087,10.287040642939095,46.08194610348437,24.45648639900089,225.01501723639404,527.8148687014157,9.045426307333154,13.790904138694895,5.803528966289682
30.854785287341198,88.14494026721613,93.45092362909716,19.117928601927815,2.106147973765893,31.21641231106899,77.5677991625968,91.27539388216734,17.610947590238798,12.293383898550777,2.0189273164463635
455.24288893543235,35.5526670582589,43.11140569824515,11.217961510223018,28.275166349394873,451.8610493237204,82.6057660560083,44.19512681042964,8.597085663370098,7.56198134884646,9.80052650415006
111.6139189907396,90.23603086180017,504.0102715630706,4.749460394782906,37.83346696428689,132.20321755534837,85.08203539597432,468.81704236767325,5.8904091860997605,30.949461013544035,13.043871072649575
28.320388520151035,174.1659814128265,252.5384084283642,8.407855184062193,19.736035466925816,29.008841155668904,150.24640675356545,263.67571113857184,8.118272602109164,16.474189972347176,3.1227930682604317
780.3726791424405,272.2033048643154,391.1860051314533,15.212828844069676,13.65532038908897,783.4606544566401,248.11816384711233,378.4255497508438,15.662553143158846,15.526248359722183,2.792325807094304
10.071310067431597,65.73237103210532,47.23646647734111,6.568686089221513,39.14409367388966,11.347705106427322,90.673110280281,49.25083905160863,7.233521310911528,15.98189769049334,8.486464123928902
102.79743247593468,45.00556983442694,10.540427137366184,1.671221449451006,40.04591698689414,125.55860676889998,50.96668045904047,11.300417598183053,1.3017391249456096,46.75684598327137,16.289050028653943
176.3496587942848,650.3833030829747,158.8185822404075,14.19285939481002,18.548231551552213,160.07263916322074,647.4442192525592,151.3295367683333,13.481864123628869,21.26012554073739,7.1852532804766875
369.8554323613866,69.32973696504045,395.5692212129565,18.81311645143822,10.26421317294184,347.5596051221543,86.20328696183407,359.661224513859,16.846813432140024,16.73355674985079,9.014697473713913
564.7105029538667,10.541057149284859,46.30841845392048,1.3785493016739303,42.48140950994966,758.753292816899,13.960071541191303,43.3612037405036,1.269839993724731,51.01947637431767,22.301666338238412
13.774344322830105,218.64229392259222,99.99939900047877,3.837809461877426,40.665421651140484,12.396832065461968,317.74278574688475,90.90826727326522,4.244117525881219,28.023590676840307,9.531270395028805
539.7933028462829,14.063556632601443,31.307974098181713,5.021923060762149,32.51166850693387,517.0075617977907,15.119398202763353,41.53158549613012,5.062250925271607,36.004065376840856,9.282679039164337
60.16478539969931,20.984317427759937,35.6060789922644,17.71575266515654,24.770342379745664,63.76705088308608,22.407001159325848,38.784621199470244,17.418786489310815,30.235253519550113,5.795822586119084
238.758640045576,202.75937221890482,137.15078961849073,19.355424027975868,24.691448584500232,216.07938636694163,198.6101158021903,126.27324797200225,12.024893014100037,36.435636696685336,8.41969830865356
401.4511935384371,473.2705924317796,54.55524207673337,8.894102769318092,40.43649100696646,409.56236153079686,409.77749197567744,53.066131183563655,10.567465666763484,35.289731670559284,9.410458608780841
287.60391176698147,179.38566144964943,131.20021455892808,19.88738638238239,14.555091469731464,288.64603291878717,284.462954091661,134.2854432861645,14.394213634265862,10.501831471273492,2.00083269333899
46.83085611084585,178.72220875675808,19.841036198707553,16.28730473162413,29.593422692109627,46.31366060307012,258.98425980216973,17.86731548440202,15.980957653727744,23.98009831232655,6.476671937298081
48.87074957946939,64.02612344776242,13.861694536796985,15.898891137709802,16.63176879526697,47.22218314064161,86.32530465305956,12.612671565487103,14.904115426956338,15.70652724296203,5.4416716073302736
22.557766807873374,944.2863706834315,13.61409432636121,19.32938565119222,40.11793593419594,20.622242759595178,377.3541226249027,152.91653790336053,17.930505828993553,18.31950614646147,9.682515440547185
63.54432582467194,268.44643922148055,617.8666639020053,17.988014816144076,29.633207062729124,70.85889426952012,173.6240792645249,626.5888530755428,15.929463076072516,21.379461709880303,10.551551251210233
914.4790765033971,16.52442962654061,26.639731465657235,10.537872069058484,25.488772120528964,962.1733581770023,24.751532193493723,29.47853366873233,9.810257875589004,18.81386011282203,11.458304582451172
52.33248543495978,171.42706791863623,69.1632144039939,10.026422021700983,34.53966566470762,53.054318583736084,323.0436497343313,72.08942775228832,11.429048900505203,21.215327951406024,9.222616950033952
173.46088746207258,246.09602366943926,12.51265106346094,11.388425082792184,4.120485157543597,183.42989526726902,48.8550798408692,11.758788602595866,11.010567097643772,12.032811654973395,12.894883000753083
838.708220348985,25.71346066605797,20.904425710607892,12.464552633045676,6.467836665100643,796.1907556027736,48.480767194896934,20.694742432992925,12.2716750588022,12.251484224365782,5.709318912100725
131.02331792634052,36.7340491357714,156.11790002592974,9.25747933793834,46.319002990892216,123.83315309354231,44.276683152978215,175.0811302189461,9.247322724163741,49.62480820434296,8.425977823865432
145.3427314866575,594.0395531077384,18.903317632756846,3.352183096169936,18.84447889428795,129.3064493699158,788.2755148023527,17.380553707348625,3.185605118477363,14.018239917184292,8.296198584173956
489.96671301045296,10.232573664859485,74.93777603201728,4.234519948015379,20.740718587829495,575.8552606422968,12.9609852439245,101.50391044382471,4.011832029052768,27.223722179617422,11.488027246620252
10.876821878932654,67.3473672295566,429.73981190414673,12.59512708307456,15.196028156642983,11.713917621892397,143.40202392642138,437.02092168287754,12.161678450442707,15.685663812584934,14.4457103941077
266.6504277143134,916.2979895925779,102.07137432362182,19.059300355432036,21.026846462767768,247.72834804670015,724.1687262928237,84.44970833121393,18.395495244369773,27.683232904143324,6.528862448646257
28.216210407234982,637.5245279178334,17.85036346377749,7.2789733775808685,8.169376400670952,30.799553242976447,446.0595703636045,18.959045482494915,7.571523605158931,13.692031894430073,9.823689259522428
97.54312274305217,394.4078469442761,50.61082112970921,19.1872849720679,40.23476574437957,103.66864469277033,449.3746914634675,45.96860421842237,19.23810616624698,37.06821324543843,6.602860999221417
51.834386865588016,76.8826114071388,207.04493980129686,9.111705335560389,37.12029360645389,61.35215234024408,86.0582056308699,231.17296129312643,8.566610619797089,38.01051699352308,16.053698071345668
225.81727205607143,21.726006859407143,428.1672340186187,6.917930965028483,6.478750587953349,236.192268117016,36.32789198868792,473.00482692004164,6.147033067577412,10.73487091343546,4.173137469407849
92.91136608675716,68.03986838277426,357.6300663077365,11.7877402316489,23.179224659381493,105.40952093066818,62.40532430529946,403.0583515522812,10.961541113293645,21.217070191947336,9.66978755433101
290.3530407297428,25.9886302505008,15.235742068416117,2.660249084715959,29.974647672696964,355.8767608637724,34.864709680131035,18.136301515524234,2.396956791846229,34.515333620312745,25.497531774345383
876.9949034956818,39.220164273042606,559.9433183743143,10.207035176675916,12.821091466523498,810.3095142656072,38.91174885219194,565.3299528564386,10.490786452319865,10.467235047818338,9.889343747146581
133.70407576954173,788.2066954798814,257.65140904534377,6.677263867701599,36.1219124140572,122.6220146884142,839.1183480175188,223.60085573412994,6.724825664170664,40.30026909952334,7.018055705629768
107.23489060385309,582.936234740019,114.60215045512703,16.27691376597413,46.03347777222505,104.21610530366092,673.1254180325055,151.12830051384418,16.665183685870378,34.37204661977391,2.8872159285754653
289.0020310409483,217.6115001952126,233.67545942107964,11.462013878291653,39.499363844994605,280.7381182777943,258.12493842146426,239.8347947352621,11.708328392177483,9.219384622850999,4.877338305559687
76.88145845403399,43.36565794307108,158.76845091898642,8.78756294309087,27.14434947511402,79.49277870813599,37.04783299720049,190.39829578992203,9.751212709666904,22.126044183055622,4.2122711435519715
691.498043522781,246.73628060501406,25.8009827501352,4.059266826640917,12.882092573130588,653.4588046317197,243.10868901937386,27.654400734398845,4.938685574123463,15.617309412700841,19.920625749560305
338.8241500824793,298.21469499522027,15.49943784304289,12.304893072938487,33.59329977583423,341.20932259133036,332.582356091539,14.090531831934674,13.029805090096389,32.66528813914861,5.35102430625307
337.11638288928833,36.454446367634816,513.8584775502354,12.839650368038827,14.687470837064241,317.7898440816056,29.412834222417445,514.59936964365,12.528155990978966,9.234850361677067,10.126086260064199
82.73665050595316,223.96699498954987,76.74523832618397,19.79371504273265,25.388526302453894,83.42407480472863,194.09177739752988,73.53123386781434,18.019155564037085,33.61666593897226,2.224249376910176
166.35292946083274,36.51802052516535,19.173467764075344,19.26927653935177,40.85743792683306,179.9697230538256,53.100113918812326,21.999911476040047,18.287904909390395,31.68644204256673,10.809757998512458
19.274791690994977,153.35529968162572,18.39150530476561,17.32424085148673,20.305060364523055,18.6485288457818,206.06520611160676,20.067563186493967,16.699740526806423,19.945569160145038,8.547917588704939
197.35688800322066,279.87539663287595,20.42636540499326,17.01526081557325,34.89666479306934,195.64953335009793,295.9359759553284,17.32397467585684,16.632375553244092,36.071511375075104,3.541136446242963
221.91077469843222,43.056632976862105,81.97434173424263,5.639151503795081,27.797466906315083,237.398869145553,46.82533987328252,92.26186949911822,5.743244748193075,31.959889118688746,7.527561903012221
175.8953457403656,11.470784338871136,978.3444195181943,6.029593831719435,41.07672328690649,183.9418648141433,13.801902256195774,571.9486593386348,6.209569227714968,41.12767782482052,12.643902488901052
251.5050314865593,873.9451825828306,142.83123883912253,19.181177080624202,41.37166777193706,249.76356998161884,862.9060889089664,136.911444831833,19.868234817648418,46.89801070936219,2.9463686247966203
237.90915799578482,71.09671605659955,938.5064089997464,9.018747186632488,46.749668084863906,259.6474854289523,62.990447972459606,702.8975842046041,9.652380872194056,32.912667742444185,9.098164257835691
502.13107159146176,47.89679111490429,16.0529007899124,8.904019853534674,29.550164632144593,520.654003558773,54.22414544342392,16.416055255748205,7.85994716756464,40.77053523776729,13.943875170576822
196.79746781660947,216.87317296926972,10.18669985317986,14.086816053101492,12.624329349058602,221.55046082600205,319.6902455624385,10.14922997807652,13.401746306959227,10.35750663575602,12.46862701570031
132.782612503111,41.221423805890105,70.66875449433898,2.654065083573784,35.940874755068855,142.70828064602014,39.55960155878193,79.1136518539613,2.7007523042999195,34.631150693592424,5.437320253525881
282.7084693723858,16.79342234916412,328.7055463706605,5.59193878668665,12.817960608800746,334.8501120152313,21.241275456784013,357.16107458430804,5.370560566145094,14.470451416951674,14.450719189529911
680.0008168457889,896.6148757888091,127.78262749812754,4.614247373209405,25.549721541572247,710.9282030008922,1240.6238110049553,120.69080818550756,4.594548635603723,22.607453113865557,14.313586923656066
15.889556428197114,39.52766674337527,24.250028615575424,16.658418372886597,41.28047865048457,16.298344183505947,66.54526103315386,25.7928054374545,16.600443979412777,20.415802440808264,8.530596202907958
43.40774070467391,170.38333067736627,289.2718910190385,4.615399298292132,11.08880168338678,43.047059928415024,209.01113399352784,333.96457393472105,5.23376793126723,21.186086934011687,4.570068898458472
118.23932484765928,15.473108499209012,50.80708602157389,10.143109760569338,48.165465747761814,120.67354677965473,16.951700988073313,50.46169158930994,10.845332438855252,39.35965675290784,11.604126778205897
435.25029248740475,16.26039081570647,191.48223669131295,6.710150847658975,38.526859852153365,440.4943048009926,21.19684567047956,246.15786415886382,6.7589821557200285,39.12650105000633,16.462091831388566
125.12588998386978,44.98035972699205,872.1942007480907,3.031539872205064,8.547067209676271,136.6480129541364,48.15021445220389,857.0089554105698,2.194667076250913,9.587852151229209,6.002188624394423
828.3463654029846,566.7607201507254,798.4289611543558,13.517765847439568,48.65377357324717,787.0936068011092,414.02229472134695,680.8344156831828,16.55194952806962,16.317814092838198,5.631492311176812
553.2346189294034,67.322794806959,38.6498451398357,8.631768112436765,6.528479652507106,634.4472403150068,83.95218568252054,45.249388698805994,7.669592112847654,11.056331754901008,14.569317947886187
20.044086250927112,671.2237574707193,638.2339979977775,16.752664083382157,32.30172403069208,19.762737728572652,271.5775027663946,780.0132420520544,15.278388315089327,15.80201718185156,2.882409845154171
233.69607599771768,861.1655352077084,998.4532643308396,13.014271443504109,3.702205860203483,201.90393312815246,786.5506325493859,1056.3798328368164,13.246302825328527,12.024712856953734,11.999377371770304
35.859251806117115,89.32871507513363,11.974011874834869,1.7048493138165184,17.55310667475683,37.26467788077831,86.69320391264971,9.629290354497545,1.4026567689429215,20.184795817130368,8.155836934471996
175.7824632445486,42.864190735750796,371.18490280188087,3.9047230465997855,36.393012996669775,188.45687974622246,49.53488658117937,431.3969680340316,4.2639165603600055,37.334556019366005,13.628893207902093
506.4327153680774,380.5523486342796,269.94524334303395,18.9613968767394,14.006922801224441,467.698249988364,460.89341542967475,268.52060391398055,12.986089986691027,31.20176872150861,8.207579241615678
23.129301625616055,227.66934699854963,44.78531566476802,7.259511000071624,42.685893750362276,23.84730275244216,425.37756552810407,57.487949135983044,7.84440026934898,19.850110531229586,3.480631551106857
31.37388363010474,38.60838676480059,272.3752286146077,13.807979539495825,37.859844268691155,34.57279144983836,44.22849565403614,384.8794191494072,15.001319554764338,39.74903627643015,10.530602030986824
107.26039401110997,195.18365484877197,410.0535680300908,10.275462691671041,14.98107866480285,109.89619807671757,269.04736431831026,427.7890456124173,11.264471366676888,14.008627402585947,6.91521059141023
205.56631806454058,15.048675680063363,37.64604356305151,4.150602188270988,29.0487184754584,217.4766618464353,17.580593516218563,47.587804934832334,4.385300206796318,35.67302806588791,13.343877778984945
987.3708982841682,45.74833795395039,909.1752960158387,14.157746369783421,13.428137610993563,937.6084003100145,63.78714312042623,901.1052301631871,14.061133970204796,17.18300504884646,5.099498830121922
698.3231621725515,235.91071149643523,23.95196323711893,5.235280890264787,9.418542379447024,735.0230058200872,177.42860613087058,30.06343735963744,5.915649706779018,10.767220824242871,15.379075967416043
35.442088622066024,238.72059744206095,18.272672817101423,16.656706776607322,43.57880562840818,33.64868752586567,459.93821225358914,20.319028182842814,17.520608286326116,25.967536607775394,5.600548266624768
59.34258748780024,19.034470860685044,46.04001514717287,2.4404138308043666,4.37512140917265,63.988851110636126,21.544813098605566,52.30783896571659,1.406263052659522,7.203931370288554,12.508200509695842
124.7851306426566,49.03129461295935,493.62585460445837,18.106520018916278,34.815353455096584,137.544824373524,48.420415948404354,483.7145718564878,18.610084656950505,26.669566627740082,12.51568577086552
54.076798112737485,157.16928487303326,580.448752105857,16.693048075755108,18.750241457613665,57.35204586806487,169.95487372271108,641.3857100955581,16.249602302325698,20.766832765391257,7.460939414980794
645.6981613743703,164.5553315623516,772.9958957917769,2.960059113568703,22.94791666543529,616.5284569709164,157.14647844479688,798.3161420898923,3.1066592265518658,21.18222276981618,3.001285050964805
975.592138471735,53.277741975231145,149.84848358470106,1.369691443614101,45.348338505879326,1090.9426190666827,72.73193241152163,150.37400901763772,1.2949816091883655,40.64608871342655,26.717134221514126
94.2409232091726,215.63980445410633,193.6074756111838,2.7494944182567176,22.428409460903165,83.08636057353517,268.1604270312614,201.33849143106124,2.63749616005239,12.169070366836166,7.841189951968765
844.1255743334306,60.198074027034224,513.9602377924194,11.947326996028556,45.068083274966284,744.8780767279928,30.488916186389574,344.39493372524095,12.532224075080476,16.721955510263594,9.921983345685094
13.370624176800717,304.77404200022016,50.8341694209033,13.353566543656768,27.609902142590773,14.104483208998623,265.9310727475656,64.6098427450178,12.655446093249274,16.912626914753936,6.0383454751421635
14.854717745600746,20.95949313365635,75.27227284791317,15.965789428989465,44.449229069277266,15.258189318206956,20.744773858099027,66.43003539692282,15.375224175777316,39.06685745782702,3.2234700559268803
11.595828443250419,21.88935927796688,11.280371788746454,18.774676211303404,44.42911584014637,11.106476193418093,28.481425615593427,15.47838117935912,13.890045708629971,22.466496856008654,10.76324820519347
39.86534809460231,155.55424443556166,329.4333031346051,3.122244506708894,28.984879390747075,33.80125886383369,180.20455371171775,414.5182140595693,3.1078517288094334,34.98789684618339,9.71591186804361
147.82051860750028,84.50545526047725,14.276030698023968,11.293733999723,15.031404091115762,155.89062081423816,62.67987368557518,14.305314818472745,12.225669305639276,18.58239150879209,5.361368417074483
152.15003310152565,28.68094992008688,214.21194372397898,15.578563657970442,48.99016549335222,170.5315761791491,28.669331151561206,203.570024681192,15.782489819515252,34.370852203977904,15.583159440547718
11.35669251932574,159.3186616545913,170.28072897453202,5.293737424930068,39.759295499302944,12.0632135990525,127.64544090094613,182.10147819675302,4.836634195856939,13.232680323576263,9.197280137118744
244.97307236175172,25.477983648534227,931.4117961282807,15.985823486770382,6.273154419011913,244.35219938534,57.84229141418593,1112.7776565321292,15.517856938751729,13.070981528153629,6.774470188180189
45.87167183700203,13.334523416677808,608.5198529968362,8.883638280221067,13.041905679336692,45.82901116439003,21.181391468081515,720.9622524074922,7.1558568735980215,17.050070483583863,12.781964386514009
705.781635346386,21.946600775570545,13.207692670659998,16.742127366310722,15.83447661591233,678.1117721315638,59.55273079011419,11.676422327720541,16.227233689734426,15.436588462134765,5.128093387391193
163.38699395128054,392.09643365216994,614.1799886436959,16.047848543169987,34.75885026729316,164.28520983136048,318.28302869140964,616.4303871170878,16.798815354994353,20.737470836044064,2.961965456506512
23.956357529915635,306.4347428279896,479.05416485881534,19.20965819045657,21.467251232251055,23.72448236424956,158.67917153947224,575.3059533475148,18.387563509006256,17.795266551598104,2.213782205526605
718.7249375084715,17.60679854374909,11.320969272610347,12.650574053636603,5.2500020401352945,736.5417530310915,45.71494777171637,12.290225711430907,11.74212870352077,7.003065424643087,5.41205573523332
750.1801936232193,51.93443692377098,19.565399699640547,15.386942656711502,49.83509303216285,681.0656011469956,46.98663033272354,20.47508634580031,12.642973214206176,46.35754510260812,19.57080466124421
818.3285714268537,139.83994432297297,128.48386202010695,1.6666121672722285,19.412995629555397,870.1876470787788,165.78377344187078,133.77307779084765,1.631026007030375,14.275121454115144,10.46695430501895
809.4440995596672,100.0246224506783,671.6878735260109,19.140095834792685,19.277992530170746,780.5238029380463,119.93749511420509,752.490471866657,18.038105494897067,22.635892992028385,3.9478041155586334
579.1293554727557,45.79117405406974,23.912669398322482,7.718208149394658,48.54151304507653,599.4303660641197,37.923546378209174,27.079669865618484,7.911457327478414,49.65901703474647,6.220447532437942
16.188961222426347,294.4974959094981,76.42335183423572,16.49870555451128,17.15784003272697,17.08292218692854,202.24644601526768,96.69171371875197,14.809643250954583,14.844924724096906,7.448953850611682
14.504134728052037,213.00971038922626,339.8619718698278,9.510414510553758,11.014763403106071,15.726997034834827,125.35682922985299,510.3787110700698,8.572746895098497,20.181238581977265,8.539237670908951
872.2415750125226,64.69541504470119,36.463094062373145,9.081059401608988,4.502158608400125,957.7451571125011,80.71957028686019,39.17414764889606,7.664210862861541,10.164779531876988,9.613795772313019
138.69423154748236,29.688534439821918,787.8465237180812,9.4682609291587,32.11701926257855,139.69031650914894,31.71929050677781,831.6300981666923,9.055323195302467,28.431456181262018,9.834031428850949
28.27355935036793,50.85571449944244,10.141297098228145,10.102686617271265,8.160935222733793,30.514490105515545,62.639163688614445,10.671187110205668,8.183742784958486,7.887475541030147,8.287221319010744
20.265678479661364,11.33699396922539,221.79738252859065,8.014843586991041,20.282020495466355,19.43197099205779,17.63874043989462,441.1296169582333,5.876118827402406,28.308243861443064,15.779991747928676
302.6036132847536,13.229735691438211,143.4750276226181,4.215884654338634,11.96969307038403,337.9734513882676,18.982341869673423,176.6055154423673,3.9305484906275625,16.267767637931705,10.69751009206827
89.57790837299916,623.8739858953313,12.250931486544435,7.462676523231128,18.864698690658596,93.98412698328211,755.045771881634,13.026793931850847,8.143353576383676,17.19434472810376,8.263973795981322
10.11085578728131,511.6444896146719,18.873019060572943,12.221248205568527,33.69142883345661,10.664947500358217,288.92823866266593,66.65327933880366,12.38947290844024,21.589048842467765,6.045808145289945
96.88043977482157,851.4948866342285,25.411304520036094,9.44457011531828,2.428559387833399,113.88219268228673,318.1670183306359,24.643010281247452,7.273847445386513,8.368482380817877,16.19025195115959
820.2442021098441,149.63857406094382,213.1521594571277,9.305432801796211,38.29379886766756,751.1819842375905,137.86969568118084,227.43605046522467,9.759888332645366,21.205689157668044,8.363083401210133
104.73863893841808,137.47021850177478,32.96428605928885,11.157433924090181,47.08947184931101,99.96668292092328,149.10332700021522,37.835157486256406,11.854197974523,41.05649265177403,4.338941533594829
17.914389252989558,76.41227056413886,40.469451685734555,5.956944502441891,39.385594127781566,17.485352168801803,95.53927458640378,44.42138225693706,6.371444963446765,25.368934803335385,3.890123133627528
424.54727214528896,339.16093972452757,40.26633842563225,13.35380365593351,28.882047025272982,413.357234975811,372.50514099972105,39.160345457170315,14.220316682508985,26.918328131228897,2.535604936380473
85.31303949663076,26.937484626862776,262.51580645083334,6.933118765410326,31.713746688076085,87.10270931450576,34.57475087058608,377.11568900908816,6.720438677061675,35.07873440251118,14.36546160213546
12.698483999392788,104.28872003495071,179.02617229470368,12.576466027239968,15.959347962806403,14.067966477361342,135.24892833926094,199.70479444005042,13.029816582793648,15.508280233425365,9.751450300952829
254.51992807491453,96.46104819075273,116.68694409054073,11.838421330962687,46.508726078975876,272.4491900421493,93.62171348244705,111.11908201477921,11.830321893652632,15.21320444989417,6.03072804478992
471.3256953695551,229.64826418818564,44.803937677048694,9.479343539108187,12.821496069014486,451.51969220906665,136.04228001061495,47.8384260906942,11.15003791180746,22.433818743670347,10.270598755401267
455.69534197620845,321.6652823937345,100.01319264065367,5.4358069629333015,40.92206017009229,499.53490848614825,329.067062491148,92.35488452838048,5.472136594333151,46.177896289852995,7.429158478842394
469.69660778005107,87.57429683375028,15.72678493402068,6.7142692118503495,26.094469749658174,518.9534749419831,87.4352119518091,17.67893128489237,6.075949359543819,32.12043508908888,14.449976493263472
20.42065994771889,80.55732638899454,38.33471546064205,18.161250461790445,10.621074238272383,21.476507629360377,66.39629478959615,37.23252423688881,16.305482907009186,16.331371056506455,5.87879348536626
561.5729389414048,37.1626067771896,68.80429746835092,8.773114454680135,33.63208107529873,580.0685701454076,37.77147478683709,79.77371500960044,8.638533240795669,25.05957757762186,10.570230442087535
15.46040414362983,424.95109628860286,66.74289457458232,12.400475842465406,33.233198179943095,15.540108233137666,261.6538319003174,116.80976931899899,11.959021651339137,17.748469310347605,4.8422265593899985
110.2860308921123,907.6746745960211,58.25301312392882,6.3721988623045025,3.6089661393065833,99.47294112977724,426.6517242932554,56.38246963788026,6.293496389055538,7.617387921571839,7.942726234089564
15.975584593840855,345.7209297995801,50.831517810653345,11.85696290074907,49.00307962165085,16.670818981701718,437.88034627840887,46.980428133068095,12.125703876466341,27.713615016214323,5.254501030599891
38.48453505755618,59.146181085670996,21.360452124100448,14.053306635542592,28.752191639734104,39.29293190963035,111.72097203663752,20.385545283124696,15.35393235019266,15.164793866928143,6.4833296269785
27.446273841372946,42.737868448457725,49.579010312143595,7.446877252853093,13.113141433320935,29.205515406095216,47.15521902408019,52.87743500359173,7.699191956018968,17.533017678216122,6.631490333344536
60.54490345162107,240.43123421950372,30.020869241006274,10.071139987977444,29.989132006557274,65.27549815436211,463.4120658574299,33.27352108898801,11.103838813616846,19.498972363470184,13.79924247658707
41.955152761151986,47.4361790682005,18.65498508271291,7.032366395102985,10.14117517539016,46.20333522427094,29.1512155755587,18.6801859363964,16.684544003663444,8.999280086534144,8.151506777020488
23.35988804746849,581.0452100262673,819.4014665464322,5.811097218962733,11.930380683251215,25.922756993925436,357.03783041371327,946.1933018398097,5.086836132446047,14.097835320213653,14.270971554406264
12.41616497733449,188.73964468593655,42.57534727179089,18.383683111204906,40.89093054262317,12.480660659432912,225.2406596662579,62.74948479390884,16.967626005694676,18.51735359995388,3.7407915889692416
27.27536784560113,15.223653467766184,25.035985303070664,5.707109474243983,7.332111164556941,26.81281943421561,21.278959500756272,26.56466339362998,4.022665391440081,12.13973261690193,7.108646174193793
56.21716616242101,674.0991511394953,311.890934187289,14.657316748039545,27.170991215475752,55.27233266405549,513.4260592607884,337.87605327097396,14.029692972767688,20.763027425054553,3.406171212055086
40.75427019160507,305.01262185668475,111.26189064579691,12.31086004122204,23.12074266473793,41.756918341244784,300.32245260503544,111.71021858934854,12.43655292885871,29.29258305939772,4.0026114509462545
10.965725663366694,237.1542637350745,209.68701485754556,4.046695304308061,43.57880274667553,10.947274489445647,199.2571819589079,254.08195576910646,3.9870404750099557,13.066320331887416,3.425712813507636
61.55693500522699,946.1920974328442,575.289571878024,16.591225103426854,13.040320624462275,58.65456085676029,459.7315915243246,558.3898521416008,15.333260701552943,15.035380251351624,5.366983916436986
453.77319852591273,109.38275103310204,16.104730592884547,5.151149686830711,19.489569357559066,434.44786003302767,120.91970616913277,17.136434473686613,5.184299900112752,22.45055743552608,13.954352949204035
15.63366210069097,79.90261689178378,12.197812862942168,1.0749732405166954,46.711949094785254,15.60624419946841,98.6666998689626,12.279115587518826,1.0788290428511567,56.20555934947419,23.26291510250165
25.24228514636211,40.45101069014682,353.235647682445,11.728411367068546,33.03218750279981,27.16320758391177,53.353909910863614,451.0765178360821,14.264448339771194,32.93828612355077,10.231846280817928
77.36551861867228,533.4875358892147,625.114833751926,19.118021938144125,6.812657462080658,79.96037318271011,232.3808524484936,689.4236371912302,16.489891195742153,17.95688068424121,3.206356393342539
56.108469736489745,101.89858497465691,305.7642182768102,15.764847653001908,36.640564481268896,64.75483011859038,113.43957230217003,385.7438979124503,14.666758431245475,37.99096831005448,16.52722476080791
30.517030754901334,298.08281583068526,52.32304391598954,9.676645286777768,42.28413877814973,32.07463972264895,491.982270949631,58.41329514304593,9.847204893450547,24.348432112598623,5.751981539963855
87.02279710355704,829.3698977095047,26.047489327943005,2.597120642772879,15.467411993399683,75.88597670614728,996.2106381195857,27.52349615684671,2.408644786018519,13.468470359810443,6.833768833199527
13.419207204545812,56.741665986729195,30.2920499221352,4.15146690163869,48.081446940588755,12.5271376044634,97.49300917067691,33.42567268532813,4.907317485457108,20.15036697575919,7.216844509152132
469.34805694198815,206.45421291071318,10.119682019460523,2.317228743762093,2.8573973942833177,531.6426257383546,22.8887454304721,14.805618112809958,2.8926072701182783,11.811304245607195,37.23432018843967
106.59115483272282,263.7226653556955,15.922149721902734,14.333537121512354,36.28176199969807,101.62173675539705,349.728148433242,14.464350505788236,13.973895594624347,29.87385980560551,6.662393948278283
10.59086225611417,73.80252686120643,260.23267151646417,16.225629697016842,31.006750582348225,11.590584361961945,77.35339991775365,312.64612863391653,17.15862322819376,25.979657385660428,9.225356165166207
78.79380077790732,13.38947289095843,140.93615728792028,8.079914472178306,35.18245950969573,86.35846572133677,17.07869494300217,243.66363304241452,7.672315323119619,42.806597652346575,12.817419795209817
15.264972707747866,457.06008700717507,25.60809541362181,18.93500458096973,9.46619839698886,15.826088232115868,267.0478538392411,21.201525431103686,17.28713323664763,22.16468609644195,8.927682933964592
545.4205868357108,25.764238673144995,11.450169365611455,12.5738466452139,49.101547266898216,580.9407401963841,35.13676015987621,13.61084797139176,12.553644219546682,43.885081557947686,14.689923133355698
197.265699738848,49.20124039145782,70.74482658338408,6.700440651661589,47.13702005245077,201.69583408150044,43.53298884725974,72.22235656949854,6.662461355057112,23.941993230660284,4.459990069214405
858.5568191806,407.62934074079345,242.83619517199259,16.97920219357723,38.74133464936424,772.5448971081646,481.60950983795914,298.45961638501115,15.397084966351393,30.426371410700426,9.942178960153303
185.97019412150323,640.7624353654397,821.4606352315944,5.465516867703136,12.104905250951868,175.87982090167856,738.1313312809724,851.7334263835597,5.371897189165573,11.935725794403302,4.4720567182776225
94.29634151984541,39.78494824892381,30.900663129223325,19.822654243533204,20.475489481833577,93.3728635302153,72.4660942297425,30.48080468644704,16.405440295522798,14.181920602261105,4.825502888364934
14.347916948846539,104.64786697672318,28.655235458678533,1.4331450298498063,13.598618370941924,15.908926911211838,163.35629161899624,31.516471948756198,1.4921527677915558,11.599490394669877,19.51139339899416
24.497691100456432,129.48308039065282,32.5253398448169,12.782412881082292,2.304497261258211,26.886314258393735,58.530506439890175,30.3558156903013,11.025325127949163,8.997118358342712,8.479800259516546
55.8088039525922,141.97199560639675,98.24850954421255,10.630106317018907,20.91163224711848,56.0172260119094,221.40673541061625,101.5241360354244,11.136011677368003,9.407492076420462,3.6470020350270813
106.5009763432648,131.8354082335943,175.84752724339546,19.674176062166243,23.564238077998954,110.78703641958626,143.64321698799475,180.134165782468,10.429627270356013,24.00860051690901,8.742158425005256
95.87659641764833,307.53360083229916,346.739025763743,8.3337211645256,36.85086875873604,91.01992579414336,303.5349588163378,343.5225484336324,8.77527828779782,14.981906629892135,3.6836404087834445
308.6837105674568,10.34710375258358,538.7807289265392,8.533482747149082,37.118612217146186,316.489262938008,13.404132486481219,335.68404712970664,8.410186965814978,32.016680000011306,21.87090611704536
15.794181498315437,94.00258914772284,18.001386566967764,4.916380745333933,30.170858846400886,16.747387373877988,156.5003122404881,18.821314105910197,5.150217275360294,20.022628335950117,11.913178419593287
491.8489852663306,110.96649069386444,11.506088627057075,10.805943329887343,12.280747858642634,518.3454164871283,126.5897827529662,13.071673362896775,9.851263793772235,18.132402029306753,20.666593312626233
27.20164698594478,11.179875046549183,29.08180674859856,5.455960933240802,28.47349232803361,29.850221453193,14.02989076991818,31.974904736066513,4.886885423854555,34.38167232181942,12.29438001773581
45.381114366224715,10.722628864849568,171.0727251029097,9.996335972541909,19.917567146563005,47.584503158005155,14.892607307431401,345.5750652608848,9.093879038933414,26.43741083127644,11.088923775315068
198.88920845889373,71.86946906955076,13.973208362734395,6.728670860083578,5.62168223257021,227.40193242750624,38.015892521425016,16.74656764882791,7.069904774718573,11.35015195676098,16.98032833391513
57.51190307114961,56.097025151839134,333.7445353660607,13.726757301047508,23.081680595590345,61.91744331198053,56.78975396661553,406.0005638980144,14.605262325646628,21.45943085043808,8.945896299034768
182.04569694102844,13.305952475072827,73.6676187555041,10.385694378166313,19.218663194103623,182.601625120803,16.86085139603736,93.09273640142929,9.752030071904453,22.047296756258923,10.011682997247712
24.363323347799728,21.50008802244051,206.3653111142707,4.524447638820792,31.85871595144687,24.646601114489176,23.203413678671126,217.23901631937122,6.740067645117137,25.7091248842786,11.12838897070222
567.0415884986213,58.75818793289915,22.81589496274354,12.551864828808903,11.86223965199409,570.5180861668633,82.03687318499047,25.518285643218967,11.371869765713447,17.40160197257191,9.382742906852465
13.883965437398079,52.277284058772345,30.625943771418306,8.744146994476925,43.29364063723929,15.155501088585963,127.99722066095687,33.69046010422238,10.168403790826549,12.559410598898388,10.87271906600891
104.71176464495784,859.3817818550816,11.814819821052122,2.0356949028274043,22.51339929196058,90.13095944898944,1103.6552504159765,10.765491866117316,1.9099057934221908,23.34750366534309,29.354812600093428
345.250184171483,39.75745949487773,962.7387650651916,17.111873785891106,44.58238473631707,323.7948334845962,31.887428942864297,596.1106898265127,18.121562879643555,25.826386237100817,11.34371795146051
24.938966650551606,247.5788974873744,72.45449495495431,12.64885079057171,7.644831224574097,26.274128265926695,188.48662205747738,74.53227299300815,10.859453485005462,8.028118904892304,8.854986171550431
60.00593720492015,30.721694244213605,193.95238850695563,14.56565205843446,25.179484024462212,62.263977999366965,25.083905363903426,202.0294426433193,15.661190344878756,17.250226683554914,6.342675726275577
67.13003052248517,221.0158566487912,191.8913712963427,6.690607920221352,44.3206514866754,61.957990354177035,219.64078998397048,185.58025323474888,6.7383819194941665,15.450979001573256,7.327401430956323
17.89343051662957,34.8741341127444,357.231851032725,4.2009583810330575,2.6973198277445167,19.387844311660647,235.3827493752107,379.52238425497546,5.200702591033316,13.63218395818749,6.877212216295074
54.76823651845327,25.003103112371317,20.51149880047496,18.89228268995992,35.29448894735784,57.333928887481434,36.05309318971886,22.068430873165063,16.06248599547874,15.175272493748913,6.198954960567029
184.64739186162663,75.38572051255487,28.402839750957305,2.497196204071892,49.421258567550375,190.27718605693718,85.59618686136349,32.83846672782332,2.432589175079448,45.207306796416965,9.965021444341552
567.244862485817,299.8717574985535,356.73154885177587,7.024710311858889,21.111396791754018,584.4634533987528,188.7295531372104,415.0607818419686,7.009341621684268,9.965981174333297,8.258185114416815
104.57318458787454,320.47444754238825,48.09664899782016,13.25033452848678,45.05893221298937,104.06930339786733,501.0713599201152,46.64825924805214,14.66343815569452,29.58979719087227,3.7711793242930765
345.08643223618316,10.317924094320205,116.33264848634705,2.0748932914391656,44.77403366968888,407.9474836614744,15.90987068875078,153.26650762413837,2.00282333747744,54.30229219615372,33.60599278493022
163.1052399476764,93.77368231090294,98.87004273581637,3.9034262493370613,40.97081712672077,170.77119353810087,86.29478973592043,98.38954650452632,3.69874847224449,14.86655956981069,3.4923075982510774
23.753818502034875,40.76753732384933,22.23633831406952,8.674882354578932,2.1505707379598284,26.6296398732926,28.179274244867344,19.150540400708074,12.327379216003981,10.628943717551568,10.482167239693235
29.335816455136612,122.16683611231677,15.331398822264799,12.82099859705769,17.544952550458476,29.79109082964211,194.9390117147237,16.055359012237286,13.008307422818623,11.636425543281419,5.456994843107593
268.9811727525606,28.30689814337922,11.190411774386087,8.80793024913234,8.126890216547642,291.15865209382264,33.18744756612503,12.943720335317057,7.99525639344667,11.280334639961136,10.881857253789578
176.90059135921902,12.42650826552017,57.131899528249875,12.64417431164812,33.52067147614767,186.27876695021868,14.37813480127756,67.78251272363141,12.580074889287555,31.596240821111675,11.132218968762215
533.82371495631,130.29292283375474,13.271584240263495,6.049794770280798,40.53947491583569,682.4184859271654,138.3731730175244,17.75139524209686,5.1455828555053165,45.391981086868114,23.224669970550384
428.1245919985192,12.493928887404664,20.106162000584682,16.300407477166033,3.384721000807609,445.47134080028235,56.551797377896996,18.705029502043352,13.514020242040477,10.953011816600121,8.458745344438084
56.26418475414999,361.56647629423946,769.9291915130462,2.346644562750636,13.298791618185554,50.13340805615523,460.31102098933064,946.2403436441424,2.2972666273376525,13.448059674598522,11.072773943465013
28.94335416729129,22.1053588758085,101.21378796923055,13.595861304472239,43.761903042948816,28.892173094321222,24.637493829582745,125.02242896121354,17.97383760698334,41.76846052116119,6.587155862177983
30.922598913938167,954.829849806253,16.933572952729588,19.377340975734473,8.882073243689787,30.162621709134296,363.3179507385067,24.437650996975304,17.996195415159477,20.95755006446787,2.2041083658572003
48.31435556801233,12.517155680727983,533.0958607725094,13.832488423915596,47.85033591035081,55.75866599449011,13.316258660500747,484.0505931355626,14.502757386268556,39.87083374072251,18.555832530448864
206.34097312730026,470.65643708401245,445.9816696629159,10.457044477075819,5.562480275830096,190.93278505396967,442.0103768985245,473.892761011909,9.88299791349313,12.936772344543476,5.328769529443514
643.2531312667672,28.281054318831185,10.899095602086684,15.087358651244768,40.67774984465658,678.9987961147597,32.306978503481204,11.469185390066887,16.120998893761293,37.657589385784576,12.257010192033434
233.02191797614853,20.381420935362364,49.6976201236961,3.335003354565937,28.61046788924022,261.3339080093369,22.742618052873834,55.381885416597555,3.5912311039991542,31.092575944685223,15.705965885892926
57.38964341703651,45.58369252959849,39.670992302682684,17.737938543869436,28.765297987307548,59.816778789372684,55.67748591432943,39.94856184330232,13.503159188457701,9.827105563895188,3.9700914053306913
395.5005869986777,977.0287302516442,174.21887864351385,5.813093944125561,23.739910364012005,378.6068171430303,1152.1548054863379,160.2766848464183,5.351225490308033,25.72114989077661,9.911475179586079
244.99257492621092,14.453053998667787,16.700357414780214,9.756825128030542,16.527845516412683,256.4748329945027,35.81351903858192,18.777991458215595,7.678033057213413,9.65762955041573,12.118787217850233
43.380194216579895,13.678610963050138,31.251299090601574,1.6864374511538984,45.668288497165456,49.455205680889875,15.44307152713841,31.067200260972804,1.7390743474649464,35.646883226032784,15.132731704807329
147.09602376571686,45.952717506736604,32.56504673934246,2.6093865812173007,28.878206237172844,164.87765564010408,61.630706343231125,35.41224184812802,2.4163117052618777,27.591065227451377,20.32158499292576
18.962790346071515,287.41510428093653,41.41555758649775,13.407426401939993,16.698646450613875,19.11462130223812,328.206560012602,29.905425656253247,13.55781799416948,18.542963702184508,2.589072257704277
86.8302729899401,692.2272188609238,22.84790316492083,9.512344150080128,16.096528197006588,92.05930534171134,624.5200329242983,22.902650597694027,9.468839761401199,20.075037230620776,7.893831087248627
89.44935434177022,617.4160571667798,380.3273856958487,4.755010745611017,19.85981736450928,83.53855483499103,583.7873816515822,407.092196561769,4.772165808426826,19.879248588765282,6.037469689467013
243.4398130691696,51.49306322355075,112.03689904245998,10.321400446824596,7.177609070850327,237.6023459216305,69.04436192921703,109.03498226913965,8.230738735238136,6.614965779663287,5.500913915933961
28.07569353988668,43.60032897850924,12.26745898190258,4.562589611497391,39.62523467006824,27.58668729131791,52.603548179064234,12.137212770496856,4.516221519297468,39.271182665830274,10.072175799341283
10.178952065178912,12.93376234551907,315.50677810109033,15.18721404729479,46.661520276190664,11.624177697428062,14.142033757183198,438.57349118474735,14.340474654370034,43.35974823948118,16.45582975239111
215.3242596519944,10.448310332193842,374.9790828788124,10.987409223735652,25.50714579241544,220.89695030574117,16.27000765939731,510.22205755359096,10.521599409282,27.404509510694723,22.950068097561076
629.7366809318665,14.854497801160718,309.4542080585417,12.191312194658153,21.49104277146062,606.0634551562614,20.338212489858904,418.6311176243362,11.184153276544729,23.46141579944387,14.594192072265882
303.37197480995536,277.2791176358358,22.413341710441134,3.6132532021313013,37.937409346463504,317.09762852368254,281.4089019301724,18.766063218732587,5.018622439494764,35.26401992114343,7.588008132287364
42.76186848979029,61.342354466779845,23.900502854968167,13.011624860703375,37.55364203872771,43.61717409311784,97.21270330248998,23.68976018326703,16.06698330286938,25.808249938285375,8.181622334107876
216.3960299092135,73.45029213364882,306.0394607823826,8.298619792818547,40.52597668868576,230.9809914309565,78.39900507652716,331.4284571261102,7.946700746268407,39.87152963996473,6.775897003823876
136.6193559584118,18.84137940630574,134.32091384855246,2.1703061573694344,22.682475075720934,142.18387804664164,20.232360852550453,160.00710863471528,2.141228083270198,23.83268336655735,6.879347562740762
180.21967483468356,83.87233589930369,323.23333248464405,13.029741310349578,2.2011188785184004,173.23974661806878,206.97783887889062,304.4345140037876,15.861600421213932,10.66118013837508,5.724366204320009
40.2182994040212,36.2881316586789,51.34846363266724,9.425989185961882,9.77518616627132,40.81386811305691,42.140245652166925,52.81647625221474,12.811765570021008,11.775151424699661,2.654173916698489
193.9186119041353,749.9574758749089,36.70191030045437,16.508470502124784,5.9575495956310025,194.29099354563135,437.55795460160357,31.82161316201289,13.72286023053577,12.411049133590978,4.602863198910525
44.11056955579441,12.690655261903437,14.670397080732226,9.693970254194271,3.9191360997942617,48.76258057132269,19.68312619005166,13.99863326543195,8.50342420144492,11.913068191237949,8.457198892176539
72.91043786453756,300.73529678993566,24.38793077801908,17.61098563487517,14.253249059922158,73.53382602905839,272.2354781237267,25.65580213779402,15.03907733394967,18.19493833894445,6.470900211976913
10.143893478386314,30.249402533477976,529.0885140156524,13.5212163539217,43.67599097704362,12.780765440692802,31.332204721219227,523.3358427624063,15.345784466715365,35.93054498001686,21.359501806998036
111.41241116925089,178.51987527923268,51.93538445142286,2.304881725434231,43.09559179962408,112.88744501739812,202.70127937797852,58.12668816740568,2.179913316367588,47.90662986468377,14.012487108083683
196.02328224504896,902.8394005077591,10.57044304832383,15.459851921193302,30.50118749047073,193.01074784980088,1074.2100737239869,21.05593363738983,14.492759608589665,34.54606636649184,17.967840119899368
84.70512882753172,16.541746359799284,12.809197875875777,8.670301737594812,21.981005008453305,92.04166179559557,32.60179823921322,13.325237530733814,6.609421701733354,14.459985722264781,10.88691608221897
143.63281304581113,369.1313048595485,123.83327656373362,11.219275789073642,15.584414161925155,144.82509923482638,519.2417198340813,125.00862087036961,11.975013913999748,11.412704158153241,3.522500930602913
70.00852761785474,18.31621827563988,318.7008628199031,1.3664077397436576,14.108311304041994,81.40413621353345,26.073417605013468,389.5896496058024,1.0582238747502382,16.93909328256855,21.970914396837035
13.93962607265134,13.519028055723341,181.6264642876533,7.928225007941071,10.371570830348016,14.75838968972813,86.96162790962384,279.00948721305747,18.670334774122463,21.94518207341796,4.589394451518049
11.33148755490042,250.23365267260553,23.259209969682978,9.489656956642316,28.954451900436872,12.213478087207125,295.4981352040729,23.65900090412432,9.78914574985002,23.78099570901304,6.511912622762496
15.630138540356562,26.814002013293692,149.00327811177613,3.393247371637332,6.8296541726490405,15.702330591618397,63.281646656572754,157.62567528310313,4.7956474345249624,14.630237543730006,3.733803159997821
22.924369747797517,160.4886282204265,117.7612993984901,14.696678499930854,7.63887327320124,22.356912917257098,135.03803018080234,118.16357915131732,12.49532701834354,12.579154038608877,4.905304541380047
96.68168886767117,110.51993302703663,30.32678123825208,4.126303576453724,21.766499245218533,99.51096229695551,159.6269960726801,31.050256138342984,5.890035008099985,14.638309214398145,8.172950454983482
23.895535506522176,14.033137396357997,983.4067937391729,9.648916170736916,41.91432302978733,24.300875673440938,17.71783948955551,688.1617254592401,10.082097109805796,40.383046150079245,14.10453914669287
251.42618977232974,154.21026592111238,340.7580287095875,10.116572516447892,27.64554269822563,245.33946478272776,83.05933180092501,323.8009320345855,11.667146400480776,12.047708691286791,5.316629804622875
48.294142644848336,20.221649508768056,672.8064192935947,10.245072142668041,35.620872210514804,52.82338069658155,22.815050640469558,885.4753614620912,10.635391785037314,33.209127611156525,14.496007495307705
548.9218534947998,56.41517480072761,394.55168521581385,9.870221581263003,36.20482680099871,574.3254677463931,53.28566350610181,455.87101204935766,9.928708335843417,25.94675969181397,12.883511691554684
147.11438294019592,12.227152014136777,27.573716290188774,9.525518745270766,22.650645749342864,159.65305431515156,13.2180839255306,34.69700669274293,9.506422809304459,22.71450651981823,12.194318423109134
52.05605691021876,10.313446482319405,51.31199577735323,6.88695847553085,35.25227046410624,56.828736635055996,14.189849794401333,64.01798513674191,6.297757754504387,43.59064557560545,15.609678588995488
632.8310590657975,36.38463766663246,559.5362879448242,6.092932640042188,21.025390782752613,728.411117366071,36.7186640938139,558.2489653673016,6.213524727276907,19.14705004460187,13.863381827616589
326.88922139164083,487.26323819994286,141.13808815698243,13.476645610994709,49.038173873996506,309.12600110465377,505.75978262288413,172.3841436138587,14.548709280619175,43.43534019317096,5.06174188705557
149.2845285804793,54.28196966092188,10.879402899687078,15.8729427471607,36.43719516144294,171.6617180550275,64.50810371732538,12.656173346881273,16.641716520556443,36.82848745629652,16.915928732344828
920.7171456255974,361.59865871681825,346.9122967476948,10.589973493755664,45.099807353520355,875.2280054136831,377.3716164278971,379.2327141246012,9.748246074618192,15.954388554189798,5.439329520259814
397.6419366131169,397.70372666578913,143.11985912061343,2.184756313609735,30.15975927167396,397.67948389749137,416.57738044940606,148.2948142452126,12.776448665000183,19.096180699453804,2.4214479566875466
557.5817711379881,109.6607825033673,565.2363422192334,3.938820734418951,44.17311964940346,630.2774435030879,142.2891883082646,574.0004748223056,3.978286838768452,46.51293269684626,20.89848869304205
51.10017997795386,44.96577557825242,937.7471667407709,11.371355591564162,37.20915124949093,53.76784685562393,42.08292904645937,899.0681025818699,15.070680607047523,27.581361346765522,6.4264887252009055
170.85861911573798,242.06087848470446,35.68421770259296,4.814296712212528,23.933658933161613,177.74453009186755,319.08457402324996,32.801378415687864,5.10458507169718,19.903503623730128,10.149944446518925
23.207023189150018,105.84883716863813,46.24015931113781,9.217866092278497,40.313455342425605,22.711708310054522,192.24653790999199,50.478672799676524,10.23784959228516,21.418770636800055,5.758219789672033
11.999328126169802,353.86669350370977,59.250616117369674,17.512425245076717,44.187001084795185,12.22797272795885,241.2216046378699,103.30014709297485,16.04785141779902,16.54417923588206,3.3367537566847543
35.45772494927709,535.2080369932527,869.3015649771511,8.699789330489866,8.460138786813216,34.76447672295526,317.27743818487295,1012.123147548528,7.266422542782773,13.177500202893317,5.564245321772004
10.378909742458928,644.4669456011687,15.004967276890614,5.790426289231966,39.7416086858299,11.002815929313527,577.1838052364412,40.39501897438315,5.68898018854459,32.7198774965914,6.298716555534201
467.60899514822,737.0295867217844,53.09049541464022,13.27083267757233,18.097463683952377,476.865208275182,906.6359258254334,49.24174643880353,10.195512604340081,17.366117223775785,6.469822173481904
488.34170807401637,195.96869962697193,40.02624791300864,5.1911250373148885,29.274625986292435,524.9148122055697,228.04675781279605,42.573000277799466,4.258258842076632,32.70870269969032,13.101106151230157
25.61827888585081,14.768237219113399,69.25655901369278,12.744387827509033,9.107036310812031,26.24290679352761,20.013363415972666,79.94120040468022,9.300666970504967,14.071992980435143,6.642488929260332
153.5217287694778,123.04208688108127,18.031704223028854,13.3394528705533,18.931862154447387,170.36914942012334,137.81023699201623,17.539360173897375,15.602030495994624,17.769824999507083,11.416776979374413
36.01674616454401,44.88704328329051,802.8813481390745,4.221218838370022,2.355208422883381,38.21724471243361,433.63605405595405,836.1702797707958,5.353001100415315,13.412216277021088,7.947506914502977
618.797181125586,224.0355261836605,73.99520991932505,10.817190576711976,3.8528770256506992,647.484408079011,123.88577866498652,77.55559550107742,10.657900019098975,10.352339184730598,5.1610323772280715
141.0133887931526,460.7351191046462,185.38215077306683,15.607906174997064,37.0789568222837,139.21842445353178,531.7478281027408,175.42165499997324,16.08338644315031,35.255651039403084,3.110405241406935
942.9531457475022,354.7423107133839,179.16985506817844,9.536353240689596,41.050990414786284,985.8294731658008,330.19835369368167,164.41217406200047,9.497853208442342,53.42297145625807,3.8439343523054137
64.11265228085668,27.993938346512532,10.383340621990364,1.5339502003681829,10.464462293705589,59.82591823762222,30.21344439394359,10.977070362861928,1.7716842447915817,10.4545858574147,7.810454697219542
23.518493591061105,46.54187768360469,286.47330063439404,1.478632898784362,10.995028238485235,20.934611650091462,69.8462403732918,306.10281239715005,2.4957485817452545,13.986388379639832,8.930039108681214
84.33603381642143,99.66030179416038,175.0465984361804,9.249982377845662,43.61968293074306,96.08569550397301,102.23202554423266,209.78495714653545,12.804916583258025,37.03244118249572,11.527509687896892
28.98839954983715,475.04936777117933,13.386806407881902,8.907002263459265,38.84097849097936,30.45429083968151,666.1571195823007,29.81096192322469,8.964642769768744,27.862938261019274,6.396254447235361
136.21305422726755,98.4277673565006,416.7474464324724,13.946081626139595,15.347553906561107,137.21518856885672,79.56891847185305,414.6187567364158,13.697122181325218,11.483400642085716,2.5251351044358787
29.45911889777841,27.727017697399027,54.38130501750709,11.216273622731041,18.165282394329168,29.24346867788741,29.159117575213873,56.20131681547492,13.573656970766232,24.268016261393537,3.170933926508352
57.240269729220515,831.6492493117639,185.7043878187988,5.901555199833167,7.066020973581245,56.858173144172774,437.04175550740524,171.7250759489228,5.94517980778733,19.149807684514794,3.3271363860433887
256.9716970511029,199.62688313691493,165.25632089878565,11.486437411557139,13.603028418765392,270.84979662317016,186.13795204670097,170.32036306868068,10.96008795438003,11.218633892814417,3.2334596076031055
174.33110603349846,21.57572984600788,55.02581889408751,10.300593464257568,32.93896235553665,174.4354407892181,26.23521828505045,68.55029885348532,10.205631200441456,36.982602754584,9.763011315778092
10.06235974040512,25.78123913912086,11.270714552753955,1.6660337277797574,29.552520070092477,12.329978378335566,35.62875236493743,9.555290233619964,1.5568955875411459,33.03294591409991,28.818290000478523
23.53784816837605,51.05421831341376,380.95549965912033,19.222109910712682,29.547575071645497,24.059637099249738,46.71638309506011,514.0357850304895,15.570045530624762,28.595081807046633,8.289684325033774
127.43414691247966,275.4174657987084,88.49757585840149,2.2970916391100378,4.772301186836131,130.0406214913092,404.2536376632316,77.96923486338048,1.5682201919114518,5.124826566071736,21.890848663374015
27.899302923857615,276.76401236964784,757.3419223878266,9.763426380230051,38.407794953016314,27.897510763527464,149.8820085240323,834.8688633158093,8.969111393560214,22.751499624511375,2.3181567329131965
68.21348165987042,32.299920967994886,121.10866539707206,18.201501178038043,9.8426462676054,69.03065017738906,37.760552116393804,124.95241186188643,13.193039855760873,9.644908610069498,5.8458235630365
70.35328087006798,45.59470145856247,109.96033435338664,6.5270017533898805,17.944626399358775,75.91642484866993,43.36281767662998,118.63608756429956,6.859986087270244,12.80569824276158,8.89873632630605
40.2862212074067,305.3218013762062,25.22736682355398,19.577659069991828,34.999244584644714,39.37730360238018,359.396305331325,29.75892621773411,19.22948319858967,28.365231306946765,2.560140803201163
16.846225173262273,78.41877502947429,142.74410662747195,18.961484707914906,16.081113934276143,16.39670924101801,59.46573302073215,161.77397422557362,17.66580770370045,18.939959811916392,3.3679007976141073
30.86552989240908,17.741903806008498,66.45296415440924,18.949670107205108,41.6919471562355,33.981466871173666,22.232862535036418,78.9239400573313,17.725572593314354,49.75795848742721,12.13566429542269
65.04189947036905,304.2462965201215,236.81385390840177,3.6241796382067224,29.9914675633319,61.109795430003444,333.4722393142057,244.53436793794108,3.576422456748441,22.697478180310462,3.609137200537921
18.38309679617872,11.753634663794989,276.7634511864292,17.106595527811514,26.694720390282868,18.9197985191973,15.26501681125614,700.7546120036949,14.908306384173354,30.576257105163887,12.503334340459624
925.2460802174868,306.9623946087422,412.18857031136025,3.1685426413944455,14.973495538845642,839.0057386301306,281.5236149274952,412.4853908417801,2.886699315465887,9.481790654179308,8.589921698435013
90.40623456332237,14.46931308207466,23.986799274035615,12.69606935042774,31.606311000468743,93.23418909376998,11.16959089897492,27.49069406460108,14.031236223268207,24.56500560951653,4.8241386343876735
230.73090212086603,54.369986918059524,360.216126613162,12.431273847303817,11.575386699994691,227.5801149722891,50.10436767804041,367.0249639584958,12.218446962003156,7.522748940837125,8.895357445157613
94.32479438403692,29.333203936607006,277.4992435881189,14.31750954233205,5.518209046133143,97.4242256818105,39.37710998688675,292.30044940644467,12.431463476843488,5.979115078299587,8.001598189165692
27.829377127560075,90.68057884014975,684.0602405697848,12.201370261199393,40.933515022897254,27.80062170728796,95.48452591969759,840.0631435110356,11.342094450966101,35.32906744217879,7.060676759828012
55.50102713441161,221.9886949030615,200.02768730044878,1.046346327700081,31.68673751843566,58.14753459246192,248.37415019236693,187.0105443735357,1.1867233279977842,17.106644159862572,4.360191876940402
157.52538691918218,125.90148241553703,41.05138335914355,16.407737712605645,11.885552980870596,159.69874077322018,144.33952553546882,41.69397052430843,16.61286230138235,14.460289479846612,7.193350711901536
64.59315472450297,784.8572220887054,54.06096491800587,7.23357565796764,38.98380903433639,65.81715118030071,921.4030402003763,55.605754226453826,7.480299711528559,36.40685595944203,4.760594504429174
18.92638735730948,64.76730988585352,263.40688734093175,17.935805141864318,35.66914436208537,19.600817071971598,51.83693178937157,400.21689472633255,15.273366612753973,30.40008276484701,7.923792328018112
10.315444205807083,24.631314515806526,41.220546932451825,3.6857521777709215,12.22545778094299,9.61079239688612,26.22010481715038,36.68378428147119,3.6141939598447292,14.955394401792317,6.072897636626696
13.69387032919394,240.86494201133627,269.8866648885466,6.228107443920208,11.39118255139493,15.639803360403993,175.874502422023,278.3039947489534,5.685200336902924,14.335937783348138,15.003907045336392
68.25038624054669,136.44262994216558,349.20735164556567,7.708939371868415,23.767693522604205,64.37316732423453,130.27279720375637,339.37496199822186,6.57546922404836,23.316531022747025,2.9417605705790284
14.474323462507247,719.1635907983745,545.1537857686333,3.258415547354918,7.639021482603714,12.684247504671347,473.275671165412,622.9676820424603,2.8961116459143885,12.121200518042295,5.554136735139599
11.924308115458896,306.1336370148362,11.698836513139357,12.483189375659862,31.61280660451576,12.461324232134107,387.91736427954925,19.779349732746745,12.700092160359127,22.368658386922352,4.7564580720806475
668.3641548250691,224.27606175160614,176.09640831962324,14.921094818745463,15.647785124449497,612.8457665049816,244.15522097129698,189.01286229052178,14.668831672063435,23.033340269049482,7.845528363993888
65.70073619968105,628.7278153460852,135.32060263073032,15.936940187062653,7.226241793825278,67.20769214267413,401.8897219065001,123.31537433322389,15.811583735032853,21.958534234339115,5.453989007727331
898.8012289424653,91.8825601293754,171.46374675237675,14.741856926707852,13.221510020649136,850.6819037999913,79.08584370648563,176.16067238242036,14.517361345800229,11.286997660926797,5.575567643569545
11.212955138960915,882.8786973641456,10.474730668667167,17.26646376211073,21.83512800459432,11.480386064575534,289.2372722686967,73.79730694413827,15.752635097072153,20.011908792694786,4.164835540634941
119.88638137121653,344.65793557376054,351.75938961089497,6.421516208136216,44.52134883534918,113.4807432718151,375.5000146911744,356.5888684251581,6.45956347570929,12.740777715218359,4.232856350150211
595.7525815039154,100.10811513609612,207.87025216333748,18.974451365732477,29.975147211690505,569.595635967545,72.03692472477283,169.37571789943772,18.035627213392637,12.199305086697388,6.311038874755654
272.78343536805073,73.09956833152002,456.7440243977062,16.743600378898346,10.946951338027903,277.0488693630129,90.20217020923002,491.7087501089658,14.51278115718558,15.680484723140262,2.260483252065945
559.8726227613446,10.97517759413234,322.3869174074807,18.670042472211623,39.13587562304641,535.3993975677427,12.564644475642762,222.96442824126098,20.625510801134634,31.153811137458746,18.9217750201149
50.57782972430136,103.57014754001041,39.88851366630806,12.614704840037314,2.380329601911088,52.67639812093811,53.72090489649412,38.0690123173858,13.062226104187253,8.970073310834689,4.005425946666523
397.18654153622924,744.2125123428864,43.866000464498185,1.064359192416011,10.719828770520039,414.60291967025177,796.9628640328525,41.82266577779369,1.4840512747366479,7.101228631948983,19.29990700810216
45.50566232137491,75.20035561925268,63.083919501822834,11.204591554275886,22.410504587313053,49.37130349461602,104.04388061161214,60.238594370407355,14.003520308774547,7.086751676881553,6.605027981339355
295.89626199776035,282.9829209932001,14.31672176343232,4.99510931923446,35.70548920562809,297.29215188789436,390.06107996769015,14.531717760882124,12.965239481713736,23.41000598675792,9.546181138592887
145.03874846873526,20.944599333835107,507.1901320846675,14.721479803910004,15.455858070969382,145.31592011405863,22.538933261422205,691.8865730268823,13.990839962041182,12.74427631903251,14.20158486313004
382.53230469836785,287.29695207971145,71.16544846410987,11.121331556909636,11.782642760461941,380.4428606644971,127.91342885431293,72.09920785913313,16.36004162012308,19.6779858251809,3.8627962917231486
37.20483040351524,24.932336048293607,11.090514122884617,13.662889427490326,28.160724010479854,38.38500611037081,28.110732877094012,11.906367266907186,13.889956876960628,29.647533325366535,6.943965966339348
299.7459415211299,197.4316637906593,927.4082640397933,9.64016104449689,13.007190334063372,294.04417672017627,122.00581555258135,928.5173626109748,12.680335015007703,6.065300541712339,1.92007356203781
43.50202457965712,57.04088702046537,463.08769795708184,15.801802231915584,47.622181844671104,49.92999441328358,66.34493659096002,580.2255571505518,16.134807531520277,46.701478078491135,15.240234922409519
397.6686278606645,520.5966532118093,271.78456243736235,16.29718084498665,6.726671091183071,393.6472534349323,428.4204456826153,260.28382064634434,12.459761091246337,15.816200159523342,2.0457565525311514
286.2553097477276,26.00372084887967,260.66793010960475,2.7485884639548,40.97476869315042,320.2676656590661,38.43520553609867,399.65739844102654,2.7891981392029623,49.08449372859462,29.907565957694864
44.36093095401436,300.4998664998401,136.90411302671376,8.715046041177255,42.53487747824027,45.55096384315409,411.95773589800865,165.36848669232523,8.975844324981113,29.404229599908557,6.198276658003945
52.31285004923568,352.02197496878625,16.30463977360529,17.942243880090142,27.771787550640887,52.55747987807322,419.7929935333847,15.324380116009218,17.56214435680906,31.137273162967283,10.704766835572967
15.426193131604867,713.8831291520702,135.11687176094563,6.159092647471402,45.14521359144771,15.872366906086022,509.97162366276075,217.2867557157453,6.365704484514878,23.70840010373587,6.0952486315752346
142.5919332840584,62.989208831692885,464.50096160373,14.269630318174201,3.091590245080301,146.01273955467602,166.50196616128142,538.2006223635079,16.733893026712217,14.289092600877385,3.7659199119628157
14.110531598306515,10.07694547356766,718.8278753016308,10.006797218121715,35.22145030111507,14.579995912282815,12.007590395483652,613.1738565880447,11.657404760952652,28.785806030225558,16.876658899492973
11.125547697955128,132.21952955934404,68.32798174011864,8.606108958711257,9.225932294036324,12.710538915975334,90.60836206473817,76.05703605228531,7.4385574755816615,9.420289589312844,16.017731012915633
17.898291282514943,404.6784897363233,38.5795823676238,13.235931258514123,2.1767095105645584,20.170670232709977,103.88276783265935,37.547092243842755,11.285793856337705,6.854052963951464,11.067379932782922
154.7781589185106,13.011359684818926,477.9487520317916,17.17983387889749,25.26866547281893,167.3571644722152,19.198470820441614,718.9815357315421,15.971891878172986,29.603205435109185,14.462882866884394
495.7204620012437,421.51075755152294,499.5055236596667,6.415060981944219,9.891698374123452,487.87676641019885,396.3281456448461,532.5670213832101,12.389772756691787,14.496432050404488,2.1487582957399667
126.41493225269654,22.620613674837355,21.07339404144826,2.2444259853737423,40.03016936874805,133.01059154224217,26.519914459119963,23.47622282031556,1.9394540376110943,15.104451465123045,8.585999345532617
59.89896812529856,12.591002499165317,109.89456046133296,18.236464061469853,19.735441734251175,67.15241963887739,21.411249936274352,125.94147140183236,15.91225708251823,30.762538633610436,12.8565130281931
62.44207082341413,907.6283926559818,28.83972323191866,19.871660550446457,2.1251327225340013,65.95675994164596,183.11504755653348,28.3417916184346,15.304339114598497,14.016480198318527,7.279300555946904
361.7388402551653,102.85420970646132,28.434088917223235,13.166322381212733,25.71770998397992,348.01732223194114,77.30503099297685,28.80372933070286,13.661265444654635,36.49819134352726,6.9936538885513935
80.46476673571769,47.351056790051864,165.26535178980208,2.062769016101071,36.81353161170695,85.36063602162496,55.106141678500805,196.61232569169397,2.0941426550920936,40.2326677050516,11.815175412331907
210.01184170569962,27.31521337696571,29.291709607826345,14.964798667193662,18.819491683632055,234.54227022239982,53.418566761182234,31.96292165050492,12.850120438088927,10.089909237787648,10.523324791279729
26.362474917736265,170.03102609543416,14.250058952044752,11.971391206447953,8.044193671348994,27.157442491373867,156.43793124755405,14.59466229379277,11.45913980992255,8.81457985520682,4.037825621718919
49.461430752365196,129.68710849622795,364.9614901257606,10.483469615533458,47.95590668475937,53.536056200497306,134.53303407058036,366.3073798607997,8.782197262207896,40.28398228594787,12.34012966946071
15.768444216074213,12.913543504677227,40.367255703540565,5.235836371065268,47.9928571110065,17.12827712821897,15.80584182978112,43.289722295362,6.371168153626723,45.246124770622906,15.189928352424426
17.844622752020438,110.52322331834492,151.6635601634258,10.9114491098442,28.12899076023652,19.93126414783259,83.50125870440107,172.42789170750467,10.258433890987385,20.85931113435087,10.586834388688164
112.86297475474605,37.806827289201756,29.797985502920888,2.085003581466078,46.214650854338124,121.94701128520208,47.117110948024234,32.247726237374614,1.9744442310008206,25.176466854011245,13.540509251540076
51.40121693570786,29.86856847213378,456.10704997309244,15.53998780072816,25.519244071319807,56.573246479856856,30.170369707024356,563.0013374175181,14.900868695108262,21.57802533026508,13.06839098733191
22.891594063029057,103.95432470457631,510.91295167791037,13.411499816953281,30.84334253712132,22.92407746777494,98.48378330464439,689.5629454035867,11.45486676785112,30.464466254214454,7.2723130250076995
13.841352065252646,702.6791428158506,296.29138232736136,19.44896801724524,43.53506004351877,14.389775221168804,119.67213894386376,553.8944385582079,17.973776031090985,14.213031778019383,4.853448142806461
39.63038184220152,833.8748815742656,174.309779961129,3.3369398918701965,5.372298226713066,36.01498909481134,483.8131502174731,172.4393770066409,3.3020776901264957,11.27290920044559,7.468732518857589
170.96629528554217,788.9912407636417,322.0196492557763,8.792935873166343,24.22725767279231,154.19997231341767,772.3853111357846,300.64490921353473,8.612169269961464,28.803852298908975,7.125428576296043
31.31826301450186,173.9567839984895,991.9405946479194,4.202145066904156,20.171751331449187,30.842974399626943,180.06688319142347,1187.6073724135981,4.110920457773299,24.41243239034779,2.4090666814117294
496.1963850027002,17.364171880805312,350.6141374026348,5.217982362461428,46.56158715932572,493.4478162497447,22.54052991389948,372.971158511509,5.039238654442015,48.45505244460961,15.70256921343867
18.05503505272016,44.89794950124243,62.37977105622978,18.27124039787966,19.427720868963856,17.079336008140427,33.20495122758161,59.3012397065755,15.463496940779242,25.10474374323251,6.4384100967850495
842.3962186508915,174.24690105895132,33.69273041120006,17.476035358950956,10.540240672338987,731.9224964674963,113.74444860284332,33.59243335983553,16.763633570679822,10.910430637607694,14.31447259533051
556.0764869205608,49.44470542894461,19.8447395962675,10.930024758436415,49.61330319968673,548.046604657443,39.96165818033764,19.211571957774733,11.042926425523394,51.23942175475295,6.941432467946533
122.47146713615453,31.012698723058715,103.53758926524067,18.5176780909382,34.165553409074704,139.86904930959642,29.85541581939484,127.04094320653951,19.24655463828177,25.350842724959882,17.325773340450564
236.5689309732202,302.33564664861154,724.687195402387,15.599701013886646,24.978275239914783,245.20269526792893,279.7745440106636,778.8001053827865,14.157547654468877,24.484619485058527,3.62397089155256
373.5540016805596,935.6273100029188,142.32858036144984,7.968262737000422,22.81281687089444,366.3285237884462,984.227935325753,122.68070770667731,7.212154534170242,23.657319430214017,4.348025077295595
950.8497157965487,554.3868989669292,125.68803784335523,18.0833417907407,48.21375097773781,896.4650011931357,553.1849512744304,151.6168791703836,14.177924263141128,44.27444669064505,7.165770883434192
22.154897374836448,397.7177824613663,79.47716981725583,9.144234337371662,19.365648840313998,21.910362887193873,482.65636650622343,65.55274169245975,9.128532084440394,21.15280467668109,2.1651309382868957
94.07519547686756,17.5033049934997,331.7953252139895,4.349158064007183,41.649354743206956,98.8399675891667,22.018948314981778,488.9918985063926,4.369415555002825,42.49652582736569,18.878100293334086
802.4191970796637,677.5187208238503,183.25425935139103,1.136785064652785,5.41722507659166,755.9893998870323,246.25613089629778,215.01739958314752,5.248779054511054,13.311701351381183,12.702780479917056
50.81941467196605,18.573080542364227,17.912818697859247,8.74156256122544,16.706774683997537,51.392274187123206,27.470331370998263,17.676104697021252,7.05222713369945,14.556218560094038,7.352349359513975
296.69392255033813,120.14823094811676,14.57980996944797,8.792333823158165,3.7080069105092033,312.76042686278197,39.45142414263754,16.612835490162688,8.326287579735533,8.702636733235032,10.110433803444844
18.011270778437154,64.07940927780906,96.0359017276121,14.725839920658466,49.82372273060709,18.200926176519484,62.43159153906712,88.82436653089914,15.364878843565831,18.387797678957472,2.5050753341758303
702.0179854860127,13.851575792775265,48.656151386220074,2.0890443814378745,30.13008473981163,831.0719021984888,21.153041375512785,54.42725718969111,2.2640832772917423,42.467791617116,38.04172566387654
854.7008939533226,32.46006073010572,519.7690016005188,16.892592862842626,31.344166379139878,765.227384714757,25.61676467403204,673.3320969823496,18.86101027052062,21.477687809325964,12.36963296354686
408.5732165468724,11.85897757109972,20.00751574892054,1.2347781637831394,28.65847008588352,483.1095098629757,19.12900122241281,19.589170499710235,1.0040141218002936,41.24395568714692,34.80549701714125
38.17997821722532,107.18012481609675,32.503503929176986,18.7848278309303,9.901175243936873,37.97171524449394,81.34045686134755,31.48032918129184,15.562930706359705,25.91636626824212,7.1727607019541315
395.00148171466884,43.510886121803495,50.992180588733646,12.950482736265606,9.060514444805017,377.8468964494567,99.83873977795618,51.09518097690217,8.428092701905182,7.9487045648878185,14.509307059154317
19.778566587315066,50.545284216224516,11.079335413446334,2.4311602836810047,2.352462213663939,26.020171123999855,26.739412802390397,12.676090920685018,6.466987866676113,7.6437466204911475,26.727960236690112
287.1020024401883,551.4085300953533,17.85481581656876,11.269521526245383,25.209599442849278,306.2562629685583,677.7729721008012,19.826115314553203,10.56487014928372,23.36952469599011,9.061415365659366
74.87841941085668,360.88076727625736,84.46263296359285,6.330112973195296,44.77045331183681,75.73765302807323,459.0395413013334,89.03005031978341,6.705458920914455,39.19712305027467,6.231679653792361
60.94821229921066,98.6748582445488,484.98656370817605,2.020599084127874,25.872195373317556,58.82286692066796,97.52011898837759,610.3310289105589,1.7670075115607824,28.2345439353403,2.490134688557525
233.87679013835327,19.835338813330843,109.3454661457026,3.6366746590441754,32.20147946180263,257.7441991819769,27.439521323683476,170.5385519879514,3.496904844304423,41.30347387270588,19.085342221203447
714.1469943949561,20.86414805342902,10.470057575785003,17.193766444757603,36.32434981690402,672.0182035394466,56.452883801344505,10.430503216455591,17.55235739096888,19.00503247482418,8.86601274594942
452.4901073172699,78.11516624769648,357.3110531671068,19.634658564361928,19.122565586826912,449.0443214119933,98.18695021802446,375.23632590982334,18.050984813944563,25.948972794878255,2.803798726330764
303.82314438412874,721.4378085389505,150.42643794893021,18.806148029317164,5.831706739121736,309.6960346952248,433.12778867522354,141.72923460490273,11.281856089225538,17.935027744259337,4.70090634019684
85.1476238900616,43.114881453993625,711.205847570237,1.3056035036077935,17.21839469377946,86.07632056827211,43.41145282944204,621.93970576785,1.4982306028824026,17.67491560936326,5.2299623666965225
873.899897648024,106.60156556580674,13.999726220545753,2.5366177993519634,34.41404873328214,903.9986944639522,132.17174631354266,15.377857679552207,1.7519293074600644,47.41490152001056,41.24006173581491
15.42132953095233,712.8099504488428,146.88431625370595,6.593267525868686,40.24694595810111,16.336535683526677,416.97471701771184,265.1156951041048,6.743570222545942,18.704579304418285,5.145489779189175
233.30982755444353,157.30952986551677,903.6635527053649,1.657450491470612,44.14371860866707,254.02442846150578,179.04010910696448,1166.7606478954826,2.07267961159431,43.8263665536612,15.253947785114178
156.92393449503686,18.367460202703647,745.3184708891039,12.199583219991737,17.252246504385734,158.27932079338416,22.806177384204297,746.8084569916971,11.380009026651214,15.688629318464677,14.241220374225636
67.6966300772498,15.672013336585417,12.736672374362662,2.226020172223491,7.028097299918549,68.19392728446725,17.024904698219995,13.206262723131978,1.8994807334398696,12.907682393201169,8.267483353958717
931.8740116295018,924.3487533228304,15.250600803140216,1.9101879173097296,40.79590854391695,849.9160021711947,869.4192638835854,12.736438443330627,11.402536658378434,33.81691326272127,8.0768736490554
417.2724496187813,275.0239540976422,784.8152319877488,9.113292929404317,35.974467132408925,422.3779658925844,175.91313262658727,776.9056305375922,12.590344957494827,18.44079533765087,2.880797071350792
22.029948206322956,23.747874109514232,70.4067739422225,6.0171511939158275,31.595699827817093,21.968904871506727,27.32766179984726,74.80416017129448,14.085245340465649,27.257132186036532,2.8882661915020376
24.468520972656624,10.658174530650339,29.07180538613158,9.664432054813448,24.726777477889197,28.395648697834087,13.302552519403728,32.781596202803065,8.08441375180839,34.125889286810484,12.93438046852669
990.3489771786926,188.36360950699537,968.4057478857468,10.896051382316942,41.07306368453686,1000.9480384332959,166.67532658766024,1032.0922970466522,11.169937699209248,32.79511032692441,4.4381894139954055
89.79370054816452,135.4237813112869,251.215975499698,17.802971033097098,19.035208974284807,89.36787728338196,117.12707796793137,240.33663210076082,13.611686803123096,15.564254244579738,2.8489947869930834
424.82434409925736,627.9847992577601,18.703014651468077,1.0990811887417309,11.376002677498372,416.0907281445825,481.9091058767858,18.037064923030204,1.9568872697615831,11.202105744635613,14.610617868038101
65.70012848173322,27.24313317456012,150.18013722342985,7.023777315027519,3.730872045313458,66.61574634906641,37.4271251454929,154.29792084841185,4.580689696574534,5.779379463370774,4.229716470839315
523.8226929884877,631.9658411980473,376.3514453963962,17.794745590109628,48.496194859448785,506.6833054425544,604.9885489722338,417.7430603976405,13.838460213578676,34.71300148177571,3.9140902194118525
870.566342390754,408.5009276316685,110.66416317271022,6.058443369374095,2.835875004444817,805.1855042751065,124.97110673000313,133.41509886957382,6.564185482866106,12.390039409563533,11.851807553797068
27.515443544093294,13.281033386109998,485.986086146002,12.624417042755576,46.59896444735617,31.80798096887966,16.986354806662995,691.0569017799646,12.320120628243018,46.57671936125878,19.81992840604614
47.408512975200125,419.396095185752,637.4023029206552,12.468381001612327,28.888643799660983,45.97768382989899,201.10541750094808,584.1187930484925,10.40392266684807,16.203467918610187,3.1782506415420846
27.81029053105983,833.8628933774379,294.1289794101946,15.51183548055656,37.533939145011686,27.76916240709439,348.54527067887454,349.83873786744135,13.579821906289613,16.304946586909733,3.220876217793701
11.026500073893256,42.44340511929401,159.18910604485168,2.927502712813088,41.531947781317065,10.25405597533552,47.67876662470366,219.34729338898265,2.7411978794093903,45.083465333387984,7.230989943822685
153.44016681133107,639.1342501815042,278.1295306774516,16.215870948455233,23.70449515543418,146.64808891806814,514.998742510109,281.48328605450126,12.989066880515779,18.371815947745304,4.7917759788282925
25.721789274314585,10.983335721162227,26.614012791859313,13.710413168098519,22.2832392226452,30.987451021611772,14.435671811613245,30.610833624505023,12.568194984731186,28.725489166917868,19.2624910642537
128.9888867654252,222.80651977080456,336.1231706498182,14.514604561699329,17.81231434093298,130.8753134871569,197.06707716205614,326.0743417071487,16.34818162469523,13.369537422408627,2.8460279592232633
21.32932761821635,17.479937800911994,17.222100903272203,17.14077958002731,15.665840279416836,23.072210113577015,22.501454177252235,16.049748108942214,12.70880140466331,11.223117690372018,6.653456903377264
109.98454448192743,11.705096629938447,31.32819255847933,19.452106789787265,41.04374985118668,116.8407853739445,14.208451968907474,36.58490424377508,18.993346643472396,40.25479666679222,10.191380475553851
446.061684067146,25.064610870072322,60.564755752042764,8.495598917575679,9.335564091598595,423.63835889469465,45.6437511914879,75.39205997367237,7.228244224355563,11.811767199576463,18.452464798635145
784.6165060887571,65.13939063397268,562.5094500118344,9.853017973207578,39.71513898853077,817.2318454578093,71.75435973675768,630.3148849029295,10.138851982834026,33.10138436122218,13.699416461191033
178.2914629702834,641.992269950022,61.225326217135176,3.079359987045788,24.95446049826167,168.8585769453167,802.5774977265098,57.97930495213281,3.1618266724774755,22.68245626575909,7.727337113970911
29.1021344171097,133.52629724420666,40.520433406949195,16.665777795735625,49.73439042893603,29.01090559982954,217.18004079345542,48.0352011267481,16.604291282943784,25.99875592936823,4.597805304192054
27.01611008040311,30.44990132672317,116.35639687152843,10.742420168582374,16.301901824516143,26.067410646063877,41.410797249234,126.17315695067303,14.663131120015215,19.285170526692173,3.6208263266958527
132.24892513314222,244.35305387953377,59.75900105290229,16.212322534079313,47.90462086875351,128.12614016886948,256.43580201448185,71.93039434873491,15.20968785925617,40.523457865062376,2.1653162750944808
65.50570610518288,17.16243987679895,209.69326781309016,12.251122252757053,33.09069813754771,76.14317895459743,18.958733696350773,312.4797144040344,11.54261611437836,30.297877412974586,16.72998441544373
51.438048299273056,41.620516734238706,31.949812113928562,4.29571565250304,47.4936856298037,52.772208045265856,50.50420640242316,34.45422185437481,3.7391496167273557,29.192200607673954,10.074551190011553
262.02391922656375,772.7658888335776,223.64516644455307,2.523025000799548,12.8891657853667,218.28864416239028,948.8056903433649,194.20555169142406,2.7121604655938527,11.457022905603534,10.262627600800258
884.3959380730885,352.27790661228266,367.00267053765384,9.342251495396148,9.39476660099658,834.1967814208775,329.45572330152504,388.0208789576194,8.589714538730552,12.234876393227196,5.838071527687602
34.29428204838865,11.653766859662746,12.680941141093108,14.205200001350622,48.71100060761951,39.194573197414265,16.23909296912786,11.154319854774933,11.611827929078673,14.651142618439245,10.634917839855007
95.29371307761022,300.6622301216193,34.491513441597746,3.3256080186695858,12.887331003698126,85.41608805878283,400.32256679246024,35.252005978497365,3.060637781609932,10.214943561091504,5.665499516646454
44.986712743689125,126.56622849298122,440.0110213405688,2.0048221432992364,17.18230842819419,40.52177169633528,143.71401129459557,490.6469459830337,2.2123072490768574,19.545766536199658,6.30195759255499
295.7664570485845,445.41369546171296,33.30502850680594,10.506424170006165,17.70974067205199,310.75967737604066,538.1455520818995,30.84382868548206,7.359055311774175,18.971004955860906,10.8208334362433
700.5452635096832,170.99509372302455,123.35183895721364,12.902310480976611,4.7447319245332285,683.0428401838841,152.91409258373417,113.74962690924279,12.09182642282111,12.68778374751397,4.883856962944842
59.05855592467605,380.53537855089564,956.9543845708843,11.004914410650839,23.683947087336772,59.51915340777327,257.6313474471254,988.4019736169266,9.594826953945136,17.929915720928136,2.7910303355998827
94.31886041959208,32.52376841670404,473.2798687768391,3.196891406669008,36.34708971605021,95.20561646927862,34.8392216090109,584.1837930152512,3.087417809136727,37.76975094365922,4.371490538908048
19.058029465074807,65.2993940465723,404.90052342782917,18.073644004647875,7.560640781915604,18.997395607086045,102.86988623043261,473.7053042573377,18.296384259761723,13.624082483047273,1.9240633267382516
66.71084403101419,25.600648052380656,985.2298714294,18.661754183030315,40.504925651647355,77.56337581288906,25.970652756655447,774.1313954929318,18.28925337637489,30.701485101188158,17.986624591131857
385.53348183507995,735.6357045538988,12.056407153046694,2.524826025858013,41.336669601770105,344.1885527186373,767.9534607307534,12.847226754662586,2.201101918995919,47.60889309439287,21.770536346023928
137.483966939266,48.73901352842612,16.198919887840624,17.637714078647743,31.582382105065975,150.5742101902538,59.46987159432618,17.48059300776555,17.34581427154305,34.361430893884354,12.255680273200909
177.0297701864888,66.89082841583743,131.64656677416318,13.257879937074945,42.718461025729546,183.62825359218692,53.13067994722209,133.66866950126263,13.081053447589738,25.318565908483848,4.114938262909798
132.69673329261482,111.0676766985912,248.52361180889167,11.036728041936986,22.048689827151733,135.63097135714614,72.14744163501048,249.17746078541117,11.815567057255524,9.457720369419208,3.8376418010061135
863.2742270764612,31.588712843335625,57.951441538889625,3.082589152680548,4.517299173101318,854.865542385344,47.41979003557153,65.96030575593305,2.5474258295813654,9.16844618181823,14.530685402254889
13.05795842991097,499.0715907327508,251.73919286707272,10.565110683168204,17.194893594280906,14.222824735588175,168.68614732203662,303.5329069416266,9.687774531246543,15.259695081339283,9.469018574419223
28.064584278924876,20.18156513179461,11.27749785451134,9.67363565813673,25.844326735643566,27.86695937610082,26.094242232163758,11.353134267388013,6.74269683448622,27.57820723600568,8.30390567837722
425.8239330707849,954.1714409200285,40.52507565490411,1.9847015743258816,36.6423281357473,421.83699820346703,1255.9252883874092,35.76395875027614,1.8193908571706083,40.02843869961953,28.954553676531848
147.68963347828955,554.9971893403084,748.1861070445127,17.17811487919349,5.21120903567069,143.39957635936318,384.44018615687713,920.5464334480185,17.08419628314143,18.102329630172527,5.438488531460572
25.3873422412349,12.869101161046498,19.001801030397125,10.37619899750112,33.287145010763574,30.80817438091786,13.89575396726536,19.146993372510728,9.679631716988506,28.89183915776834,16.516616810463702
553.0601317802352,762.3548312678847,353.83112395566155,10.449540925208197,24.170845338197136,530.104515988917,959.8925366423408,388.04252445854667,10.009011945191864,17.361989582321684,4.208522215477892
452.7516419777274,173.83093877238773,72.81747465164571,13.585156416092397,43.32857546681972,421.802429675641,147.92312017575247,67.44276840867524,13.69857460482191,49.54094924623374,7.700516385875808
320.697829106832,219.19105724629352,260.08234547798276,15.645844758965508,3.9014809380844127,314.95966683297365,310.6582301748923,268.2328376662828,12.124800414207845,10.500236629616886,3.616217002356245
782.7217189030636,499.3521237497203,24.56913683651105,16.501263103178875,12.905657321644176,739.9128459910422,498.87075759738383,24.0822139238261,15.25519490562296,10.949791312878512,12.28382195729504
27.632276361800436,82.68600260633009,865.0215236945007,10.886717437952724,12.21321356054056,28.49102095666549,188.06597810622017,1106.0966358165783,12.085441062720951,20.89249244239804,5.696322355403929
59.194430675238195,29.7993025366175,225.00549151630284,15.462605839824834,31.96003603349128,63.48995465994393,36.86811156129169,342.2176062560388,14.780881890560504,36.064598163147075,11.85374513496075
46.27072426303701,78.4181909045198,643.681026860987,14.688614646622172,32.7472008296743,51.273289544084115,88.8825468944424,777.2390401041138,13.223668506997424,32.27971178503895,14.607497179860152
54.30013721765611,526.7056414861426,354.04636382963054,16.0969403891051,9.69384093663258,54.54986189788116,201.07485404487758,396.17409124578336,12.777384153420268,16.933902824281354,2.6864951430676203
39.866628397514475,646.2730544074639,804.3103536146746,2.5506693301493906,16.162299247506894,34.12951368660749,664.2491531029959,973.3470747419436,2.3480780057147554,11.187836056753914,9.186008118648719
256.7938894376231,61.12608288962915,27.43773639234676,9.816130418547928,38.1127291183225,258.0788786295292,61.95767631000659,28.269654303576953,9.086935624729366,43.95639613967499,4.91302862567821
65.17251878091156,519.0059285880184,213.0152108729837,7.313747307567296,2.980348965172613,62.08184600147427,233.98118903793394,207.92387370530736,7.038091012564353,12.179367322644763,6.322538984367852
596.6936424349484,126.81018403057921,19.543795964634395,16.03529806648856,11.855562913457847,555.3922127688079,71.2185253572027,18.501041278600663,16.970517541199165,15.705500194605849,5.873171043253976
158.20819976955968,69.99910194760658,26.740153968899072,15.476753494330055,5.402972945990799,168.7309842582538,71.93522523685073,24.93581850197243,10.56246267063381,13.125501688160675,8.373528722316804
24.84633057211001,32.64132041900523,529.8246969534919,10.109810850289538,36.41467650960535,27.803073447227654,41.047726309604556,872.8820804157309,12.92935449393648,32.533716907263184,17.175904587056813
148.47492944013757,437.7470997609905,64.66620869539364,8.73278327966863,26.01829687348145,145.55981887154744,587.308248211561,62.25776729383399,9.066976366825068,23.00426467848244,6.953378185461462
714.7619342461574,103.91705467910305,667.4472765647014,12.37987046912577,18.53528827296046,699.2734610317849,70.78265828726053,684.3548293987177,12.948451155741003,11.661554147938752,3.051772359398187
16.360824625139262,207.7983019185897,55.28103934207214,4.5769040775480745,3.6867293582665703,14.912472962869044,144.4857563422783,54.737121515693254,4.299686574808378,9.447173574438956,5.56842024787663
656.2100037173544,150.64745095880517,292.4580502997958,18.704398319051013,45.62253885446322,624.4135027543905,90.78571749178904,236.1080950317288,19.481624124886682,19.40927117148922,7.382581493764645
57.386829512884475,118.30551301994576,634.1965002723515,3.07434501578328,47.861840089686694,48.75396498210682,134.9039371447863,677.3108196997739,2.8716326451213536,48.51718918137378,10.16806242738798
10.747148565074875,411.90780019930537,21.62967180838651,15.238871110444494,28.701108876318838,10.98651932003869,369.42106839710675,34.22430064060692,15.747612628907733,22.755061752024435,3.2762833949458594
17.99049262488339,351.8429315932568,12.28813236529415,15.658624769396656,2.195690593047104,19.3796393837104,87.00288907769303,12.859971020340764,12.772643031688089,10.382261175686304,10.089311637437321
22.182593196065284,213.6158108789078,660.1560550602853,16.226767225399993,49.28586740879545,22.9683241798766,115.46220536218924,868.5253203055177,14.646334777635742,28.0935107886677,5.9686397484722
390.46052180975,123.41029434916456,122.17748757129999,18.07950995008976,48.646583295042134,370.8622948714149,177.3406446770388,122.67885775809442,14.656497141402156,10.390342827058122,5.484520180442336
98.8527484733096,231.73254543110642,117.61675278327866,2.3339371795605905,23.396331831840705,89.34159267015279,247.1550224096946,109.69426550209677,2.2871648497581245,20.17107169350647,6.0134161570459606
17.68835166300158,24.88636650975616,339.34577614715454,2.8417562939969603,45.21334878153966,16.899724293428267,26.109366450228084,359.67822832236413,2.7810837846224934,39.8435681530168,8.951490530702394
40.439187400296426,25.78869402377796,336.47666265509565,19.337077947850094,28.956881037249026,41.19175253739599,34.80025976018029,568.9859639735263,16.776981393661245,33.69956465397367,11.77579430997579
141.42061061497617,541.5137562762606,31.448298897203554,2.060328997866153,48.2001657859424,135.88776666803005,558.1756934246723,34.228449806828856,2.0806270444373007,51.7816331683261,9.790976334704613
22.978944833894836,67.37974294515155,14.074825785899797,9.359625142587914,40.783197403523204,22.277266077607177,102.29761054558809,16.259150089480393,10.64913699330184,25.779385720162637,5.454835942078126
33.37082891111787,424.7706001032899,316.2986517806626,19.1037832612974,44.76396026516643,35.027721601858715,156.73008405768184,426.20401504351787,16.873849748804155,17.937242166254446,5.0778203045112305
23.406745503059753,735.1701112703446,16.684459971760862,1.689035868771131,7.604567469751463,22.28964233707119,646.0394423175157,19.842844915390707,1.4245891562682347,11.921818881742809,25.720358845083407
14.18294066931397,90.0829444238259,105.02527583930333,4.424702056987893,46.239022844323834,13.994342296885984,78.2840779484691,115.90678137203905,4.463407705779507,16.91523472814245,3.424086165433819
172.09483302914398,68.1452199531939,589.1930073373736,18.93091435496141,30.01989597870029,175.6436336174904,74.86100201761957,616.4741487225831,18.383845960228303,26.15354003319676,7.697758393530776
418.345152974611,13.389660986930277,278.3997729371804,16.777241631535873,27.745563623781052,431.3240559753655,17.486516314760685,345.60216693407995,17.065709681758378,29.759949791639173,11.848551589053265
25.567107217945658,15.775382875631157,17.332356301148984,5.841983757470591,36.252197350524995,25.447958292155082,21.97179360012926,16.125646912533504,5.314959193992165,17.60808325780731,11.912316869484496
105.63726999429458,13.052059163643715,416.20759909069517,2.062462908166476,15.98214712427054,107.4799641995132,16.459869316709447,456.97903072214433,1.9741359012172148,17.889310963939607,11.678634844920092
111.81500366932117,19.329076878973932,15.67777548945666,14.52439128645048,7.988357312842671,120.69769442397822,30.273488653634935,16.19465793030156,13.873229345702708,9.859793510510542,8.446328759422379
75.38030300767015,21.844119395741863,34.90875360342258,10.133457012899067,9.875113291442611,77.23616739509539,24.098107335495545,37.34980664554572,8.621760613814871,15.783200980991287,4.716663046829741
683.9036209908594,191.7937646123991,540.7574603225761,11.32663249467403,41.34978847079146,688.7325349716302,140.26064127950968,512.5578245827703,12.2309750010581,26.590297973674854,3.4565125408742223
852.9772283418632,85.64916166889444,361.66365028474127,19.425296779433268,39.90925864368866,797.9665172823527,57.55778210234787,320.7383212056304,20.673781171535442,21.222300196479306,6.027515782901271
95.99565113576236,219.15454873251304,79.2500616702247,3.9374834491304993,22.405136130431256,96.2885177340512,272.0706557097452,82.93931785459017,3.661566533201304,21.04666848392865,11.20309100551011
585.2046370075655,92.928563509521,422.31311273930953,2.3362786994846667,29.469072684074398,622.3858132107522,118.14924254215977,479.06013581172573,2.2204081043088846,33.730334800329175,15.200636056863395
11.702500400065414,13.664442255846415,435.8888396225496,12.552093105225586,49.60235188854557,13.306924410525093,15.369349349924157,527.4952359623732,14.278963138778845,43.79940319688213,15.538736266556732
21.268831428586324,396.01795336888483,521.8850899803748,1.5786814829291185,13.211533019032892,21.325211528218208,420.328087205574,608.4835085255529,1.574348240803878,13.889677476891961,6.340559618123217
529.9755614513813,504.4904740675423,499.9614860456915,18.683752200724854,44.530158376238944,546.9996907202062,479.53163877629987,537.0623425383428,12.993309701281891,13.413328423788066,3.742410877644843
699.8176696525119,97.7855956049297,224.13728713666404,7.8668357313631265,21.17990282520245,668.8951611650294,66.73637041233124,265.28605154384616,8.06746299889461,12.22176339583391,8.8327181893292
34.69709529857958,101.2448726749935,10.33692186298195,2.565801149512847,40.86869774810862,32.221501639223746,139.38635063187712,11.301529469013998,2.4891349108560306,43.98461314722921,27.269002734740482
331.72217744095735,12.139393677004989,42.245715822701484,14.004170786502991,17.822965178018354,340.97326896973544,17.151628107730154,45.62813082379911,13.561156140421458,24.902368976097762,4.2468549685334915
180.17838396357186,40.06345461960127,17.95764557415884,6.115155784557647,3.928963670044175,199.6891052012229,39.865447487310995,20.522045850726958,5.5205088636909405,11.911431541493446,17.530911255426506
866.2184874746965,853.4117208044914,35.385166976879,15.56254204324495,17.209044117436346,816.2529549069505,810.4365906959152,30.890968105299407,14.033079189420187,18.732628353858907,6.721220546642767
31.595486801768878,571.5294676854284,321.08376694960674,4.843187022956931,43.846741855840875,32.74626009718298,750.6097738079009,337.0373810390581,5.109458810732599,30.333991608821314,3.9726114410094313
31.117887745568623,42.60668347846133,53.53050151518068,3.707987422831733,31.447250715290043,33.19010765418413,47.66965961481826,52.039037445225944,3.8141092851938496,24.44134673501214,7.675775337346444
879.9145662681609,43.48343268576854,255.06199156340855,18.85866180669896,19.292867372342965,791.9949346445728,40.153345510341275,232.6616415051643,20.225633526178243,17.036671938615683,8.293084644034055
535.6810644786669,17.718103133337184,187.1400741039464,9.727504625687391,24.59790910084043,548.0065852304012,20.655503006072916,233.34402298992433,9.118905983099204,26.591020131222855,7.420047872598667
20.883657658063626,97.19303588261876,42.32811739442444,19.112298610797968,3.3950244055575687,21.237067110883885,38.55149543341104,40.91212222495248,15.351285017917103,10.321695995127968,2.5940629146989247
224.0079399659291,46.97048472977751,21.055585232146978,14.204203670866793,42.75312094781168,247.07814804806472,50.944936545400694,23.068590813344073,12.929255117097957,38.897279724966666,7.642560209293479
330.01725870664666,38.69090090098303,262.3464951803846,7.159107656848097,8.124444801064762,358.1816711662731,38.57167073501343,300.6007535350477,7.605728741606993,6.990213576966725,13.483452378159102
11.970273783678184,542.9769516002316,137.1747038921728,16.783793026886567,37.558632270133934,12.52612244023402,162.14040888570256,260.8892007184467,14.618498821882786,16.473864338409165,7.830575940439474
532.2795907556912,301.94906861257743,216.56411787991055,17.822007414196506,45.369105307508526,491.4309136616304,404.0745232290705,260.32409534703845,13.580776185171258,29.432214701949384,8.664324431798692
345.86405309783447,447.0340618367345,30.85520660791492,12.686098590609204,25.498945511242944,377.35971388330137,551.7991383492408,29.717996366096006,12.940656239158383,22.738665368156866,10.03820321511426
36.174723922622064,79.83082038064003,27.527405066586862,11.097972975445927,29.755526478303764,38.00715641054611,161.31902904457723,28.324105140982557,12.27777432656764,14.764479542802516,9.642729965259688
11.513788790197138,41.42262597852578,58.983387363607186,1.0571507501136526,34.70841022648295,16.096893340337104,41.80077846219862,78.6866852441204,1.1894341154311132,27.65583821904526,18.270081115014285
85.85783242980315,116.7635389483908,92.64780657130102,7.488913755427842,15.739439821188704,89.02529865762502,128.0838567869944,96.77446296646687,7.378095519758258,11.158453978498281,4.485005758372977
154.58681116868766,394.33764125082166,358.3925437051666,17.507232094677516,16.05933141979362,153.98073634154056,331.8208135161338,382.5030215945597,17.101684661120935,11.561751953226452,1.708473541155868
15.834736188142145,71.28770306896433,376.7143586330275,1.6851609726425791,27.134953762993376,14.74714659873551,74.32679897591224,480.244011233361,1.5931141210036783,33.507803577350025,3.4996325039707648
51.132281417531765,90.90121988254192,27.0300585759926,7.518036626715316,34.64107567588305,52.587264340112654,139.02026932864672,26.119108608852933,8.392296250020154,26.539393256650836,10.764490711029758
414.6934525207326,548.3395156314114,181.69349644551778,5.486142798727746,48.12278292346509,375.0734002297461,618.4501587799645,203.4101943829732,5.424113769424062,47.435127494080085,8.426074040174221
104.2078583284726,328.1586419376635,11.805594729678658,14.831059189874184,42.53343857542696,106.2686210985248,471.78703898333487,19.008929480134892,14.607245458211821,32.58348132457169,9.229971344081529
121.7999032008727,14.747976906993399,120.64657749706359,16.45089819145356,13.107245251761913,129.81076110928407,26.526840740875574,156.6610465379016,14.89187583402734,23.48656110042912,9.85826644529081
22.773877414359134,568.5506923835428,17.32525882159824,14.486997891317882,13.728659587196786,22.29594802542717,435.6047724085592,16.38221362923953,14.271781289932273,18.842521562865112,2.289960579267333
132.19383076148154,330.08334717451623,793.956166530568,9.034438570423829,2.1645894015915896,117.29961062679999,667.1285336143377,878.1568950719789,8.563631276926888,11.640461182903683,7.560033896636052
551.2268888145957,322.80496328405025,93.7274751602854,6.0798982771900425,19.94158642033839,505.76733212450034,288.36446743798615,99.07121570249892,5.793954431725836,27.405159837577852,11.628136469969698
714.3285356640673,61.49670674041882,135.18603567160346,3.0129047828282696,12.837209315180782,800.6476964558035,73.76817985882367,150.1072509436116,2.6041158294633053,8.619414570556074,17.95828048899003
624.2115249273766,742.5486582066796,809.5380410544831,3.7521525855491653,27.897455252438387,642.3272583244407,831.7451627240903,801.191889712325,5.624718121151533,13.144114015863787,4.514619806164699
416.5896839700545,76.68814372360065,191.1864948468636,11.025885713987584,39.27267463948879,419.73279934658694,64.40948971362351,211.49708224283356,11.494561792785708,21.917421914741794,9.272537778310047
173.03155397721744,130.69719352344882,197.46187637201186,19.202698408975635,4.885676654953623,168.94777284156123,207.835311584474,202.60723512213843,11.50647979193187,11.691442859931401,4.960807834507519
59.038218481472775,26.663130699630155,93.9325179276262,7.50250176944271,9.261264800210256,64.53946118373779,36.19196815361766,99.20755151385369,5.191776108317093,11.919200448946224,8.523330314279397
156.79586466786745,101.51080010620082,19.97115194065637,1.037226064871233,18.099979983987424,162.4453357975958,106.7686997418908,22.098000311781366,1.5262158629451086,14.070570917717127,9.641129736279318
75.43804391882794,26.381043718813512,23.184242315430918,1.185487309584122,15.7410826031668,76.31347641442954,32.50225125830287,24.8288370098375,1.0522919910253647,16.46685637572619,13.523568961453837
43.317421681676734,24.007581526650323,829.0619955748105,5.185813225176819,29.118812620558376,45.26306602601827,34.75186376151708,968.8787529785142,4.554625329900663,32.75942322327283,20.980245180519233
24.96678843835508,706.1112682621845,113.4394476400734,19.385577809990146,7.860317006693525,23.74168477108505,221.5047135810782,129.36697622819952,16.019070970943755,15.548001146658178,3.4434841975056703
30.051695947923776,35.333746823471834,233.3074515609103,17.335801294255166,10.08120833074096,32.452225492091856,59.578362089121406,358.57454186521056,16.435360639055833,25.658884404573083,8.154501235455516
17.111910757187363,56.357597069973075,993.9107458473387,1.4412978364521434,28.21502210354556,17.766201727164475,54.01515557222051,1010.2066076007479,1.1537262739781098,32.482314669449494,9.372904105422384
87.56425099768589,96.12203055350646,986.1136444318913,1.598327508277983,9.738350506113171,82.618015737225,491.54959783685035,1126.8677718075335,8.555505901360283,12.356217629821096,6.079297387855943
120.7389574508033,867.1860262757191,666.32259044696,7.690357646124184,21.66174356163113,117.00420883588123,654.4839736211143,729.5939373851029,6.584809500591282,12.380662798335397,2.9187121503182474
31.76138748394788,11.279788212756822,155.08792503375204,7.976732657677993,7.837335157815519,32.546474428891536,17.98337983226431,170.38536686922944,5.311446065958899,13.092615554652198,4.950191920353326
25.167532000889953,91.42717721626475,106.84368599206624,5.562073835615626,42.4090973142896,25.69874004189526,86.09231372002652,122.21887571470837,5.436796737857208,16.699528291159744,6.9637423967111065
11.776008676175296,256.0991550749451,17.908678710965166,3.8214473034246046,11.97597587968057,12.313422129516143,343.51898107666136,19.15642740807182,3.970738195161577,11.384046145213581,12.69769996396994
12.185875631833566,24.808832523125744,120.22606478536098,4.55510210245191,23.772002992750327,11.929311771521562,25.762194754121104,133.32489207642527,4.256819136050413,31.65015558600902,4.366465272583058
55.92140327792209,100.64691123910274,81.96484197014574,6.795728210676445,25.086390864224835,56.0435315505611,90.0421178511355,79.20767710183019,5.088123066025473,16.500316101533198,3.9558165119166806
411.249179106189,184.18549948138994,219.42113168728096,7.979570536067966,12.323453739130873,391.9998383469073,157.20917494000855,253.52581959465263,7.90529523790008,13.682708983700119,7.444952114816446
25.341393244436617,124.43529714388102,347.99938644719515,18.856612771302448,18.282412316752254,25.643612240211507,82.40308602533403,432.54030698337505,16.30123104594131,22.769102613874416,2.9712428267313578
825.558649753387,85.91751522788967,336.04939984135893,5.7505790660873215,12.087040266981868,795.8356037047456,73.03863758713673,418.51389876389004,5.733917607413789,11.020261979972936,7.042502479597425
217.3929449259386,427.3405153427823,12.549165124476378,4.039014779941276,9.569984464425248,224.5248851094272,615.7981597286182,12.246384691352091,3.490716662135432,9.696799008845401,25.725341908301186
132.65030609135997,447.2071272443429,45.717484135180825,11.047754950608224,19.15928907467278,132.2309111146287,682.1758190918162,50.79836130673909,10.921518033941513,14.279296559997192,7.850189402550563
59.25455108936995,17.535782545910834,13.672746790998922,1.0332953559714255,19.77844665869605,59.90975402814599,22.3164367050892,15.590798525880356,1.0126191692954467,17.602046827527868,18.307569891773273
14.571688780497594,20.911933918158017,404.8181599778072,10.065977534219043,13.142297411878998,15.316832174435207,91.9533668783472,805.2588170127548,16.480171327209074,24.37713961241441,6.020912515493377
346.2337965243763,11.900490353502327,153.33693541982535,10.533470905697644,3.902960732483404,313.4900968926165,41.08220212231245,173.4053855953268,9.565379520767033,8.499034471049413,16.21659349014068
33.21906097379913,43.108672480328195,30.324498476280045,15.344456737270379,24.2759477107834,36.7228308803675,67.9178681155633,28.299613340522534,14.601390165933715,11.622136737681624,10.33307176109082
11.284566559587752,15.93737928090022,83.1918716129157,3.0124947389195427,49.78669032216826,11.941539124530879,14.122452229155249,121.18402330022423,3.9569079736641886,44.90409590864458,6.213168707416418
794.2702726258012,29.42676274034389,19.501334102212653,15.094652343762325,27.083692604801673,748.2965244877659,43.5529812734643,18.04157992110906,15.012323140400728,21.090270511919808,5.206750595437829
213.55873419623924,211.05967672055158,112.28700284376146,9.814511248233092,36.060822055938544,203.49372802872233,203.8406431815177,110.32311600982433,12.798546955784241,36.17541875603944,4.154866419191002
16.61380022837799,137.8660027880746,101.02586259578348,18.600498631513826,12.08481199671843,16.04631753845353,108.13003901994293,97.42958272954647,14.54979469241199,14.905602046546683,5.802141518897966
42.266318672761884,12.841271082763074,213.3474139010004,19.27938863635374,7.741938931322443,46.21776349434849,34.13487299046434,276.9297153012258,13.167518924627855,26.038573922352658,9.492802437578446
18.154142151471007,271.73233000357556,321.2172306173015,5.01583431302996,15.599964344506473,18.278495364017527,223.7534300128488,359.19840900077895,4.7578837703658365,13.286638040908072,4.457187096809667
13.099371040593155,548.9350996889613,113.951543417947,12.109415801115324,41.95209853068945,13.030346501753021,253.41729624981016,198.84215883025104,11.426436520747686,15.992045180023428,3.1597820445889684
83.19408843423453,594.6086700206198,535.2546680361495,16.478169593451778,7.07606103502837,78.29773003214804,365.3986620333898,586.7479811534457,16.207216327250883,14.102550710827826,6.589277656434936
855.025499065071,657.9474922191378,14.763961113750689,17.498717418723906,17.771418490315853,714.6615694837752,680.1682089419526,12.271970994252564,14.015529557775185,21.107593410627253,13.614154067842765
100.07038841665587,551.1524444993745,467.24043536726,1.1891702864121112,21.644243213996607,91.64002592052017,642.6638308663801,467.51072889156376,1.1460348273365484,18.6103306901963,5.624212490895413
971.5313310679377,26.96272582790462,312.90325624840654,2.6392356005514856,5.704341068293338,971.864222221198,54.22423642222694,332.06835085905664,2.214109881534284,7.752706547218611,22.45885687031223
16.541107428043457,224.18742944170054,267.00315466637505,15.700692972280903,43.54191430667181,16.36303762074775,134.02746266768548,271.52250670114546,14.432597016222614,19.59901842500915,2.258539300552432
38.95502126370334,927.0600696128322,48.6466669305183,3.541086045161837,25.098918640734837,35.68482275600816,959.9564692815358,36.0416724157179,3.380015103741936,34.532765497290534,14.895340553118954
20.694835581895827,155.418703615898,99.26641704381035,4.796630151850676,19.933770851319732,20.84147536125319,202.0932471056023,114.8227905059983,5.081318936547027,8.45346353113122,4.328590020537091
17.046221936501098,12.217938294595738,100.48006994616705,11.382251531579177,21.853335226985468,18.564636206575557,16.611699650736902,149.26019107591813,8.840754191287223,29.04748429201885,13.08017741578283
403.5495877867311,10.717197809864633,89.32087180294086,12.865854067557663,45.97031831435966,407.23142652367454,13.886497850372123,104.66270072917307,12.549271730029787,39.169121366093314,18.604173882337545
408.2770030206986,293.0874595747129,192.73337097387844,3.8004482646586455,24.338294751974555,380.859616070852,284.43773924205044,217.04037492521607,4.600442534590056,29.0499450418931,6.612970581813135
668.243127499528,307.91928751707115,146.22100008674968,18.51019298228252,32.27431507159385,646.0870152356213,415.66704920651324,159.15445535665665,15.417632921328627,29.589502391181277,5.961672176962388
26.77091805403824,191.43496967327832,609.4081773541855,11.449764668033726,39.44129458466941,28.167729034443493,153.49209146278938,565.7455585588676,11.23573299556241,23.890331408241494,5.472005782087151
16.10961352083949,12.099877367295019,338.96987331762074,4.281602806052815,31.357763884050502,16.750454866962972,17.244592289260428,556.2024470077428,4.082048528089635,32.506498099878556,25.68547000340041
34.186569435715946,10.173126491119442,75.69180033739255,7.348726276596615,5.156079412974207,35.89599239210871,21.712627907247533,76.44442707568702,4.168809092556808,11.663669290413967,5.661364063429131
61.992235385410524,828.6630791444073,189.16102412845643,7.98557352072338,33.17824746721377,67.2657256394855,899.7967564231551,220.58519598683162,7.516247965640955,35.5740343876943,12.446563464814018
434.7338340481902,177.68731140884665,378.66031436432235,12.744923513504908,35.26351782625565,421.0282624777143,101.57234161566294,351.68504502588485,14.203354404742166,16.498926338654233,6.0802589762127015
367.4881122824789,63.537714148365666,463.48478979050964,4.496578186985451,19.60963640957068,387.6467525833236,51.14180539992087,429.53679066411655,4.653124825196329,14.646323253817274,4.759187490164122
14.876062492401605,481.86023819942204,724.4591968740818,14.050190120724501,10.730394112230663,14.618177308808704,179.61939551656306,729.0173041286619,12.063864080888669,15.499537424122526,5.038807698321511
36.09927068976939,21.501760639057448,43.661091393980485,15.544475411179416,7.795632185976618,35.44384377637406,27.322044053159328,41.818406021793756,12.882977212675437,17.630521273905465,4.7734195187995505
110.71810657836761,762.0338251110715,386.98147284393,17.74588252911277,34.345473976207465,101.42255295800672,549.51591496614,529.8141191601677,18.05770697360566,13.48127991063031,8.95790409588789
465.31978602609337,22.541502900663673,622.687307851569,7.969618440541242,19.884079321480083,490.6266064126162,26.412193607337517,548.6154920685462,8.007467188615925,20.355288813843604,7.996746140547682
590.0508892251854,546.5849336663159,216.67315215436943,13.628424404067367,25.104490662250168,558.6468202799575,499.31032582669354,228.28014701338373,13.136861636492167,31.756788688121073,5.239429111023674
10.371233012714939,146.1761427046954,452.03946246901467,10.36234922572397,42.77453881152902,11.437342210228923,109.97485209347766,511.86128478512444,10.044515693879347,21.584513609380622,11.999133886715347
80.35225955346462,459.7488556462937,78.12343497514112,9.364606867506591,9.547518184608416,79.70982657016785,464.4812512231705,72.77233442818847,9.492575940725104,10.372058594302288,1.9129043992918773
12.938434987756363,53.55115125042769,236.48114039357333,7.49238161052474,5.183015245806798,14.721568933672744,139.54207918470667,290.7072439129267,7.6644346303315,16.719321643256635,14.83480079523738
14.845040565317223,12.818465810086325,33.07337834114824,11.421519591178901,45.04638195749373,14.825401757714058,13.760256075454468,40.7439381890971,16.17293140194914,43.453094897748585,5.847661571538547
534.102144864262,659.5277731518742,56.82984345808215,17.895708172270513,34.14567099355395,498.1543850612452,655.6034344089219,52.842439122861634,14.032231617078276,37.576982178024394,4.711038415900164
17.966172178653622,75.77050084079609,10.140983420660767,11.305073477748083,16.318540300138423,18.286553903047352,127.9945096041795,10.645875598618217,11.715006851643276,10.00597107488629,3.614702119974553
250.11918211747053,20.499761551375485,47.80179394573464,12.419635919125358,9.822687054341802,254.61095175555374,41.44526060182226,50.20795593918894,10.128689200282656,10.041615488139142,8.267347536153913
114.31315569331336,10.471954754591003,999.5796442863984,6.4906144716441485,32.326442015483074,129.66188609047586,14.0169736870293,929.5983189599235,6.178463374228816,36.25205440525311,16.065474363793093
18.598514725469645,62.432334600103545,156.71370558352442,18.68452110388188,41.806764099118425,19.283892581686107,40.89875101736704,156.56049068940916,16.071962220071086,31.05698021028701,3.732714690225001
972.0511363798234,42.129195472680124,294.0411196308156,2.2339887250885244,6.215217157276665,912.3656228611653,53.21022496654915,287.5448211125431,1.9656634629109981,4.291446230724807,23.870239607320283
19.61041824862958,18.803955479534714,18.1052886852144,7.613208083680328,47.62005357334731,19.199996689010277,20.964492516701007,18.06148475602248,11.409641854557744,14.986807327349233,3.0235858413209824
14.991390713098074,35.34243766608132,11.394393748790174,3.487616674515014,7.109410992059273,14.672024372268915,54.97773305921309,11.799030357796376,3.500436029485885,6.449282286229914,12.137085488232964
514.385918421278,240.27725343731115,98.06190412671484,4.767233160804976,48.36970850126312,578.7605707112989,272.1061008473903,99.32884095085724,5.141326591880194,53.065797287816814,14.92638271158758
25.231349449856324,366.4931529404663,220.64995037278786,13.296563199488048,14.815397983184715,25.312998790632385,302.0301285628137,203.90647228601665,13.00633351062443,15.888612252405002,2.99591654768308
56.05337854835939,48.73224185624444,10.263109667919453,19.661892618108848,31.11227995390635,60.83927414356696,63.276778447151806,11.601217068866044,14.313451316509818,32.78764616786247,11.420482963292113
123.16847503652814,39.191252583165564,38.864680796131566,17.97825106749581,13.913452324913067,128.06203092002437,54.792751696799705,39.64794328731663,16.030778090729562,13.826657340024505,3.8569993292051525
536.7118284913837,304.794471007818,19.200079120579446,19.093012334657338,18.83837188019989,485.80889649522703,411.0347207285229,18.767703114327613,16.453577929037035,18.614830910152033,7.783545507278316
114.855306586859,142.88669834165273,55.62594077562644,2.780261965886318,14.326606550118454,106.8654011121198,219.39525228926297,49.22349677209647,4.0234175984301395,7.902005513905752,8.883062633788
179.87701411870285,50.80042676300387,10.99810397711119,7.078518523105015,40.249752429672135,228.65238790686672,54.43374587740597,13.36543765550303,6.505222357467391,43.59494429455216,19.337783556742142
110.58783056811004,122.50288041173548,656.6001046648211,19.14123762960472,2.1164488986579557,107.27977938735548,206.7264533083149,726.2713290863226,18.05151985501992,11.795479645329758,4.69046519219476
84.06103940374305,841.1327512142266,312.059157345003,13.302109387500682,38.536607195708285,79.82777065303682,576.5057823055374,427.6293056782841,11.914249793086594,21.605271805732226,4.589818945742058
437.9181591001832,11.392200558348542,11.89956855157881,19.3803148970904,28.676453487781718,477.2932870396521,97.49911075651218,11.589498034925032,15.931558531969259,10.43818739738861,7.372492424944423
170.32773403300797,16.29832121922239,30.10118425010067,18.196421271046848,36.16632795203692,174.06703542185755,17.828518395411013,32.48225830528382,18.701097395575207,26.880079432934497,9.667352100466475
168.26910958382146,267.27803094570146,428.71464665923634,7.278415131635492,42.16237002822964,154.75749870409717,285.93477939985235,393.9428353726967,6.44629794134021,28.229319102445043,5.579548778976868
35.30305889438404,11.631078825023891,36.20008784263505,4.66589299337616,20.173804516856887,38.796992945449915,13.285945715125207,37.493105543309426,5.018104730567456,22.7315715382739,11.79553110019278
30.84293253718076,35.92325558184739,117.31787454107877,17.359553015600937,37.49766792624892,31.59968892382678,34.766340648431175,121.89513469213995,13.993077318957564,34.10297321768498,4.270292792554597
52.758205602785765,27.031585404662884,255.5084654337366,19.744986509597855,24.661674180577393,53.91680126811398,34.17314232747309,294.3627300869024,16.404594211130842,25.21711889900882,10.321167609981446
639.6496038406458,224.14059897236075,301.5877273455512,17.578551868277508,19.216747374306102,625.5349606777195,284.41097830554435,309.1332651178225,14.933651032522869,10.546687914515012,4.91132615627091
399.17859142791815,172.0195538761264,534.9013061575699,19.028019033109903,18.699237236316424,379.4442919534066,198.92554396113403,574.9676854377177,16.571708942131295,27.89877066558936,4.658242143598606
575.9145471347043,118.71354480529659,111.76168562813305,1.7279917885212943,31.77743998415272,633.8674954028468,116.39291850254747,126.54655895129291,1.89298323058255,22.01124820914238,9.753603118503904
694.7795025844954,207.53040127568568,23.931331994043543,12.249772917650347,10.658777985706589,658.9125274933509,78.1780402568358,23.471413719789197,13.090228163567126,18.938996197422373,7.379107849335856
455.74295695680814,17.727886475942135,332.5302127244566,7.232647576698428,43.63975008647733,484.1032638324215,25.491328923358083,311.45407875839953,7.087564419100053,44.88264172739902,21.162394532869328
58.09473346784648,29.73988450187167,10.783898315695064,18.200293336960325,31.010614160866908,63.09162735210316,40.045749493134295,11.443836528337108,14.291747411149467,32.421066195129804,9.766308594398062
210.44945668265905,563.1819894667736,506.0322941933086,6.288708097211027,30.03190621542158,205.00621687940716,602.1284968084167,525.8969775910954,6.069373408573613,12.985089098477417,2.9010331713399196
493.9090904561111,501.62544778063847,122.02669338134018,6.194664218174861,28.820912578270242,510.2475102433312,481.6215467658798,108.24837617710864,11.620935867806539,22.288484551573305,6.1871827651143105
50.38764487371112,58.24428632322286,65.73428600421343,12.55454853774417,11.308003531375917,52.98938561308603,60.25989289116478,68.73078676880844,13.975415296777356,11.056672427478466,4.295946021002467
968.5219771429012,14.485244103480058,586.6333941099834,4.684506970091039,3.055172249264281,983.0927649420561,35.10974916002426,621.6037488324309,4.555624105263938,6.935217975704566,4.707227943583499
16.673265876483402,141.31630382560056,59.41851447570566,17.499485229906867,30.70341369953729,16.676952792920773,151.19012234655668,73.48904648837177,15.72450640356365,15.730105575773166,4.594320548761019
137.19909198955574,72.7308030334855,316.0818131330548,3.569196054754169,45.747076608928054,139.49674503072413,91.44139922525342,392.8161169722939,3.7842220647625173,50.33740998463063,17.454668822618803
602.0559410582257,132.69008874858253,670.8392671681333,14.992847846776344,38.15280255588911,608.00574043152,77.2748261537109,493.4996578157141,15.148222536310028,17.905362570260266,4.447779503229769
11.674328436189237,819.3395477773189,796.0583058533396,10.679563162029778,43.952697826112654,13.058494602781781,172.87797755033344,1278.5373245435433,9.57829272051369,19.146127013440907,12.938813022866269
14.407410037558837,121.64376865470739,912.5851080504747,18.48231027629426,11.052821231228625,14.409822071132961,141.5470079558641,758.1655291834069,18.12913196912726,17.07549503862239,2.060449283975955
153.25633001587218,24.698623879647457,85.32905959325139,5.879828138885842,26.893065225107467,157.9343123810868,24.173575246186036,97.72316905424785,5.895926386572298,26.85748684398278,4.658682861482657
846.0302477247587,27.740148158078917,172.04634853705267,7.240143723425509,7.856834017577277,828.59178669223,26.595553881363394,211.03447288371305,7.699142652925069,7.749921762067907,9.749414145581316
103.13886724476149,74.58397635987825,335.242811191672,5.845596641617451,31.32854035885027,118.16784574216175,61.22024017428903,355.9006914672307,7.743681189102252,22.233515264483472,10.830124644800458
24.137148426350233,10.833425527621472,698.6151967296199,11.570061514593858,33.053762511134565,24.774629744499386,14.174152129085861,964.3305752633668,12.161839691693178,32.37839086292695,17.424068241275613
13.943099211669841,19.281049196841348,77.24415295626117,16.901705842877206,2.300727439932988,13.636586828890653,52.63437260471847,81.8987028518157,17.181821668975523,20.76806620588877,2.7532849570571867
176.42240444296615,150.6261168709696,16.765101002265737,14.258269788365732,12.1682021970473,201.41942079487563,181.94620480140196,17.083853133317685,14.626375486220361,11.086072615556864,11.807113080047342
981.2761083058836,215.32080367636127,12.868834425706199,15.678737621403569,19.33347031022507,849.2379735348864,149.6923681468429,12.85202694838237,19.245112044228893,20.921337566166144,14.82139839389321
34.1754962759997,227.3730544172359,276.87859061332,5.4478937372975835,3.91611581495817,34.24674012761924,227.96541057654827,305.55711763819613,5.102756928268587,11.351773207630913,4.164847343791215
386.89931009140423,39.856230078718276,25.340456661773956,7.663945083122291,21.682424638206925,374.7688174952735,52.10632883343884,27.906922501275815,7.3404798964760865,26.096995257021188,13.002064733087696
699.9628253561067,135.76860745383598,64.69044200734132,18.89909628144229,12.320851705851718,666.67523723655,135.76071326348153,61.38541075318461,17.676237278800947,16.940323277936923,6.3543577335618595
39.9545457994903,799.7036819971411,22.911544779458506,13.030732115201728,32.879130722277516,40.80628886485158,755.225719200058,50.140730168782,12.466156252818399,32.3186899040257,4.192948642662726
236.62924841853075,210.39957206005363,65.1575239675513,2.001469920426657,20.86580359372348,245.7291245007947,159.83723768361364,71.19218049739352,9.255073808951467,22.649399110858464,9.118361613744046
62.43472910967765,785.4007536048197,100.55546070898735,3.233941340621381,16.11343641480448,54.15677697849918,695.066196724894,89.08579304332893,3.1276682189440583,21.805924288101497,9.136973973456255
44.202525236862876,17.911297941692958,188.14578725904656,7.601211818305328,9.945140636646649,48.29118837105512,22.731956391215615,255.52325366281673,7.033082833684597,13.597473357472298,8.28170374624455
85.44471460619128,13.008127532779582,230.078198692297,10.261712256898708,8.414415191943482,78.62973414038247,21.37117976500936,255.51603468078127,9.267917439364119,13.92619414889599,7.3159730783946175
56.57742683543339,30.45013143632865,10.871367847484178,13.460658768546244,2.5108148674709714,62.814607927951776,21.856157473736545,11.296185657545879,11.361200215594721,9.874090013147866,7.40389735722802
150.5952005628538,80.13504503462029,980.5019940023533,12.66436974335441,40.302992083255994,159.35666907202798,53.271963915099526,826.9873570207393,16.102697107770407,21.494730933911693,6.429062298065601
684.4923771755291,25.405542863660184,124.12857801990012,12.874892706676128,3.6337713041187154,704.6137009575507,111.24533017132737,125.52260492388413,10.048532509749325,8.539187050667007,6.444212387058817
166.63534049121446,162.70295439660526,496.6386526696503,8.462612636406288,28.866543310344124,161.8001160904521,144.00877190753585,527.6812211659718,14.317243875147948,18.571707351185303,3.5191447519703924
287.4814019328419,452.5590711793968,182.95052892606301,2.576790383499109,2.323495898302209,290.80205504810607,131.28142820707268,193.58683786939028,7.855641438631846,8.211397499468765,6.102340417143752
17.29374519166599,11.221684578104043,427.0995203150875,18.944385448597235,26.228502424212948,17.073686461777182,16.687299228392803,530.0710771191264,14.41862624029373,35.644393870703446,10.376014592029186
75.02703228580297,72.95877576794383,106.94388506000136,18.32137387112624,5.778088210339286,72.12118591271005,73.66804438405309,108.71508851601598,13.848130377354833,12.329817000858469,3.6146140902509254
54.5028829400424,104.05197983414361,28.51810421907473,11.277978558648961,40.523584099681464,55.1796915817156,139.64354364968582,30.269420907411586,13.145203879790799,32.53480994246899,6.74571721276923
30.99338412060676,20.445646026639217,397.62286076351046,14.577585271729589,11.233236811629366,31.214811080679162,26.351689681628844,458.7639493066511,9.90365343372219,16.03435315779068,7.053852129324868
12.256637309873321,20.039951600751916,145.22715437119064,19.196948894548473,47.13525119741226,13.343582868290635,17.81713701786358,181.15265184471366,14.927532720862153,40.44459651536103,10.405575485089823
590.4694648086962,326.00391948462635,388.0603520056936,15.06614391652531,8.177595354903076,564.3567372773739,379.4888742155214,381.59313245488516,13.903964838056945,15.65639984667277,3.6150658919965655
156.05700567968046,701.991741487222,441.30451111280894,16.049061834457472,17.389452646826037,150.08326935961892,524.9923934433325,469.2179425666188,16.281305618579356,14.763017439187134,5.726719852898533
322.40954642050303,165.75564603255995,104.87426832827325,11.377617457291183,6.254610646211141,350.1524128129465,159.88433755199912,112.40492161178231,11.314198164136485,15.929053537421574,10.795680525918838
98.60270331630649,54.71087118724177,69.02313451988883,10.195754805260416,41.71654158396299,101.25633487505453,41.80114035835587,71.95772332373983,10.491156973004507,19.36581026037612,4.909822924261503
348.9009477427321,230.09759529350382,516.4819748405652,11.817650337671415,15.22421525874802,328.58674403494416,151.05854800159298,480.70703007155936,12.926148922082168,9.412709574450485,7.573594230187631
42.94830520543452,286.71027558789086,278.51245348289984,14.406792788428424,28.92325043479668,43.40877614264335,323.7560912744727,282.6229492187784,14.02878898686689,12.862612522541854,3.4308230330015337
184.06478137679724,272.57203304689074,977.7709806035734,6.362200699522474,43.70225100320081,189.61481678087748,275.61991299482355,1218.5465224615205,7.6676842876069,42.26910835844221,4.186853175700162
390.7385161213486,124.50641873954578,34.18236813835685,8.67826249100536,46.15641664704367,431.2153689903466,118.69961099243457,32.67041766233594,7.667287615358501,51.412271777729224,6.915901858260269
14.926299743157244,15.02007842381638,432.5725864819675,13.319194572090398,47.52582945881486,15.980244830610449,19.566720465072674,467.4021169599305,14.62323034879083,44.15456474306889,15.831375836787261
15.13944921798721,214.99795577342505,538.73360995889,3.6871944724913934,19.57307178638957,14.598627279717412,200.2915679430194,614.0654070949582,3.726313083760979,18.48955908945357,3.798150319056436
22.4417225502242,62.03167845597105,56.309511894705665,15.738603849325312,19.375986648236065,23.437440510780593,45.674130281891586,59.57669211343446,16.122452672362733,15.099040059612072,3.9477496033044326
10.687339497716776,20.47345386442006,98.88247192305273,6.897631521571305,35.33038466017043,12.097129984740095,20.55569821631878,171.93033578427585,6.97013293863257,38.04906010037566,11.672570276750523
164.8640809815654,199.2038897555853,396.5780967260688,14.493636501220976,40.0051961938492,169.60178074978612,194.61240674660417,391.1888999133173,14.419978509024979,34.42624764091342,2.480698090359253
28.024195859674563,198.1496297161992,14.113659080218873,2.969867225965308,15.292845196918428,26.979485109350183,373.0865636480841,15.549864952081371,2.9737029161186657,9.166409800131527,9.293183493807922
21.99638663832584,250.3502530033344,403.2761889146828,5.303110468876763,4.081273158368901,22.936302831050437,257.84856763800354,435.21598302683884,5.215969989813856,14.341261704738471,3.8242861890872364
272.0935339823274,100.73690255325799,112.60791678616923,13.421505110765223,38.42140487451584,307.0457141853547,123.87344027139991,115.07988173711114,12.47039035078475,11.762985036156568,11.012652130339333
512.2732298375722,907.6200291361068,139.9328296889733,2.14254129453531,46.20987874552457,473.0855656259244,918.8455358294549,108.50061057594355,1.8764114175262152,61.62236599720519,13.236705684143535
194.77574919622566,21.192476535095672,33.37715233973158,17.220534930188762,7.365581653940209,217.0334181165464,40.410991716030296,35.50664296380905,16.06215441282302,10.143647626456115,10.479042799112518
176.5629917569609,15.461007580388085,29.171981790421984,14.438199339874998,19.059181287056923,190.527575226219,22.57255968102038,30.99559406882548,13.385784889020934,14.63697142866133,9.933713451672569
203.55687571361193,489.18512701274545,30.148475347212997,13.930131020941435,15.101015901312293,223.48806222716644,588.6295029028622,31.33380945733171,11.715234899688095,18.517192393497957,20.5406045673249
59.09332203056183,31.819321759490027,36.34783391366369,17.640148901924114,4.592409783574803,59.61908800845187,38.00913870462443,37.39325095629956,14.500684781019572,14.624012403650767,1.9326737160475849
142.37464746518177,594.3086270979404,532.2531056715804,2.6776379532763968,24.34771426389686,131.19373104044158,630.8750495576846,604.0059537906526,2.330612399503768,17.762874886327467,6.640307228637226
108.50826956243343,345.64436647554686,73.4119777734194,4.858880268389417,41.47450736818424,108.56723494838654,356.4506481240505,76.6343934582506,4.728329273657886,44.84329462243544,5.324090126917212
319.96672262008235,127.50501774097111,138.48429631148596,8.907115490573165,19.630364067766777,323.40436351659804,134.96018458901233,143.3851244032626,8.13716154642032,17.589265063553984,2.29280818136713
436.0788174597545,27.854209310921824,113.88384971370205,1.7715586003750716,12.284279500806175,495.0928388873765,27.67308537043396,110.04238077394503,1.8551549814325412,9.164133987826771,15.074648241533067
97.37735405844475,18.353898135874307,712.9139431846123,18.43167780938613,8.717024601236218,105.70703120321637,38.69423805974628,644.6832324093167,15.7070783416524,14.719947900928261,11.705009509058382
548.1275227641406,41.71807469231344,127.60983721327514,11.69514349420894,37.51862805679324,533.6481630770257,32.965825393760966,140.53635040702395,11.677655737275296,24.8464593420229,6.628372185078025
36.886155412315794,16.94579086122642,121.50359313524524,17.411148510472554,37.98575181459732,41.422400570410765,22.027671391307187,193.1859452218646,15.958018154624703,47.41602343400525,14.571562176175942
54.02298523758749,10.626794469097018,180.2617429699802,10.917923647073204,18.35635799709972,57.59194503845759,15.99758595869778,291.437254794212,9.831299035795258,21.997963506031997,18.271575980232562
333.8102447016585,608.7977968862409,771.6212965062009,7.930368870232419,47.26570999711727,309.48271052791324,686.9489019750957,779.0916862269654,8.573504864173037,18.253393144566925,6.565153709141384
278.96128566265315,15.421308246450286,930.7752274408866,7.397312307046592,32.83593986178795,302.14663415694855,17.467210700734753,513.3457737766897,7.423282254632764,29.915851877064934,12.073451213125258
10.97119294881602,96.78458760251183,35.69034900949818,17.962725258194656,36.15215121572932,11.328389338667858,136.59350996921216,44.199282626957945,17.093657468177195,18.326664167310298,5.726900756774263
179.63820768827125,130.77066957225813,420.3564495299428,4.288250061757239,16.42965224536599,179.12141315199523,75.09921878651468,423.5658745543769,5.3801824735035835,6.910104113877649,4.642133772690282
327.69943587567866,20.288396945375798,94.1481418441285,4.714487337214968,13.219151799174217,369.7584868574888,21.502382565165956,116.44769898340357,4.82828720034492,14.915969304599145,12.481157061582772
26.296410372819924,71.54040139840725,13.255621000221483,11.907885273443268,22.662815261338608,26.1860986300131,118.51294252948242,13.663527659437003,11.370442464183194,16.019378057593098,8.542947280306159
108.94270357876395,483.32495513468433,37.772803153933545,11.543943233518238,47.62992872504868,104.86508953919189,744.3188568654955,53.534660800472736,12.221500234709254,29.31935295532991,3.3693200223560504
18.18424315319251,836.5636648283846,213.30160998163868,7.450941178173227,44.05970273087319,16.929709561470684,389.1885008452822,331.36252010257147,6.757178894525636,16.421621313691173,7.317399645008084
678.476264798826,692.9390974766708,164.75221520031607,11.625249670319873,27.5500041051617,687.8472568023597,645.4518862012432,155.36896458997902,12.84091639365411,24.190728425680884,5.872435061968564
691.2381180637623,757.6900543130173,680.3557560849164,14.162137866792586,11.710416232686187,695.6192200406466,567.5326382379136,687.4748034315489,13.187989790083005,15.883639869072766,4.200880076930704
121.94335447161397,50.86991691983861,422.9225378716671,2.8796988816217786,31.427873324695934,141.59690642412784,54.134097751698405,480.3270123345925,3.1178665281920046,30.96171858967666,12.671691777669109
114.34694319393816,13.452912052272621,424.46733116326567,2.734921893927611,38.94840963468364,129.76591300187752,19.272504704682582,555.1260228313001,2.6171977604282315,46.8980072062085,24.82309973422397
355.0302044886074,64.19540987738722,913.5027489431263,10.142847056993828,14.91309919124166,344.20802725486357,58.817182117655065,944.6625381047746,9.78420369072982,10.660299798552137,9.45899076123704
935.8522567052664,164.86359803748718,775.813731638288,5.914975525357638,5.310620351389437,810.1144213472878,167.63037265436157,781.3059799612923,5.433432844340795,4.644870061395842,9.81310672362145
462.40562444172616,29.603183315159793,11.967606846552401,16.266267164797764,23.889444814779917,492.3874904089968,40.071693164806135,11.651233120318514,17.19122079868078,23.47358849459554,13.935051655964555
223.89155967806937,19.069859265489015,13.021913520651664,12.881804668258727,33.35476663881165,236.9244773372828,31.066075029485443,13.652114664280289,11.904316483927474,27.87806251902707,10.162088168017085
17.800152990010087,25.30110518267062,65.99473207815517,15.104941407065114,3.1681654722133654,17.52901798461077,57.60422104627296,67.91682809844882,16.030105898111998,14.046840059166481,2.296544445943214
39.19727235104804,332.4928544750352,331.0861140575901,9.369865603319491,11.772129374234227,37.182475515444274,185.21739029733135,385.4647131904506,8.049989312156928,18.72425546064601,4.096467184575542
271.95748143834186,19.759293500876048,267.26647496581717,19.015745032917998,31.752009120953485,288.9310365774183,26.91236626827626,299.64745629189383,18.345929780967516,33.837304613849575,12.616904719608632
11.738834398607324,11.184180395552767,38.62732334017635,6.120582444090362,14.391060951242174,11.004667047038536,29.242467596076004,38.329793891553464,16.861046180143543,16.17877018726477,3.958255599385968
772.1132777483368,201.77012455059403,132.66807962644316,6.546471278566363,30.633229495199153,736.1034098043897,189.90796670608856,139.0713969225773,6.298965829204501,36.69024443341852,5.552054421096651
783.5330598060889,22.753347952611445,40.61248461010487,7.6184558891424015,31.998913238394046,865.9573847472259,24.456168559022757,53.96639395910349,6.674506057746412,22.6662614945873,19.204210126225934
97.32938746049658,123.57486145588186,18.762948811302547,14.26684825447735,41.74339952690679,90.883383234435,171.55902996599804,20.852401018648507,16.46093702554818,33.52552810778939,9.141650249320044
447.6729057474742,544.2883066502454,21.935835108191867,8.160242650202882,7.565405348855128,439.1086075842286,122.82745654772539,19.026970642300007,10.071628123252472,8.561223002137151,24.974247395519956
329.33631091937525,687.1006440759863,10.829598915318392,12.116367683463913,15.054395746995334,343.92884256401993,655.98920982663,10.523490813624909,6.277317027941199,24.916451597377975,20.577021196521383
69.96178912701026,76.23539578559594,288.4396922986099,11.800247969642614,10.798331084377962,72.49296860431559,149.04314555263582,305.5045289182028,17.30598470457935,18.725477529261962,2.992957848702492
62.88809071729564,53.3285575813604,12.894076207425544,7.559180072295037,6.403909540262864,64.63772391794804,22.839339945795906,13.861782957893226,10.54025543822602,13.916845463545968,6.762643777244784
129.39030259706144,470.92793916524323,122.83439364075474,9.789661343346802,44.829092428873345,117.0164294086265,649.5188132019338,128.5364631823366,11.028409215032948,30.42626104327612,7.9442186167021065
30.878258898449953,189.07014925641508,170.70132340441694,3.8799855556511202,28.681025404435726,29.45115919690022,213.57377050744904,192.7087577555332,4.156066357265643,9.544181448728793,5.5008492854823
537.2387712163645,60.56244919900413,10.498084160648954,15.964117878346062,8.399917855155941,594.0439245852241,62.9432815512727,9.478069791109467,14.695479738581668,12.652016381401728,8.302224737294116
86.38754132771308,303.08018295197365,18.306400857213877,3.3124595441337967,12.772860990755913,85.72921090308496,320.5809240461932,18.120887817828184,2.6168654659371424,14.046100224279979,10.16695280549954
23.929124585697476,55.26662764817086,225.68998157181863,18.94061347598264,20.994987613594848,25.579339993504927,51.534506743811185,338.88469412032856,17.030397418461185,25.405393523735817,8.599728633468336
14.124242104297895,238.186919049827,30.691333369173506,4.849253670550196,24.231375432972232,14.48945679067187,377.16979240139943,27.940945512263482,5.007720880138457,21.119388026159026,10.414046341347245
452.64123776437236,105.54465294674372,95.86932511749316,10.802057538372612,26.547962406863608,460.0344542428207,149.1469430500292,107.45868377509896,9.541551781441795,13.162464640742073,7.408065891074392
117.55850508748995,144.5151377812989,48.138361727284604,16.073521978344573,41.47999548841173,112.25857874256359,160.4155585174724,47.666733314061865,16.793648414464368,37.19529505536528,3.5292998660428654
11.302220454489056,15.02779956321371,68.15048621921059,8.603506728473796,32.06511737817832,11.32085054637439,19.660056544435303,117.57593177042337,12.300715509760586,38.710358517356774,7.534334394647654
583.2486833077704,123.45419059797452,111.23411491364402,8.044137739096696,35.86758256894169,573.9277875712373,151.16437704217256,131.35801384007675,7.262501320207873,13.533810226815774,7.751242874547384
12.523329676127345,78.81443009241521,654.7614836144553,14.522997857547757,4.4457909466953645,13.047855222216606,190.45369780248777,702.121591014414,13.942294352481321,17.876917168919103,6.075178299510711
15.9887620463317,361.2865248764674,103.12784131089653,2.2104048247286334,36.542186284942666,15.044315167691714,471.1452537163868,89.1116389422967,2.348223705356378,34.14903601480017,6.205410725778584
21.64623798712902,53.13891936795197,237.56022677729547,10.75975008960536,30.66948179722323,21.254797410898462,57.14428900109554,222.7906018500045,9.53334586229475,30.771069174188806,4.5130072595629125
78.77608434005282,286.96411777137456,673.90875281661,1.979990139205024,24.062711488595717,72.72138408239256,311.72460782477793,706.6218683374263,1.8949135487569662,18.092942809846992,8.821598536725315
96.47869757083875,99.3976903193543,864.4564563108792,4.508561170751682,39.10705929213529,97.56648618607585,114.10821637287,769.6957973712327,14.48393748141642,28.702414253200267,4.278842325310368
160.74886403581505,170.21287522009908,24.259947463049546,17.303778575690224,6.061048062335761,175.7411153220626,169.2756867564371,24.263927870145483,15.687672301456587,9.492146399917385,9.734033864445351
171.07816317442547,27.415588396831833,42.5887947976855,19.185158196123865,32.24977016044573,163.21136417767602,29.597094926893345,43.993080986203935,19.186475962433267,21.90471148353043,6.622683743450393
406.8137799455576,30.23458330794065,31.72508967134889,12.536382267650087,47.11423140100665,402.3142913962403,49.720252844141974,35.373459557155094,10.82890281446802,9.327872597598683,9.013557259448818
368.3953410497811,76.11738869537066,23.741765291146145,6.803052461493695,20.12767817197385,365.70102989341456,76.40285187272796,23.74581552783517,6.349729530780443,27.614069109763808,9.53184782616992
10.678439256725305,106.7885569703905,318.40240342449266,18.10336971049322,22.06949156687164,11.716757046048212,81.56910402145706,452.3416823452052,16.291229763873392,20.378850200825227,14.591806689536217
11.272878005202871,470.3265570314867,14.239044691277792,4.697936020493524,2.1869190262943654,12.666782342484218,258.2449422851651,18.166140927611035,5.162949548452671,4.016323553893817,12.962366701825562
289.1442803272967,14.187039662834058,48.0607056820066,11.42903674209646,26.598236234341208,295.9209530938907,15.062237096251506,60.396642908321944,11.050072867299226,27.485912566170775,6.544023601726452
132.1501392261015,32.362286918372135,841.547754169677,8.855207643432578,15.028801603427095,135.71227244369902,31.359357336481594,765.5283942264238,8.118934310247369,10.353433029618936,14.760598632867818
11.012896808138583,43.36550113923796,323.24662909117154,18.583712802743463,34.782841670277605,12.203115825773063,34.34140602701642,573.8672770827746,16.17663833120774,29.58731478795577,13.343596621233736
393.79678571094934,17.404289349819145,62.48222314074056,17.486182805690742,38.06550879645677,359.4448747057137,15.440539459499544,72.23967491185026,20.047236824747724,25.9728038679248,15.208185243350346
75.60971609157455,652.0967286829896,186.5426737050831,12.53613204698395,49.74292274858589,77.22270497232643,635.0865766361846,223.98782852833008,12.416861538346296,37.39338680517044,2.9929871184539047
10.32280386110173,193.8717280175428,259.55070355479705,18.137306171671003,9.42092529452033,11.496491653314662,104.24734134629514,396.61904890268164,17.492866813567492,21.95724436413321,10.736549165924135
97.90283573224474,862.0074137911986,601.4599145503729,12.5811910682629,9.533038042198994,87.62851383819297,528.0722354899076,630.2873137089762,11.440870331552699,12.474597478063982,8.591173205639903
157.49277793048282,907.9424339960617,516.4268734323233,10.375021170900396,2.8876944127563124,145.33980415962512,519.5268523896552,479.5451209075776,9.842056292497649,16.531453159771566,7.341685340089131
71.46840890379727,147.737760897168,11.559482334711381,14.556932505896023,28.276017883736834,72.77223525767002,257.25631391135954,13.254915820710544,13.568907983907541,18.423769341645254,9.214872401515596
130.86111851820922,36.39821273848354,362.94227275753053,19.726942994638957,45.557775456033816,144.09485295128135,46.2202224148451,404.27786697282727,18.686511103643568,43.134763512721875,15.531068238680435
18.30049132506655,718.5534324654731,56.947026800344254,13.358540006765516,43.36089017062078,18.26471902123441,523.8702738670743,114.66486318549454,13.596765546139352,25.73641272429181,5.83107728885587
33.02412102041635,350.924192171815,946.7687179221307,19.126400247892224,31.075540400291356,33.44821395370131,140.8992748957595,933.1257515962997,17.206305157271508,17.897498828653028,2.1923869572912227
32.208262019474866,266.0212868400317,198.37785237955035,10.674196053412416,28.641195378057024,31.57289621955588,188.5835053324338,204.38587300666998,9.163414171337685,11.305981852639343,3.1290331880581452
46.266653105160955,248.29899386753175,10.147913628662355,16.26115408537626,14.172276484159472,44.75974882505288,266.22771218834896,11.63204976589555,14.271283063933062,15.36974096228105,8.659999788275803
149.3723128586404,40.95038609174129,18.193085113383795,18.14012633558292,49.09550905531933,153.27309256438522,51.26743214513204,21.334176443844505,15.098333561310417,40.843593645846276,4.079376435259609
12.430859594159484,217.72280978070194,27.466979541856798,1.5029172040034011,37.42428307343111,11.440952824205981,335.9517299830204,27.337658340318075,1.5726190088331895,33.61159786784452,17.502778239016497
44.423154172856094,284.7931022876101,14.188250460180255,3.5879302894229466,24.06140562287379,46.64426725505698,597.2422171591653,16.139453633245164,3.965595805991834,16.04404229887169,24.36630251266197
120.3300573668272,40.182558346260414,58.45146230487426,7.268221225267649,14.554390862956893,135.35109081673792,38.20225103979371,62.83608586487941,7.061763490033048,13.954596067336766,8.426484420775653
186.9623334047138,277.1660832025083,56.15280695766096,14.608324244089093,29.661992228997264,205.23750745548676,393.8275327271005,59.87366812340766,15.840335953772083,22.087868156715967,11.491222913909713
171.74404267457234,17.08823408553554,30.5344875934387,10.866264871021718,40.24839450642817,179.2136903396315,16.42448131773592,34.05882683558823,10.279614371322692,21.105849709187712,11.271615509491214
149.23988485867122,52.48282608783869,56.239185124750676,1.4145120582319466,34.236486855868534,156.083330284462,62.35260491243031,57.0057758340868,1.3043814469086152,19.83714329316761,10.843164347999059
146.04604647184766,327.26228687563923,71.95310135336555,5.625120169015199,11.228069872553391,145.02982301316874,450.7231731585408,68.11444836918128,6.141723069795026,8.540473403841684,3.9488292095196087
332.8742629988296,365.0604097770939,253.85613796512172,15.163170822038966,48.24512415211185,325.77857472129904,417.80848080507616,272.288582205769,13.640370828109486,33.53415067150831,3.665163272965826
37.84997190199487,83.39399147237555,12.07985784200567,7.1462982280333325,14.587655271180054,39.895194074678564,99.81040681136996,10.606474850496555,6.14586191895869,14.224735875534657,10.201617596695815
693.1066638197666,10.916123919368076,191.33273729216026,2.8037409486089806,33.052231416727565,894.7840019283112,18.692765245969042,314.62395638815485,2.523844126712729,45.17385552250546,33.33393234474198
83.99154033479378,49.92105517862466,59.6817046476389,17.61771704370365,14.852228028367106,84.8193044398711,49.440627308579856,61.09899300546175,16.316040740643587,15.729761849467605,2.279376862019414
25.304999402357794,77.77993026835611,22.140007938980542,11.371809416876932,26.772910824017004,26.90161658226243,172.75238722627253,23.066408367106394,12.382648551561783,13.035929053614154,9.778582002182674
12.139110397798705,41.16940950057666,28.84011073664873,10.178860086723834,28.674985217713623,13.011045874102559,79.81265726473808,27.18406963000277,10.796672580683481,10.32634763414448,8.023389683696074
791.5919959338255,151.61049887987699,32.257112467420036,16.524012059755588,12.507012527737723,688.3820972320204,94.11068269993042,33.17242417696853,16.65366352175827,10.619252922767803,13.230090423647608
12.198491194129666,41.5927201566473,369.0837393244075,3.252656734767289,14.552382381304373,10.1225987230254,51.38745263243532,337.57096841580915,3.1290217591615397,16.5554456942302,8.397488910699767
15.867476686476772,265.0554626322672,55.24125692399926,8.32685982579801,8.276587485701139,18.01844222881007,209.52020507371992,62.88321469976302,8.131433120143495,11.242837211333713,11.923000896488112
328.7205410182569,34.97122602716501,31.01205329854986,14.681281094695356,15.753036842446269,347.0540011622699,55.02432416740291,31.04946311412103,12.631879650196618,13.979950522870364,5.402545591769637
134.65836841343872,95.40204726886226,839.9146130763462,3.211797488867571,39.44316443273466,152.81702164668067,114.29650235483243,1218.7603646802572,3.090580240520962,44.30327438550934,16.696045173889708
97.01570939824593,32.20015109316316,90.49801603337919,19.114748191106646,29.24579359057341,111.63176218667445,37.38260258456998,111.25315852993567,19.00330164082356,28.048046861514877,16.826039560063975
23.172407310963386,21.77235028016597,22.830261221231474,7.285979011006924,15.46977035324835,23.538622768159076,21.90615516314539,22.778914770367617,13.271022295581188,16.16504231092768,2.6705427415448972
808.0748836602273,29.78356818413703,244.47866432337113,1.9002872172791023,37.91613990224068,930.6382211001329,43.04414545351625,348.7302324702284,1.7554449271897743,41.349669894986974,29.413413432905834
45.84569157322445,657.0423935020608,20.52833091793223,2.3601519128537927,48.79740968166491,38.65288649462862,956.7557986546092,26.46426962305862,2.152879902254338,42.904573091133976,16.325389924343273
223.44297955541083,143.59633201113485,71.35127235359778,13.395336848696632,48.76826497666575,206.49633948350225,133.55387588518775,72.733076608543,13.227527740233645,47.24484700075533,8.2145828670965
339.35479128371435,16.00200162091465,137.4245092512998,7.4787052482060075,3.7986557626491804,368.9305550422554,31.36338076924049,162.36448913196026,7.480057404924001,8.902931238405634,8.859530392962386
259.11775196337857,647.2828447752817,133.94885084574966,2.289126875175909,14.999620853451178,211.72958247085234,904.9113867962623,128.264294388517,2.832231851051472,9.65745398357039,11.775932373972987
775.110444693214,368.8341914255694,54.50160517112067,6.550530355871209,18.446566418020268,742.6213836245422,326.1597495611364,58.90588337373914,6.41600543724843,21.404434138443754,9.271958150358367
14.471602196081154,467.77543136437936,116.10151681696871,12.496224023762778,11.446264806814973,15.233757836829636,189.18336001426906,114.25066634073404,11.435570300009138,14.453582315793396,4.995417911081427
346.4596329924622,51.173216109364944,32.989400711976025,9.652447204723009,18.060448009364826,335.21862361325265,66.78859491974866,35.889732318723794,8.664909121117299,22.781191324449516,10.193858416740605
169.6321074933748,75.94697793522045,534.1381181814791,12.28071999541028,16.78711747081766,164.0536023489494,54.517502793528976,609.808400517994,13.492470645259578,11.79317276126228,3.1742468880934105
370.363083522349,47.807463821520635,637.7689089420466,17.20307466686431,44.690161195886404,346.6216697795037,31.45175350019343,495.38930185696927,18.667594717457526,21.63378660200813,9.857578273168588
77.95769055481924,181.70882466952108,355.14028948336687,2.229578305787657,33.577704789444105,66.67789757943089,198.62868046805096,456.25380828144455,2.13029110743948,33.707161065639305,10.779344554795575
64.42811735050846,563.0009105280707,210.52901543692025,2.0086978164126466,27.97202992576543,54.47698904503713,676.4788239150812,212.3302081183754,1.984217158035812,29.66393843027144,10.197988663063933
780.1424985691153,544.6854142102528,14.433238376783404,19.60613600682319,21.880271105614735,691.4063708163437,542.9987514156802,11.331243644311808,13.18680024045204,29.033395944815773,10.906914169240142
598.5877359212814,143.50809869872324,16.032295043376056,17.06670168307247,24.934125877546183,542.842602406571,173.41133652175603,16.836599899915957,17.3004905520171,26.273240751542676,12.947432437611416
67.52339753928683,158.68996536530668,839.3490426180188,7.779807509886573,20.44254775663558,68.73886745848549,193.87909532221158,1012.0095187278416,9.087106895426944,23.007734291024114,2.803848745003366
29.954770231597593,51.05957247857223,38.104942417445976,2.763630621023545,35.42962417979649,34.676585469675736,62.06017389118449,39.739456977877715,2.8746623749216376,19.982129406304267,12.343990704858502
336.6364080080989,528.0462239454932,40.848821023231274,12.250116652554448,7.587914541600808,321.2291096798148,436.3519577630704,39.93526485292586,7.29924150921227,11.631368074122552,6.816007519061454
421.05787286378353,493.8799902125103,221.88006628855766,4.960410081453348,18.423711335574914,427.36431702805845,701.1881661814102,219.20328668940104,7.162413838350488,9.73786949398977,4.1344367019540265
11.52396628884795,308.5946656747997,40.20532291914491,12.610344614075501,35.335808669110065,12.652941832917422,240.51125099160413,71.28580703748325,12.510445762443487,18.404432248205605,7.57871548508923
61.64226540104208,35.742797349446505,75.34689029513777,13.457156965203756,21.503703872093755,67.73921213458814,29.23510331735147,76.72319221707754,13.33322015415215,15.14716367477678,7.2475938770868025
186.06442800332235,22.956191515676988,35.244954109985635,6.278375169725532,12.18849908294064,185.32578310134124,22.997399159212183,42.36407564492979,6.0100715902171125,11.703276731372348,9.747394444317035
893.6559304332437,86.39111342595189,16.433816631692785,14.694046883296888,48.15047381520499,815.0004108462625,87.80886168629434,16.11353122528033,11.017337426328279,56.217757995670986,20.452068837460992
48.869555168880034,22.856167353924064,20.161924199367554,18.872123037545045,3.1180135379565286,49.61528283961767,26.578377363861655,19.961435079148792,16.929752024885108,9.75053361705337,2.6511423557047586
66.94304525852723,123.17781636705827,959.4780165028325,19.080519831557183,7.386155838559354,72.05498958727242,99.10548657696368,909.2341413391574,17.16626796208807,10.051222904274137,6.235458999008143
468.69807746767117,533.3133946852951,27.71091205731266,8.097420460602617,40.309688554425215,469.4803423436242,490.00566066128636,22.93589968504367,11.898850841292402,33.40799501843939,11.641111875040712
32.48572581670441,54.44123334473857,10.10171056940571,15.738442895729552,19.649926396472413,29.914668871636724,60.81279618957658,9.994700297800382,11.597877718012612,21.99473291041789,6.842544200721197
58.35554353876911,384.62359877830227,602.697337798407,5.65945802319159,43.256422351482264,57.78425450496569,319.86959734263036,598.0024445121948,5.76819916663189,23.904640259823378,3.9964516386336033
155.40510303837158,373.95164178843305,139.11902557151276,17.169884247297116,6.06225075546487,162.3469586109585,244.2819759950602,136.41886543775368,13.416557530066516,13.966960725511226,4.1662380119563425
22.272487345469337,123.80631345229426,10.564516437795117,11.889425949513187,29.945770756836623,22.657594259915882,242.2655799019158,13.537859975684741,12.599291670665183,15.727616324972791,6.2853243188544194
131.47498466218926,158.237325172305,21.578422564850847,10.323743212212689,7.177521224367232,143.67130711806882,70.90910655155338,19.903740411628064,12.021749506998813,12.33959975325535,7.102584165770506
10.474386832893261,580.6234440693943,784.7595399946088,2.1153939588693627,32.12352041886446,10.198500717358241,427.7438938935197,826.4583663935266,1.9449170046475794,17.398397106718,3.1244453065916744
13.24644808131233,268.7721096541705,53.713404602226156,13.294979874026037,12.644088252357847,14.1378671608414,157.00364605599407,60.630375777429705,12.324744037966875,17.12278416740437,6.523716608826323
220.2119598728725,463.91048818900435,201.43648643936143,12.226007619399663,6.115577570768006,201.6451103349916,383.2568635718886,192.6992880585931,7.670607437241637,13.273194053969114,5.634319080076115
25.86250582285643,547.3912010130842,37.140295994014444,12.870927452286843,35.18632060720061,25.02928323750632,469.1356138289713,56.617892038449455,12.439162916379484,25.684670641240306,5.401439745367973
15.674031057857125,29.68993775066972,191.59111722718197,10.186037089620294,45.636741490651914,18.414868751454257,35.66454764964903,369.1087113854794,9.858696951220717,43.5847754336312,22.245455701702877
35.548926122695775,582.4243829349574,65.97202053615707,5.636336977195737,36.09943069113335,36.20395910856344,715.0859047591077,50.847152542663814,5.475924474915808,34.436636188151994,5.837576083844141
60.55151834359316,256.8288165880953,629.091519385231,17.53443984061151,22.14101448644775,61.22915343271244,200.0840945894531,605.5942728410876,17.890012605274507,15.240370553013799,2.17876237953742
167.02820018351852,355.5962555552774,234.7020709568349,3.9015571442472265,12.912843625604724,152.71571171273249,487.7663013619466,232.4444904133618,4.3940983659289214,12.43177772028214,7.694778046644593
11.180032124795899,37.80711690982922,21.621878197246197,14.432584214250193,42.84641542685582,11.020794217637883,59.11899606667038,27.151882596382602,12.950630114713563,12.879244539612639,6.843140771410996
13.497054740679376,14.17303492562766,957.7458704304352,19.112081637300278,12.533366104375427,12.943091476019765,20.433307668793564,857.9467883819838,14.736547668267907,20.773032270779602,5.677238145649756
50.771368832816584,766.0631075209352,591.4938401022588,11.601106671085384,24.82344021415257,46.93352324805356,367.76633145269676,615.0011330329716,9.678760443292157,12.841668547829345,4.339823569372371
36.7462158685319,121.72440912866622,113.0294274201201,5.70042669932427,18.698297594231263,35.75876879333208,135.70610637235777,137.33415924755695,5.715604687281292,14.638100973234339,8.186132927483209
649.2636620059372,19.09831564452551,646.5771457617878,17.72877855232643,12.232739009849805,579.4080439411279,30.449401007394723,799.4901261268081,18.763128741585586,17.359419155404368,10.604976780309233
204.02352006161377,137.72266882677638,257.42918362453923,10.536394766595627,42.67653009878365,192.70588085850562,95.46622561721934,246.78627058713113,13.086937974635813,19.199651383964987,6.44330969723879
204.9249912822024,468.469439283702,13.568174810488284,5.120340670529235,8.49393182432607,227.95492994111956,658.5923127865133,13.35941618133929,3.5298483865290686,8.366050692452548,21.72646777936663
366.84523469671274,291.5256316899112,15.54478422490182,11.693039915529324,47.93725768184435,354.3698590095991,312.22874382888847,15.729466519979876,13.5479404808137,44.15931687100864,3.548538681265919
216.49201638250648,778.492750913314,114.16924398077795,3.924903287494611,49.82573562794215,196.9513869311878,888.6937657406396,126.62635874851632,3.6507803572086597,48.878746022279884,8.666609051429331
17.054039958183004,64.26669107253689,12.749435672648943,15.063864944302079,18.124316287541756,18.041540194105593,102.34881237854793,14.370831882065396,14.36242839598748,10.990409826281336,7.83400622585035
128.89734845359982,11.942611022166863,168.41681398427346,7.269222064804785,32.57160732632804,145.34110853311586,14.747396404146821,240.5541011472611,6.888077494514297,35.38081403866328,14.371303368910743
38.7683330772146,20.452015706156047,23.298338328910038,14.682727980631629,24.46624940504886,37.66754466937079,19.714882418568223,24.81663542498983,15.183222640868708,33.03517614321754,2.67651146019938
112.16159883107194,502.1834187856583,982.3234582333733,3.037006071342672,15.026630375601778,95.54515448184449,646.5431081344474,1185.5149070011519,3.0570444561912624,13.096302445763794,11.898483459928581
10.343075259866344,27.31527334284956,340.4337044901934,15.009026436930384,4.9764073598264496,11.036535475144525,147.81804642628146,426.7348255848761,15.42635229857842,18.296964088013425,10.287471689995211
446.946737069365,10.310183327138796,596.64152610094,5.987062982479235,13.491211439041763,526.406013055843,17.76215918496997,704.1439118439696,5.917455467823149,21.075083579420436,15.201004046838182
16.768844059125318,20.57365460051656,239.88616529661962,3.5533740692844886,15.621527360262608,17.127953794038675,59.70744866316201,185.78063433069664,9.387816744884317,15.080468003417835,8.556495184220228
713.272760228404,920.8455049130544,353.38345735442954,18.393822377225202,8.552203617161172,660.0733823100693,684.7464809807416,367.5501262853195,13.348092729615407,17.98706642269677,6.858298599741561
300.54442004283703,175.4344947573314,558.3933218058392,18.810214760278235,46.14409286360333,284.58865900817904,137.07400793405492,458.2629837394223,16.963367694182594,29.06932704376775,6.702314247325518
237.66363315851498,17.225130434744635,873.1825134390605,13.097300866410432,26.777090813523273,230.5395241416785,24.089223762962884,923.9449273500879,12.070833684989648,25.46482680349663,19.937038098500036
948.8723620088222,433.1274787660336,304.2490742520509,9.906426643265096,9.338101862064129,863.4764600101837,337.40340633235735,340.7742034296806,11.006763332106884,16.0732601314239,6.976849996245144
830.0048746797613,546.0933143609863,93.04947744529306,2.7466897409220143,42.33196908229526,996.3387474114626,543.1373984888112,89.66867762159598,2.5428844346531094,43.19283508980164,10.906506637596953
66.94202358658758,25.003844141828296,125.77291258206355,19.465286677956577,38.57094929008656,74.1590862502702,31.423927166639533,137.02778567609994,18.881493289622494,33.44117725277826,16.8826512747325
38.1810233413575,110.54753358957498,83.16877965902879,14.954373788963371,34.36179276581923,38.86490738673334,150.12095369928372,81.38235935142686,15.121455679544358,15.843851818846773,3.5237896562698925
33.230112273447645,700.01628926034,16.960455965802478,4.781564713835249,24.41420698714608,33.00518363094325,873.840006573904,19.267975917384973,4.604085822337483,29.920584242639148,23.232946349093503
16.61852763851837,710.3042112197584,127.67229972190025,19.96214360521311,34.465580448833094,15.7759009868123,160.40989760792766,293.6950447090145,17.71714273149974,16.395909682157153,3.5442678302845003
703.5032220183658,439.1434277560068,15.12941845638272,2.2777291709448093,6.11147930140804,758.096858225108,65.51295249579717,20.799372066389058,4.855435845998972,11.234119963783492,29.9760387702118
19.500240682077056,29.430621611084362,11.846530463637071,6.701311390837016,5.0921738939802506,21.249251134505702,23.40631706036632,12.53250604440338,10.458216235445006,13.582581172870512,12.885204555659724
214.909180441215,712.7392301115035,297.0967712733773,11.384674502629194,45.10198903287179,198.1041215330875,799.9443388940083,325.2887729950798,12.880034954388796,42.66548220779461,7.228261388843276
606.0091622801951,183.73220583897515,717.348791544325,8.50801418137348,37.21993345949075,651.6490051074079,149.85976968898117,735.7485391510947,8.951290451456853,25.636869637252676,7.4869717290779585
49.55756468906395,16.055154389338792,40.1917514702975,16.327420693696364,25.68701758491883,53.77424979534288,17.30832517095617,49.50553671177071,16.24217120301427,27.98801327917337,9.847176193271228
14.327128868856374,188.39018008620403,389.42009360987987,6.367115543536075,47.10599009472733,17.14258222641017,146.2240299238869,397.5829943960924,6.985353648006638,28.371871967276444,12.388487023638776
12.567087621784973,69.4961995163964,400.5059647516629,16.418245181815447,22.14672763094819,13.710649945403157,97.55077192718362,465.923449797339,17.09969050388771,22.43108449449136,10.591291211184615
154.21646558204822,134.42714512594378,25.52868861462187,10.336663101388108,44.20390522126019,153.31288081929955,136.55909035992406,30.216041152758233,12.395683831608775,43.01504392906812,4.991790136397883
19.00761573147109,19.21926697121294,41.81071413603598,5.067630185521807,3.085917481125776,19.98646476428407,42.25068729021693,41.906639422231855,8.053716087768235,11.35232843849436,4.618502390637424
12.471867566158755,114.26820369549232,12.863374019443842,19.560160530726098,42.28162282638961,12.22129026356181,174.35747071788558,21.30710403654511,17.918849501495114,23.736486105154647,5.158749951112921
11.731538384239755,228.12141046256303,29.809109677182754,8.755482871091724,31.911405560465557,12.667239494958,375.6887722929811,25.146810710455863,9.431174511759002,23.766142585749463,7.030639579860661
282.5761253291607,197.64794851068552,59.94874153717406,15.98175387639067,48.64426099514569,276.3520523755238,194.16696598735464,68.27469584777207,14.656470037028527,45.20142136797658,3.697543378703095
54.234853384319294,301.72043164809975,727.992478650469,19.322279845489557,13.405835950358988,58.535487777240164,151.871589359156,760.3377160835397,17.400649488313803,13.1960811643959,7.57401585486085
73.83371835704847,468.2590914845326,484.0152569798187,6.906198599922674,10.581683253905108,80.40666348348302,447.3654519547835,491.98375749468073,6.970711895591478,15.623592963348436,7.126666104359941
933.5939571546033,488.1303034476287,65.34791759643319,17.64174727490319,22.82004399230796,838.7414005729192,570.6640478461089,58.707195961345,16.213850806018904,19.974010692707854,10.05209612703314
29.144329187833495,30.84365233789285,23.559880809311355,17.07111983743852,48.862389879293396,29.325918089264135,40.672870571634284,24.16747253863286,13.784734738761749,25.9521329438886,6.7621548882215095
21.832701848202547,350.87171394823287,57.54524826601209,15.782695375991976,34.365690546779206,20.87661047235078,379.1754291130031,58.32629388268386,15.039811938685084,20.97405585992274,5.367337631327346
52.61488505768078,261.735690338627,44.32513699237776,14.490625738718089,18.135618798685016,51.95274845537376,302.323086163785,43.55041953974117,13.594369618577566,17.837070322616754,4.825548979044721
14.931959692026345,35.044613138487655,404.66149515277,9.353819755379538,45.62837264669357,16.875512105411364,42.491892852149626,528.241814770624,9.246567140516367,41.17361482993324,18.38875496753833
72.94310306091745,116.49888785708396,206.29890978774347,4.114316291365466,25.64416073373665,67.59392191944609,136.92977948468936,212.564111800008,4.3529590390508375,32.98173937866399,5.923637611826304
632.1130710351704,50.469540152408804,407.9495400711144,19.666894111564158,11.928552840685319,619.2786214272055,79.44636659149896,388.5423712416551,18.202686852957942,19.208921319902554,3.7855558711169164
125.57162185075427,351.06037482016967,209.5607417762083,3.739579556729078,18.704167511915138,120.2936956769557,511.54104654545796,214.60932925190397,4.220870549075275,14.346050747777731,7.618820525069806
119.46210619287915,882.3584059665124,97.89759883614812,14.418733573654276,12.19084740953986,116.05820987924095,665.8539200359355,99.9368708620647,13.36333107103178,19.685313284303085,5.608921334366049
36.05328917221301,12.114600942818857,45.76701928383915,19.87743346810767,42.05234737065928,37.02205506691369,14.031091451074074,56.37625343425601,19.42813281825709,43.82418568297597,7.365041689032199
77.72189641594822,140.04559843612893,39.85466635382048,17.063692840764705,7.527485904359886,80.77909829376819,157.86578999806136,39.95350269508633,12.084034470790916,10.261865113659734,6.043973710173264
87.60374701946023,23.568067293665056,29.314659614811884,16.173447536203852,2.4989852922847278,92.42547033084429,41.417088149725735,28.396091024680217,13.183032525532195,13.647288029624928,3.9502548503532178
108.15553033904858,23.9340757298356,47.06863164147448,6.254607412463503,26.771441149373658,114.1230784012355,27.526706484732884,49.63474969644723,6.21316598107557,33.337682267099794,6.8243550434171745
38.80894454461915,18.429942159288245,12.172107029763747,7.217901268033749,26.477272829836725,37.83947290284283,31.689208312944256,12.810130031066448,5.629450507198609,19.258981456841052,17.02750469159167
144.6517921842685,59.527865174142704,903.5887509470791,9.28746639869121,11.89609703010117,153.88290875064624,52.693363266126504,960.7691406935886,7.752479573587948,10.962962842429313,4.886187494970586
72.62837205615611,272.1087105074877,274.206466307592,12.833089604468597,19.448484467693856,69.8563317138011,244.40591868354156,299.3228514146115,11.373027497245694,11.853668759381476,3.6005085356732387
89.16719253495552,578.564292497453,263.22976426168475,5.097186444639977,27.87366213877374,84.84591440190063,596.9952054708201,270.29930556912944,5.631779605081053,24.63884824064862,6.688360648807058
52.49149400935835,906.186619273053,242.91672282649856,11.9900093451503,25.89942293863948,51.81875453839499,566.4782272707772,286.7275714095946,11.498769809070396,27.699381216209378,3.5062852309009824
129.75109493806,13.035031106257168,157.00049664848186,9.153884007704088,36.034094251252995,134.14294652743044,17.756589016548567,218.2461692938513,9.187730023116394,40.88151317363414,16.195465567799726
242.39602888987508,87.52834722996064,133.44572763798183,7.34451780358666,38.991732656836064,251.2832270161841,92.92099292861623,151.76248464023337,7.254192566533466,29.763378967916182,9.050801966635206
44.84471745018705,193.446304467725,136.8086600433998,11.166658974050746,7.26983069653036,45.35084709082494,184.81304608498354,142.9999567963315,10.34363074015681,10.937336225840728,4.69165846142665
29.834107696448246,784.0811630614829,661.2370276039471,19.60700611220945,27.390823085673052,28.948794469889997,201.82638079799707,756.2323736147064,17.054709949567275,16.890992557535526,2.57977850629109
544.7957754468407,246.93710380223817,773.453287580264,14.571444640748412,39.961953311947276,524.2663267495637,185.58110249438465,758.5727089371314,16.43909316731674,24.603479096617153,3.7205793023199596
64.3039046825103,18.201878788534334,14.105105092275975,1.4380836589793144,21.78559289784899,66.27299286400657,21.15791931836617,15.908072296298814,1.1727476539360182,15.142704041001037,9.059248785607101
383.2304637859595,114.61167973405288,20.61720616110762,2.273894916213181,13.789259892187872,412.89537849412875,176.83650941295102,22.513501887659448,1.7636581790191783,10.741741879329988,13.887960748034065
32.205505026215334,413.77660516871146,731.4323096535405,3.280841681305846,34.14384703802701,29.471300190188686,378.028277432411,732.0763283642442,2.9416111427153337,11.05927175791109,7.254601451026523
942.5132064585335,28.901384191622963,196.63151913877982,1.7989017048917118,5.190671843041049,1032.518523632758,41.55192307659759,199.36243089020937,1.6487482647715836,4.287657287970578,23.505714441643615
66.92038310766267,28.14383516421125,75.40345608587481,12.29202814877004,4.163563360347743,67.2738745875106,39.556190998633625,74.41753824171369,11.823306660548502,8.421140190664525,1.8571180890273868
18.10893658168178,17.759123217660356,186.9813663112395,2.184455714986557,14.180033183495482,17.07010798872306,151.39181863928368,198.26927669950769,15.90848043006001,15.2593201552329,4.81991434441081
80.44971711246605,456.1459504874629,202.01571951009663,6.354354865282637,2.594354888911869,70.7101784736085,234.87179810387713,201.85563250066184,5.152669150953352,9.814255627360753,7.395230949234907
53.418143934548816,53.67968876381469,730.6035436849079,16.4958783238606,19.46822160089232,59.65258748099898,57.28243602237901,695.0435623656252,13.365469888666922,20.32411351819497,12.227168230938203
54.986605124975064,239.6923968093011,157.10497506117048,19.974970707143065,5.708565170207532,55.81570769714146,93.29905130577241,160.16698958401432,15.639343291996964,8.415595053940807,2.4621139355508492
57.82325340513827,149.2892350749899,14.66133455784806,18.466366084877524,8.200351252151865,57.659334518139325,138.31395620575313,14.541132411560582,14.840938437208024,11.537727534980883,5.062494363494527
28.8708856042895,120.76553766109328,17.895136554284445,18.861387022325427,39.57146072682011,30.478010147184715,173.65212144394096,18.2912997804479,17.9644340729086,33.44701310754366,12.157777303050494
994.9808460794782,26.055193982460754,349.2177632861852,17.93814533251108,15.84469748709597,913.0145969107894,39.49889981164911,376.4628779205874,18.512161882832498,21.472453692601487,8.43512712168874
290.8179564762362,104.82485682670675,27.375444693161757,16.88317767034598,35.651346240862836,281.3872514276709,109.85923316337173,28.424872068746897,14.988635429369666,39.332026332949546,4.987671760651642
384.7837069732941,395.08853903707177,631.4987954024409,10.034194225051786,6.491784509818356,393.1942270769866,523.4388563369453,614.7291582396927,16.00041421624175,13.370818701139239,3.514544022937153
47.65041740316371,12.147045964062146,26.852540967160145,12.725884176275924,45.060283147428905,55.268467565503904,13.686805057105586,29.124274731532715,13.186769555272607,40.74152372310864,16.076210694885873
986.9423248445318,31.544433411492864,192.09151535101208,7.101416145481804,23.97647553639318,905.6134356458925,22.334656668123472,229.74051661575018,8.19284634621537,15.558663787420121,12.498718001713437
754.3853871305057,50.7705551874848,208.67713000019583,12.32989989594982,9.878606485852933,714.8415861487704,69.1962237692361,238.3659467117587,10.729390552129981,9.351200298303675,12.697293179166463
49.463761356731304,114.8581649845522,39.682977803766356,11.312945601431709,22.73254000983372,51.13311706075639,232.48577052809725,41.46125588248929,12.349868899492689,12.232516959306967,8.134996240826057
55.44694605929171,88.08334370419222,46.701091274667526,4.542794108440583,18.305933431840597,60.9723175938063,118.89183062528967,45.216594146714954,4.607549760840185,12.383774842029633,11.5138089367217
583.3083578376867,352.6061508452919,15.60076931599472,17.80645966310911,12.904191916945893,554.7384988515553,436.96910485608026,15.800511777860686,16.274439230028,13.282347890276345,4.590261272961025
107.02877084082817,113.48679639385595,341.3768543416095,4.129399647549037,36.31595870271007,107.98002919127919,117.69200826850626,378.7472354175159,10.761196079959246,30.359400505447468,3.357637828139498
26.47623267046261,206.1383794362385,55.54285530699905,3.7096756390078904,28.617328263026895,24.74475962050937,284.87830452663366,55.82329693945548,3.860394476195543,23.619242704177893,6.816995182776318
267.4565975837069,80.9745814754181,353.9438305708417,17.817275872514656,24.477992948656972,263.71222189019727,80.8659157394941,338.00014760704545,17.07631160383598,23.33272635390311,2.7860148931821507
751.6511753304662,94.44447298517426,98.86591648397453,1.2703741838486218,39.805183859178314,821.6886441550412,119.89741015097536,104.75988840925534,1.1687295317522528,14.031797431146776,16.135210679494914
129.4174169897727,263.2196947177504,70.32246460583686,7.784665688219153,12.718553308643374,126.56937134002644,313.82260039511675,65.85440396918615,7.357004201085969,9.12966144653644,5.1184176982760565
509.19369609863475,33.61787823971576,155.8613827433167,10.03983727579783,39.53096411763849,498.1227138680801,26.965501269694595,155.36576825140045,9.704459223589224,23.71560568749565,9.268771511014192
669.4737799515557,254.30395527366653,96.26884349721617,7.178984025529324,2.808537881542332,628.8603286406675,118.42987966786585,118.37158271997859,7.316038660301781,11.737346919574712,13.357873097418475
37.15475069276844,41.388523278434036,23.864394627039854,6.194749334658519,22.384125270177776,37.95606930778707,65.12934475895176,23.691455105174164,9.608348047885995,14.044920118225361,9.506166144188988
262.9777105326312,179.52913250327015,41.7443351406506,12.260838186687968,49.84473956432642,254.47064550457756,165.97121582229406,39.289565354136414,13.901182516784441,50.29996694431736,3.6392886289102706
33.455486195798024,359.2445413053979,679.4382308887608,16.063368790633533,28.613988959614375,33.18181386096347,155.31961946488292,677.3112086200853,12.773201057314381,18.085597792775072,5.097054057777452
68.84381631050871,185.8644432759722,118.34127516001604,1.1159044128075748,41.37592400739134,75.97411424674682,161.62974283889787,96.26372927025906,0.9539487482623336,43.09587805757271,11.182936031172002
25.20803437846407,65.31787485675339,63.974271212678595,17.150975828187352,24.920091477676543,24.873953828518108,57.627154917219116,63.41633151160263,15.738756611162575,12.236490435930833,1.9020333188371426
15.051000731196508,359.319644738209,458.2855939373951,4.347919836592246,46.286830478338025,15.041106820623721,249.8984430934288,509.4792338863869,4.186617358291661,16.485941281120684,3.0731934754695907
67.99938183509505,99.90215660686734,44.59243773968468,19.052563977987727,34.61001944486046,66.49559562190028,108.50942259703153,47.09721809689383,12.827589177965947,30.890266838257958,4.772836984032224
27.514699671115665,235.66528691691465,158.76609181435117,8.795212392393255,14.472400387460707,27.108805319266224,253.0405838650424,154.48855479355174,8.518405387036378,16.851572899280605,2.0468782562014285
13.510086626616975,626.533901028506,19.771906203468216,5.304814266405712,27.790897254603333,12.938245063196288,574.1451589234665,23.418012519654145,5.0016504438608145,33.70477144634285,4.487325469203695
177.53258915009437,888.0396368470907,29.30968585331038,14.119190729039213,22.64557167667154,177.66098058371603,913.8714039105962,21.32385562605197,13.315000084754807,29.711899888167085,14.377051127249507
25.202787329122074,41.969517491404154,36.441025343192905,18.67210244932197,30.67553332364799,26.552496292035347,35.0629882888684,34.372303348708634,13.009172718550943,10.432018956529076,5.362220767486633
767.6643227065044,16.396016306016524,120.59445193791497,6.526032073771532,41.213939773837225,806.0945054549991,18.696837013641346,149.65744473088253,6.61988249866705,36.46437046258691,16.15857097258675
68.89634878984975,275.29714368063236,744.5985550356012,14.617713550795374,45.906544255581984,72.07281446831303,221.02457343738627,689.2192227604261,12.516337058885185,32.96700070395862,6.821719498411263
671.1295624401204,388.37970383631966,20.763650600541013,11.500034709630382,11.053999115822288,623.2938423494929,105.93461119467017,21.742421833647388,15.580546296228457,18.032078232577984,8.498034726687036
112.17657710541486,34.89975285942529,710.5202541814824,9.366585660144596,27.543548449757285,104.78398660671975,34.91264045940759,886.1877515076236,8.985294003891207,26.22116701276916,6.658797052501061
21.389666396146833,139.6972825628247,16.04156693429381,14.732055903780116,46.80298271655177,21.188966568225574,327.02945672343674,25.793833962661086,16.128698072486202,17.62146576801574,3.351359073017912
635.4549372973047,15.09938134842875,79.95930750538231,7.484535709123726,44.232822968028934,694.5859635272033,19.311084751112844,104.94044462065706,7.089335166842724,41.557500782332106,19.46026795066435
679.4106047555365,38.23519804795066,89.90764317816175,16.711578432888857,18.384875060376164,629.384421553519,41.22289676585223,92.23924528907787,16.856942947515513,17.231946669117036,6.567781003188888
40.10099082627553,12.401535790630243,21.867608564876793,1.7468896548828332,26.983566420669316,44.69893863291518,13.261162321210287,22.539426694662136,1.8132608968900081,32.45829822472027,8.585361093582403
245.75092725817834,49.141329216585646,134.4890139199672,13.104760848786482,19.19394613757633,220.69442563331287,41.38447424930938,139.7823268894452,11.7714411383086,11.590344279508892,11.06179315433524
42.18323652156705,12.64506206041563,16.718631924318583,8.30558318180863,4.905365639673733,43.04136728099415,23.191938120083286,16.254969118820078,6.508709511819343,15.364587727759526,8.634411259807344
20.778721806178233,242.24007699997162,136.60317720279576,4.323052898431964,42.23741981826577,19.144133118269803,355.13923181138614,146.51630633532784,4.620839605413003,21.90643493926696,6.758675862738193
162.08559620199,213.29815544945018,15.33257062761024,5.928359795343386,16.83081480602348,187.21533174301373,331.151771828123,15.686251689756086,5.603454276783619,12.146262016105867,17.619729803258
51.719538398498244,222.90636406398582,860.4379181845494,13.567330861555767,8.678777676203543,54.38137636703951,394.34703901427247,880.7648410941689,14.50958036924705,14.407975743441469,4.2884976065134115
14.346730585431967,106.39471571689785,34.180047281792156,1.6102415536369676,17.470461002680175,13.19096251514721,221.13939113915268,38.31138552642448,1.952757711428634,10.49967793923984,14.48453690088698
467.65156388290967,621.8866824809418,296.30877365890734,5.078868279899818,14.4977152815905,462.3894878391975,885.7775121679102,304.08628675843397,5.581965018267871,9.384182084020463,5.663779155758892
344.41098420350244,396.4866861055521,66.98865129965216,12.92299297280112,5.028170952901342,340.80218857297723,110.79201524536495,60.930104974916325,12.312243119034223,14.33930426279406,12.05399226498773
23.904783893144586,25.68853901964114,373.8274305773805,4.026646614351439,32.88548922352589,24.088914729762816,33.37895010922169,422.4175923831122,12.136267725131033,23.560703376105334,11.448582361947532
171.52433378405937,10.58752120567444,89.62004199747822,5.0001731311554245,9.2175852836261,190.33402499949113,17.002245107532318,105.93586124576471,4.963047789422282,14.938543470029437,12.335412255699651
24.85089511344977,29.352740038191666,71.47887998587804,3.299500458317095,21.673756270839917,24.177320187125865,36.25672629755386,67.76863690183689,5.444498766603784,24.55381071059085,4.491685050967904
372.7930434001084,244.55629976801745,13.271342886341936,18.588887743338276,22.58291222341542,354.14003315334253,353.0670610632373,13.159573873652938,14.109122804663038,22.599852855545084,6.293137168876109
290.73912916365384,345.9631642136598,88.6711016247271,6.574145316504305,27.1485921445106,301.5961439707186,442.81232494013716,80.0352643454955,5.888142256537531,28.153316176475187,13.104980837179417
120.78306120644432,170.8605739323191,866.8811655034444,2.8194971518997924,45.9869386905061,112.29729236732311,160.9187468355772,1143.1804974572547,3.1913562637926742,39.61076592858181,7.5011879338978735
11.21436967693414,26.11339917541491,142.0091102724352,18.87342939790841,41.05407725783149,12.257735433339493,21.151005824008234,232.1187779977249,16.509847726852794,36.29568442726413,9.687969460185714
287.32209322695957,903.9057697726716,87.41504047230387,4.155386378450984,38.731107228211634,246.37026226446116,875.0617011260979,81.38261795596792,3.929540904120131,40.58476720032565,8.161188526933508
11.993826495444287,98.25484469810189,858.9812137565809,15.729093838417645,14.870451085241431,12.933178141469275,142.63998985477158,738.3280317166834,14.152326374383321,17.482914746774895,13.583836879858172
149.75528509727388,37.45289364627662,26.336658672143926,7.523850429545531,6.217804364652011,151.7816848459238,54.315399189543854,29.399093371558692,6.24207877506107,10.133168623723826,10.02190586103934
30.491808536426785,17.685745980644946,729.04821004525,11.570548328424413,43.40333105533496,29.994098194286977,22.00197922052269,841.6236529231353,12.794270674344386,39.168070861770914,14.17019301370829
267.94552941986046,160.26474092561705,124.34679411131248,19.18981633749604,31.53418093621041,254.2559160061346,208.58433770694774,119.95257618140614,15.056156497182364,26.12141095156608,4.197666949559806
104.14832981053058,21.9246580002312,28.25869115218176,4.849235355734827,45.48397533729031,104.49444696097899,22.109262715560934,28.04286110012734,5.015831706843058,22.207651796550774,4.682809763689033
119.49657324503016,563.2455159582944,109.05904178658017,9.710866738913182,26.83764685656284,111.27792088386151,655.2611938798271,107.5368657245055,9.820948368730173,26.276205615402887,6.5754148104345465
63.74036182136784,248.0961923227934,22.4633980900243,8.026447304090285,27.72784314025263,68.60983896096322,348.2235335083504,23.50029018764975,8.08376934283308,21.91451319742954,10.320485443981623
100.52527217698807,90.02156422141125,110.74042070430148,17.53866691573996,29.1245401889947,93.82024823853885,105.88601753618995,107.45416451328585,11.809345010610206,13.388869444902797,5.9895955568508725
22.240921768130466,190.3610510759263,417.4877427779369,3.4576219358078597,29.253868205938268,21.895907126914217,216.67870548549723,490.90475626377764,3.698358321986268,32.207034596435314,3.8144374905981158
14.065085790716306,45.92149803092397,59.09968283044238,1.772374948243415,21.716659716799064,13.863617114142512,52.18412175184698,74.76042100117239,1.9106380219843209,24.86655809085424,10.401953218905382
69.12276817562841,26.45099350526244,18.079108795739646,8.219969495763936,29.639437043376812,74.42881560899242,38.54326886395694,19.230882500922277,6.385439651034905,27.35070236935702,14.461938341190725
17.465885819385207,85.69596040411739,20.158542008766137,18.637184259795887,48.76951362214143,17.199787587298953,140.42967936461307,23.02506565520203,17.071995677844228,26.890144037484564,6.418632073665155
69.28024259490476,60.744768519960175,607.9953313218865,11.192808570421155,45.37984274374327,74.66855485550127,48.58546171958778,515.3611101306327,15.885552540058935,24.822543087161904,9.088491194068613
41.947859044491615,10.48969682651689,24.435034708501377,10.741449340450865,41.79073488456288,50.30747422816609,14.169505144018105,29.1301722280955,10.916273162902833,45.74513202257067,23.428003373556795
114.43194520909245,932.5648547741445,48.587219840100786,14.945503612276635,41.89060698071318,108.59639213898133,1183.331210315166,38.22018136144043,14.790581813471505,40.04584876123959,6.035558275500489
683.0923752392812,27.50089998381437,228.70390893135826,16.427537917772717,6.574622111060895,669.5486021492569,63.46975291112385,231.38739756581137,14.96272761527231,15.579109899331696,3.9800796594581933
23.29444419944427,542.1464537793929,134.11883430852595,15.021586867923123,39.96417819619418,22.355560054125505,654.2827825115983,106.22232546988076,16.01836008810081,25.495037206583973,8.44960054978317
167.78826355310312,761.5862772443645,15.40480861252151,2.5268120730093298,41.300873222392454,154.4086721527684,856.4769139843547,17.049866493610164,2.416435905186777,44.24510650923527,17.737354385378552
150.8390208497459,10.933323616951354,78.74442149353824,18.767905953648555,43.55025385023218,169.4657955913318,15.30813883610536,72.500460399214,17.684695416334986,44.01688200408748,14.918559604138117
137.4306353649574,37.999977875324745,255.37272713550811,16.58122527243692,24.34115152467032,144.76225600487652,40.99263917641064,289.2142850158581,16.204077679971537,24.345781735112652,6.305439006102633
232.4088237461035,44.60893709706412,609.9486826840447,8.559654536429909,28.466213839790914,250.28009237285164,46.62634863189801,758.8599510525954,8.353599128192256,27.055282887384067,8.37157309401557
12.788397096087635,50.80264298908481,24.351882378315448,19.090764382205933,48.189477293997285,12.371950650915664,64.39422048457959,28.043612236880655,16.491576102102595,21.590493962079805,4.653614674425019
22.84731837164715,104.46484240621213,168.89687338329853,12.621823551933584,40.50876968913061,23.497956466308334,78.1290654850404,160.46073528770378,11.086401011122993,20.69797779149392,3.979755849127828
713.4129297903316,32.79351869382295,243.13819102342993,19.758939779185727,9.228717787664168,691.8893809454087,58.40683263124353,195.22900370556448,18.959311329240116,15.330651106753114,5.7951216542113295
836.4871721460861,95.9678031102506,24.03629071305613,6.145594018651089,40.30801986018377,966.8633959788772,97.10074654941292,30.4974951217403,5.175960425996693,55.06500501734033,21.771553826836147
45.734332130566436,11.097405568283172,29.478447635966866,13.889613154130734,10.263072709842794,54.76799112617325,16.243000007734803,34.65618224603881,12.308905970579254,19.044176194700057,15.092903991533158
260.2825131978,15.970396457580973,375.56265082422635,2.153642728006881,5.993629152668277,256.45428639521447,24.798386232726397,450.3519350330728,2.1639591603547164,9.662658367220754,7.1219101947539265
82.1094447837934,88.07153683828592,41.966097469642826,2.5496632784783166,10.256384540085042,90.64394256856102,33.29054442344987,44.67911412983487,15.237919032204438,13.960005322532497,7.2439876194181725
120.14852861286455,253.65811677492866,989.3500028692412,12.433047751996064,8.753083075597866,113.73831475735625,430.1189775429454,1167.6994010006022,14.07299765339551,14.848936658063256,4.536937118787616
178.63982255183993,96.53027464273896,11.13696848779433,17.903819904215613,9.08309009810446,213.66257062732316,202.87951708901568,11.717850805520438,14.678938474604209,7.794270341352567,16.63108271008593
41.67007759221962,858.4762713389902,26.93332457493953,4.022854834593907,4.185170818714987,36.68127574675689,399.3114868731656,30.220096804416155,3.5591659629995736,8.265973227476762,8.033240240070812
547.3668694046322,571.2280979586195,351.2093135284135,13.884095516118737,4.322222781158622,542.813697435781,432.900339787018,354.95368587483347,13.214199261739353,22.61836538992313,3.231473922111282
28.915486265127413,671.0957241598841,577.3711042105997,3.394242040179896,30.597331716305185,27.308870825402284,531.7291086823823,762.5143113868115,3.4074244218015126,11.833483418108335,6.081095235399428
477.35663491772834,14.301231589268008,720.5073036636289,12.859154813455929,9.995947733471912,449.68366348972285,36.297964154425436,800.881228338268,11.938541256522246,19.45312874981186,13.046709514555598
535.0756460099044,617.1356499664466,14.634700257008499,17.60454326009518,36.967690536474784,510.9515541473499,625.4997366429218,16.062451046436394,13.652647926459474,38.47370597323529,4.465292315436071
179.40891981610676,23.34964990864708,16.420192514493976,9.314625922445964,29.111761431812628,185.17058681444806,29.49264045982087,17.052318187118583,8.881395669917941,30.680600643925498,8.437410458213849
28.687425212297168,634.4777351283982,73.92859218498202,5.889119766916009,26.343337006588,28.143080548072675,662.0725893317056,45.460639243710794,5.790371709408736,33.5327883712499,3.48340802482764
559.2793041162423,95.93468819871204,375.121226255774,2.2086225076518984,36.03374768099845,559.0134704836564,118.16222495851078,421.04375327752257,2.1361963384726503,37.45889180237904,14.969568990446172
207.3158669581236,312.4357836502654,28.89129978771188,4.158257654042343,8.457579157010988,201.17808799793735,438.2702730670608,28.41524001519102,3.054101917098155,7.10551020090343,9.648778813662705
362.56554371391604,18.452716424646866,774.21816307492,11.306616443511276,38.40295548436639,353.08930227781184,17.946758007708763,443.6457403321723,10.694676157477433,27.092286015584087,13.45567846459346
464.3243930530286,15.750087350796273,650.3153092917831,8.581916686139765,24.072915758155958,489.14154254646076,18.768085094990777,665.2019636329122,8.547888805772551,20.642615954904784,19.253334996677914
11.789602881712353,36.958466870750094,15.55080990866622,8.289027722103619,37.571177453922495,12.384551215504821,79.26395730738187,17.50841461606268,10.158336514298167,17.038173773493394,9.27738942403948
264.3483062176683,58.54840119565637,971.897447154369,14.592553636316154,47.37424658465933,280.5881990010541,50.25548142923564,726.461979763786,14.921232287170072,34.53197747782784,6.503821836607777
28.772166809461822,484.85146882406633,23.535149850043332,16.011847514304723,8.437075120635543,27.90846083584686,259.97129827010997,22.498310328218757,15.181021409850695,19.08634173106725,5.776164177372277
30.11139578234477,25.129497902378425,23.47890543326551,15.722048121692579,6.122338338918185,31.870457697901607,28.447146715214025,20.660587250209353,12.317367557043177,11.642930262355632,6.005681464622219
24.3675498922636,62.577551476569525,19.815793913452016,8.821711941405043,6.604224312289914,26.63200136883877,61.594284730894124,16.236546002322964,7.086644723312526,8.468271873900818,11.683745342134936
14.199243374828047,710.7314555995796,181.61233807099353,15.521399031875855,19.16419645698949,14.354071950407217,188.18583101731156,221.67616868415888,13.850731390903546,15.298617106575689,2.3036791215280785
24.270623777170726,798.1079879605511,730.7176128408677,9.913710520168173,6.944571339956902,24.45446052964449,230.4631717168152,808.000925277358,8.211626601039933,15.044432353325515,4.2427829779632145
21.89426023675243,17.366461752790723,59.000296842092474,6.431529600354222,26.5294275082403,21.962580960883678,22.767778540955128,64.25451852162817,4.291414853360359,33.4981101770734,12.001847961681552
577.0318454801294,95.52563242597735,10.26466743591981,11.8464495567938,5.317482229444406,606.636773855306,52.16152961394486,11.284025191051251,12.201929260664073,9.33480426087359,10.454088968757862
38.09774327852443,21.132495315066244,887.9478033244901,17.420363913000788,45.62924188868709,41.83377816052488,27.644390392921792,573.8136174026051,16.43254657272368,42.29456408361249,16.626090953487754
583.3584357746805,11.677660309870777,118.68737940643067,10.29929206141982,45.72982184970971,610.8450844393457,14.198801370136067,121.62443877524262,9.4944749605217,42.17595993849134,13.438306994870064
16.56008341886801,506.033442934717,22.969374845038498,8.489409894563599,48.34977606104407,17.72912709172248,501.11622516838173,49.909592827997564,8.318138335046608,32.147827801574536,7.35164320562742
27.87302277784978,31.37974638304491,11.050489727123555,5.957039569941761,30.000691309480445,28.293097165389465,57.233940886003346,11.27107247700875,12.842528716509964,13.340797237374318,5.647587154745821
12.905974965020459,22.35027864198878,12.786858675917339,12.231732506108452,34.674297286376316,13.67384206123444,40.90148446487108,13.542992565833561,14.788110263650763,12.160016849025851,6.2625380591142354
268.95208245756334,336.21897979367463,137.25337053451997,17.83566350834843,47.81904858683125,256.6965492160683,379.567086129075,168.02331806926705,16.215745181080013,37.3821733215652,4.692522163771585
378.46345511891593,531.5677331941733,72.2763512737472,3.016793911057201,15.51098611296714,330.50236607602073,632.9453319307295,66.07564445928953,3.9067034957896203,12.593837584055278,8.802925584715185
321.59071554193275,758.9232045140022,37.89920580457218,12.824319842916406,38.08836114961925,300.8330543961956,1018.8337278527134,34.89687056205461,13.840209625272038,37.53593508718122,18.18008987346291
130.9820409091177,47.57327148635611,14.536173534263988,16.814022628258822,40.03138891988997,140.16202835220312,59.4951769172677,16.342295398354405,15.288874428434404,38.484831569196814,9.398394216369898
14.204201054367143,446.9205321935494,550.7859367671542,12.982262813626054,17.873195469920788,15.01877656680838,292.4450981527297,503.3301095620627,12.140898526115713,16.25439144033792,7.200427664572495
20.895960085545642,696.1222617905553,10.222051810648981,14.880377711825101,36.684573611749826,19.727406092460186,580.6338221603437,51.81956018119255,14.657070624067106,25.431035482283832,7.065004319836348
23.062634197899996,23.717171453204365,90.87125568176899,17.010335572740168,38.38408472640062,23.618387990241885,23.820986253242516,136.67366706207474,14.874832260638373,43.43990023242087,5.190195106627242
56.30620787989942,870.6904201060721,22.17453980411446,7.0736457849146515,16.110102604379403,56.530689483293315,800.3484889347209,17.456112490265358,7.579544458055674,21.335763140451643,9.19404709393508
806.1345761786296,24.59456676420422,829.389522341258,15.455937966102935,32.76539226201072,734.1256985469784,20.15577770586295,894.5918378420495,16.080657093581582,22.42001487568648,9.747073057299097
48.68589318981017,27.1304924118012,79.3617327689955,8.91758099223069,49.258266325355166,50.04024272198419,32.0670475351807,90.63153653245226,9.110323878563788,52.51932649111573,9.347803529702599
565.215483823477,33.92101417446859,15.730307614993913,18.242095096199098,15.190978035439212,548.4328786036316,78.67141199415207,14.039956560996096,16.40399493552766,15.289838655670511,6.220441628736727
15.084780294018175,14.282586096880125,309.2008787115381,15.490235400733143,6.535347136598181,15.346034023594589,48.56473796525751,445.42153449373086,17.963261023966943,15.994727441536329,4.621023373420675
41.736165728085034,10.690927413057016,83.17883688560558,15.049242288014336,29.744648353070072,48.768850859696606,15.774835340859015,124.48899898456095,13.458658133174099,41.49171491272375,16.992225193597175
106.51970364275236,121.17027297946343,33.23535313991354,17.927343508824343,5.233559655019876,105.0818837628751,130.01099116132434,32.84048967862819,13.954178784073184,10.440333180568798,4.5146311023121815
182.39108239754177,34.81595826551616,331.4760744705238,3.8847195549897697,32.25884942629936,194.80820699115475,39.73516230666573,409.3305939785157,4.086913573078786,35.124976416469174,11.263147554598095
96.81935755054816,156.6398993604735,524.794861177494,2.949836815210099,12.262868245504956,90.79325971377997,249.56084943029956,601.4749533428337,3.906185583750263,16.898750110679057,8.906681254752646
32.97688641217075,44.53752720060354,25.62880324721359,11.485884552144427,40.941267179293256,36.758530430996984,74.9318990557742,27.899826059021095,14.737896553632375,17.118268795743326,11.770112528076579
31.52435328441941,23.871306633191754,659.3224018893728,12.132978265159892,42.48023967739558,32.231685069367195,30.063655730349705,822.7690503051386,12.783324018971015,41.05598023352838,13.802954096521672
761.2002614814,688.2126313158784,30.667257019049565,19.139767811866246,7.007342667281634,742.3558206521238,569.8713700021995,28.105247114658322,14.126926334664212,10.544128297005967,14.19835135532195
66.15803582999152,49.371937811085154,37.766195409197664,11.7937987504768,18.734509526977387,68.68444978632981,51.48012111354825,38.44373890732581,11.304584886637132,25.409182137092643,4.780650834839176
19.369701809010337,263.1774047108959,130.9132131956551,18.260235001604578,19.17294310437532,17.87248073178367,215.16925075385387,151.4704392374615,16.68019618563974,14.538652983998723,5.892717190432449
166.97626080477994,421.9551022174698,919.2270767700164,3.686746916983977,29.89864033727505,158.84103870451204,519.8510567519994,1026.6369107822406,3.569212376265699,30.142031249951952,10.520743629992724
116.64878435406003,22.15046846430407,11.322677313424634,2.370123423708569,21.504229047452405,147.93378998281588,30.29326662702002,13.139479310259233,1.9584160954869994,24.833231590568463,25.506724449029782
70.61721675118292,134.99216230700446,557.452534814328,5.41927814710606,44.93991981552625,68.41151419499647,145.91984218156298,542.8476460093082,5.935003695105968,48.17203584371668,3.30246632193246
169.7026827258082,363.290345078095,395.2546641755379,10.896167788515449,5.436406834462161,154.94591593124687,317.84517722668227,426.6474784787419,8.284214340871758,16.310262603753934,5.619172787793338
85.64772286804785,33.97489779940346,12.870767446028532,17.02672672031904,12.776959307240451,94.206062530708,39.11424803232024,13.189414893012191,16.14765363854846,17.185062624330328,9.373142345185043
12.858138513257177,43.72782932770759,181.0586332916329,18.34534859376131,19.174190588454973,14.014947006175396,38.271814866246004,372.56480671713956,17.10958253837915,27.05277323882811,8.34362452924215
141.08367244714503,101.76668067705266,10.499550145180681,18.055581998247984,28.10674258332803,170.47180046907724,126.00387865197574,10.579060050358015,13.8481581784942,32.706532758276694,18.395476020468482
754.6732374215579,617.5088837404561,200.442729381018,7.178880123487134,47.27846305855204,783.2655789112862,640.7889362476739,207.2821562422412,10.064491807222195,49.02137667964546,7.524537030563081
37.78121622256439,15.540579000820992,34.64822327825601,14.96229713814705,18.807343678767158,44.65328176253941,16.150705426056188,38.6414354389336,13.7428865826978,19.3149468743049,14.19408721196756
103.58659650104845,629.829152484434,525.8632458139577,3.010059814619689,23.178830217778124,94.50119847166965,636.2478504759191,546.29286996694,2.7929660118246344,21.786121227382516,4.504900989965799
13.783598538456946,12.129096337371019,80.25543813652608,5.143496250631316,2.3463956102416663,15.204693026336937,91.32447333629482,88.99513492196336,7.14806354693504,11.146658509756758,13.626276731027392
245.35632611551398,150.76185875326422,136.16380496551093,14.446373401774908,32.175482488777696,253.14752481873882,170.74635155635713,144.29133776018742,13.900758621852118,11.129390051743641,4.034668465322533
44.46183181049024,175.21072295298592,93.31481436323102,2.915952853737238,19.97372903315709,40.97703515181521,260.5190139368031,94.89256007749505,2.9651549805990283,13.756537637217843,8.383099649800684
20.322161460022638,52.28140056481298,329.5535377310605,12.24097748004092,45.794408537970206,23.9897463244228,62.26075535327338,365.6344966449692,12.459922187309882,42.75022685066971,18.80522730776742
21.01760746522823,45.24356045894278,503.8329243320011,12.133201747678237,34.1156603587593,22.994961985526828,60.13319928750396,720.7216454812672,13.65975829343368,35.512623879593285,11.990523709046302
837.8040973416771,54.649518723896364,263.33600036336315,6.252924379392118,49.87785728554497,926.3139099592419,69.91044955099741,291.35432106638945,5.991513533697657,48.997225411679544,16.835423407907886
15.787520998209816,25.940020757863707,70.05966696756013,4.346627684288517,8.46521719632067,16.111770209427704,43.02275334010272,64.04682317708725,6.643431556614984,14.979702111320451,5.207143273927514
289.20142398038774,20.0898547894111,18.49403369270487,10.459504404031922,24.799298689263328,301.7878369276396,43.03540461369103,19.506782722480867,9.128121588800065,15.695188975575366,9.692625417728877
20.754908706765242,208.6888898076033,57.51595815586317,9.983480815675323,9.398471400172618,21.782080665445722,260.08864846219495,59.85032928356903,10.566876669939568,7.458982826228598,4.67360478314458
36.17341749006441,16.500756451363905,147.93837575435168,9.35917865220816,2.9264404261400774,36.24795745031485,153.7264266929699,153.22073063658962,15.029185966411337,11.030166832440466,5.11585337397903
53.89965797619993,95.042638823865,349.718643712088,9.218193875364982,42.36209568792828,61.280948414448105,112.95482698811344,360.20337925035716,9.672954971641694,43.76111571834285,13.533130326659832
94.14971711105619,47.212347684634864,399.6141765494049,12.401483999447342,18.16967870633957,98.92674602510863,36.552646555124305,416.9087402666613,13.766587743271998,10.848896404600643,9.497040637568317
999.283715873972,28.706474813142616,263.2731405762818,6.797065035551408,5.944945697120131,963.9911872147251,33.21809473739076,326.95824026481995,7.201479641020907,6.796743178557921,9.980503337435675
112.43505547705607,10.838267682546338,300.44760951554576,6.70737214992389,22.487909659307387,129.0462567922997,14.01297683425851,463.3040581549203,6.390415021452318,24.69032886182372,16.948999205099206
15.05158502986489,42.711719242381584,204.09211337592643,3.472528155259437,46.17172951729605,14.42838748586937,48.44209882462922,203.4088729315169,3.0720263808841666,41.634637106626116,10.416277539607071
22.33540370455683,32.54864308925941,187.9341846711221,11.548686967258979,42.55784504428423,24.700102016444067,34.784341605951525,181.43716104477267,15.123166573317645,38.168507375308266,8.272815065777554
22.01138237168423,81.86855515942848,509.5233968578977,11.623800049335678,22.26689189023937,22.129182286778487,89.4228834984833,683.2290412881952,11.185729947784026,22.862291315131568,5.264563455771987
32.37546510735947,116.20911379952763,72.5950115351064,3.6681521508491355,49.06072463657684,31.295309221231204,148.21762384180883,79.09613997364484,3.381808996285577,28.065428562424042,9.18362022271912
49.9908517146732,59.14590304946636,11.18020991443014,6.505871877725419,42.81736253539431,48.183947223814116,107.67637699249136,13.083158110920271,11.756824901226677,22.484827739897945,9.671970881304107
20.62855073107487,161.92787388167176,60.224292175221244,5.565429027757092,12.06057150030039,21.68557261948999,212.45271609927818,62.62444846258641,5.6997028024542695,14.156313670677212,10.77980565573786
141.53656146316266,479.5559049565658,209.1098546082817,16.41176352730947,33.54353610529057,144.1229584113937,568.1495931696955,209.03591117925234,17.99078201343934,36.506002830465015,4.025991782378685
63.50658162739488,171.74456420514704,95.41852180343244,1.5095337224958103,5.010247898027297,64.04673754432405,177.98057060740308,112.27666536236545,1.378126335423305,8.226013766170487,16.843869876029185
11.14593514916021,179.13564591947735,20.590643611233627,16.51273071026139,32.752857422780345,11.297776046219672,251.63796378815857,29.10918687008732,17.138814657136056,19.824352822957866,2.0450487447958623
174.9163739525614,783.1339295274154,55.39863566470713,7.409771935535405,3.3571286898501427,166.75876867723653,459.938465006975,55.36461237384335,6.153438166239201,6.364253720179384,3.1455668934049315
25.572999758342743,790.6002351552788,15.8038197225759,5.494249312126604,8.784948826682864,28.036120352008297,620.4884576531807,18.081924456990716,5.692451106214381,13.654913285679301,14.49868107724232
98.15155705158628,73.99536541535822,327.5428555589123,1.2057289506032478,47.44124566341337,95.56892277771098,85.89196784482712,335.2113167418883,2.159582159731373,54.64873037517769,10.812112823401787
37.24349746090729,682.5956305351115,115.07050796711792,18.332921260934086,43.13782437570564,35.006239784622245,517.6432112393309,183.14071781260114,18.194199110346435,23.53053392307182,8.420715219495174
11.88070995405235,506.67644644721537,153.73438073735048,1.8707603653257072,9.612195098948211,11.414833678706044,352.57629281821517,184.39690165420868,1.7057378698230952,17.931860742107364,7.017246925026896
259.6797495882896,47.7086912677471,183.97144411587965,15.640625943032456,6.189679710124301,249.98427662189437,86.78625396187465,187.4115833653405,12.99516318206755,11.571714107508786,4.3732917012229935
15.598974098561591,269.5231543515947,10.018087050581183,16.097449001112818,36.93862545497865,15.905435942184443,450.73628518667357,15.738778477398263,15.88419492861312,24.888951852317444,5.853807410924801
110.2213095137276,14.634206697469887,76.07518843106502,7.267160013222996,14.597379679924682,116.1223010218399,17.887191831985923,103.58991068970604,6.751220318950568,18.976775368523928,8.856491368833755
15.501170814651802,581.0869631184719,878.7397309699704,6.353061299849648,23.899224595620844,17.64300642742979,269.766406793103,939.8124538439472,6.057828823337821,19.307425035716207,11.780062224858593
12.800856509696853,68.66847132681931,12.04471248889767,3.7864130984452,24.20126967550648,13.18990634151514,163.85908456684956,12.658378589941687,4.033254789065687,13.417960278730058,18.52155659999888
11.247322967082775,90.0318712896552,591.8805983376318,9.860262726481102,26.44775764674989,11.925868287097698,88.51435468362772,724.0608385245986,9.09497807112375,20.468938000738962,11.982558955931772
164.0840322940609,534.4928221670233,110.09362267120135,18.322898619772104,31.115642790395604,167.8029845045469,507.3208933094224,83.62834982283941,19.522704989488567,34.89685344129734,3.0985016353920884
47.66659221782567,18.648816912778827,90.83854826372601,5.41267700185693,47.69947420803186,50.29051701453472,26.41239482052102,157.45760722930802,4.97514611013081,52.285615663222856,26.73307696944822
161.43274856266223,797.3572309674576,325.10990678701967,13.982353652430907,22.915556096886945,155.54688988034667,709.3752796727744,376.4419145443161,13.470960317269286,28.294940159549807,4.007521304484005
255.64676366328652,121.56232755262086,29.641476209822535,5.584262787683903,7.094518143903463,259.42341723094495,89.92298375356062,33.18484768580115,6.457714985131942,9.627389297290529,10.24081049713672
432.9902646311357,970.605361418464,21.502624408336814,14.800722923830802,40.77826811341548,382.2364048285971,1206.058196120497,33.28659712187445,15.036548760438382,40.93844186812373,17.96477689774161
14.220881355062138,989.3285557685601,23.592403323265223,17.36502472520305,6.514890083847961,15.04206255393607,284.36995983765394,36.17618910261545,16.87324300817505,17.333954579892538,5.3063068487296725
230.97807227097005,12.988145101929378,12.9543941629663,15.0330806981882,11.924246496648943,261.7073811276758,39.00200946750194,13.583672796486328,14.368153933515412,10.341472772725002,13.810702129291611
41.92743462159009,854.7695597803786,941.5397221694908,11.802787760782348,40.11628205805647,41.78765357053773,303.30125187425466,890.6642123070577,10.087563043869324,13.954417224895659,2.9032701761780437
17.332698140656685,241.8265985583978,216.11656074500252,8.044019714016354,48.576137186215725,18.13227876695518,170.92523894922599,226.71639726174354,6.8808170194498794,12.91628650742647,7.773407954300433
77.76509338050614,28.37565383423953,234.457135386357,3.603680324023117,24.658062773901374,79.89710353141207,30.860149245491122,255.5463047878817,3.7376196760163642,27.48891016797753,5.664239813500682
108.7386783194234,23.86189205912254,150.73073373904887,11.876426278292433,8.22409236621568,96.70920499184905,26.563873914313167,150.06257242457718,10.440087597059234,6.793534249357613,10.094977467118877
116.2511656363663,184.16741710475046,148.47350303772743,13.040059047821071,47.215326634928694,125.42507848203086,241.3797950689986,154.0916312279562,15.778083126089065,12.865018660854853,7.141741491124333
171.4357850468706,122.12623227047557,136.32465960756244,15.013725112626298,24.833020007620476,168.19576732191683,133.27742483644053,138.3569737524513,13.627737526994148,13.540071905010224,3.135836801384094
683.6532561789559,184.4606171065891,633.6999741777383,10.255994903147666,13.053943880587047,632.4605795370236,104.5114290932278,619.2754890721916,9.788405164915815,7.416762304675486,9.27841365845684
40.967647285175794,100.88487388442094,17.082823666363243,3.138042227885452,12.084263421267146,39.674686368206515,124.88776931768722,15.74696144731817,2.7582886500113695,10.461215828013438,7.752740148351581
20.039725982491753,124.84564461533135,73.45715697542364,13.96443125856474,41.646349478314676,21.043639175313192,150.9932182147837,85.74330713187193,12.876685007337414,13.216663152226081,6.7399867930272945
700.6622143350953,851.4219857089554,224.586510104197,8.24908948743197,47.557896409766556,638.3288155504142,857.1782815945405,255.1433678058234,9.13972546241278,46.58102405779744,7.340841451500518
39.183578056215794,46.0147006295881,234.5850607047558,1.5906770702275106,19.74360837742537,44.37773708475207,68.60405126396978,254.88174278650172,5.82518452720191,17.318845175110418,15.1523882812591
746.047491102964,988.7807912331095,294.3462314982805,14.885932495009554,6.506016828219076,670.1778054997077,604.1863504521792,293.05295595888174,14.754275330688815,12.140976756256409,9.11321918486197
214.32320596084202,621.729373457933,745.1387885838076,15.574601710712624,16.8860135537449,223.23699089864633,496.47617252521553,744.6350612853869,17.048147024947678,16.451647786614675,4.57063262497033
465.4829391654498,140.56344086857794,288.3826056012198,19.41877910641172,49.88044870898105,444.5879691981722,99.74286823458289,224.4227755485892,19.221555058704933,21.83036369926731,7.3229106558441215
100.22293472966905,19.073267193222176,795.6581676173099,1.664960444119236,47.49004696921873,88.62296174049408,20.584661253221867,700.4767982904742,1.7069350040449083,45.961096106531684,9.062185258185675
853.6011942404631,285.34820335324383,723.3780238598396,13.051623735979106,25.904515246030844,749.5816112365388,171.28760018855525,618.5129258626589,15.295435712919028,15.125673463706477,12.195617080278495
10.798763073630985,23.453119434423417,14.159628899101953,6.361225572367079,38.495890204050674,12.311971610337915,46.602453355432736,14.783058830295365,7.66328778274288,13.05787952118122,16.07748489750166
161.5606191855518,21.47458572386834,17.832174802899214,9.44275363600228,22.78091291129123,162.08899942065568,36.65415471629941,19.23192382549164,8.477761033368218,17.258136469482483,10.404092387543184
98.79075039100279,471.4141353982124,27.790353097470458,19.96840216389607,49.95303070344723,99.58143978392933,569.568296602006,42.775739881598184,18.11248397167522,43.01025439707327,6.703921900375108
10.38781062461388,64.37484803915422,22.57244838532695,1.999916952040564,30.84829885577405,9.766455520969325,112.18447642036153,23.64146674673327,2.076962197686947,23.017875177300144,17.336096868520727
17.045064644594785,24.270519616973633,12.793050309185677,5.046175629756272,22.176035494488666,19.899324039756312,44.209770377289075,12.229258988003787,6.6020901291299925,11.515143291818672,17.505379401182037
70.36993513328363,324.44206084067173,657.7286148452271,12.169576061639646,25.922535230139424,68.01416985905131,235.5925570703601,738.0902947766662,10.709723297813506,26.39844694405077,3.9731245015689107
71.93987820005358,890.2601070607338,35.01261132645549,14.771738324181621,47.3469993602241,68.78726036100956,878.8343803863496,107.6399671014887,13.571204682058266,34.198298149066,3.1606208695631204
391.84339138843217,122.13298043418456,44.10529815200236,9.41155769791186,46.116358626312795,415.57913178904323,116.30334999544064,41.299048125073696,8.56818048611199,49.785202247937264,6.172275765251992
727.3251920354132,32.51134188662664,464.8323142385434,8.211068150792995,49.94482823506589,749.5331521762745,52.43736497607325,476.52283454583244,7.978873581035785,55.385920102002935,24.47740474006371
507.76813133620266,198.87007598364653,246.16502361635568,19.48339069484424,16.65030948934825,513.6128448312716,292.6259641791193,266.643586129721,15.145670369349615,10.60946961738428,5.226679767987273
74.32314053858282,77.91970952491747,110.76830568113891,5.003027080484129,20.631571297457924,71.56798459901783,95.49323075293846,114.94839182096383,9.359093251268545,19.20140831129549,5.795149170695866
182.49782417776012,11.915110257185155,14.2786781521,15.923370651925698,29.238775925907955,189.12880865997343,28.45079442221109,15.73395824402323,14.275326126195331,12.335125147587258,9.377141883079787
162.88093110744936,706.4181093593033,16.375373984338708,1.7712408094745045,36.900601509860515,160.00431934219375,836.4327136841846,15.017119807564683,1.7088038569384865,39.31140789224121,19.856383695960787
523.7800618506135,41.21890927200803,708.3981548030936,10.865565638089542,25.50620597792405,500.0397702896782,30.301626354906915,695.710826916228,10.686513814762138,12.877471573959498,16.254941703094623
20.567269790739388,117.71755343124086,101.85328069577524,4.209049402616593,2.975311927788109,19.870364504999593,103.93412768396416,107.96638806283784,3.7628186120949625,12.098736188892074,4.266846374098876
42.864993898084286,90.26815489552598,58.11413124148545,12.125222228785056,32.29477758120172,45.02095087931243,163.85636261632996,56.39616653685159,12.997817925882389,13.926032369706508,8.307611796399476
27.471748212598825,206.22104964527412,18.38698987857975,4.68721348919072,36.27916355515685,27.635003035353442,316.0028502531252,19.7750813836252,4.487774120017559,32.40552477122039,18.737351784742344
89.14952298630668,614.4139422259551,49.20611394184721,2.139330692843868,24.42592976886518,75.9228219086085,787.262551278444,43.66768478279731,1.9889539941382086,21.96862731853168,9.302772017417709
72.95530554783905,88.26314978905508,41.50435745690682,19.370040471224524,8.988721813375228,76.94145775562467,97.4699096908505,42.17391135152563,13.237919042529558,13.21525872574389,6.221253212083883
357.10731117173214,562.974596873229,684.2390776190314,18.726714448370565,45.467927828254176,374.800263316164,401.3554202627824,743.9080645074896,14.932446888337825,28.895344551487966,3.834955908729322
85.75500699874205,87.17608477010582,219.80001994073655,2.152508460359651,42.948191074804974,89.54393177664546,76.37410614670809,240.34105175939857,12.093165429472513,28.516046216077953,3.8206889792664906
544.8183164090564,29.011788595420168,730.4895390333046,6.98575403087364,21.915000421677206,555.4784131934945,26.922785259543225,638.0633175378831,6.798424939971307,18.815537425727985,3.7168307298376937
12.551613674977926,392.23612544375356,57.976151389990605,8.825829247159241,48.68795143293336,12.848091983677431,335.0970542599635,67.89881920171094,8.667491740259203,26.687791524497904,6.809675273271015
786.9435137194624,114.7071553993003,899.074018123353,6.890874839511132,29.086106847977508,834.7196420091306,106.37509323859653,698.9273146623607,6.590416595061959,21.90907026366031,6.401304553916802
11.134176999913475,126.75302710947713,83.6330463758555,16.141015676471397,37.761591399222674,11.667589987678411,98.3820189872375,103.480979863798,13.485439704646412,14.616615717835147,11.35065099842318
84.34476312432076,305.9064135324505,41.42144463240763,8.47394790041222,18.33617791033949,85.99459894049308,453.6604090500353,42.43897115624132,8.732046765070807,11.186677266941771,3.5623496142370987
73.7064033007035,69.02690669838788,93.77032265718825,7.586255332898028,14.307893657534903,70.66063052843356,56.692693371688335,94.17084668535077,11.693132614327011,8.259683899628547,4.000226510128017
18.406312080147682,106.70759334949288,34.259762321633794,3.4051502810907914,27.28775822136415,17.814174224306335,193.99152229143797,36.0591205381451,3.4673275919703723,19.239281105552834,15.882633136044255
19.235015600485372,387.68465868058604,97.28953885210693,10.24984623945175,43.20430793536703,19.233918144224653,433.61232735656034,93.24953469012712,10.440684822592164,27.119965473654272,4.758878457015038
498.6325222586865,26.44714978439409,27.874466781141532,14.090375485783781,27.96532888801228,496.27213943725894,51.84472528080499,26.997210125635196,12.295820389071888,11.215819237044977,6.327448296451248
193.38572332215276,10.985291083710555,10.697841973208817,12.851119312705176,31.757842557990923,205.44528788153693,28.933605470671726,11.207492981096216,10.47267304980361,12.726351307007127,6.924188585117677
293.8853108032419,122.02307333319925,16.575781839056567,4.928054006178183,24.419500161946125,312.902702007868,117.29221164931201,18.13800281232013,4.569619952020389,27.71315815058485,8.279074825902146
290.9531627796123,392.74785783883567,164.7772028382454,8.05244831047742,48.185989464272865,251.83081742680284,445.5329280972073,202.27527232289438,7.472374462673589,39.8129272631272,9.670808676059844
12.726451742734763,72.13543429631369,29.88254109674296,19.169435837415715,19.43666986854596,12.859768084654721,73.34548067404512,33.35223021624986,17.527611187094173,17.97961568337445,5.236863605981762
742.6153105296303,160.86021987864606,11.416574519968108,1.762665608072537,13.113792234279828,791.3791028682402,249.84606384332656,13.274909973997474,1.1379205019664662,8.067195155828571,21.125650177522086
198.36283446567137,15.382923290699285,17.59710183228088,4.628392316900536,8.382252344696914,201.9253089553194,23.7512054829407,20.306027123773248,4.290533120353658,16.15598887580206,16.86699232502922
13.803637663260046,197.07041607982242,225.2772211638406,16.730250696530415,19.807053090790493,13.813517236044428,131.35826284415714,257.03715257830913,14.631842960786765,18.13315501296078,5.646297306063035
21.23797574549394,33.146579488279606,20.63765564402943,5.026903499928478,29.168125347342098,24.392693830220633,55.623769437512806,17.699234780729007,6.871471777052388,12.081325964203046,14.006479147011456
908.9658753522859,41.2302109933841,22.71769363935939,1.6151190982485044,32.40642857197607,889.9568978577756,46.614514616374734,27.089053164193547,1.6290540350667193,44.17779910038747,17.056663013206887
184.72592616985793,341.1453267499042,19.36125355331645,6.225338207057357,43.74892581136624,180.02465821605344,357.86315109983144,20.512847933807826,5.81811309038204,41.087986185521224,3.37571289232267
11.95467981491877,220.76236242723286,504.35951003323277,1.918534074373596,14.259564472466622,10.893633741012977,232.05083916451508,594.2288774733096,1.7157896710467855,15.764480973525654,4.1594142028711785
19.623644054413266,160.15839601285228,695.7624805655372,9.317598974244682,18.50270951330483,20.347417268335754,135.3036201221921,842.6516313507707,8.673690568870988,18.34661104930056,6.072632198444313
76.39751633247985,672.7715127550637,309.18431285471524,5.890431426116473,3.9537047514732806,74.9034582152615,368.39586226037073,324.4775683853089,5.773952390505406,9.750180473429143,3.789633357051784
25.944852221496852,730.1372952629691,64.32854975300869,17.864600021641277,31.045457823916433,24.19539866776883,459.36808752233566,120.21104235187478,18.10251008862669,20.636821792749185,10.413564409274802
34.77252630297457,145.2874525296986,538.9032438464492,3.765999459905183,17.23725449177569,32.80042759828373,179.6499894596001,556.1556351563421,3.91889532061205,24.15545131486183,4.345315260694907
189.19107486663992,502.09434494016364,39.20772670157684,17.459174224555994,34.878706246565976,192.61714613632952,584.4471332266203,36.77864984598805,16.95692229101356,34.90431138754283,7.0155827188626185
822.026174837514,24.921313884888463,12.15717636753351,3.391708454768278,49.8802447658019,946.39566275201,26.559067682691413,16.03853367160638,2.5312715828589107,55.76171917845317,23.035498995341612
100.12983472496289,45.29217037557092,55.129763078757506,19.862798721115837,20.10507865862949,99.71885340009378,57.11433916521505,56.40334567407402,16.22718004213836,11.703467811162852,3.5874542022150764
311.2850524004112,32.050583662733494,425.9468928958434,5.572407465064057,40.74319802088873,333.50379885432636,39.02240104060579,533.3695867020085,5.4906701303985255,41.852333820445025,14.443987668259723
24.83079802309344,868.2305545384764,669.5828452735559,17.16373028984472,16.570823180591486,24.81356663058147,248.87935828449875,844.5369924142317,16.0577199137419,16.159169522179905,1.6157695637679281
432.662344695736,886.8891409755852,92.78991495374807,3.4308589349069525,15.083653922004345,401.02409543809216,1063.6913629912572,80.55802293218821,3.4767068235166176,15.401819392639114,10.454864455542774
26.04587067842276,86.58631159546385,11.166594209234962,10.253714147763594,46.75411460660658,26.01544231520257,193.4976665877094,16.204448112139513,11.593356185239667,20.483784091865218,7.2849920063893
609.3556889383821,173.29931009792895,99.51820339639717,4.035551488367895,48.21361685822022,639.8984554380652,204.51699955476562,113.41034600873742,4.223070549500579,56.867271270091905,15.94524045224895
20.064600555961444,33.499357643711775,662.3015133819813,9.167496812712582,26.513032130527684,20.866543292490526,64.43996516134024,666.1315187061554,12.569202125298576,31.083626580517134,10.079802230488939
275.57889443535163,217.44419306911857,191.69923553145728,9.308179999014522,9.99566793788431,274.6195183515798,207.2604848820745,203.46974477476866,10.044062101667391,12.869322610813281,2.7208232526823664
16.201660976076127,57.351695817278205,108.84024140089862,17.301502931376525,46.18726076764736,17.14622668776615,37.04049898862066,93.27519323107488,18.47735560043109,29.657537631393975,7.454901112053995
857.0159987295254,138.8394847043827,600.3430818126506,10.275931349143566,40.83064494420085,887.1079738377477,125.635065608567,564.1594357130155,10.501729600286714,30.349317861291375,5.203748837739046
550.3118094245165,475.4350261422133,363.35911675072913,8.824903485932797,32.350144470584944,528.9645190414891,504.24617448911397,384.63934063442184,12.884762089132893,34.461386064524014,5.443920498158332
116.95580979516897,16.5838090352639,431.6510845800629,11.329700588019573,12.131045620959908,104.50403528426806,20.819594811954996,600.7560498996186,11.45428293911468,10.92132273976861,19.842540756367637
157.06539295289187,24.540492339311484,925.2720351879836,5.853326014904583,43.93607470268436,160.94161742676806,29.086412007431328,875.9794439210104,5.790211021071087,42.522535057087715,12.44941815234045
131.4764639348125,920.6380815193289,120.83379518561982,1.3205214791392654,34.124117703714056,122.10988028637362,911.691963952707,101.92327249447305,1.2330012105669061,38.47238661890581,4.076320888237143
665.1053386230385,38.89689892214329,705.4791809350565,2.036516474984313,37.17952131714938,670.11702418814,50.88155192193365,885.3264679900301,1.877401248157533,37.96450601098535,21.312783660101633
22.989029835159908,169.2777354426152,12.28728873774759,17.642094737345932,29.397906282610062,22.944644564906493,269.05886404257984,14.40532351315665,17.208071655226355,25.911198790430078,12.722214113410605
17.39124182010853,176.63792396884517,81.68150440788861,18.608388283122547,43.11228204687265,17.023323041837116,224.22978587525643,91.38554105141584,16.76749755826197,17.450485808600632,4.721384915977154
10.344184977879397,51.372282799784365,170.22893791208307,3.4653866113744005,45.03713178307683,10.512823296830978,62.68492480778681,202.10562570600985,3.497856293923352,41.022304692628595,12.276645843494252
391.84941823092123,224.9164311971654,176.55800039389126,12.960928742436352,25.14258772371062,360.8088086152713,253.17907974285202,182.2616120021285,13.708435303116703,26.18556543369698,6.76918745743252
14.202331486999721,25.978030522175768,158.42502574698335,16.66766901971617,39.01513855392764,16.539158358790722,26.740689256989146,239.96516445341888,15.980060069991788,40.43871908713905,15.270495520346596
14.384642419137018,503.22431748859464,48.55579387147808,8.718305665477535,18.313332593002688,14.64123498036277,424.97577555187104,38.026541017547565,8.830859658073035,25.402867499126305,2.801927129287216
26.054048304725434,155.6553006696743,46.40889277870295,1.0169685589318136,3.1661260979150883,41.541013710327725,119.50529359427634,60.47012770230208,0.5646607676519803,7.772806052389622,50.810712525052324
22.165515718946335,15.77483188604217,229.04311276922206,19.15901282914613,49.448749844824675,24.641308223023493,20.46646809597745,228.83366398858317,17.585721017932368,52.00614449862798,14.65430521687397
134.67823876284305,657.4823452328942,193.23520751253866,12.252709709297948,46.74239311770917,129.6077370228071,713.1693262495818,248.17273309350372,13.215842296974458,39.06162938708434,4.955406346923491
46.05589827115251,90.8541092778004,19.908053090850345,7.754120003281612,28.194765831121508,48.71236577329616,115.09248810225425,18.784934243640286,7.379134050667119,28.357488643894843,12.518436749317038
101.08248112112426,269.82455492273493,217.80762824713457,14.150067024813374,6.781017829211357,99.45384453443738,195.45417365412106,229.6633092319629,11.64872133390519,11.269405532211456,2.784202410433086
275.6865181225609,29.43991684421688,43.441933848760016,7.696367788077699,48.74161282705023,249.62035909823206,30.5854800910716,47.08408774185059,7.35379876067458,25.331958465385473,12.79165387767533
26.0997244245838,817.9221066160342,506.7761521178725,2.278589487001063,18.878415965638343,22.920953545660605,667.2534055198854,653.892432562742,1.9706119212033315,13.400894348017117,5.534401537054693
20.255621719938663,10.325803362556456,116.43933664762315,6.539220657450155,41.80916023381297,22.246370047579102,14.269337257149092,245.22825070173081,5.841474989700093,43.065177334674715,25.827798846856524
92.79664987902873,29.9108800291226,52.549098333881055,13.152622494358543,24.67938166718598,97.23514777577739,26.63859463239941,61.014626517099586,13.115341050893475,17.746928678988024,7.858383664346581
681.6589070531079,10.177612089588289,564.9754705433539,11.247043410918499,9.259976954792636,648.8614011323459,24.92059066359968,627.9400773481996,10.473422557164907,16.854889206011112,15.123443997243816
29.757684128543918,840.9997521936973,20.75949861156091,2.9979413040322718,8.608760558541737,29.279155122203942,839.1717974967667,20.957823463300084,2.9868749037604436,11.308172019722257,16.32607295497134
356.6540824544468,178.72421850662087,17.277113152150005,9.554496644145114,13.549705754777772,378.620208909231,107.18527189918132,20.23823065220907,12.07522607035486,18.023425012019086,13.65570859303821
16.2092727742303,31.184152279422324,489.94016953767215,13.464026315884137,3.1969560574260982,15.675261608496417,231.6891062817716,463.1547629299706,14.314723253166,16.100987049850705,2.9672481929905756
443.78244546282144,94.2685343646603,274.36219325882064,19.308176884546615,11.526484446832853,444.42950259801756,126.91305773540067,246.41891220629515,17.003554061134853,20.181818983828947,5.512401911427704
16.899189705754743,81.1515351759503,110.13899709581236,5.924816693126356,37.03122252882237,18.466879885714707,74.51332796400813,118.1328933387089,5.868233604877825,19.387236474492603,8.52644005105423
12.07370325174624,43.283958697806334,48.78994086892106,19.605418491999895,30.777427684600205,11.686030030136916,29.833433393622794,47.95021645948628,17.154668823195095,20.874374906471413,3.62367052916936
48.23383882630163,17.071796587095413,29.370502688144807,11.579947944559832,15.318366299030433,56.081382909976064,21.39332741297846,34.3949732862827,10.302211646204306,28.82444440517423,12.240499628122151
48.79740878167174,63.04850397937416,81.51663423379638,17.2078381262103,15.922686736669252,49.59116100265217,55.96592746254287,77.19632058184075,14.48436111695349,13.378296100706033,2.6687793535064412
31.109325489102783,243.16075712574846,49.178201925434706,5.40561915354785,31.57603974434411,33.51470772681627,371.2281597935395,46.47613471323796,5.552984480151792,27.215590836931685,13.055907274947282
35.658469506582676,17.744241655471757,242.5439723502299,19.242840570679725,7.5778440255756445,38.73825420924855,30.117679839298415,283.26120597644075,12.00607954096062,17.799936737070404,8.525911264753304
313.12794208766496,126.10651858684344,32.24256716476458,16.646459966301492,27.651177714960934,302.239011790704,154.9878849034921,32.06551396527107,14.141884068975525,31.139917438459214,6.024240463608418
322.58041819539153,86.08591416175113,49.28177604521711,6.546763962955557,42.23020835831125,334.8393284700262,89.14115156171856,58.33609694590927,6.087507395080996,43.31091720976508,6.407808633806322
12.718324752638852,15.31988895941152,15.008462825225855,19.099822937946925,34.834473978444215,13.334823237598515,14.606486562021043,15.179251988147534,13.883253293080577,16.156088362197508,4.268800468088814
25.148361152383856,622.1200027042556,110.86445299929416,16.19132811624336,25.314863952179653,24.15397355542521,468.6013658450479,78.32237671115145,15.212447621880226,25.182321672975917,6.1619695724894985
240.6797650056403,205.91545107073264,396.55703139300147,4.069385379805305,9.858713496416412,236.54949100728354,232.18047136750982,392.6143812409908,11.458117273340962,9.301145735267946,4.310389846316108
10.161138352366368,467.8603438604787,23.375421863793513,18.85201838783241,28.81996977414539,10.475216356069387,118.48196201980322,107.56006759158623,16.504006063934547,15.237186218829489,4.3612327607524985
223.45557660125945,35.00872864638476,105.43298280439792,7.355317319695335,47.00109427695374,221.63993417407858,48.81290543106927,137.3571428072918,6.75040143854965,50.437331778288765,19.21661626622857
132.62609018417726,914.8636345801525,126.07226390423797,13.265580477948504,34.52362265197635,128.31809740523607,1010.2614657350764,63.948655347853666,13.952273492847086,39.50036033753593,3.2614410026706104
26.325129029447755,34.74089020589732,40.58157854401413,3.997276759653341,49.95636951870601,28.017437469532318,41.57567069098139,39.52585597536403,4.225847654073783,18.964586339062407,11.079815871455088
81.25501703731263,47.44639560899412,269.3544209401516,1.6275293192572835,17.417456760124278,88.76182799356657,40.13723616824966,282.7774474583811,1.8289593892302272,15.04306228917081,6.374380570862378
954.322438511117,889.2776871740605,290.531920224277,19.53144211681963,25.202481629993247,901.8044935447109,689.7152070104945,296.0920413101685,13.16620254518883,33.34361903463229,9.469763118345927
16.17856228306127,175.02454251896924,159.65117738111738,7.0191754256404115,31.567228994662795,17.926239169278173,116.29002294628127,185.92723336486853,6.229307925763515,14.28140593299118,11.08994140023027
212.1673970356794,52.07570145659637,609.575688554997,9.056115590727623,12.078820759862891,224.2519147727336,47.05108122946956,579.7723644103302,8.477142522508608,9.09363810806306,6.9318033522176155
18.448636157753874,33.88558070205576,13.176168739524773,18.931474372882075,17.607938393100504,19.928624200237415,45.971363214628546,13.342475668711884,14.012468873433255,11.889247317004571,9.426295120077214
14.738436022373588,375.4065960497375,28.429511150801613,12.276029135862272,16.570975013349983,15.21541965304635,283.5437299727943,27.05211605182565,11.877707347001865,21.007606898334984,3.4902637022213043
27.80410757516612,351.79516029102984,515.4551090051381,5.789570648212573,19.38023346472212,29.479676953774185,266.5234232862304,554.2185229881308,5.5615779786652775,18.0263047396534,4.731950033014209
18.357764630039277,971.126807025103,33.182668724008266,16.381127608738343,2.880926002774432,19.202755611892464,197.27561251909532,33.51935940204036,15.045466148426058,16.81898556684722,6.870672238619373
13.379254014598958,30.14749566701094,327.36511977364455,9.02109416156745,32.84854087558203,14.771976938019728,40.522979531048456,405.4631147552153,9.833522684221498,34.224288575818136,14.213116894353472
295.9285589310238,133.0470072875748,150.65103326289972,9.125967709843453,32.18764085856836,311.5719238663323,125.41420681030934,148.27259357204335,8.827957601234836,9.339599161883362,4.721312566648506
907.6823944323045,69.58824484984719,151.21270446084583,16.916713310936515,26.900160677673,845.2116786129175,47.51808227985624,146.4248398175438,18.420948127975638,16.90274218405738,6.326843356913839
493.09715250516285,62.89253377725442,929.9672615608605,6.97917920162309,7.392861901345562,476.0181026114173,67.33233202466211,957.5373864717471,6.158819011762435,8.90827513415898,7.555934761500298
28.098453607821963,781.4162288115347,65.43931215157755,17.678865074168083,39.335863041597236,25.35053810544894,658.8070842764425,99.03389983965867,18.727749056385843,29.240643942653847,12.550573932542514
267.5354158004069,74.97290510600324,273.58759508248113,8.368444166126594,19.855662256395195,249.74595762385383,45.77265425174929,296.0798038590589,8.50468855979658,9.31812536293849,8.917812799595975
333.71628578938527,47.51959520442604,659.8254131908697,12.313098810179271,38.216918757545244,343.0315740370066,50.07156994750198,684.3428879415243,11.938554204976358,28.269694478297513,15.557249008391278
721.1175555530345,30.323775261714523,945.1803381554686,9.385654413690679,39.06105549787484,734.3537824860864,30.238667179083482,746.9638730166093,9.3845856105497,28.22460038268315,15.994526268041762
177.32699065651784,990.6433371782789,46.91469910398076,1.6738219657193842,42.364740238893404,169.10018254480403,1024.4163105621117,43.886942855519315,1.6759401678117336,50.19251477934533,16.090324924766733
210.42625777323434,463.88268886244555,12.148629231815729,9.628459519421655,37.4627707837013,213.2181181641543,565.5074044556881,13.520269363325465,9.054218484685173,34.772427384603894,7.9173752961539945
838.2654739250243,543.0419556996073,691.347677992222,2.521474343238408,33.433825789859355,864.0965076104708,478.61754722774265,655.6552905848588,3.4533719115240586,11.012048259160652,3.862004768035712
23.930001077504752,18.190431896729695,89.41489120323659,5.311277631966799,34.1510717447605,25.033166937212215,24.2433685808122,130.63698746483118,4.5854426043707015,41.27942619579694,17.69626549484991
926.1721971628141,170.18099342055166,11.634584093742987,1.1384771768492843,39.0460079743949,737.5559315459025,209.2278873291186,12.187511949074189,0.8130971778188034,50.79684588573675,42.58492235358733
105.91579357896062,550.5226741772535,221.24507173817904,7.890628499283321,2.945328972734444,100.96742380851423,264.6379759440383,219.12722464529162,6.004715303107488,10.994396412024656,2.8498778471171726
50.11922105143495,744.3601634272557,349.6310090746321,8.78747898815347,36.54938296259869,47.65772869444,545.710296554587,440.3238570321316,8.221229572482006,18.69874693381521,4.189690501279096
30.214154736376663,477.76229352847895,131.78269774636522,2.5023734776868016,22.430320981380966,27.6828328904269,534.3012809778345,133.95755339579503,2.5932305072134127,24.469889054051148,7.945529121735641
48.663465189630934,104.14662642897683,179.00902073877674,17.450401402242765,46.20400795605513,55.869704027472565,89.75891048478468,198.67325050773303,14.406339265865912,35.56992439500011,13.784361533465614
28.130836336289946,714.9147766451197,61.698063145168376,17.05901267433271,24.03866332095752,25.01706189909799,737.1921493555673,30.43827756418435,17.464922553874207,27.321585520772693,10.9244456564974
187.55597930746026,54.35101448065373,172.52674761875912,16.769057478646506,16.19723628101392,183.61105452627712,45.399456497125854,186.65826343823,15.375568749821868,13.540855588244614,4.674148809600083
77.07075705380855,952.7136348422091,71.9537606476719,5.196624979563648,26.893569797489658,72.88960627492685,1007.1491034542366,46.472609755333394,4.957512072394334,33.52483474484128,8.518006642300314
854.8452174336174,17.202332144787245,416.4686264186872,14.396207832184864,12.164406260060163,724.9660825021392,26.203432692384073,458.1471983619074,14.001442383581189,16.60182726487597,14.293933263519387
125.44770954801375,577.1411544690145,547.2854269724886,1.2780570758732592,14.712353771160126,110.80089936696135,746.5112359938404,605.6471314229971,1.2892778627257935,14.933474381214852,11.716603676852639
443.2820180710452,15.969082220017071,29.600815870841114,14.679731200392009,3.3934768041692425,437.1754546554266,62.39775717993596,28.71470024865448,10.549650656797331,8.18431650244951,16.783900417042243
66.426304472409,806.5574412411107,23.6874693677365,1.485383046038915,32.32071759957292,56.03602046476897,878.448317714642,17.577670842155385,1.4546543657935256,37.02419955217601,21.083603730984933
49.77109332028493,102.45253898636442,935.1846280000709,3.4514945027978285,44.817149180868135,46.16736504768578,124.97098307890744,738.442220529477,2.84927860698599,46.09354297111552,12.342751784495686
700.1462976551966,37.29250837366094,471.08843870598554,17.974299877841368,33.25873311968198,663.7218079892614,29.260772888182984,749.362461936568,19.02905191274312,24.490837811669643,7.693989464812062
30.8622043065877,790.9507165471305,22.120457750226617,9.616491489312327,41.158169623702754,33.60464934006659,833.467507529064,42.49548038727909,9.45988044440946,40.59267683167683,9.348699014823072
572.2191560930876,30.49964715291034,111.48355898031689,9.410776324264688,2.758499637048619,564.9730727857266,88.85998312981428,129.97840505538016,8.519462281260726,11.761574897436622,8.03048225261695
207.00561294752552,616.7360717532611,137.18642681526566,4.616310546383663,29.123956774979415,191.13884281476896,839.1583053560746,134.25375022283413,5.320259884918174,25.544201415383885,9.516332081479224
180.69977965388182,195.23770331772857,49.072857145162416,2.886007071965333,33.412085576473125,188.73053946670132,241.3021864646952,48.01347367077908,4.3935250839554385,31.86006047708695,12.027786029706618
34.72817338072716,613.0363932681103,71.11184222450596,7.228346693185733,26.120578368087017,35.71920277106755,642.5902876107474,55.86450934481015,7.31944616542798,28.400053975144303,3.1475876204846536
59.38464921473869,82.86918532213804,360.94377129836306,11.675877899333466,26.05402408308242,67.92568479197841,104.29214717752905,429.89900209375804,10.996847322144664,29.355575084889026,16.798982186906763
424.7651709916832,597.9119606665729,219.75269032844432,10.343499653712453,28.0108374915386,371.7217989812953,696.3225805941097,239.05354398476948,7.752977707999824,31.39054444410423,11.659933130625916
111.23118525302752,62.912897520421055,406.731588893108,13.441064914244716,45.587016849235106,121.50375006139699,55.11002252940881,352.9086413073356,15.102141473473978,31.92260842523062,9.19843648856003
117.11668949004657,13.401188404345493,309.3793231981136,19.03065834040904,40.27918805292199,131.42775056907914,15.231530745829849,525.0120051677771,20.13309848998308,38.07871172160195,18.09828138082336
11.870107482764617,153.8424073820849,57.62527954927822,4.692640511056049,45.177413932428294,11.368368477709945,228.6573470852298,69.2642120464924,4.632808022296177,25.41831363511062,4.824757206358484
147.54739753214085,31.26752890525506,34.50874117141044,17.6362558103743,6.200859197207889,153.209535932107,48.376466278713494,34.27141238038642,16.04008982571448,13.61157979511722,3.577157170967126
118.4949833738443,150.27453548507842,160.53621002352315,13.440134680069894,45.5910903876281,122.45980214575135,157.79337730894204,160.85588759537276,11.96817983454991,9.796191583774398,4.876594061155555
949.2997933016134,452.282058694362,63.17796445421148,6.454993929435939,30.97794289802421,1023.1453706523675,492.8861811347212,59.12841811131745,5.933020588277973,34.88231515739939,10.26816533705392
70.05293828928765,26.32565718329039,134.4453438025665,4.058835194810923,22.211707937706965,71.03336565806067,26.598468506329823,133.41538948180428,4.583949500315674,21.484849028738996,4.972860801842568
155.886244958962,200.5229863244101,12.857042725596084,19.760239952834727,10.740230970237732,173.59015969362386,246.54619402708144,12.341627949572366,14.141978551343412,14.573211944272483,12.179769794690205
66.6975038575503,469.6717055973458,20.455932139519273,7.02756107900978,10.7097158231951,72.10217762128111,617.9451672016505,22.96808790101891,7.026190369831988,10.177172319131436,16.207304286329652
363.17850250965,496.7325640250536,125.10528189501295,11.816793907849627,34.61895733343347,357.7248438768887,651.0074284226995,139.09809137747143,13.867595175861108,22.81295729432564,3.1362438322157216
73.8592635449853,24.772571004081886,94.32532048986528,1.3918521064008325,25.2039655416963,77.3950293125769,32.037308047888494,123.02264199496643,1.4096824329420468,32.502441715114436,18.438840421640073
741.9250475204332,141.758303436237,41.89358017223551,17.395939498061562,2.645560919525744,654.7860849753841,83.56821967373494,38.22682411512877,15.293994075787202,9.25591079640951,16.28104332818355
15.567417833039036,61.9855977830923,521.3514978551194,16.307820633708104,20.895369287600438,15.818956388438787,99.68890046745331,607.250126962786,18.67737861152485,20.507958501595986,2.76808505431955
717.1746252917569,11.71453939056685,35.087391028299095,2.283363567561313,15.601764987930471,836.2737769316893,14.461191688884714,42.926423209855514,2.505828145556394,16.462941221297637,31.05793801531645
83.36927629748222,12.354183176535674,125.38445494511117,13.658416370700753,7.256958739071154,84.80532140569807,20.732938916597202,137.04347118164273,12.004972491308035,10.839233625699492,6.571742736217823
857.0073651998966,28.839905471165313,71.05999340723636,10.535586168398726,34.20562124327058,855.2552008316286,22.571681687210567,88.45840184131502,10.30747045969137,25.22024198709411,6.128770441322825
48.61229273021569,62.60940978269892,479.807493039965,7.873984702980733,38.50081244854497,53.60700892145969,76.19701188485882,760.8323658840504,9.221032108261662,42.68608687531219,12.471786377290096
63.60707676081536,257.53821196858496,967.8560214378249,6.577430282104334,40.236173862821666,62.72767064694642,248.33768593909508,963.1148877714247,6.354025487161873,34.234867414633065,2.842930842352001
14.681419161403138,149.20239481726452,307.5555891413872,10.082070164457237,31.46536805365014,15.331347104605632,100.58047051842203,334.30923648776974,9.480427608732871,20.827651067476754,4.965360529638079
72.28720642201596,486.54311884875443,10.58768020315282,15.75396314405323,42.63935899576784,72.7921403322969,623.3786243911999,24.91228746185101,15.140312901036262,32.97925660369317,5.053870740447067
680.7051421805238,124.67016443764888,124.46214812696162,2.29985133767877,25.310292856457245,718.7960776861422,145.86966672845298,143.53795357047161,1.9433319208730206,13.399122942917595,11.400611498648567
21.476062826653546,920.8240339292647,142.2501528159846,11.438558576700496,26.273320705551296,21.55818063981717,452.70377728898154,185.83379298908827,11.273504021888492,23.61653299685248,5.628788966522289
751.5763028393959,10.632764610303397,443.7122287152053,16.1892902001709,22.274008060024947,724.7347404808891,19.32267801989238,410.3374402221076,16.162693574922873,29.459036635708078,13.940968715135288
284.52647266186125,23.32908079546659,149.8591092751145,2.6608741489585936,14.896551505904009,296.8754246874889,25.6813256659881,171.2660076432646,2.58007122343752,11.778791077943653,18.76981464779664
57.685745445279125,396.72679211232264,23.355084800636146,10.490816716143799,28.023371929848242,60.050328512216204,553.6520688166852,24.114020650900937,11.001095167383113,23.74398116111146,9.123854415822635
40.890052970148496,50.57151766433869,959.3079373338513,7.655705591672856,17.842406403237483,45.402372978890746,148.3876437672879,1125.0545700673003,17.346320806493534,21.640094596998594,8.778255702441108
660.3159685966458,66.50619595777317,29.711734574413327,1.738521565661875,49.082125525142736,682.5696892027979,69.69726803086175,36.42760170777405,1.760968819163291,54.490811102581524,9.805939904315938
10.431278719440163,77.51436182934172,60.5204073732257,3.636808561273587,4.753917204681076,9.969910985845999,96.0617197218706,69.56276648477535,4.1072896590566135,12.680031392172,8.936409872409978
122.9695625667606,46.50208222799223,36.41386480193442,17.065549901010865,13.856583991753478,125.25803538352035,66.8106983113966,36.39517388488096,13.583485643594152,20.926540593694202,4.4942840689220835
646.7321157893165,29.90287079730711,221.35881539326792,2.4443913200719005,21.506428670268797,693.4101358183166,39.478897936811784,261.1929275477013,2.3286559255219372,26.270024388782076,13.031706943334031
627.4246368238666,114.27380108331975,125.4556321519583,4.943115141174337,30.180142468908677,655.1085052412769,107.70157083743581,158.14138959207784,4.778312472406535,12.433262785879277,12.870663609856356
31.45444852743382,138.21400916765757,688.8753038156673,12.038742853183084,20.10706024165764,32.72986179291021,113.13533286193152,749.5383215252867,10.338131335603828,17.542031473805096,7.509878478753379
15.138948847226578,278.4317142027637,83.89855104787753,4.0641638016384345,26.050149204961446,13.826217269924497,344.2266073045984,74.86590724200217,4.2742481160594785,27.47262599853876,8.045406550080449
256.36951164185825,15.290639901631852,19.426996799213743,2.422536331092008,27.28606314804557,286.330759536764,20.57130387596293,20.74793673779519,2.3637794423060536,22.71224829628485,20.45564974513871
63.1248485683875,15.260977548368405,60.66134476329341,12.06792632888228,5.310789291730178,70.36876617942059,28.00228391732045,59.99310855947695,9.86440171633884,5.276181668572339,12.670131217811118
13.071411063043916,672.9636179812316,850.3993689578305,8.342273138982573,44.71244037207896,14.62537923855945,172.21362593885675,1114.9111548583833,7.1502926454637805,19.674947121533172,13.84468973619505
74.49928706987372,390.3900757203625,419.35823675810315,14.640422889107294,48.68356399360673,74.1514232897123,251.249461183051,416.62224705042837,13.784358516547721,14.91549407411258,2.7549730375260513
874.9706208014308,44.53200002556737,425.0835767775172,18.788640901316292,8.237544444976892,863.1509797925552,97.54253223671729,383.2189662194498,17.023956455222415,18.912034785400234,4.745573381587982
948.3587111026526,84.32025145173613,22.48993992926325,13.80170739020843,40.75402969316234,880.8333465440795,62.054047430117485,20.95482092813034,12.646830707517168,54.208169695296554,13.663247470023457
176.5346727253811,539.5168378314072,831.5504508123452,15.135597563146236,6.765351435021828,173.915018185708,484.0957099210415,963.7837064664316,13.62523690197827,14.700895157239914,2.254142961757904
508.5262032036461,131.6230978511458,203.8143245741145,19.65404255469181,48.573865180829884,488.4799130030115,122.14403024399158,179.98031650142542,18.065166381946078,16.31410092455769,4.550131318427806
810.9555710722859,14.910327663736469,83.2426178905576,3.1681403497094234,13.031384353569168,872.8766254938231,18.2756937012349,119.93844211718624,2.9321922297050063,16.08501199209594,13.21243623725223
49.318586855028926,120.15597743209439,33.02911614558322,19.714634074471697,22.909007678834172,51.81387752379751,118.18024354289437,34.39961146838874,16.673798309664488,30.79835358903777,9.82548618883075
39.25941334428912,497.69231617356706,958.1247233308508,5.977623034928578,10.856547932038614,41.415603672622765,400.33800789434287,1051.830088169909,5.292662552495518,18.3495091088705,7.496701544358493
30.760574725283462,16.72057020650902,17.627932340599962,15.238306891902152,22.61418700671836,31.070989209712266,19.196760970914692,16.880081264513944,11.924467518167843,23.06317299400367,2.116559815194885
67.60998244896606,259.8824459922299,314.80262735274044,17.722245528377634,2.5564541982083373,67.83978917152744,172.65584012611146,344.00283621748224,15.444795752870055,14.895872268735523,2.064297927114356
550.3972542531843,15.205458454500349,26.671806517637226,11.672653579707966,24.134424560302143,554.5162174139444,16.279925535758018,27.29666787601225,11.676062260377558,18.463209799627503,5.191252825702768
680.9024829558579,158.62461953038385,510.5503482651606,16.211140520418468,9.61408962711552,629.2249216197749,200.55556610261775,485.5818718093689,15.077630870210527,20.37793586559397,10.267224176627916
12.303339755234669,58.12343143864472,10.66456503960533,11.019614190879546,15.317999290268121,13.386118597497408,104.49936688989281,10.44513766945206,12.127205504825513,9.518545159295833,8.056901053210023
27.228930685770635,447.70773688235107,24.18997951734427,6.44414286268562,9.78772732979284,31.064627819019133,397.738536676193,26.941484213292778,6.38676242662216,13.226762014005704,15.117406221515115
113.07438782349323,189.28683569174342,404.9634636729534,5.406996835751866,16.673012300289447,106.3186514699216,232.00629085773738,438.05503689738686,5.602067761890757,24.738531159185403,4.42114376345253
27.13990680420076,50.800486636496544,562.8712624422808,16.54152417314083,5.9665974000528745,27.450928984493682,139.5802459829845,700.714755952046,16.78481961727122,16.460620720078303,3.4289457442147495
251.97009080974314,58.35509624397558,174.65259260437406,4.63824668846694,42.148381984124576,270.91900741371313,74.4720063964204,237.6884975944351,4.604578870110145,48.15580073626246,18.56401490621292
43.42857157568163,791.8653181360255,15.72601378845717,12.301202173603437,24.04603626741243,44.70472412839333,601.8847668096141,32.49649848442337,11.628021412760512,28.06891474692277,4.124782487737432
117.28275735940466,95.68861176055901,120.14407642362397,10.23743095334971,26.857868609741722,116.43757121450662,72.21993665059806,127.89071029078877,8.928465497886698,17.31906278351293,6.742240307560951
132.21264370817704,571.2541036654387,122.30801637315533,6.449950912992204,4.975086656111115,115.23101543453248,420.1786298086253,105.13196160985326,5.967265435396227,7.483547087002961,11.28656770274961
13.97349296830451,110.53533470059571,14.345278609697463,9.899275687494567,44.07080125354696,14.179672985743487,203.91797864401244,15.310657940920276,10.173670452690505,24.39923636691166,5.057879173575928
10.227644901565073,232.60331283374222,329.199323167245,5.400866559666387,9.347378748466893,11.143843171520512,185.11928638883487,361.78830025817217,5.098250865232901,15.6821885202997,10.085328478393226
569.5773850944289,412.41083400490544,361.6472495533601,14.86702548110911,20.119443596165983,547.3618284732158,402.824507011149,376.11538918100325,13.216023767550045,15.689621065159242,3.8696580288304694
10.027828782205777,29.537566070405983,30.43516754412134,17.703692178036793,8.364890383012586,10.514798090497619,28.5087313394079,33.85381721482199,15.863850050295687,17.498552125090264,7.404942651660675
92.28122741324111,13.042835746082236,194.4639724495829,7.991815368210615,37.58843638207211,105.19187566871042,18.525071417179223,317.78881680519885,7.534625060836345,44.73330960426951,20.605196503945436
94.54415894487566,24.056325438579442,49.12667377728222,7.899721574863639,29.83083353476714,99.37513425956804,28.397362672461696,57.20275181578511,7.164802539042183,41.15145788246391,5.762734548696454
243.04981982774197,650.3864326166258,865.1368291044499,12.146267742726618,48.055882357360744,230.15178069871217,487.5004323612188,947.6922448464422,11.892798899659393,28.32190221196088,6.467163141772388
382.04486540311393,868.1001819827276,255.23189877392014,6.327171185128799,23.320662013596127,339.2470570002311,1044.7711073815283,277.3442629384154,6.085955613220814,23.885997988125606,11.127130736690207
132.19599361595863,21.432308899609353,34.753998672805345,16.09306820929471,44.2031618242793,141.24595848255578,17.88596469771589,34.822338055954226,15.865308991750336,24.757641712671084,5.367295584074601
141.35843937858223,145.60092908396297,346.47017546177614,1.1519262432614017,37.86929497276449,131.86051926934098,140.97647561799178,335.5611650458325,11.256167158722853,16.42459634339748,6.78782227276017
102.6062536750808,433.8301521820596,475.03994688504935,7.704901043970462,32.377246773561644,101.83285035401529,414.8967095198791,486.71518432825667,7.4864220237599515,11.08034602110464,2.1095484581200594
24.976616944283286,17.040538228470165,87.9444688119266,15.314939958021268,6.466653698204373,24.35998447055835,30.190356104720212,96.30442436251927,14.494214038727682,13.968388379910726,2.96298868242181
96.20858419061103,38.247959261805434,198.7597738556006,6.016730968269362,39.25994468201208,97.77818320936655,49.38835363995396,244.0993654281246,6.038440420320095,42.952569649709034,14.273090099564733
258.34327737208747,172.01719944258946,10.232221446100842,4.50189003970729,32.50598206270776,282.2606682448319,233.53960030620013,10.454184356639225,2.8465409157825983,33.77333250746185,21.043802543270107
66.185695877938,84.11050947529563,46.3108351644182,13.47318899439031,3.2075648276535382,68.72109042864109,89.60798957046153,45.20158592081466,6.7544769140928205,9.420814022654392,6.786670648316716
20.371818604884236,287.426335753185,193.0280878643452,2.3263158880533816,7.5220551373857205,20.668967887516484,292.8742549847257,207.69406368483013,2.188779615534044,15.372576510757963,8.721621233782258
376.6149647454242,126.08002635241925,265.02879949482417,4.860437645140254,9.439960780386114,349.6993794434776,76.87647596609347,330.3376247247013,5.3367234788641635,5.585012270291416,10.326556940638747
522.4395207527949,151.69605420858338,78.39908745180739,12.992625852326963,20.322117266179465,468.80488938037104,107.81889720223329,79.12119559289842,14.510173031804989,34.66457740473382,8.042899891821378
113.63130213723518,30.268139091775836,93.47030421505171,14.843525672496753,39.033565633206884,122.93582802499789,27.47476899630135,125.35629213889247,16.46504099801319,29.701867720293667,13.789711208960323
194.74411985814064,716.4478437544722,338.0566004019859,3.2493352035053285,38.73774485293575,169.05722214647346,779.6279631771524,360.6816180091989,3.3975266591030815,36.24874568767832,8.925615402248214
42.27033813285988,211.93825158387446,19.027836988784955,10.973086593188444,7.573282915502824,41.63682479704305,188.42059064521493,19.308154971878157,9.252733894551167,10.844790394253693,8.225523493662026
74.09890029207642,30.49461018299407,28.71494103934617,17.915994400809915,29.294687788968645,73.87682157012445,41.710706874986435,29.756230556929143,16.063389431448535,10.543626905717279,2.7982470815257163
19.400699646652942,572.9774883022982,15.566481718408394,3.916984919037664,27.624320637150102,17.578678879787333,687.9936179227548,14.757522747923536,3.7051684404732215,32.649053241740916,15.787499002630554
104.66738495094202,33.19117897584633,45.785816347506156,19.59692959116288,20.821301984705933,102.71000846774386,38.20500038857025,46.29255115522357,18.65544517576303,14.207939038836496,2.58470441636612
159.9635010371699,720.5830228000092,91.6190041503844,18.33590697570649,10.826889522316048,158.23805831266026,365.1630681999784,87.92686485971865,15.61147836326098,30.470638923596784,5.191289801965825
309.5441735987911,17.765494147105088,124.62471732327273,13.066500291698505,10.861037348629923,293.6523772156519,33.84031419814245,150.10209678866644,11.97285277075892,18.391230329844035,10.430889890363478
54.30113201875114,824.6656227548895,763.7151869828142,14.108034095171273,27.211262707117786,56.55267571129352,340.0808329485728,927.044172070932,11.879927594270791,14.03272356995979,7.632874118015335
72.76819343440457,52.99483665839119,97.98950444560526,13.727616363463842,32.76270635166334,77.2839332457689,41.245252743356446,108.45778620103425,16.343201671574153,18.127497879886626,6.442712217547869
91.55076448940198,102.97857298910611,28.197713453178018,18.592501022273932,45.89218842401007,89.25606166527027,95.22898634018279,33.03312446188088,16.796315646114603,47.36513953412716,3.608148220140482
186.9198708835371,35.37557542529971,81.58335157556354,12.511652646671092,13.586883371002493,167.3490796246608,45.674874541139154,82.35756031552278,9.833276432418806,8.996159383821297,11.503123933096617
49.62667529240026,69.80420589159243,93.61219662586839,9.354935087051317,9.063825651954613,50.443456861665545,84.96770715929044,90.64029112223727,11.890875347842696,10.736482336873827,2.5644961451641173
43.908680131724,340.74008901771515,535.779014276447,5.820959669432792,23.426015466059695,45.171453510838695,309.44628236443043,563.5558701677949,5.84693510551011,19.336482953922022,2.4831014420402786
30.25361866633395,206.40676069948702,40.528184910520096,13.004154421082951,21.389664359214475,29.42171366538438,244.65738030169618,44.59848485516437,12.52858810908853,21.462870622054965,7.055109935898382
24.910217658616183,531.2123145639424,240.0359140676791,8.727625316849178,32.21925444956982,24.35631068675469,334.86439950140254,306.1970370444335,7.811035022214975,14.507126119936645,2.3644143381610707
165.7008215324056,18.14183636745496,424.8926740635745,8.080154785434408,31.42745541474743,175.79660328160932,22.07598718104068,543.6626974379783,7.640880360365365,33.76951207942158,9.201133023121503
440.0799484259224,217.4846992892576,728.4098349854777,13.944441125482562,4.917215623784619,442.07070493977216,235.8327791569319,786.9107718957738,14.920627612987829,11.105533371034053,5.422779480880413
73.31387727985953,70.89572576887943,543.3074153979779,2.245580789180755,37.31508522714001,77.57597024912265,63.22275017740576,531.8836301724883,13.614249527135069,19.533359536795654,7.93372763718139
54.278623620618895,61.23634009935407,153.2749106107345,10.137438077000189,10.2820333329294,55.813822472483984,104.48225844563328,150.26314122799337,17.29415336607652,10.913638924516572,3.6362083170916555
12.593344676995711,787.598625325521,665.731047730002,13.894619701803801,29.618264701756594,13.42896122397873,225.13181535721824,734.756126014733,12.6769845614526,15.527597205119584,9.111231056094674
32.27142903999193,61.05358979721537,52.60502785938643,7.683720966635743,26.913026320461856,35.423833573232315,93.45641007104001,58.53565521973902,9.193556533208687,6.642482841628344,9.434570235567554
39.14905442287515,24.023932855042922,42.447620097737484,15.96280348739738,16.30272495088059,40.506713772600634,28.610818722436694,44.07587242917049,10.706489671831086,36.25643087161157,3.297493705015473
14.204076203031521,23.56799219780691,71.1608667201083,16.53865865712424,34.2281540801738,15.032353642390444,22.909507290345463,69.37098872878009,15.82285886761224,39.03338671139529,5.299515034061465
56.82036440288048,13.107986889579417,992.5963130020124,16.92700914933863,12.631505038330356,60.62091141538047,28.84190351570314,1044.4790282836852,14.175696647813496,21.474940776340254,15.314979372108597
80.46585547671339,117.51034152116469,39.29624396700401,16.272487343889708,24.678119558625244,78.52002312020421,165.33478531784922,40.71224812318292,14.556685671055517,21.94238522143515,8.070973916793362
481.7670169833494,115.1328786506862,378.14811338928905,18.60075890358035,3.1214043011424426,473.176405901782,318.6682534356297,390.9136057572143,14.504493647807715,13.561085336894505,3.632226354136652
413.53267021048873,27.631863198835017,780.6756108721652,13.359263609959859,40.31730269101889,375.9185592166867,23.666624842889274,534.8689451682365,13.020416745089582,24.53724031569928,14.505302389546285
909.5727602139798,42.84731778587844,11.745961024554246,3.7136296735319894,7.727456451736198,987.5945742279808,39.95066111146211,17.208470467438904,2.9221804788478853,10.140881598341585,33.04706394930021
29.142938428415817,720.8288003195479,410.6476427259348,18.57389141094956,44.109122842204464,30.11554924840563,221.11392126438082,597.3090796709752,16.50626692701183,12.364138217463017,5.808283845456412
24.45725879115902,239.67625100309894,79.16528080445717,19.689357918171343,13.83345903559726,24.368779012059104,157.21001770504532,87.61902994880177,16.93420591608656,16.544834402841776,3.648543688106924
70.1523312221676,82.12787843893686,291.0369488699895,13.456100694583283,36.383747148883984,75.11893718208701,82.78228814303252,313.62985639326064,12.07114995979909,35.00160962472949,6.889584631940432
64.16456435042682,344.5715658585812,292.5415211715002,1.2336643916065406,28.534094987784254,67.56942029509993,360.9213027056993,277.3198463524337,1.1249975523777949,21.62770121866419,7.764539597365432
35.67916868790577,849.2543347733339,33.82168268654621,9.169183948100908,22.760748475633573,34.99461163710693,731.0735020044335,30.085255277008518,8.74304312908516,29.325482836367968,3.948897264666419
109.47702396607798,69.23084935132533,811.1934310637254,17.88562856666729,44.59469552861288,119.22391850306853,72.84856450296108,564.615972774197,18.386365214087323,32.35085175855338,12.426593912710699
687.4902123656121,589.0973009818008,140.62843067929123,13.81172160386729,45.51527328413177,677.7745011805688,517.3264250462965,166.0888153306469,12.95771478968046,43.01573946103579,5.93312242593621
185.65978405225002,98.31155581801397,822.0499046140765,2.58070591184886,39.946300184847736,202.88755076941115,112.13114562215497,955.3842341738252,2.9198413189174945,40.70833936444041,13.210667265321291
24.462762304843157,844.0830470730929,23.21611621147587,8.222552236783915,40.3325762154866,26.167652943197137,1057.706184478679,34.07874669932868,8.492511505753068,43.25347126475252,9.570971513843848
11.849673758980268,202.56933954289963,158.33316378093934,10.570350180697954,23.689418986165556,13.953617821626127,112.1535595065016,175.2881168769251,9.487736409248377,15.654374983182946,16.34163282919182
20.52655979906985,13.393694164616782,287.5473786796187,14.378083600813694,24.153186229318916,20.768988934630066,18.77454814149208,476.63720562993814,12.073311700909459,29.679208521693567,12.088221288549331
324.2963118481277,103.28311728263714,72.36937117541083,19.92150845000119,34.034436078116514,316.02047329190304,172.08978414361408,81.57591477947652,17.44873933199551,18.119930225556267,5.972592752104291
37.45182712666159,54.7262702155772,68.25375169809784,14.740513264970566,15.44940238265174,40.149201996263265,50.4005168832302,71.72615916687147,16.040258039586085,15.376846888930213,5.64575652249592
198.231681024673,10.023237772459005,120.14955569930548,5.679009494424282,38.552256800726155,194.2156789348165,11.552267755240353,185.70881347362527,5.472316616471578,41.353599860216505,8.595218038523711
32.06273204972089,139.43633056519022,11.31886255309584,16.747304624989795,25.72175036842979,30.47942737778937,231.6008311505909,13.33727088062382,16.668872940570875,17.999611008526742,9.30313556726447
12.574117983635993,45.2649287980311,549.1783771977942,18.42217513137391,25.539124028462417,13.41004805742695,42.000475315004,623.8796209990192,17.198188627899555,23.940016960967792,7.368848497013871
21.7388979422425,21.007989217790296,40.18856681137011,3.753368980308457,46.2522233971659,22.82942089396361,24.12807362564034,42.26627960023864,11.778417660361638,39.2267944348478,8.025824316063657
43.66324225428106,976.0124219575405,21.799545606991124,13.823596349372611,3.5072183466435582,42.53177209169878,287.41145454318246,23.09328840158457,12.185478972659492,13.424931842271265,5.526297232446707
230.58850956195673,378.27533621156374,78.47274183548241,4.853694488209911,18.396409719402737,222.64987703223738,493.51474669610604,75.44252369567455,4.452043488172182,17.74869048919868,10.387857969065161
840.2701582300529,195.9973078509413,169.3267147625677,7.293926791640555,37.19396719760369,830.8156272617911,210.693597655934,185.23669342313536,6.552467351356354,25.420366342561767,4.742341767444238
140.78170808547006,93.50135056640224,316.4130238705101,2.84471265796871,22.554180199274484,141.66480807270514,87.83517618165598,334.74944302648163,2.842352764008228,24.38432428367671,5.044555458745145
792.7669590191258,84.3516560746561,182.16753845404443,1.4419483623135874,15.378088666704318,816.2926273533469,83.97529336754314,173.8282805099046,1.5018815220880346,9.310864370906234,8.796087172952442
56.748785598765636,132.06804844335065,30.763292310273314,17.62280907110066,48.0961534021158,58.25111048626204,196.22433949415569,35.917055748567,18.16846213424022,30.732994316758962,5.242994638296474
16.99699343343637,134.1914380342907,276.7458450851435,2.118122209316204,30.69708959389776,14.866021175335678,153.7155226563718,328.23534807911744,2.0775428961798945,38.313462572158514,7.050120722401266
364.60174732398576,23.51935874980175,95.53036857912747,17.988560428344343,36.885510158776874,341.94609735235883,20.871125779175205,97.73216960299736,18.550700980265134,27.175660566003113,6.537686718952237
45.620322836464844,413.12718330189887,853.107345479374,19.39135661648156,37.80430879133599,49.3176183000545,179.06939622136773,843.515514550749,17.871756127525163,17.761012236557296,7.623296677514084
10.04816213520768,11.124114551850772,19.590159952829314,2.935398050672541,25.507008499135733,10.004825003876485,15.256228044075597,22.722524866049014,11.596667026402303,28.833385700763927,6.33798113420206
554.6280451536028,17.499157851413525,13.260644875517151,1.520858572978553,16.560636441174374,658.1755590130091,24.705295799497122,16.786977883501088,1.3987241527349124,29.441009099987866,32.685412057367756
131.41770169922572,651.6740431223097,15.906983656319419,15.360150941201681,49.34215312175242,130.54541865097116,801.557785025992,34.8298903491873,14.948710959223959,38.12471321569593,3.652774637130448
148.9936205282109,134.98034279721904,37.237217725951595,7.621922454474474,44.788735418077835,150.95802165332623,118.87948924592129,31.441504853418866,12.462761946859672,48.6152525596274,2.648385413549904
258.02932213178286,43.72812958445503,729.1112314735109,17.501647181579475,23.65942648549484,258.8800419923867,45.031347833594026,741.4617580595911,16.623727847445906,21.50021870630133,4.4315833036984165
11.000633177506124,346.7889891152808,26.05491428104514,6.704871646848436,12.58125330698014,11.113230448078353,293.37821458539423,23.17227533698226,6.604596170384687,18.957449379248178,6.123229739935605
29.167070305395946,18.574342982534645,215.69137060052597,9.32537187521668,49.03322569605675,29.016637171748886,21.6078203137779,240.34789386375473,10.08990782586004,45.757520833158424,10.567071099026046
109.63623734326845,939.4201827915837,11.487328943998207,7.663412607873069,6.664103350481409,109.00031134898649,697.028568434163,12.401557819513204,6.7529913266284405,11.505702306983586,17.700562369871786
10.412756910283596,333.840491942606,52.55173709381869,6.490315186400853,36.18799396332796,11.376816983494969,406.41153741443196,45.36018426051516,7.204192157855322,27.365373192289553,4.950175453824481
169.852587848998,81.11542544323842,978.4476924108552,17.39829718201132,27.24717833151474,163.75997396048905,65.11144262714303,1013.4488374339917,16.14532092193209,18.412864629785453,6.213888871592884
123.3905068070048,16.26038877335289,117.17579384883341,17.256503751341956,37.97492619788431,143.36413283429147,19.907524930002342,145.3378842399753,17.49416394009887,36.40338922709025,19.864502464951983
17.440799119918545,239.01853302544586,27.187065438251413,14.747932236421004,24.02593648647172,18.59509753434206,297.6342492097936,28.510335403162017,14.20723749715629,19.48076340679356,7.548507393837682
212.7900962051077,84.3737581862658,208.55928083370839,19.86505890316751,16.096623446087033,201.47938213127003,131.8284730090434,266.7486726586669,16.57811172759279,37.530509770004336,6.200999434416389
32.965695903894385,74.6469008717396,67.4405154730225,8.597233527266532,22.924817613198037,34.36305670646925,67.6945266928961,73.81550962656877,7.899007471775629,10.6221026169948,5.210966246211162
73.91205867500123,46.813916552899656,142.21842562741608,8.118216145980075,49.41737404036994,74.13728546918738,51.07634054784427,148.82227625185683,8.357544668069291,46.21315134070236,6.871835748612167
33.40017477133658,204.54477384086337,73.2251450024416,14.987494938882813,28.68172510473182,32.69440579063492,291.5598366033801,68.58687350510056,15.130137190791714,21.567912350894932,2.530548025738525
67.35161973305115,21.572957047090274,204.8523173311226,10.295333697530788,9.029693479439617,76.15313970049758,25.79377861233321,218.7936173879907,8.68105834126425,10.720196414296012,9.832131897091845
620.0069119407484,51.203131624687906,34.8446676532833,3.721257392803231,28.517378765821835,611.6421275761361,59.92843008061767,38.987331399546605,3.3974041577232468,35.030766943570896,12.165628656423833
693.2705776757962,28.230172716156208,147.0295259703383,15.547500956798721,43.869496015783,670.6793481604825,23.62275549802882,155.48137139624566,15.516554544001643,29.533266510650975,7.379615330862886
33.70163537337446,18.437824753772578,423.48513086255036,11.29092656967601,23.9007791803862,35.790252689806636,21.25928367018933,717.2346858883486,12.52395678840828,21.64400504333574,14.693804268563607
115.55576999480823,958.0516615289489,950.481669505961,6.773611558583687,20.234039705018137,105.95314286771064,793.6138552136671,975.4023650385132,5.895825090581591,11.062481206419367,4.531134645063214
124.89000519353772,31.711570355779305,80.45323103398394,2.667017878570074,36.62096700434652,137.51940471212558,32.12346094522885,92.38249595969674,2.59912937163903,37.85262260063898,6.2243988913351025
366.97434898784064,481.96779845094244,238.17387762731664,12.24757592692651,6.437269533034336,366.7137147080872,380.11923090540773,223.0312369863376,12.810827961081861,11.206753684553018,2.0958162728516108
65.31541603754177,11.573691539794979,10.083933927932302,9.065446878823982,41.17515871220457,72.48602176482854,18.092616849090664,10.925690621930224,7.883444620063346,13.71583988645664,9.445321457646445
26.85893721811895,433.8172956877439,86.82928797020875,2.857935432418521,13.139020180006709,24.26833471328532,525.2553537071883,87.33294859861692,2.7772661339221916,12.321263138591968,6.256693047319901
326.35870817614335,143.27708446919422,269.66002144242907,13.102558747229983,26.17755771714492,318.47305596384996,90.96464736636798,272.31240672247185,14.033118859548251,15.860449834450945,4.966578461379453
18.586807425485087,266.0596941069435,174.8930182447881,9.164190153329788,19.86344248531205,19.271924552856238,163.22212247544815,198.15319820469153,7.61379110708096,11.07655764057739,8.262769932494725
47.65206483432117,186.93373507757232,32.8742835838435,1.529402035428743,34.37806075579062,41.67777934955802,225.98709333100138,35.56390657071978,1.5446405498373168,37.45511132335665,18.905763045538475
169.7782888592514,680.8042582001381,10.017190659608122,4.058107748090033,25.712958922252234,177.7500598611751,862.4782304328198,8.05120993311259,3.361456558607894,28.185472090195233,26.440362980728032
27.36696976081193,18.670627681037768,20.65000321740054,14.284510547602535,43.761941977878074,27.017730727983718,21.080994869292045,19.811489909870044,13.231293846652509,16.818176459932825,2.402247771389894
991.3306722541543,20.884618826276736,24.014772327852462,14.200945122741027,38.45583799063478,901.0874816657746,51.40803148308351,22.245331851364245,12.41696648504266,8.18390878736804,14.449639713610447
19.749983861550586,745.1692528546021,75.12908064315799,8.283076632770786,37.02491401651413,20.797345437027538,624.5105058981878,122.03210511457074,8.276919373685056,29.843089319462386,4.076715063437374
103.06706364666883,12.411692534821,674.4990827470509,18.38013202277682,48.89574975708346,107.45506475918552,14.248055555572705,424.6252680859625,20.517000587808738,37.16112667041711,20.851204717578668
13.055941531558956,21.37413003124978,883.2299884216161,12.84818028073609,41.89208953157147,15.094311807654098,24.12737572430538,743.203909065817,13.910386745266353,35.573016006386304,16.430315266841674
22.33915700241203,13.36014264167375,119.7548190867538,15.40683324628398,33.62255545704213,21.308107418058533,16.874441756530214,218.41388641299108,16.49818353300747,32.603165084648346,13.443598598123401
87.30321858132251,20.73403726996654,114.88075159151377,1.8710551998131693,21.877071966685115,93.7583666161821,23.044692937339157,141.64196308696003,2.021666509422952,28.15271456770589,9.548226478238169
958.7888970797127,549.8093846697533,95.50748400610564,11.754602531699096,33.51996107432277,914.5910242041699,560.1553511851861,80.27040193465125,13.803231368571247,38.08211020685568,7.291072164323258
26.699320646210126,175.4474486708712,261.665008745712,16.911082857019515,45.19337430062318,26.705478489385158,112.33086412042624,278.42759374860253,14.76096052255576,26.948268537361944,3.0659194790005344
108.09719007433465,97.35303073515983,94.72732375126921,16.968769969594945,12.299927818248046,111.35302772034734,125.60548347527516,93.55004463130233,12.130533533008306,8.917673245307398,3.700404844048176
687.6966081943839,262.20140927500506,730.4632728346496,5.587244912094974,40.540729747378386,691.9951530536961,263.2737378388154,747.8715537114341,5.487497770618013,34.42706150048269,3.649029541081308
97.17626693130175,62.98969557392628,89.13011237732105,8.301721522253779,5.509044318079227,96.3190988959506,59.773264361798574,91.39338342379186,5.831070313724603,7.248847271688915,4.573211390955946
132.1347580566945,92.31769408608942,29.65114336683812,15.201739171485064,15.9129803021565,134.0788144431664,106.58006729941012,29.824918783128346,16.37941970230812,17.86647070503034,8.125443075084103
247.77104709078372,517.2614586805884,188.0941744285702,5.394406711878824,32.967495291063514,243.0274171083205,694.9142789455386,192.54790974009867,5.4501970318408945,35.936430904183645,16.345936965789974
12.813865044207661,206.3720835586998,312.29976441986986,10.697843713717019,12.938064333137849,13.479048167724374,163.8465137577643,398.2222091378936,10.957507646408134,18.639978619341562,4.709574942356095
225.32585236511346,49.39543998057084,23.351515235830608,5.5165871921890295,6.430998158474812,232.4662205098695,51.0007607981997,26.3954291416151,5.171257788306185,11.272631311193994,12.49845369085319
581.3877266450188,15.90410146651659,110.3456740020983,9.355751981781108,40.004359446412934,612.6767784746196,12.605642243209735,136.6947966543884,8.813639860384697,30.83044710560319,7.638509723482653
17.16944214376349,21.613699578955025,19.66599934764612,19.469771197713747,44.34401895921522,17.73647321371402,24.49361123590656,18.995313743782535,12.51287747271662,11.453868880879813,4.801834095226927
593.0072185594114,24.986125369455504,130.25773664882803,19.707614452291992,24.607676906305613,535.4684050787736,26.37338137424731,131.73919153582963,19.11228377790511,21.273644293225356,10.123729350211727
739.7700976300303,313.1814775226762,594.7148805296409,6.244282686690891,32.91537996063034,664.0020579002722,234.1461634069289,553.426357364963,6.354878131932823,18.383783204029097,10.49229899848475
136.51509940089414,24.48147078906006,784.2614345013011,3.581433905319396,14.14436837355187,140.9296025936787,28.654833909661754,811.8606880734826,3.519558469482609,13.502857119208318,14.704177033507998
11.93018250030854,49.2578567273295,861.1997899553219,11.234759312033137,38.938106989408844,13.391788671790348,58.7197425962467,561.0216110245885,10.71240165027886,30.85550432001209,16.52960608499755
16.60265526448833,107.7750147160564,99.76836794158277,3.1934139303875435,35.542138689736234,15.472803242426986,139.3534314311178,107.24959010887277,3.2272239947805503,11.841073927871632,4.775197816159157
916.8808288171082,45.14652225583002,185.62663802108497,1.911025286502375,29.302528768933694,1027.4225685404774,62.27571394778808,225.72069226122508,1.8073540462960738,33.79331487740759,22.53143472248339
74.37623926485425,215.79556316577452,222.515955841884,8.52812107128692,23.537149964716107,68.95474770899686,202.76755191306447,238.32710650313587,8.377487862899098,15.90848121975074,5.665803318079301
694.0616652853646,271.03584436056275,359.1485335739339,9.70989780233758,10.325570964213407,682.4450094596195,214.87801630061577,409.80247633189765,8.516397352083235,8.861403043339035,7.405538819198118
24.415101336000777,800.612322542829,18.89748821761073,7.306663341247166,27.293233376487684,24.48185133865678,836.7118301825798,24.60387409675829,7.817183754154742,33.428865773453545,7.414379786698934
27.770500138321946,76.02712143959809,31.757011203938394,4.6002068813822605,41.15326263138478,29.468265429480013,104.58727344441101,34.38206699480672,5.345408630382123,31.20310557115771,10.597635910009055
11.220967911703696,12.922336675160379,144.33333880513615,1.965089690895052,2.3013064456792485,11.621667143700304,148.6100093170715,162.42107358855273,4.179110358972098,12.167537772971693,3.693782085195938
115.85289410841612,47.68633091315485,22.06812242966438,18.488205106333666,23.573088682682467,117.82195403847471,70.53860139127617,23.473503672782524,16.881956566098903,22.947857755513656,8.469229480677685
328.3302290426956,267.47333361980674,10.764907881744753,10.423510228201158,20.19896142347393,326.4501702570034,273.61107150604823,10.628182803873967,15.056279447367704,17.64388146996261,10.27734678531703
39.88754123068706,271.9446062925742,10.570996335952398,14.15571075741918,4.829604278789603,37.215333283351875,197.2962653146892,12.327601508038871,13.98370513377265,6.113426836339711,7.162882147055163
248.8669582476919,397.05589100611303,11.083617561424328,13.221793789060891,17.256297504257784,258.92360392297905,564.3438793947497,11.181179081072937,12.628823331202016,13.72264046130235,7.364465620381566
15.099065961486605,245.14590254979584,19.369936479329716,6.458700527822427,17.492473892753086,16.13383478348335,390.8882044574606,21.151760616190483,7.731260629242109,11.795379636503725,6.31486272978137
523.747866462913,57.069102942822504,505.17792590684496,5.592292361641487,31.69570937294325,613.4581549757966,67.90909986286754,609.4590604132709,5.38526784370332,33.336609389761065,15.194497394297235
17.53924742401295,172.9697078644593,36.60914837951003,10.879221703092746,38.863369419739655,18.293917975166373,239.94185831446114,40.51101900455933,10.903527890094004,23.02669600684028,4.620719149232691
67.4407199619829,293.6101375774217,127.68190348607506,3.6330679934550956,35.81548158404538,59.568854106913435,383.03316112272216,129.51777567936378,3.4774760543357592,30.44760979785505,8.444943117312866
199.64626904967838,794.0464602143811,14.168338535403263,7.826288573928556,2.418305471683217,215.9438777968055,331.15749680192044,14.3187848653618,3.334215347943855,8.146841243188241,13.801435301734417
15.74984112176559,47.56574133758404,349.6955625846865,10.730293199202887,40.66452218180962,17.00547108281865,50.3119132720998,536.7049951805556,9.58526634496412,34.7500610684325,15.39892960703129
646.4639252443279,377.0066851745493,632.8591383726839,16.8341370292243,48.75177774016756,605.5970327570083,366.0151221989606,507.5457662318791,15.801926290747398,19.310262319877552,4.512384441061703
28.9814288695152,860.6971017847649,20.310155808913812,11.72670371590591,3.101795722554698,28.429898539534715,261.49055225093895,21.754336387662576,11.225765434886913,11.632424907674553,6.135214953749106
103.42266780557448,14.420005609723566,96.73424116447435,6.620571084510222,27.06208417458302,110.54003585826354,20.733393878921564,137.92010728949103,5.9141913263333326,42.140057168231905,9.046366119858366
225.67578461600507,785.8219478551598,34.352178972568694,6.42994084589733,33.09847451734168,209.30846177624545,984.1071985343409,31.712208555336034,7.148867714068952,30.281222374768014,10.954320720310605
138.96649301046293,31.11500469733538,67.91729911592512,12.59736928170586,42.7815721883346,135.13957020508556,23.387018211599734,71.16300180126397,13.383336260112209,20.218419581077715,7.463772485363486
56.31587702879973,736.0126972338508,225.1721106565952,5.641508132848648,45.58861975363691,61.72282336114809,909.9350521128674,227.64419207624397,5.495076248559562,43.13552859369781,13.267272807591482
98.14477566150815,395.2142432516612,616.9297250804328,11.414840210342588,12.301277603150885,91.92945097244532,344.12721739029956,633.262454280356,10.732868198773987,13.878826993534005,4.559847566697748
79.5701382621565,137.14236508605094,451.4705507005277,7.816003856205697,4.940383139039195,77.61033949800213,360.2684373411823,466.15493030783875,9.242130739458839,11.516772668898053,2.5587574297356435
364.34064117778075,20.71388397554883,113.8257345362967,1.792297120871178,9.12896562661963,429.47034231561486,23.55776460530835,135.09926363906743,1.8599973381472747,11.012857109220654,14.918312201700143
19.204898903358472,150.75759607254008,41.377013186976036,10.58035851649225,14.853224877707701,18.218373548344726,187.80165419018513,40.21785318826205,10.738257236826387,17.12632035646257,5.8390251940581654
50.25609405231555,410.0904769265931,724.9343926942109,14.84462364305192,42.86838370702072,54.06919446348098,207.09364784454098,652.3513682570826,13.096702214511897,16.072382457678895,8.366797060760293
18.308263089893597,17.847375672173275,10.544589363945946,12.214547028649733,35.73501715284321,18.366108952110533,26.041874316775353,11.88432497866438,12.787036655881668,19.271764836889826,8.495235421494968
30.79002216430969,668.8730078740977,704.2859084557728,17.023134829477605,48.95381267669896,31.129465059959706,264.44335520045763,746.1604908928924,15.006290760148172,15.411973993447731,3.923139394645539
595.7595225945192,363.97480922129813,799.9968870212908,17.64060260216728,24.480927811786856,569.4754991180517,284.910541699942,811.7050258040769,16.8291673940125,22.59768022382954,7.586562480230399
208.61494265858605,721.9011500591629,88.88427219809213,9.637738657214667,46.98748593507582,176.09960967446435,848.3088328154305,105.2439807789764,10.036817558844474,37.61510784899411,12.124170651479266
531.0858287901557,234.87501386201464,62.363617298944035,13.99272138190422,21.583765426497187,493.4594366942929,219.23730751282204,60.76126969406421,13.925487101611937,31.25226455814269,9.368411082483039
191.8605452591421,90.246873901646,134.7137214201853,1.4819473938496528,9.402717472544024,184.2390650323345,71.9230099923656,130.22654372392697,1.4331094400641764,8.318591650038197,11.297460508719185
44.959778777185576,801.5927902381679,22.22922020919678,5.355081441353775,9.60922608033544,46.6139517340982,661.3932246276029,21.627168056801096,5.452390857724111,14.524498241145977,12.5350384685554
518.8020580055239,217.07123043004754,79.82134801437137,15.6347945156955,12.188561551892107,505.2154312400476,155.52887882997015,84.2823332358262,16.746055607804742,21.58757894332223,6.026547170815159
433.79739733539793,11.66386506018847,173.35116257094415,8.600265944033014,41.40067105602636,437.64292694626124,10.91534248175164,197.91824310117408,8.297638825606498,31.408315905400947,10.694627484045318
606.1713445749848,20.27649792974309,12.725445637188292,4.8808417570601454,13.36906838972722,651.4410020158685,31.713935335130643,17.30399738259773,3.97610528677594,13.369033872894109,24.740484695865742
22.959003996070184,45.16251179415544,11.448475314382785,2.4270560306718987,19.093515311223072,24.77363318223901,53.7961288699917,10.259566245723857,2.331350909578285,16.423030194147454,11.554919485927918
15.652673915814642,988.2249655208469,10.211761984848176,17.005708035809683,28.797953856614036,14.417146956839918,291.45398528405644,148.69209697065844,16.000268344832545,15.67622047939047,9.111086792866748
312.0950668623054,48.158872160571555,132.90977480780236,10.899627341703148,37.904102962478866,332.39960946555016,54.42587854724693,149.95279459879632,11.015013148736996,33.0069241681689,12.168341033592869
608.4328587911003,23.022381890281054,581.4369930501605,12.860811775875433,11.634404329648584,533.9021179583838,33.73065099279733,657.8187473074065,12.573089133808478,15.113912806133488,11.574464139373307
10.161640992685674,26.64300363805063,22.929170695997872,15.844785828317178,30.707842837367377,10.33851175486821,29.315365305176375,25.825271416263718,15.835017725994962,14.316079614512587,4.13397672502979
10.81428702591833,37.687344232418326,180.23357217272078,14.371026070118157,16.698195744712972,11.265791202148733,79.03674577220644,217.60282874712067,15.057367703191948,21.54525473877691,9.080349853967078
210.08590318342468,45.71617159370597,98.35882752152044,8.408073181144477,45.36760941817473,221.08862091367163,54.11843548319265,112.13062208064582,7.883808421401588,41.80636206514227,12.131216430967923
788.5410946677968,192.17617896343194,92.39203411029091,10.779709096823112,24.00760658199624,683.900842787181,155.49722895084884,97.70415075805504,10.579203917624593,34.85979961638772,12.514052161561235
12.931099240611953,85.71191672352315,829.9063884854824,18.17687432613426,37.634966706132005,14.100688039388716,70.48889871023009,737.2624393028934,16.884375727500878,24.738400262418068,11.960440908411046
11.457881715303715,112.8847032605019,10.859104168125274,18.149202225784553,20.221822040299777,10.614298614986152,171.59465419473258,12.252590507911938,17.92980805174121,22.739306626398694,14.364052483097145
111.81548755165495,36.81312882938102,873.4757268487876,4.677814646898807,9.362162791789803,103.95983373993673,35.78247144929367,867.6297135054155,4.069669928417788,8.713510812808087,6.422805439340153
11.652531681374207,205.83815570417318,23.817097004625673,15.057300798590253,45.62344673277225,12.316158417562153,267.01472673786014,41.08501014520888,14.948978361185361,20.775364654177046,5.00712417227068
11.016715148586602,676.4684275935227,388.93289148703155,3.5623035655698665,7.859821097252269,9.912933653592885,321.24884273253616,431.29745153070803,3.2730832644064636,13.494897022700012,7.120683417250075
59.681484482364105,205.33081459223362,676.1380382259792,4.001322623636046,16.932933975150465,57.202443920192756,228.7979284423544,750.6502292030189,3.8623562411079226,18.65719972156024,5.016739560932919
659.228945542793,686.7618074669042,247.60819166922244,19.59054315168282,17.785774860195975,635.6873430979251,637.4301518688845,253.4021943570663,12.830179227198014,25.206254945042836,3.8304681410128003
45.02366695701916,16.503177280832062,285.14414877556874,12.280644833802915,14.584922982714597,46.76584090114695,30.44990815224641,590.6855543261189,9.017690084446437,28.596067768239365,10.153882480795216
925.0239077098507,168.076192268701,19.11426349736136,1.868446610086972,49.666757502355885,801.8481648627594,185.42741500071227,27.43493621512059,1.5415305477327095,56.40464641016793,24.884963821067846
137.271471539824,422.3765887434208,581.8055853628573,14.74837664202323,12.62255438442275,136.06524452892157,325.73056610603396,643.0201849493584,13.908228733150777,18.9314743015368,3.5074589923088832
66.38541322276502,12.54186841025106,716.7958079415638,14.175434178421622,29.002622158750768,77.9245533486096,18.07761564955517,793.3070078826819,12.84037399732204,31.4088720013791,22.162904544401858
439.2753064592363,44.185824376962245,33.084457007382035,1.831595839249523,36.95952052515729,441.6260818735104,47.30186836303009,41.834938466602026,2.0104721076530048,32.56531473990568,13.433192308013636
333.9820431668457,50.48493575951875,758.1652914157868,2.410260097907672,8.188580058718642,339.0152347917311,61.11582471478269,940.9647627716112,2.3348806510715856,11.727136894045454,5.594018675359277
184.56686757286926,11.780402711169614,129.2539020083839,4.5018429461176,6.046458724133228,196.86848022303766,24.589034409042362,162.1073273779998,4.0866857384954995,11.715765356208427,12.965877366731956
56.95345599446577,33.60061364686928,977.4907976161929,11.082879558729426,43.432762035701025,60.65029290564096,37.62799051245143,714.0133798573668,11.92073582133687,35.078058556993206,13.953140440357323
57.98430608250251,22.772157378265835,11.713985316243692,8.579046099461998,41.59116674181045,66.23637995564239,25.842482146876524,12.961398197373516,7.8321122162648695,44.80086715934681,13.204812426581203
175.3232164172038,402.95662967584934,22.51474625175459,2.6588902416939653,18.187444790678708,164.21992468773635,525.2032019647586,21.268378644528685,2.6127461171503135,17.642347637452975,15.2934649042233
10.733810446352036,165.9090748445377,162.55801775061568,18.078281799022694,11.817238917790148,10.903835839511514,102.57376779989687,163.59113835477822,15.089160402604483,15.99788574940167,8.049727520747288
26.25770492406354,247.5714594388376,72.50062806360576,4.743162983397712,13.522136717649971,26.34536111848951,373.5252946699863,78.31320835358328,5.110554095282239,9.33590736806499,4.791800530165822
14.872894038559565,56.08644057967305,41.260854905069024,6.661109688400836,40.073654783604084,15.185183679194514,66.08924944303297,37.57561655205507,6.609052370834224,27.837752652290526,4.5006727289646635
390.2829227910904,39.76125648411773,53.6438222442902,6.827053396318096,44.75392475779501,416.3113923535891,52.03790279275341,64.51668459059105,6.130074117953003,29.54123918518116,18.148231806530916
12.20555134779114,17.312632988313975,17.056663584649105,11.254395723932229,44.77645066813009,13.375486709473535,19.83314456009299,17.109494014575453,13.768537491781933,11.64041007160397,7.543345190835131
37.909946007008834,342.28795841778845,167.44573791940692,16.239112146340414,17.063386370880842,38.28886298225653,312.1061388785809,183.5038906335916,15.0983242687133,15.435030239923995,4.2324167823873795
92.37001718863685,16.112975608007904,544.1785660638079,15.712135006364774,48.6668275895105,105.09282031610229,19.454169568064817,428.0670668771862,15.371785001504234,47.08389406626406,15.830167646228041
226.02585777582576,431.0745344441217,35.11784781216558,17.57343195479982,45.956799147456415,234.31930732197065,528.1482131210117,35.31459702535878,16.85818850970394,41.899559451094206,7.928805340366927
67.71738509361485,17.359583393117163,199.9606007153197,6.746318821347559,28.342040516769387,75.02797036656628,24.609841008426237,283.74040675079357,5.925169027157798,32.41061113274796,18.93130124228843
108.85401702210957,34.1135583427354,302.45708254305896,18.89227902484609,22.696241546110077,120.67907022020268,38.31995146252037,300.19068484835884,17.974684910770005,22.510945021844876,10.174921207875883
805.2763597212577,21.82691410943325,11.045339785583879,10.636201552028218,10.202798118952469,865.7147095622034,51.044564678823335,13.091920115795048,10.078677457610366,10.161304114036893,11.358775774621517
83.12228437171204,637.2183165091654,10.55191496832006,16.250053409711153,21.575257222874235,82.67984530810527,596.4469121556405,14.635571825966803,15.222777541059997,26.410061542350043,7.812892983989342
14.040883116170859,163.04191562237767,406.77690162442235,5.918827590524583,46.809626582037836,16.244033141053695,123.67889553702842,368.01721203142233,5.911037416726147,29.105611565685184,10.83699660932021
167.79887794974888,43.348203118932005,200.06394703661846,16.114552885586043,9.590212137323135,163.92216066868974,52.63225592696664,243.09688121268002,13.561871674944808,15.438014944976095,4.4716769702799155
311.999378204897,237.27549237276006,11.097320526680964,3.9710196097387835,8.768564456919734,332.9576527908808,98.04809214295314,13.674939622730937,7.505393523477015,7.86335755372866,13.060984174300106
172.0862110793649,955.2359483759427,53.31884180096042,3.9228242605548593,24.91628154321117,155.85772092978033,962.3019131297008,48.71993841799257,3.8600348200809087,25.55645696033145,6.370054519553692
255.11535976035597,24.911101033604062,10.08888845612752,12.611411881863708,24.389801958214715,259.4179373418877,34.267545670450836,10.535346452461972,12.559185128384009,28.34394904946026,12.865603139312624
248.08151797043402,106.98233025573924,448.44140318304017,15.594440868368444,26.15044473495663,240.64175353773564,82.08306636826848,448.8810931038438,16.093181381881678,20.380156245751092,4.0751534366157705
115.25828771313994,49.983844535767034,131.08341492032739,17.747138060094247,8.228397563035646,108.50499029791796,69.76557211413196,135.27556727468377,13.813681656199257,12.50494911646732,5.354703197906355
550.967465142671,40.84719270065159,15.508303540043824,10.909001200090337,7.917224881702556,595.8275299556158,57.82092586235764,18.65274485002285,10.470637370093584,9.693843934871444,13.11433818875214
333.02688580982976,43.16105095385501,35.68031231347791,7.148837530850135,31.901363602896488,330.5369243381377,52.30852873753032,42.4303739875284,6.768023290969414,26.597553602221474,10.44649994286398
140.64677934754482,94.95275119063515,313.04802458379027,19.20699244521543,14.097401661919681,143.147332139406,92.43541285440095,301.44340420644636,12.14994521796773,17.51982379481816,3.721049148633112
64.27583196464262,218.30121849764123,125.3876588646502,18.806360448044398,27.85861300591805,62.927783061580136,244.07946822760528,121.04836701475038,19.3684629178956,30.64190763610186,3.066172295086396
243.1399918101373,20.52731943486681,84.25185140915035,12.724028167278822,14.460491876110579,211.62729271001803,22.739186882707,100.19352063327597,11.355445063575162,12.901834055197492,15.123690139868085
272.2420284210171,674.8363825732981,266.5462536735421,9.808889343100223,48.773217871236966,265.43650925101895,790.5725119121363,324.67944864551845,9.703844604122317,43.223368076887176,6.941641692363778
16.514249336605776,57.47031572785947,789.8413993074996,1.0223499778050096,48.619873248480665,19.23874754234498,70.04289232902153,659.886185776259,1.0173613074149301,49.84972483661695,18.45339572988105
877.1598668679922,82.7069115815433,94.7110552133835,5.809787274625472,41.05419503666012,877.8200685802904,63.73893675279968,114.58555972540746,5.7442412601700825,14.699047451419323,9.980696078464456
288.75146066299345,15.14786542264435,24.354308606081315,7.54763887460633,18.269003496697348,270.79724169858315,21.72779090992452,32.24836038994941,6.542142382453029,25.290398563998426,19.058166554880724
123.16629225267961,57.32532179183163,45.6934071447011,6.677553488929219,12.749791386814586,128.01486613846268,82.06096187079137,48.904303087851254,5.716935653957274,14.611241540615014,12.234153421849363
12.818331731016444,687.769816140625,295.64710275296056,2.5615042493666,30.196235550089895,10.915690388243183,660.4441574983119,374.09862594883054,2.4814294375901156,23.558407291826438,10.988234756271279
381.5472170623529,183.3957569691134,37.62492484694922,12.155516598967822,3.1936863367355754,377.86973998037865,65.75533898581948,38.48171083920873,12.017198806282684,13.920311049476675,4.1506691805329945
738.6943192227048,101.76851093590655,474.852306804391,6.3881638573962976,32.42819187606729,786.2684612795947,99.44550245000282,532.5529708567349,6.483539004844285,28.835468373432587,7.98231386826906
73.84099986083042,15.102117769896935,51.94038014200514,5.251113077825014,45.984642674275655,77.44830487568031,16.68913307818263,65.63535542486335,5.053783917307971,48.59106448649061,8.550797914316572
268.46280712372004,541.6816855375748,93.96314900378086,10.128402518577257,24.796992313414908,262.10751050142386,750.6708669266358,92.66016794715418,11.09225917262598,17.76524531683632,3.4218558039177824
382.61631025498156,413.06484092883113,11.113782105132383,19.0081052635295,23.403191691448125,361.1942348453499,552.9739185894445,9.02773252451849,11.886885015202369,26.369530691329103,8.420940114239848
26.773487812925865,24.90472364000694,111.57435420347811,3.5768999159507415,33.64572134812882,28.484308660566033,30.126421842084284,125.21399399648556,4.4636379065848155,37.527759505232204,11.998527393588637
126.16360745639962,259.73963066848563,476.0639321073629,12.201332367557242,32.01388551862742,125.71012971745104,233.82389388749218,495.638670537504,12.133441416514861,27.473794258845757,2.4024556295157455
75.38129614624548,182.1976985792108,874.5297518252979,15.590308569981804,39.42552465848885,83.34492172725933,165.8123984431586,811.5925800810884,12.346220862278622,34.80342933331986,11.336216480452302
414.32940808146543,711.8512018199777,138.47085793557855,5.637101024038011,35.853100564701265,420.8231096790639,973.8845377623712,136.23686034506935,6.083350570025573,33.27293904356392,14.44482415447049
27.400075868557337,398.55795736451955,907.1525619027699,1.983117525963657,7.278741281119754,24.03561563865615,573.002329436373,1102.0645454443656,1.7685844087252398,12.884129635383925,7.404004116515382
110.0635862874826,242.63953037838644,13.263563861992015,14.52630907104671,3.084575782374076,132.5172487954518,103.75196623021927,13.983489805161488,14.330830704405614,7.444545912215135,15.560699800448043
376.3103428981937,26.492014432701325,715.1093534625292,8.164794904326225,23.69740999532067,395.38018527092373,33.83176507906274,885.6531963921472,7.775939968030356,27.25055324293027,7.495943355158545
19.883513374657557,41.97224064362596,988.8202007472071,7.933935069449962,32.08308479473155,20.565783683425433,49.814800531936264,1071.139074396779,8.624242984805374,32.35102095231515,5.966325802714657
355.3905443153525,502.38952990046675,494.0837221106028,19.797121716710148,19.441388193437398,361.1884787136918,407.1805302853179,486.19881643791774,14.023105755718156,11.131439019351687,2.818833119789985
362.0057168558819,179.13516346356388,67.02056226871092,12.924175857626462,14.120795826321167,348.56100883014113,127.53868930305953,69.17643011879377,14.205380640227947,29.845988862948467,7.7143957535981285
39.69185347037251,20.834829456332134,121.7500363209714,10.0660987326606,35.02103051615186,40.3334839725721,20.75894149296424,131.38130272996693,10.359030300332206,32.56492868695273,3.761877466472416
134.16370194067352,20.55451092354683,57.312033640588766,16.0599721783259,46.93151639270672,147.66188063461212,16.37792163107455,56.00504798079584,16.211017850190654,24.201759183726285,10.901732829451742
137.10255822340068,89.03957117769585,509.81171787807637,5.566875734687884,8.078458405417779,133.13268707569105,169.22822775765826,546.2269191521151,12.546559724983755,7.659908308269341,4.951941432348173
70.31777923632113,94.66397990562622,14.433671674332585,2.2079664583011573,42.960917117408385,80.46524641369369,120.17518555422768,15.349055991018208,2.6124486786481502,47.026990922573226,23.6971444185734
18.44485669809398,141.6744211414022,234.2258037221483,4.6571823039177165,41.46895907653013,19.175528438391108,140.36843128528935,257.4061866576796,5.173939211294288,29.39792105808663,3.9405889423225697
794.7026282601381,354.76701814520106,23.26204371905715,13.603853639945838,16.66723496022833,690.8936754675477,266.45113352541347,24.074493499943948,16.692455624510576,17.681422455178623,12.38247799451987
132.35339549771425,29.9773974324882,44.39430718840103,16.409745448016395,46.94162001989867,140.89257272517264,21.018058410894152,44.878649659366594,17.22923396510086,21.086453156249043,5.210143087679727
144.14163880162192,33.7280996130806,10.028923947304586,1.1289952442218054,15.180208641003867,165.04815703023752,49.21758925628323,12.201346184928802,0.9479151792178035,10.820677491744908,20.48236126180655
49.64554701344334,75.56512126150763,41.47025800633352,17.657680710717145,29.647740957596167,53.118427290718,106.08469177701275,42.55094709442497,15.558544882948368,21.677632397652765,10.02323109118013
502.7345167825225,489.4964881073612,22.062081340872844,3.3131819804907323,30.824494243850058,481.75088166776624,596.5623705282983,20.15026838557178,10.95721422797903,19.731966857691006,5.1173986194463685
109.77805756705096,821.2519940939507,14.65050316993281,7.509148859014366,13.615856015738895,110.53923035110473,806.9864710504337,15.594094032658928,7.716191798171983,14.332215441404228,4.364355491821001
330.1533638573265,196.6886160409016,237.25860309297286,6.9521995771482255,48.410760752712314,319.46541013067935,140.18916309442258,241.15903113844476,8.311654306739111,11.515816584652898,5.482297413784322
15.176027926955651,28.30465826603688,75.1074697168741,18.968179384664996,20.15887147392393,15.22819057202657,24.30171013493936,83.51040570423633,15.098531996632431,29.703384771223753,2.5931038441923895
158.4273933893606,342.0114330776782,239.97194684171924,15.58608402450095,39.28550742164245,161.03175218832288,454.1900201110072,205.74166276082613,18.458403927718447,27.570501179791147,2.8389612920553637
99.7300796330578,22.28277143728981,218.23851138366493,8.101820654189526,8.381067594831254,109.23368488086228,27.678206195037227,234.60062312103807,7.575478434430424,8.985583934049004,10.22904063414739
484.54519737231203,37.80525789029283,10.48165658884708,13.746794708933967,29.011009138448514,524.4558690502338,44.11202318603903,11.366745564093614,14.355053069201473,36.7488671406074,19.96871765875484
71.89479298227788,272.1127362602618,22.555017039060882,1.256514195503914,42.56532848561086,64.50588024582949,299.09413886890263,20.497956055184023,1.2570753367646217,52.05179943012123,20.608691861493508
68.78613686029226,251.9472373771559,35.73441706236745,14.75241079241766,36.01819966723647,68.23225607005568,296.778336295279,30.943101849183257,14.433993446311835,32.60239024067357,3.189226970199276
23.04522261490892,26.095698494431414,62.31155261818177,3.2435953311624695,33.64784044540904,23.825924039448577,27.778239239940643,75.64001576319481,10.056925946541073,33.23099232985933,2.8457772633138783
10.881238779862308,620.2485486723704,24.219805954877828,5.1128427479941445,39.529479896110395,10.618317167882584,513.978940188696,38.06899292276152,4.696133415266021,34.28605298887533,4.810735599633436
237.2459025147972,29.47939450707583,226.35521220948982,19.20380884350883,4.593120773881779,212.74971995867625,78.67140330495188,237.2892455242175,16.161921380613542,15.059218389053525,9.213332564192775
13.512288546636793,207.9415865764913,223.01846555910655,9.344969154578258,24.19124748905242,14.923720642026787,124.37391109760266,241.41996871736987,8.125911491241071,15.702915591282286,12.272626064358787
270.53183195710756,369.73200464466186,215.78050417193066,5.58364220755649,26.10173970253721,250.07016202054277,502.30683162987117,225.48479673171278,5.404036287503542,22.292605550415356,10.815762607725555
18.239819098917042,27.911137857481705,13.99464793635715,13.245029341580382,34.29260973829161,18.703552945508402,51.4597847410469,14.6920166402982,15.742092032037759,16.456623753728618,7.595578553695952
306.2938944011753,146.53944053769004,692.8087055511102,15.346544857335774,32.81537239032265,299.560148616197,98.22203456348667,757.366479698407,17.02037924152493,20.108369325383286,3.508336728157914
79.82381318984935,47.71035183264578,149.68146327718227,6.293047855566566,33.5341302845114,84.0466629368174,54.5462855589185,161.98533079325858,6.432434364530581,34.712015990817875,8.42112075132434
129.63765774162766,50.4662910497045,46.52070857273787,9.38825147060613,11.793483990659434,140.90620382257293,60.6563704670185,50.59043309384771,7.989087631710653,15.381646462286577,8.73666625865064
168.6873798390028,10.368336061735802,119.93264645905883,14.547210847416816,18.888423430715367,173.89108633541014,18.029239492312918,193.01070559527258,14.126771033438553,28.736335142545222,13.655748059822988
77.17306547629927,529.9580754178114,189.57489937663485,8.040886348642786,15.01988014660006,71.95217286675731,527.2639992394627,171.09602654829754,7.4898027408339605,16.170643755629353,4.7331111254788745
17.76954789953243,607.7483316504738,188.6410817274301,18.952319960601663,2.500273546239695,17.052939064111964,104.28967284535669,178.8323111429911,15.973087377369437,16.90747804317679,3.6394076333311984
28.289615404911693,28.74575420827346,120.7788754154868,5.284279344665575,12.911922986347156,28.240489165706514,60.64206809034847,126.690414672294,11.226003715744652,22.452927588018724,2.793620847094825
448.15782889071914,657.8125525897126,145.09357818715563,6.494359514845209,27.671853793784553,474.14055216146903,986.2718436922589,135.13080861480205,5.2207860692567145,28.971013664520257,24.264303576497433
121.59954432544394,172.01844712038107,137.29220292842797,5.5745017929232334,42.129912952457154,117.07341124419132,167.57110500942326,143.802557602374,3.80352507056157,18.825251357636702,2.844406444754787
272.44465703047973,411.9677427797652,994.2297176967629,6.630879083212133,21.58121365430154,280.03587017421825,449.23695791327356,1179.3588267927114,5.1354019944374905,26.09201575499835,8.30695795345787
79.04410853210693,12.116985966815083,39.01340183893601,13.225712236285919,8.04398534972635,83.56378173899712,23.77950606278468,49.21234682838175,11.733322544093435,23.945431779436934,7.232372086750774
56.765747524439504,881.8456644815029,90.4513376954039,2.9301905201197824,42.04587122760063,49.11497636729,1070.4488898664724,78.74265836893555,2.9504051182058317,41.84359101862419,10.938390822783589
971.3701876981237,242.2473305300038,27.010644377469742,11.720785923303874,31.61488008658771,977.468193594829,246.6098534074206,24.486544047602145,11.594820959030304,37.62312533817544,9.461734720426461
365.76811159226014,18.615571920443596,21.344494086533818,16.212855608860153,30.13913944034519,391.36938430802,36.97823787253441,21.693572080808856,14.271135937461114,9.22738324920046,5.532516049532715
754.8633995539799,58.24860090976695,16.733564781933524,18.563440706091853,46.20634183545008,654.9713321017163,85.24271709281416,18.80955304670684,19.252729614956717,30.61457666033783,10.294211889272379
278.83093033324025,382.0699853599078,38.365351050007185,9.326863410289048,37.84988786617011,273.6232532169973,439.8184709516749,37.51999239279495,10.695288217275824,31.777951022007937,3.4703972811057255
51.51546802102743,597.2928251557886,264.71622941158745,18.157734292575146,19.144783731349047,50.09516359543152,413.3543184216101,320.1897569591403,17.908579414294067,14.316549395670101,3.692980611954582
63.725734518984105,86.54815808516301,159.70338171424916,5.614884373751053,6.125061738613875,61.276756022296645,127.79982984744413,165.12227142679075,7.970151893910224,11.99888272440431,4.097890507088754
31.925848182775894,376.30431852899886,80.23790797507027,11.548277781039213,16.179511362600355,32.646780991755385,328.2703328018049,94.07508823441161,11.122008567347992,21.702375383521726,6.955559314161011
104.72478759919925,41.79054401712046,234.48254923266745,10.687165612472556,23.188721492020075,102.93486067942415,32.28486959730955,264.44426404679353,11.098732847053208,16.303663800536835,4.468274862569875
111.15068947793121,300.5626938421505,53.82213932540725,10.084479235455449,27.24926988755369,109.60285191909325,541.1356854605473,57.19587009452422,11.278364832325169,18.90661059780717,10.892249780710529
162.79641970836263,42.41445316279644,51.95954239789151,17.978696051114888,49.29561479842863,173.6679648331793,52.14130173166061,47.59510828521765,17.00468442241919,9.34551404321764,6.360614916948319
170.7384757752159,22.008102911825276,134.86561058889063,11.876179766643146,24.367287343098912,158.58068811921237,23.715079632414536,172.06670494288403,11.509689597210517,22.141695326506852,11.250704308514035
696.5363672145487,62.897553223602756,13.359914691272943,17.757628019015172,10.674110336710529,654.1605267550744,79.41221738767526,12.691548610758609,16.61204872207454,13.69612699068629,7.4248652684220415
370.78554158169976,138.2072538615926,123.78079514590948,16.366727331780723,35.41617380720913,359.7846915418542,167.67854544773357,127.76057168883378,15.69921119108566,24.03600712458043,5.165076898325468
147.4369991200466,17.58510254792067,707.0155137931749,13.541152252862268,24.659472744873543,133.267807360744,21.083627710028846,794.4424914176524,12.569742202110795,22.41092723817242,15.739078585489647
107.27840463722202,42.80781129543902,13.70507476702895,18.324219997693326,33.727827297367575,115.26927356071413,55.22814665218374,15.623457780264332,16.662641213370378,32.5436755966236,10.373440139315662
364.39667360786564,308.96879851369886,455.29780457502903,14.89538336109467,48.872268294332024,338.1402119553354,240.46131478180118,394.9579100720942,14.655330529748147,17.862172826096213,7.647663920658284
10.717600221107343,124.05965480957661,16.548841725755008,2.127480126152419,17.711088857859092,10.02420318520023,256.4939408539022,18.508931174233037,2.2006711032787574,11.346252057434185,16.82266293266912
151.4601297172901,112.1991699079883,11.112003783996938,7.265104289047874,22.300516304199483,166.1128971568269,121.97365487716496,12.460015368025209,5.951459935128831,19.5938105859889,9.070499326686573
15.033078416281072,21.27662478694309,50.61659410667897,14.163593268381112,14.836424927376518,14.817124583735374,26.697940621142752,51.18328158987885,16.785387230013537,27.65708884552762,4.618180281585358
62.019332977234335,239.47248434830675,36.25284167197271,15.29365790448341,33.28819334152696,61.930459215008355,304.5553147762468,35.26750190286306,15.134109578379071,28.773808648024445,4.207430372536284
15.412935526482192,207.04742805272696,43.813286620755065,2.543550853111673,46.64991463135412,14.346387868585273,287.6752708784844,56.70289348607182,2.7560630589991884,30.4017616543504,6.972749846320411
166.95130244816897,13.889309597642223,41.248150857031696,5.125398898817309,30.043526273390505,168.5117024356413,16.540551632695,51.70750284768012,5.246531355703183,36.02293711860334,10.799490453539017
549.5983872073454,179.14624280400253,21.441713920979137,17.911035930664983,35.64323809653332,482.0876856239171,171.3873839855213,19.625664606694034,13.91121930987184,37.36482883209144,15.988625161345164
62.40367423794135,876.3123386256805,963.4889040087875,17.500914264938462,30.783486421797488,68.05243309899792,292.60973646575394,1058.2948453488393,16.71510606086973,14.921272048680335,6.61153060409093
824.8107441094313,562.0968271973821,10.635377190276365,12.443245164515009,8.823729011787773,739.7481718439975,92.96823568211609,10.028963382053051,17.03730958507205,13.928375436883655,9.125185999837852
357.84366867377605,195.03658122481536,28.428316623540944,9.58624013529777,18.86539636452712,380.6812728834198,170.70736380318064,32.74948720058862,8.966445914493313,25.224909846929275,12.00629742707223
16.946342818578238,74.68577627245116,121.05883704526983,1.506518909630456,16.443923976128993,16.46976147718803,62.0655463086607,106.82611897731974,1.2220442368217501,16.026716999921614,8.323389413752142
75.8099279796532,429.91600305879194,32.02369829874817,13.325290912794236,8.369240079614592,80.92832424755738,453.5190214208066,36.23408683097035,11.995806352720708,8.610456009318675,8.776840868470199
125.93103880702357,137.86774876303312,601.2383016427012,14.728152501689264,21.026053160723613,116.24193371857366,154.58718559536655,720.1872352505063,10.774359753146577,25.490899187178503,8.030778804372467
82.91217861765344,126.2320292036449,19.95849891927807,6.682601917399351,42.29535480903825,85.7207933934817,155.84396388846753,20.757096147447093,6.760963426688836,39.40673260032654,10.426703216565162
28.203100027229617,394.18125471066264,498.4254511829844,1.3550374147362514,37.36326911826902,26.611142908362297,414.3585832936498,532.3613574255014,1.347214763146018,23.499817484960335,5.868470628920751
69.87512327319688,131.57274053021035,763.7236883580613,2.4208162246032083,5.964643694154523,59.99075127216171,440.1797186041647,904.1511677763522,3.671337456360549,9.995361126818441,9.969222859424363
73.07933012058191,179.34564631387693,145.2687314409656,19.982390438792194,15.261507977990124,75.75466435171994,101.04470805303932,149.72502552188828,17.156737807861067,10.451894795387373,2.94186872048129
53.54485169320363,657.5814976113109,258.6954970884587,16.800992354575143,22.311060038213046,51.074486826973036,395.22752552978943,322.5887488395683,14.782038756213797,15.176893618250169,2.95784993477619
194.97300814782298,21.59370688153695,399.47999178552857,13.492641850779403,10.87609540278147,194.74934172191067,26.47652753111221,410.44223977387713,12.484956850728668,9.945507079832298,10.667850621993967
46.47857779415353,42.677285844912625,759.8976102723217,12.28206590618108,3.9981836761322724,51.38324901991131,254.74545574036563,879.5563157734707,14.24778544537089,14.956302663857285,11.393590519926192
603.8577080580689,276.11866081527296,26.60875830216482,8.310436581196122,48.45561032108041,600.034133213157,270.20302476651335,27.346698095496297,7.335666796171579,47.99409141496344,4.407884490772793
256.3486559202182,80.61986278437197,22.858058641306897,4.269098111285133,22.17347271469396,244.72976698986088,94.48490866284591,24.433776186095084,3.655043014055342,25.752899597692053,13.429540454352864
23.098251510305335,447.7969501409918,50.443681382765966,18.146588993389365,44.47700866165075,20.731778484234816,435.0451538844087,89.99112001033683,17.62135177631235,21.985586396227436,10.561391391779681
41.74568760975327,469.2168451538905,50.74416630232684,10.335625021975199,35.62499310963107,44.74868590101821,585.6106381231439,42.862789381543124,10.148629039711771,29.227733732856656,8.153437837886525
31.031763134400936,55.27259808090252,36.9398094047027,14.317463553797015,7.275430243517686,34.853364543034814,57.33817803845573,35.6838764804933,12.94325971103913,7.176496572742589,9.774206816408064
155.23465001398063,30.773613245662826,12.225742835154639,17.264414387208337,25.630720717929453,167.53237209696715,36.02089364167555,12.552059895769196,17.607375272823617,26.138818155183138,10.362116578187422
187.1902864153508,14.176958759168402,805.7830964510947,1.988906876736284,42.12204355824417,201.56582079502613,19.439670611808065,570.896833708996,1.8534710686159792,47.113676356228424,21.03985792292247
106.88905094997587,571.1169386451874,779.5634857563072,19.562438586249865,26.685555018101947,106.3433856690045,244.2523660955425,790.0731808224176,16.056208523040777,18.16404175438327,2.5138632092059776
47.63624321791219,142.06253056284888,333.46064392657365,10.705868185032307,33.063259929486755,47.31076324933391,117.65145888891931,312.32180888407146,8.764454255598087,25.273674412310157,2.7986529371658544
73.4688792328421,144.9692444141056,72.44463001814077,6.703279782083516,39.9629695928684,69.6760367551333,163.36726461422242,78.12111462929488,7.671725095208164,27.60127284114692,4.049742922083756
939.8456004533999,66.26749651621734,24.663311182307744,3.254759266754485,19.779770591750893,941.9435560356887,84.137960459561,25.60410339794105,2.745555186604181,32.97507100852072,29.735564264570296
17.847345675766924,379.68834809099695,160.81257861054158,1.7942717335513505,8.03641596684854,17.386365989036484,398.1356070961312,185.631207749502,1.7557905653271444,14.761473402792868,12.6895080695299
10.120692702474983,37.289469259557094,12.381131634413098,11.32969045901666,29.23674173930127,10.346013753952183,85.06129678716404,14.215280181355046,12.53120290372811,11.914200274966372,6.551896825832667
57.14802785174091,83.83383872298647,11.170026130198087,13.706928329046864,35.806393660848464,57.32583253369116,156.60947705304162,12.140506066719778,17.38228280386901,21.704353753555523,11.56379044141587
63.18475935245252,258.218423552342,45.601151750144645,12.398411769800791,2.0640767410230065,64.2645475524349,111.42545041964497,43.1823592316222,11.915814870021677,5.953924153676831,2.821777609293468
15.245275099072872,803.2229433877827,81.8979256782968,17.987199347669065,33.46905660505097,14.189935785991219,444.18350350030977,105.24752767160165,17.722272222446467,23.001912386630476,9.778676842053383
28.222447742797222,280.5591934505187,472.8974330468278,2.5349219148183986,44.339730053029015,25.792446395093688,298.30917742152,531.8692268434311,2.6789555840872485,29.684599476783536,8.949856330228545
85.07949816347157,216.07991339224785,137.78891108813949,12.017622587048175,32.38327231870493,82.2399956815595,362.6990757536445,139.15769998219503,13.179463989431841,17.091572949478973,4.831720211377847
284.33044933704645,18.313502351025427,119.04648168111649,12.877418308435773,43.516705174660956,289.02309631295935,16.996299547307597,130.62992099662327,12.55395117238889,30.248195854972902,11.143707009861508
12.804599939081443,559.9203585148853,251.38470002249963,15.551797538415656,31.636129422240533,12.822070675627115,136.8195651570442,353.32620505483266,13.117447264997615,16.45132132532041,5.663466844326908
37.46901002925679,229.80064462556933,243.36201754528793,4.548143749866014,21.31784354019042,35.64844129160513,206.05958792688548,287.39475661150675,4.663266167153259,14.968379985752486,6.514453179082433
345.85649966606036,16.870323887850454,50.599122937688,5.919876009064266,22.938372491753068,345.9206829514294,18.4539377509532,68.53132783653467,5.6863722242129136,29.59110803047437,6.01574249747664
29.926967995020668,34.671886691844925,21.48638918897558,8.458165131050993,11.26559414958139,30.258823807348588,40.18955881390747,21.234107153689834,11.905497012241963,8.23919112896088,2.817470381870588
335.97810763282763,724.4471274414658,99.05210413819887,13.216970043475817,43.62426927712189,289.36241695901435,870.6747813089993,77.93914756496116,15.223969503767185,39.974872196680366,11.8550281140758
60.505025420573254,116.19176194410113,308.9341626116788,11.39945417562275,14.85588839143077,63.34012599935353,127.79037693874042,308.2177061958702,9.22269075910205,15.565308978098859,10.147459609679077
15.19032339801861,254.87400680160314,242.90264518059007,13.720010626566058,26.775072393545685,15.352886174958371,193.9231619060316,244.3961874826576,13.119098539213523,15.091030479330277,2.85989978487113
50.76256250837831,396.12188752121887,35.57047260694638,11.188081113823474,19.337358106517087,54.3878112833392,514.855607132436,38.08787097222637,11.1840257587117,17.331463125588286,10.2268619924384
28.200352047818676,16.649413624806957,11.100829798495846,6.37095022076731,34.60012602146372,27.366923656905453,26.160063711981127,12.137844749993604,5.261453105116097,28.96377608503291,20.884541448197712
588.2127060028391,32.80577287349609,60.190165580358986,4.882624989990786,35.536116791066156,556.9755604525192,41.080917861037754,74.11959505661459,4.731797328907147,41.51961786550494,13.874783049583447
297.20557380927187,91.55571264828477,110.33223509778725,3.059173150701341,8.616691571903047,326.587805214284,96.13937003963258,125.16298866020423,2.6887977961318796,11.6119357212346,8.225997489541534
117.83525154930729,33.7705607084738,102.76556325258694,19.103784305900607,23.75201917418978,129.2644813425711,37.887417585882915,139.02738948530254,17.835610961498567,24.03581585634429,13.470394608989903
38.77262672193009,443.4765126771462,13.065064308067162,15.218625514583898,14.50893279924911,38.93548989135435,412.20369684001633,14.8586982339168,14.558141039700411,16.78567198932821,4.7712088954555405
33.21848124055963,221.6103854735877,828.7792984205932,15.341387493772816,7.958834246438993,34.709174874686994,229.2513216937118,918.8006435539239,13.200915303224415,15.395961589947111,9.42395257767571
844.2810921164141,303.70004828732715,50.66296384781827,1.124591199410482,2.195656754367544,699.132392034096,66.33276241012192,60.1831084397698,2.055629542798638,21.387248623191745,17.018818872588582
57.774522882318124,443.78104277662146,19.74852071599136,12.154676345863788,4.9605535720019,56.84851901747574,308.2778711770841,22.07704321062658,11.187231806228265,8.210396412072704,7.97985632397188
38.38623890632909,62.46273278368158,521.3589717600045,16.907881325418362,43.31820908419454,43.31618785188843,62.32452747290138,562.1461809459623,14.197865110663107,39.561162533771835,13.676968077964109
182.81294057060902,193.0439697845047,42.42795722162242,9.198459336827815,24.509475321757684,188.01763268631095,246.36356002157197,41.48111879674028,11.600768971498498,18.540250644486598,5.047148199968307
79.66566399368388,22.92323885661751,308.65882051331045,14.26087880388686,27.549926672103844,89.88446971603416,26.778729573793647,483.44975161161625,13.704579028438314,28.285957796773896,15.30804576901667
217.19197792089287,46.182025873325166,14.622985779088037,7.116891192834735,35.147550397000145,241.52458740475117,46.06174452909563,15.068869757303483,6.629348845899493,42.22401484290085,9.671682973777177
18.898205922531144,13.451884777542169,211.90588850843469,18.3916249540685,8.411013014405345,18.988660021065332,24.927418581635735,310.8686878586188,12.196764674494814,21.536585333704277,8.252650156749743
461.0291249022387,63.87362543829558,15.184164473314565,8.095907721188116,18.706214352307036,434.38487570586494,73.38200261333103,17.034303751711857,7.065308568605598,26.630457613239304,21.46386464325652
355.77620184289736,72.41761469574566,261.13635507075475,14.048756391311393,33.165461311773846,368.9723478819335,61.50280784384478,281.6792338153731,13.386294216953527,21.99485206828153,6.615523783513802
12.152549684535792,225.39462107362235,81.42156325538701,13.371943388565693,46.84989745437641,12.658710197496074,214.21927153576365,113.27868309425722,13.05458567046649,14.815384570997512,4.487611009561268
212.1226361564809,805.5641877666026,816.2209963452781,10.76663279882702,29.316368845152358,182.27094985356786,692.3344831068463,836.3394577525884,9.90247983701548,16.03582133784421,11.318237255449976
611.0157893502561,16.515560931583238,284.76758143938974,16.282212524285878,14.546299722172838,526.7823048278935,23.690768571764572,364.84860088986676,16.523411436577824,17.225858182522074,14.962258532751683
12.022952838425345,57.21689635991047,129.58829601932936,1.0917092428705235,32.62416882396609,14.67924518778129,52.23890921537213,180.54065242256814,1.088058581099033,37.960422500526114,9.479410188739354
562.2093674945575,219.06774552052588,21.282741050843573,8.241834603379866,13.33651549563705,538.7586003454103,188.20788026789924,24.888254010626998,8.01575961971423,17.174521132139432,14.90141375819558
996.3737371574175,18.400087221497422,78.84110888011493,7.120012580944773,41.979101396461274,1150.316162036264,18.1357179026773,109.17847894826039,6.996206954383588,33.271298691233426,16.943392946112525
654.2478039310545,53.49946370283081,141.20296759162076,1.5255402658710775,19.13783959964692,743.8203011093057,55.94742549157091,139.30947829917528,1.6207592984137698,15.210726911086306,14.459961957202522
385.68649976421335,17.536172288997733,142.85883981743146,17.158624672629575,26.32227667715432,393.0601706966028,20.755374485113435,159.4628950894569,17.157851992337275,26.317435496110683,8.038288598069366
181.29919579422545,156.85276177344957,12.855442531398898,1.0984532468717938,4.7726727005508565,176.486418697364,25.609354584548267,14.359365527257205,4.361099547627425,10.813090544864094,13.677582460571353
112.97454921633471,292.1092923784486,13.522100951433663,15.922917748131018,15.592185734407202,124.90587696283222,359.6806896549861,14.782253025412588,13.229289922761204,15.955257751559245,14.456719654974778
12.253267974348518,65.38749330948117,459.33878479906576,19.52841189942298,35.61540415822472,13.542310638910214,42.794625226471766,362.01773390532804,17.65492837450212,22.573162339239705,11.422217089587548
770.3713078246536,497.6223799614351,43.460294075462784,13.146569723262951,9.044317175012544,688.1713586158768,106.93548139275627,44.28328542327201,17.34204701678318,12.012970462844795,10.019152188007746
18.099182598703017,127.2922584585051,12.077077117507644,18.861387196531776,5.177630957785734,19.229281730395627,62.70201703531841,11.876175671468609,15.624968768907035,14.604275978588598,9.752804107547536
584.8747929346553,247.82947735801667,26.790302036323464,3.700501138962719,42.45501201473378,649.1299284691307,299.00210306964783,28.00946711556588,3.2053571356743777,44.06797673732415,14.28110206107819
12.619207698991417,255.4909935107528,69.39928637816922,13.762533974404123,3.2298122034357286,13.339927459479766,93.90799772963024,68.59926547745309,11.257540588286064,12.587675725764578,9.50125425038319
35.213099841871475,25.080625268620217,16.987076114758988,9.322904563366194,28.081055839548718,34.57846245029464,33.094189999066415,17.26401780655894,9.867359733680685,19.840239115240305,6.376345858312337
17.22906464667845,89.26205947565859,150.50175559417784,3.7858397144227016,22.734370735091755,15.914130845519235,90.7999663394039,185.13068371022817,3.778332507776449,27.51344634157106,5.893275415078405
11.411601105164628,153.601267723353,662.0633265915358,10.325148286871624,16.098169863127296,12.754318475371884,169.50251735977292,722.5473663283163,9.347571948063349,16.719241676785085,17.16458094950627
323.84120067093465,130.53373826359376,699.6549661199551,6.103778439626366,25.82837935534335,333.9656224727957,85.71452226508275,606.5243452498129,6.794199702915709,13.10382549140845,4.730795685814797
314.9870726619,12.101383279669372,21.213778153156202,8.796286654108895,6.712088890350939,346.62625850850753,38.63669224271372,25.15579489337261,6.67137497798732,11.634625130939735,16.97728423454416
205.30729597317128,22.916893073573213,12.254125538127226,13.2692034379894,24.34765382019585,212.92908027503177,43.29571341648209,13.594508288660755,12.016298355450202,20.831728139005925,10.444545396585276
228.81358987802372,141.1432545274374,965.1673929730179,9.925810972621981,31.723867403386468,231.01173657702307,112.71828508411367,1297.6322617333744,11.639843393580046,23.685787637463058,4.582139921533003
99.3883926015863,204.52523488424717,510.8514292894797,15.873875525131767,43.14754461231431,102.83100539546012,182.84983071512224,552.0295795064541,12.815426577075677,34.734235943064064,6.756650441245219
392.2509598266666,922.6106906358698,15.969658952223625,7.739048530759641,29.427837798660473,395.81368595586883,899.1111277461712,15.149325180367079,6.906854351334759,33.14680149872949,5.754074105532067
75.1586906934221,189.68251465520166,10.106890143411661,19.87400146981238,15.483026526279449,80.0918040098586,160.42980007042277,8.723912316682046,13.269607334907551,28.263713569356483,15.403463788112967
99.70327392501197,59.22698030772552,34.20491122296693,14.515279633311131,23.134897580122058,102.12510419715841,65.91311615777691,35.126497986015714,12.811908438785832,29.359293968513608,5.466037322418871
410.92826891399693,24.72937166362686,18.537048237777196,2.2673180542466875,41.19695341870162,486.1008972388202,31.189352563900023,24.802654912096383,2.4501147384638884,35.37883664121098,30.1151117259911
10.288814909824588,98.66954254879995,208.9119236994705,8.383044294679479,22.484852218721283,12.207838253692616,96.52937898278125,261.72226629295307,8.451857264464634,19.728023971740402,17.10028852295451
29.27928374655263,13.00202997321321,108.38947191251181,11.351478244303388,35.01569782711008,31.05476617091075,15.614667184591385,210.9326553565997,11.772160499075824,37.385218145279836,13.744467562526076
16.13402950648027,47.515143803974325,880.3475401644342,11.784104060764042,21.05143459652145,16.654332483048226,79.85167353789576,881.3067387072822,11.824567054327979,22.353640108855622,11.02380363687672
254.90721803554433,231.13403186740553,516.2461276846013,9.445919180047763,7.828559614759751,254.06624990957448,326.6665346257864,512.4123893346458,16.07482882309927,16.592654736416737,4.750081785187085
668.0800893991342,12.015552494342552,237.43270007774856,7.732986064509238,31.609521314046788,727.9283413461794,15.700839058037023,337.6044116451557,7.589498468994021,32.22040031107525,17.488425766361747
172.1745731261955,323.52665697655283,552.9864161659973,8.778244128443562,16.01769595347172,164.70283892564325,368.2608071273951,609.6433518354047,8.16867580698067,24.45287817251473,4.02445051417509
71.88322633799864,264.6205312557692,245.4520139967595,2.401024102093157,38.89501920486559,67.8776932838414,318.925566166666,251.22431889945432,2.254454436498765,17.013228295793553,7.371737925851242
118.70758725166134,26.87553068683463,249.43257520908026,14.318676625942357,5.145564999706425,125.55742089836872,46.83823917174275,257.9681629482387,11.74854784353819,7.331443464695597,7.949923275111598
126.55361752401309,83.83436975728894,59.0649421344638,11.994381969997821,29.331482560864437,129.6795092367041,75.86468935360658,60.65073808888173,13.580628574710111,30.016614041859384,2.3442645892953404
14.352165044902108,65.26580019187722,346.50759688302196,19.852482672779907,2.558837657420158,14.871102223882076,89.77252077411858,507.5720778430218,17.96516501679987,18.054518881691372,5.743177663138376
20.86799765691406,192.5486684681599,18.483292350757804,17.742492874451138,15.558078132947745,20.402180110870294,238.20552505767577,19.14788789159784,16.93541596785438,16.54715866216228,7.597098787151461
12.405038446826962,955.7466305770607,16.83412158562868,8.896757524537161,22.04278311507115,12.861745908315847,431.5353956266766,62.42908610255416,9.000711959595268,26.10208379956661,5.093960966859572
44.52013932606094,65.84088032545336,46.287629670336564,11.5639497664706,5.171176579451909,48.006249075075495,69.9042144082264,43.359819961968064,13.56069254946512,7.579303483225917,6.6909384910926555
390.5205098221144,14.114629933561158,708.5241235823898,12.086184154285126,24.738669734589287,391.89551082519375,20.089465434573725,630.3376030600951,11.141124638297748,24.32680718075065,18.23770127270139
149.7602589375365,937.5461284346358,122.84875515356532,4.692828341083905,26.197043513930645,134.52437029203182,839.4416232209612,102.07626198714269,5.026827749325332,29.84514612408755,10.075716587370916
292.28829788061813,304.9337049905335,30.736377538793043,6.042659088632261,2.838114447307909,294.094150884613,59.99119487585883,33.513295692676394,7.231048481809141,11.289750589589108,9.056013565140338
16.880543141253234,87.34107610267606,521.4671097925127,11.513532633947634,24.666546443775285,16.692906724427157,83.38269389198992,565.4737634883282,10.616057894505174,23.00356536234524,3.9062686899271446
848.6896997776429,234.99679228431262,231.66755442156722,10.870534384717075,5.278178960179416,810.1567727275294,250.55752853397803,242.84843832989304,10.067807676666867,16.881298000231652,4.987409328874603
105.79268144042054,633.2086017137835,27.095867720742334,15.844683349490904,25.084152714841363,104.48643081214203,641.9671089036106,22.40740435420126,14.677625375938405,28.910548308812533,6.013406389573051
16.19363586006017,17.602188943402993,180.7578690315195,12.572128726594679,15.66032474372396,16.21660861863093,34.03423365045776,317.4371934412774,15.680674208893981,24.882614128523368,6.341631484134033
153.03733183100078,10.287083853587209,86.7076709215645,6.448136002548514,9.387664142634886,166.6177745683651,16.946113484965405,114.40105525763609,6.160215261304041,16.326778451796187,10.586364465740852
13.646110920232536,40.94733754721714,414.73910719530863,13.650797591190523,13.45086083217866,14.677751652064106,85.60478375073914,608.1434985770181,13.03840812398704,23.085851194626656,14.892215044244134
98.5356026043861,52.63539874470494,426.0420203883814,14.816744643313868,35.19237593488362,110.2815817517691,50.40678775594007,544.4498891104432,14.63473222386081,31.044903456226674,10.67838485519053
46.38981794315331,83.98980372839115,828.3670134329388,12.550132230733563,2.28811185135371,46.72111595060033,259.72344514516067,1035.6913633779993,12.068720874338746,16.056346009303393,2.964354632166432
142.30430696170708,56.5724942637936,36.55402549760441,10.344557919028285,14.161541578503163,150.4711384672585,70.79363641546496,39.65304496075674,9.086603916527064,18.97535161287028,10.703724567633035
17.215047918453322,143.14478567496312,331.40706599045177,3.2231342533812635,26.133660922999308,15.565121923519868,144.13293000969708,356.8400924757415,3.2276881262925974,18.91956630040096,6.935422091360752
73.42029865875863,944.3651242415693,30.41923740131583,1.0938770342006654,18.918410828292057,68.98392802407587,1074.3098988484892,31.228503675399,1.113838142528012,17.555559839037823,6.125758252742071
42.68529835737174,57.11714535391587,36.8944825798431,6.721226270053569,22.491930593187544,44.941538650270346,126.85132044592822,35.12575222050524,10.04721308079872,5.097609619081354,5.777001366831737
277.9157841629281,214.8804374023857,111.48650686504078,2.1345702479751747,16.654698689406334,266.97818967877913,196.05897621837306,125.23937550417925,3.3566322565134645,17.272852440372933,6.658908517470567
126.97950061722659,12.679738732980455,61.49540495012097,13.479744973374059,42.69435577899782,136.37181330032746,18.592453638626704,58.966966247549514,13.60767398318107,43.60539110767972,18.276070388737676
397.9504074280465,55.82761367690787,32.219919221691704,15.114605296637558,39.88764516835434,378.2614963542909,48.75402359462437,34.14486542690104,14.149685783088067,36.334831041079184,8.915830333114533
142.45978777168673,114.3296763624165,30.57430022026028,7.055533409237084,10.204764901095325,148.00634347262903,48.00282927003673,31.311715107458195,12.412385294177305,11.292422492918519,3.8936380822077497
46.29806773358492,403.54835735461774,16.895666201440548,6.234143884300494,27.585203475072202,47.83288270809424,665.8438579847619,13.89319782310068,7.158377569942762,22.089441162732825,14.855907243839306
251.43527694332064,503.007974038711,21.082928180061845,9.362756397656172,40.201934608248784,244.5811426942115,559.4164653598255,18.56262645942542,8.581709642065293,40.58156351736412,6.0961038222494865
796.7662062671326,11.743266683344993,248.20422073493324,19.057219866779263,39.8311342284968,703.5276677785233,13.456665926913558,171.10346608039802,20.052960925080836,31.915258522449896,14.433254745949
179.43987339800856,75.25440541354276,32.48363099485832,17.9467351430851,23.21622178667618,179.92054690189815,100.88061171317014,33.78457266779935,16.78168181825694,25.691332039169854,7.970590598230527
49.250914567686344,60.966628480690154,445.0545938204028,1.814665051757452,31.477442116080617,53.79450605437154,90.0208247904897,530.512445026451,2.4791461624794424,34.176591031571085,27.015810259971484
83.44776604952105,64.56642454151542,76.4047326867231,5.03122298150094,22.193085044194973,80.87879490538543,68.50413129541327,89.44286524315156,4.478403371255662,22.805858938060382,7.257859940006532
13.487555338215625,56.21426807588864,72.38846449262843,4.275817300769655,19.904570138529493,13.38518607395898,54.38802642498845,85.87456279642224,4.130503863165779,19.310389028795047,4.982766753216642
25.775051570943216,35.541882441638904,15.074523958967932,2.499992691711719,13.609107392072026,25.02220663181217,60.30148830867972,14.48351261751904,3.6813096035576707,7.490394957972058,7.983668479955044
51.89217241517009,211.9019937017221,633.9425666763046,15.209067052192982,23.15822712470628,56.48757843851484,161.869718080982,673.0579238025099,14.082683866965839,20.99778057307141,7.091015462615272
12.051739770143216,56.54902897239988,108.94651235656805,18.452664200197365,21.5986206934814,12.20160280562124,41.22130657873374,134.82504018400263,16.021672064117567,27.636696128411845,3.515047495264121
170.44306140769632,10.373405680952736,33.22783220130845,5.92485661707048,38.52282547844853,178.94134146165953,13.804489168915865,42.29239178312451,5.847592378986632,43.28719559319313,17.423797861596764
445.70306429390064,146.56258235395165,14.881599815051336,4.177843702162606,6.424568793267246,477.44148530226903,69.90102053908979,18.84217898188264,4.528126734570818,10.66060672702222,21.067694988929293
12.158501783614353,18.81983670985669,10.060007587241685,7.0753847497405715,9.996907283300876,14.493548420873122,37.06829001511714,10.14858071464892,7.742716919302238,8.869343669382884,24.00045064599759
403.00976548231233,936.1935207725398,117.49527710029977,10.167195591097762,44.17868796166182,345.0067355540057,1042.2914568676872,127.88523837031526,11.22550503857709,41.69884016651444,12.65402208493828
36.15889535120089,774.6598203714873,19.497644801904634,16.89376266360868,22.75288841319717,32.40080189544435,675.0271796349219,24.03555479536106,17.040158986451267,26.358305339377893,9.885437029151023
835.4098227405807,18.81353601869331,232.0613823882536,14.690696374598332,42.72734100882854,763.1812012017778,17.285596411649042,205.94419000439524,14.302064287666164,30.492765219116063,11.79692318806193
300.5854869101571,18.28586474565426,17.68103188366833,18.623688469123653,21.083753303597152,351.8972489118278,66.08126466408727,16.329173434909524,15.841634975806121,13.741807873140967,12.985242376600434
11.12572048635116,32.43023502191539,265.10975122673756,18.627145382122677,18.6187537458739,12.172869545799104,34.16832773866816,370.1226609653358,16.694150608203003,23.678140542216155,11.186177779863286
58.80404335436623,28.083037016323207,261.74574090606376,11.177679181245757,30.00205168294107,61.724282040432946,32.158733026414154,370.7612690529002,11.439335208196999,30.0106153815831,11.497812366951704
374.25924016636213,139.77951758158315,21.402370674704205,4.280932323000515,31.4878963932868,417.22206035548874,159.80172431944104,22.800769095540254,3.8893402781579645,36.29859638993032,17.03505323047598
410.4000444948022,36.04410092007939,221.38361924888173,7.983588791745775,22.081762282237012,410.8890708639548,26.20191935110822,247.95733033923233,8.114851525223953,12.54286734527628,9.726651653144687
439.59318274411334,152.18471589079303,370.25186746723347,17.575898040459432,49.62230914931694,417.8746220734866,106.3304491334184,311.34780247580517,18.311180903020453,25.580480151243115,6.2560018846195025
18.85251814081493,20.076942546612553,467.75539755932164,9.214570755668376,14.693496099504369,18.787899569937792,52.36281737775526,535.3724947207105,17.95425419325577,14.762082074750309,2.122027006528776
26.160755292478186,61.52315725950408,37.385975325883656,13.114258978530588,41.19529288590101,28.398651133601003,108.07000537766359,38.050413360733884,13.361847382576316,20.10276597695592,12.785595420907631
30.655060946736644,301.38093443217514,20.306845350290263,7.137165920413216,3.710511137283524,30.511731844405553,194.12805711674295,20.637444584946437,7.415136287357963,5.83523458793805,2.5685759708495635
18.564890363488413,307.8573156901107,86.74890372390388,1.880071472179985,49.22429633324576,17.35317286934653,386.60951357068546,107.10853716092845,1.9157704266796725,34.99398953688619,6.041272615748904
17.25727875709225,100.1364318335408,50.937818655216766,5.45744368314688,48.02907858395594,17.152513239118818,162.02058904868593,60.057468699580575,5.560329980651453,25.39883326895288,8.879001577445909
205.2230605465957,85.26564311558036,58.81205032333997,13.483504446959314,9.093401095774352,215.59902637399153,80.86680357933467,61.45976666392197,13.171343879187143,18.134312768886,5.601966050871015
34.743904941782965,125.34834721017756,117.2441359091287,3.4903660880664766,31.457462864800974,31.067384266328443,141.25294285516304,127.05399044989356,3.5430868279308068,12.19753728378605,7.161345510762551
68.67560993820514,175.47654763862204,45.0162201219674,4.351419635824536,32.955722056301404,72.93831580823078,246.03794409428696,48.52465973938167,4.891836335674313,29.20714000657359,15.43515622305768
11.4619260477708,10.167958922928822,48.47821442257651,14.444405933563205,37.17967548774796,10.79219742039409,11.875580355034076,62.553687398058855,14.629182585157617,43.45815201568015,6.1102414652866415
138.4319043730024,13.212851171358645,16.597113609341292,10.037427606208606,20.802541296795052,141.84353854807503,19.283910211094337,19.81640528205125,9.371254500145623,16.587256777972456,14.882608930413245
66.00981731315255,181.1672666296325,205.26181576192977,6.774227207590843,30.659562315712996,62.926546738671824,169.83663332554613,203.73061680881682,6.436936725002292,12.579019358941089,3.488933123866395
519.9292877134781,56.79692871492633,848.6640468639257,3.2450330540870995,42.14982553450314,615.6750599388785,86.05674054390914,1047.7495631270158,3.372212227924548,45.37827718632601,37.834962044622124
32.43795379011698,115.88520558968084,51.73544530287338,18.248863613655637,32.287839883272085,35.1646940935728,144.03928480686153,64.08786309279463,17.8803172641039,18.766861345873483,8.622845848179605
65.52954929138878,103.8117833360795,173.24149830803304,3.7818447885854924,38.209582235562856,60.36497602077692,135.97597541208938,181.54690425471014,4.338594273674934,43.175395591517876,11.788528256954827
101.74220234234376,123.21764902237152,295.7267915999258,13.340211013932846,19.20304324667848,108.43860853452632,150.7665821040398,413.9402497539951,13.307306488912065,36.30495372054736,7.125800645907502
843.4079061795652,413.7109521106834,38.781284084712425,12.04955388505843,7.767796267443137,817.5607807390054,113.01927440223022,38.80316589679296,13.945562166825255,17.74881992928001,5.336157833337003
19.742495054100733,36.87200777920372,756.785039652064,19.55094950927961,39.279875146843594,21.241020446075726,34.997268829047215,737.8601633248622,14.820744383270986,36.23741212300151,12.271450250708687
852.5784861913218,607.4352533714127,950.0834281078887,16.782620129985855,46.744691364881305,800.6189821307076,497.1469573031354,911.5984132550687,16.36634092717438,19.89183013393095,5.811502647913244
138.31581255516664,554.0016450235817,42.79561680257664,2.2521747861681165,28.316920743374883,124.55630970161701,726.824391279716,38.02357235391936,2.0664172304981046,26.160704605745302,12.00408193383915
169.2614134749787,17.77928355575868,34.29016058632463,19.519015266635083,36.49604234850991,158.29230190073417,32.541490869667385,33.44010580001276,15.563439005560898,23.59997561036059,13.124335669085404
17.532543532768624,215.93145387834105,688.6773969771682,15.616014997296944,35.45713064566186,17.04582816779545,124.17987145442085,676.9900958737015,14.20161254945887,21.18496745373344,4.113521618718124
14.225678323241848,410.33605925284536,123.34025166905111,19.57586818739949,36.179984686205536,13.3417927498238,186.81316451808783,160.40210918092066,16.78410196852598,16.236259556903658,5.050829452001785
687.060538507534,143.28212091024545,166.77048877812481,12.804850626337814,40.580862049764605,654.3605884730392,117.48212619113504,167.79395726457852,13.13483151610674,14.638930265262882,4.358292990248952
93.41506131583884,50.37956002175,651.1332932343835,7.457327683697173,48.929473044137424,94.33161051654558,59.12276090229908,696.5536705956415,7.9678205992376165,48.634617253331676,10.711144511885626
273.09298417942165,394.569270431425,34.65652675216273,16.865986641920678,21.938264351935903,295.1686514546994,396.37313281181986,32.67041914497047,11.107498037305131,27.20511822994156,8.720159030212384
202.79223359432436,22.932683181515188,74.9860001318479,17.731067013111403,12.340697268143138,180.5248849215065,44.95737772048276,81.9691473427949,10.788876188129006,12.901300015495051,18.841805547582446
350.4275917694506,137.92756089017504,169.32851579214582,3.0551785921274903,27.45495332203128,365.5039096221223,131.84143155269433,192.4155877362573,3.0643752527555344,18.123851980985677,7.558447394903128
114.78303896411029,71.27090660438154,547.8974552586608,16.72397984488562,20.821472593616804,118.96811863600527,70.66575038526933,545.1350898418943,15.36338203750384,18.58346937215985,5.605950528038681
12.336111397927953,115.42377354624172,304.14348237580293,1.646793842612717,18.015938774841654,11.526286320659315,134.5427129860417,327.6194445009255,1.6236288215774188,28.381238395228742,3.332255412656917
10.71621321481927,54.62124698244985,29.744472170182416,5.785860021679595,3.991075110521337,11.061529755104983,61.05421449584543,29.464154809904496,6.044114055728063,9.056508709691661,6.996034081890865
37.30630202093602,141.48932525704828,644.5328601505586,12.185718352999448,38.19230423965055,38.53705662364739,132.61715490702744,743.4629390261189,10.587420765192313,36.56361869595916,7.194800731947737
30.698431841930514,492.1766197024896,12.378296665531028,14.637814657333188,31.56252429039648,28.373695935193414,592.4375384648532,20.802896995175555,13.962102324553548,24.137265613514494,4.594487090111317
49.07228561125516,25.15690106712765,188.96715772040025,16.288424390327922,33.03617979012954,52.84838692885538,27.622710566416476,296.8109645318781,16.33096403107008,31.528972850229255,12.89336265912779
66.02342046651474,309.72766628633144,939.9602362389822,19.76867806735942,24.744457347801518,72.05078305434385,173.64164334592886,1036.8728857838087,17.80979624892138,22.198121889001776,7.124964591433152
94.98915862756583,346.2707561482731,374.27480267893384,12.352597946751356,8.399696614874715,92.3285200944772,379.80668769051636,369.5346922074872,11.868302752653138,16.346944724873694,2.856606499992496
614.15973566282,164.73796893483816,422.86282689099454,8.001132603147145,47.92256834182949,669.2497442762012,172.1980781938446,424.55490991709195,7.991958493839402,36.20788019685157,11.246277309363508
171.62733823885182,302.3056701140445,20.782321752090684,10.171450025132359,45.60438817859493,166.97000783591375,381.0526292747289,31.32985068407058,11.235225963101014,35.228923130200286,4.8136013898537735
14.266873102479215,20.59597128384621,74.80598753887793,10.17354154475086,11.862338519235722,14.593386614266718,49.13875549292787,70.08915367179145,12.762130948598204,17.4300947464726,6.748336852977367
493.4698866248341,19.837782028546947,40.33007492125472,15.464833774539,11.878336173895672,470.25455872600315,33.75680512954441,38.50328854023824,13.060961380309118,12.060345607342736,11.01802003377694
80.58904046448559,25.679899113600978,217.39523323721866,5.4945143114498185,39.19447577819205,84.4686452725448,32.25469461743465,360.1064452910709,5.547738264793105,41.119555168912704,17.763807733022002
285.4806623377096,254.4983935782566,527.7374301686318,13.46718612294014,12.936970279137286,269.9400058303982,196.57421022202877,464.35811232793094,13.8560486932982,9.232095781032651,7.313514747820059
281.84548946241546,164.29052989577042,45.06706969936275,2.4493487544638746,46.43851817743606,270.7412619779167,157.8513404608327,48.774139471379605,2.272577283107771,49.009800381151116,5.29935020781354
79.0749845891052,34.110578722323346,169.4527871248584,16.430429363254444,48.39815565262219,86.66002620832981,40.18155852253862,201.5378782995509,16.15450931268679,46.88860720933946,13.901055323213441
15.241155017996746,17.55287591655076,10.896170705446714,3.375519731330906,41.53027880941298,14.875235489744966,31.20521681476378,11.7322285328121,8.40633667905651,16.69536021996791,10.022056314072698
36.78478545329754,447.96909292439517,678.4905510746755,3.2072460840140784,43.46254106342572,33.78156868246403,457.74866666841143,764.1490826253057,3.3133106450462164,20.777900391101962,7.918008830836527
160.07003677116384,350.6994023743085,10.398842941891884,9.200088789167708,15.935466502507406,170.26646301221882,559.0067191156603,10.62947049808543,8.76168365997284,13.241897046720501,18.802283794514185
50.90499672319281,25.180103633812287,18.699285304074074,15.031464329193547,12.200719568633627,56.00480815535881,34.97463083123734,18.57638362218242,11.175970544329514,23.950793231961793,10.929693543524056
116.58859421872772,79.03153736066632,804.6226630427782,4.989867790307726,40.868570692297595,125.3711972052597,92.42392752519508,942.9468555197161,4.673153710133457,41.485511549829745,11.919703899619654
60.380394980834964,12.860394841902503,28.999495452794328,5.961424695502877,24.292431541638212,68.69649043063917,14.602867878156456,30.76299965701077,5.850295352012361,31.294193894894516,10.345072005076196
25.734439399065195,20.64529396140861,35.78518528059731,10.716044758738391,21.99800461374687,26.755833996807432,21.578502577268758,36.998055218797575,10.339090893767244,27.61527106829012,4.1246117484219225
340.94199479050366,184.73959459235272,958.7951765955881,3.6159317833331004,27.825035460459663,374.37940480473054,158.87434930670307,912.8012397232762,4.654945852484935,19.75793499369214,8.497572448019735
55.047619831972206,110.47365066917256,288.142812017763,14.89148236178948,38.15276380645257,64.20519082096031,116.74424441091413,326.9062634326193,12.88919188956228,36.6574757981828,18.063692267354224
497.0123354246553,136.13894738204795,12.640903939601623,6.096827438223815,19.430301488463567,474.512033893652,144.8664523246953,13.972049108416636,5.8898376953027,21.027041585127915,11.019678649871112
47.71833544275661,148.74290057639763,10.562577435985352,2.7377090118644487,33.21563655979942,47.258363967281774,225.67494191192307,9.949771595143975,2.7434159842140127,32.430583121947755,28.81841291267596
339.133250315871,811.924863319693,152.5030289633178,14.094732594356367,13.899764915101985,329.4938029122724,886.0213591504727,151.17220894491376,11.062460765648149,14.92448066400655,5.208247124472121
13.040201043402405,359.9031682554315,429.6091043473723,17.25921593023564,9.805943808177823,13.235163738022658,254.78559811670814,491.8379699459087,16.90898602213987,16.30070605595174,3.6657763533089422
58.418320613847655,432.34150994030085,126.9642386728134,17.794860639974637,31.089725046200684,57.357618211383866,532.0826413240412,108.85003871752595,18.37512890222298,26.908120734146873,2.5912763313073564
856.751104858642,223.26445537724996,580.0914965570555,9.330319590470191,17.0434064482675,802.811118121842,109.40474509183801,567.0175400119905,9.179430399217624,7.948655543441726,9.307235475207364
11.794618561926834,222.25239458734745,61.40178253099973,15.955613358626621,34.23960733441506,11.987472170569143,371.86441269574,37.96851110883922,16.898520831663262,23.306598579952723,2.237810259012153
36.51307326117921,743.308454700422,208.20904152175004,12.81247664955653,28.639156450313777,36.48265756260903,323.1607246296883,296.8905484822543,11.117395174335885,15.846676735905607,2.938427243839275
10.126556774036871,464.2396125007265,431.4751905089933,9.842243982659294,23.716905135695388,10.811811704419874,179.23398634807944,536.4323410973813,9.328304580099639,19.086983402461758,6.871033565975136
83.69826896113094,123.54451712353905,27.25802561196461,9.058858544219246,36.47655218739882,84.83785558679942,168.17171784035853,28.160544749082412,9.557770921958427,33.59673385670678,11.840690575430198
25.917234492848117,30.49895808905999,18.705590145271906,12.016133799590184,6.475766612130701,26.552517914871952,27.352470946864592,17.420582984735752,13.334894905632684,10.315289659776816,2.924300734316774
681.1300380369422,457.52207461834087,64.94975845018052,1.7630555229912472,47.49647619947629,751.8986184930179,456.5649828959444,67.74275215597753,1.9325950687670705,46.56523563536377,6.492844718418519
104.34419574534584,63.27507841559662,16.107205495374835,5.765298819851539,25.054005386904173,112.0298288419557,64.06459597809356,16.75181598241742,5.0775312032154565,32.89699302827812,11.732132379661223
71.04015085884141,318.31016101552063,56.002281955873634,4.521132202542174,7.087856515990803,71.33106094458172,314.5319435713841,53.581190971920954,4.215979273000881,8.350221081388016,4.4057150074300155
10.809910825895841,91.3479302067201,23.64157151090546,13.372936461613625,28.36054379444733,11.041440487799722,154.2215141597445,23.69490412293269,13.197831625893114,18.84571746233103,6.0179465808675
537.1417397888455,23.077059723601963,113.06065587197166,12.256428499199252,24.89641940682645,484.659216375987,17.877257682991576,121.25369348556332,11.724831820834464,16.89878591408447,11.046222953744387
14.0792510966552,29.123911451827826,172.71433518587187,15.84476215118816,24.764512206445684,14.91282963436327,36.08161528338797,289.0307277634642,16.943447199457243,31.732042378367133,6.749651329330239
140.349581726494,230.64564776276595,10.631275060395751,15.782423162675254,10.400938356187623,161.90348661934277,385.1581034209431,12.003935728314913,12.954863132282597,8.950016080733635,16.980294232982267
21.6706770274509,37.28936211424071,47.442892873900476,3.010594301385942,26.08663112365126,22.573635158187987,40.80703804976758,52.6640452095055,3.0149523658021957,19.452195453476225,9.398367730516691
19.96104889354806,77.8217837556326,20.42062762061849,13.366442125270268,19.415692800288188,22.224140582693153,137.39659856042013,21.37674654830288,12.4820792181517,12.288856273529902,14.467550878317823
29.920473629110955,171.74468573585946,72.88020150947874,1.4936535109271158,43.555491227886996,27.399111137968426,199.35817373500936,66.28597182650503,1.3538119804714985,42.606817012975576,8.277046931951645
51.197986485420984,187.9579118913545,124.64336367698915,4.41391874053736,37.267228041873736,47.912478220992284,288.8249912462173,128.10715247317106,5.070523527189877,15.590863474084486,5.118464957766313
120.71486908513255,552.2403213949557,136.60951516046512,17.991458189758582,41.955371084498545,120.67465187304323,646.644807029482,140.62320089574376,19.29373461730834,37.78012761496926,2.1426260431044493
784.5149967082641,745.5212509957554,179.86196781363287,14.53440910381712,47.53577977375511,745.4373048046004,622.7895819348092,237.291730603284,12.69672487170752,41.21820156446403,8.646619899080358
14.764797330232703,214.57638102300035,245.79271899377906,7.455144455856694,6.932649497471502,15.250877212017397,177.5724580055831,218.13655777978792,6.399566389534049,13.77000779400458,7.396536554175384
28.51883820343347,352.60549052539477,17.03051270120568,4.699801385233559,18.826871383018773,29.141328720069954,557.352242009931,17.268794600559108,4.736520329068697,17.72608655378962,23.461416785220035
29.15684785205582,571.7281414909949,12.926176564063642,11.59876750712961,21.067397648722277,29.60524721204206,487.72191360322853,20.68968958447274,10.81750233892366,22.80564951088149,3.3075775188884924
401.28364138589325,166.4537667961193,371.59791159272913,7.432578157465316,46.83357308239132,427.73671417463476,186.2252962525516,388.7228731432592,7.46498060567697,38.932250008110685,10.593253036529616
29.01035932822036,12.155489869515785,71.53850261268089,16.96135444783548,37.42384443080377,32.17203302561318,14.889265525742283,105.10639273072667,15.879109287184582,48.10177979798235,10.609240105080636
198.38861762118083,24.26267822272088,82.74445810495799,11.136351320827492,18.01485873378224,183.0357856738573,23.480136042824444,98.44517008456744,10.39376745802243,12.34706357570711,14.745727287152487
16.20563469493148,10.07265642749243,179.7248721626109,9.952206889945034,39.94537456381826,16.589985585144717,14.122777468581802,365.8182403019443,9.270036240577715,43.614755904824406,19.940137718593117
123.61081854994879,987.9107054248564,754.1888251918829,3.8446916526934345,32.517820160546705,108.87177440264573,1018.079650808727,818.4556136806373,3.650342622732185,26.213129339806386,7.346325154513165
233.90810887904283,148.78045739703907,412.9854014236991,4.522104864986201,8.361522570916879,221.29720245375393,100.81567731899342,438.30629779746226,5.509437849754404,6.904179003341164,7.735766016616741
134.798389030305,119.03997372195208,22.202106075787345,12.355125210237018,29.233230745159478,145.71252083951643,129.46556656799154,23.08240835767822,13.6198328150537,28.629656018419706,8.919436923902678
188.11113145911892,732.8327685878965,10.032462305054585,18.117857895787527,25.889216943537853,203.27334485225416,795.1842204691757,15.178228577308122,17.51358680561545,30.022003774247423,16.0080917732401
240.36644740160264,14.574629447584714,50.37496096366791,7.398711260045631,8.755030776657389,235.85113879211727,17.058199235734225,63.94732249559802,6.70796770596425,14.156129274326409,9.077701838464238
295.73740947908476,281.6901075654933,361.28250532058206,2.379603049598195,26.459736028061698,301.48225727549726,248.62362487948565,360.22047233486836,9.829375173201772,16.59335052807709,3.8042660838919233
56.87646480813758,519.9090483793206,144.90133399331927,5.95185023213761,44.824679873143225,61.03063363186411,578.0750944254968,188.2376876193828,5.852699289260023,36.15096476053013,9.182915466873494
104.26453388150641,33.24462624848725,45.87621293493219,11.080537748464602,33.813998833786926,108.25015840375212,29.820222187375624,48.16514200553837,11.225176889875875,19.05301082004815,5.430947859866372
13.544844398479492,134.91057814250703,29.249521993776362,17.42978216811393,38.84746111431862,13.241649335523599,231.2803350326475,35.265644890712196,17.31079695334912,18.712257461407624,1.8486814046687432
67.85653927204422,68.18358980345494,141.08435491226166,1.3711967349004894,40.926643731014636,68.70183238323652,53.62227498036281,144.26897360281254,13.905201789186233,17.22557943939292,2.6644372060373076
720.2392830456373,47.990347856963865,193.1116241729387,19.87311817793448,7.226863404037627,702.9321689866172,105.10684845045549,180.7813919253445,17.493842712083126,11.602319817511434,3.750695725110561
68.00249566030404,12.54608541279546,55.87638189288905,10.951306025635107,6.8802513393783675,73.58545604034389,20.428694494561146,56.31747916686587,8.903938985536413,12.457427828971772,4.9868098175480835
635.6028197088461,102.41615494655089,122.67593920306179,18.79067498553771,3.295357966159792,585.4826624359985,189.4702278378946,120.1866987492864,16.705557397842465,11.777900193110861,7.348626099952405
124.10657897537818,41.178758815940824,51.95855659729908,15.09829124482847,37.658512285464916,125.13143253180827,29.650682432951793,52.77664308424662,16.067381027549448,18.47553639790219,3.134448913247852
96.59793489783398,796.7517159655828,225.59064203946315,12.12566555889823,17.64285722640665,88.90457417183396,671.5366613243499,233.3940061323205,11.492170910519816,20.088191712611895,6.774029780904094
17.768440277394077,11.426757651398788,27.115527782470945,13.934113803050112,47.85356014556847,18.508578194841444,11.912182229259558,31.76146519942908,16.795579627729584,43.00009425967375,8.30849191006122
236.73121019506263,856.9563020889268,895.0940841711039,1.67935296771071,44.822485077718795,199.4841074767152,951.6579473563719,991.4530999942289,1.48407252752469,15.699441034337728,8.9995272095054
140.17771785257807,254.6630543909221,51.68750551266611,16.79430451678942,39.073508737374055,142.64727166258373,277.61930157633174,51.64317336134606,16.9067247918119,35.0003387015958,3.263172082559259
176.4854410269671,56.7435996334666,411.76012019564877,9.589718829774515,48.674633758773034,185.05205041041194,65.19696786152646,402.6997033524133,9.183909725798653,44.62725511886028,9.812466400830989
891.0978685160349,32.36196809640989,281.49613540647016,16.120105091300935,23.17834422134629,795.5179013732188,32.142731410900346,278.34449301326845,16.409585394162477,19.917994544469853,9.792625623156823
232.57301102204994,799.1898964619552,869.942257097994,8.686151511670701,37.09659040368802,214.3253091655607,757.6430505531495,910.3853653291145,8.102403733663758,14.527202105266905,5.466466568810214
297.0114933328946,14.11904412772445,69.11088850934925,2.6004438938322125,21.040625977615843,372.34670831943737,20.247272060596554,85.65245173775386,2.626910730895214,29.047406389090174,26.34315309208913
30.267751756831835,36.75999728943854,23.098966723546354,19.522820325678715,39.489670269401806,30.321133061333114,43.38033346986877,25.086159410361226,13.702504284747357,33.931365953107026,7.312954667642144
658.9330024596854,255.84609452343804,14.32085742914444,1.6964934162142695,21.169607753086378,708.415737143914,309.7929950837267,18.68383875280401,1.264730480615052,23.042277959556603,25.749450056910984
927.6219663168556,20.24864037569517,85.9657617875974,19.27325689120792,42.91325562357736,833.2602952466453,22.065548180342795,79.73379223091871,19.44672790467703,26.988903020679377,13.46563944931282
449.5723027038125,610.2323910502672,109.14709820047634,6.441643323761859,37.206521466245675,445.35450244709114,739.2222334457714,108.47201970582753,6.86546355537933,38.3154425024504,12.087872004413201
413.0352899736496,17.563836552730073,17.607119485660874,19.942881442334865,34.23357831478378,453.56229348891685,93.93320847160268,15.968840921827185,16.734558433092793,11.68929691005784,8.044011198691814
38.53005092879806,13.20661496481724,68.99005163976611,14.65279514025613,6.038790493784431,41.72179084604,27.813550421095023,76.41454134846892,8.750655542299413,19.102435970676254,6.279078261513867
21.469582144010605,184.06470306394905,63.46209787684266,1.3307697447757685,48.556643322895404,20.398470561237467,227.51390052876945,61.320119979097285,1.216637823815798,41.610486424279735,10.910263246495886
156.96406373309972,647.6384281938412,52.856017699728746,10.364819152789082,43.238420157424656,135.38964979076397,875.1687183206659,67.50379479009916,11.089958746797478,31.48614764079758,10.994122214149893
246.6663708584332,331.4722487008872,18.299473812052117,6.59573426378704,20.243740917370626,256.70189587388853,545.2012114688895,16.913552425791305,8.342262085473298,13.375943356030252,9.131370491302802
38.103938787615895,12.90127863621918,73.77720784229889,7.002214181203093,38.54085332862742,40.63854063356635,16.926436367321223,100.12251671094336,6.505571555404302,43.221831956814,16.529132314153056
83.18298392498714,38.27341316950334,214.65168511470836,10.896412826717704,29.430949040510367,82.4861804818996,21.200786599733565,219.43578517515775,13.5158912718347,11.420966721351977,7.925547320285324
155.7246898775795,47.61507132641583,99.87007498049873,5.5530540660888015,18.235899480491113,175.52432395506415,39.697262978553965,107.13143122033892,6.211447768812756,14.693802817785446,10.283438235833698
439.634345963943,26.387193872417207,435.8651019288461,9.583022522215808,12.84959731975269,408.53219329956886,28.462189924544337,397.26215306640853,10.144326096250918,9.496833805883249,14.607173177978197
17.83928650045512,61.40389658114022,21.545859252028652,15.57114311638649,35.37049456381658,17.81391033338344,129.77207108889633,21.904355451629502,15.789943797028853,18.13133755165868,7.309183280987294
29.506729115530273,18.48588050858784,12.893050660509154,19.557154729793005,27.76528770850931,31.51341399118751,29.80984679984881,12.345155803628746,10.22105365988067,21.822178387442545,6.547525915093276
788.0290605646832,45.790379116534005,255.97380872564102,8.252952798048756,6.08250675241514,699.6789276020668,43.146967005293,306.6942281653446,8.134970583623105,6.192199763679445,10.72554907933332
27.469164057898137,643.62014753299,24.27412007920968,18.601384694520075,35.380663985153284,25.557870645071148,526.8047720569635,54.55143517627798,18.025767429716552,24.48909715544985,8.30001509668527
62.641724743048,35.56711640059639,22.473713826310117,19.032096712932145,22.38493107575298,63.66162928472622,53.293897680020216,22.466073645686023,11.386741476539612,27.486252854016374,5.126876228804991
49.38181182914287,22.52064106375437,53.66873424256887,15.75778314475744,44.63307963487772,51.46299110260119,24.964433908073335,63.411538373515995,16.389435632211836,41.29892350344532,9.441015261867461
35.71293826909066,205.15591766053356,81.29825445591115,3.767170269584528,2.063269363997973,32.54895254430991,130.28397255001767,94.29151380186481,2.971011416828561,10.873659322382755,14.981221233853107
125.51424593684338,15.592877280345313,166.9516529569169,4.456083399602156,7.192017960490017,132.162369362646,25.1643838012053,190.24395444589368,4.528936586759629,11.906649388118531,9.451880292872687
14.789364279233512,470.14472659558317,734.446310179636,5.29758890623918,27.190937005241775,16.421635853736227,252.6559287832416,779.9730201352826,4.84350534902005,15.748411785554529,11.56353069913301
434.0006689863082,878.7952281216849,95.15742783281041,3.4313198833542984,6.240242137491824,366.5806576662414,744.6707650620561,85.01119278604783,1.9443012746242752,5.60462305122906,18.981858570898588
386.11409335643214,547.5482553020944,352.09876161690266,3.012573080061811,5.1213920313761925,352.72346694390194,475.03338687787834,397.0420260268446,2.619159663321916,14.829670626661251,10.595466418179651
11.708743471637995,177.20697684666055,943.0501411501584,3.3428134326324686,49.94500389682116,11.751507907614748,171.31727481199545,794.3465771281736,3.87904618378216,42.102040958079016,7.976938023519839
149.66114469917903,10.325740188706646,48.5300778104209,14.384867100179592,38.014940529747406,161.83465112141724,12.594850961410382,52.23985149585848,14.293253634351355,33.94445715113918,13.977075489560594
17.20316047198127,41.98624189732039,319.02574161460547,15.721465683497737,7.24123909796259,16.000972714276067,162.37742730908678,314.8027733107946,15.996303061512313,16.57063369245149,5.181906467016375
167.9518390980701,47.19449013171072,296.3311169609988,18.83130053249017,17.17832732219587,162.63289699317008,41.12359619572208,278.0604977746414,16.35061376076178,13.68499325600758,4.790397799832643
12.33461839364888,638.6602607736726,10.992860829625423,12.448389446033344,15.227657311052821,12.733719670994661,349.2877892446051,24.376055720305676,12.22437775904049,21.60187968999339,3.9632862380217038
50.83480836626156,431.01835066039473,201.99506555633548,4.974243837065388,17.770962294117147,48.93235020558414,400.00642075606413,202.42375433646905,4.986792264232922,19.97424506472017,3.3046698231185023
440.79191724540266,21.40986224703718,395.2805769931878,12.155790637835471,15.889759197722878,395.392515312496,26.831225966567484,424.4483693733876,11.28091891900313,15.027929208943572,15.15086254404507
73.22351819472863,16.488194263305733,20.279469415440207,16.91472856425425,25.250444441669654,78.0723252084677,17.521350220025212,20.968075993122657,16.32862019875288,18.27472731030755,6.874641584148352
14.85680391213454,878.6034450892986,27.7478198539852,10.595552192278854,19.31703586041577,15.09103044674335,533.1343227819613,33.97149509241132,10.930308935492768,27.683666906772743,3.346934908644171
71.64931036033828,25.17476236502298,558.8297173224283,4.829562625755468,35.92060239083924,79.68988387687064,33.310155367374726,691.517919175652,4.901485531588531,37.14574189926913,22.70700341150936
62.14677299543502,12.369065053666233,19.51595254509343,1.715509212161746,3.1803175826252574,66.83782059478122,18.790545188568952,19.862104696058164,1.2129248115107056,17.3693076067719,6.628943065568066
55.769889820138395,746.5854304108611,46.82923806543545,11.73306548735567,18.606343323237127,60.19906775128549,529.8310938652464,32.71921431452363,11.071472193039044,29.13899122843386,7.785559339069184
67.42168928127467,20.889532124424356,14.252504926782033,9.148740698845591,17.941909453717663,69.2399483566502,30.387916955142455,15.393139558762028,8.00872698414085,15.977367793473208,9.69713494084226
57.365685570511836,76.52652641323552,353.0879971711567,12.376671203092235,14.971772096634458,61.0370267737047,84.61917109331132,431.5950646614883,12.288311477650147,15.366809252406421,10.507769775877293
166.81679085221967,758.7235821638745,15.378315974301039,11.10391202817539,48.01983845249116,160.39045406600525,1043.5475434632967,30.556465327895317,11.543587312222297,35.51263280607698,4.886061075739991
991.70196284035,12.972028348908431,42.24421259480389,11.511349115702147,12.535298005362634,1037.114152110711,20.917116236813772,38.07815984451531,11.417846098785382,15.399975383192698,4.777518877711943
159.08741588184748,288.3066129108825,300.78427839232785,7.190497100346295,43.39855995797165,145.90580108253906,367.08013516078705,292.9070504448606,8.132527390690484,13.582926288256632,7.150693800639546
10.425797448614807,289.3377815221045,68.10891123221222,5.9983905191666125,38.204140228101735,11.034840232258448,335.0157431053735,66.87503013403521,5.993032190687703,25.79499747184117,4.986404879106768
11.43076650697609,23.401235374676347,220.03671471187897,15.401025848671352,14.79984748011404,12.66434718110157,44.728341233410255,362.1601036182225,17.02119197980116,23.762257629978727,13.563091559625883
615.7587599717194,42.88673275622198,11.53937233640414,6.857791328156456,11.826653241970078,693.1049479255252,42.04259845895698,13.068388969741234,6.2902944003473324,23.214548672100232,25.827603896788993
46.033554857909344,465.0125891306437,21.212279202664362,10.201310201877623,16.490949048805696,46.827847856468914,475.8656931203853,20.16321924429482,9.971725319180067,18.879830241294137,6.968377333321091
605.7740928016077,252.44916500383388,709.4040419034596,8.103338630666942,29.600120034491937,619.7878227813798,188.85561573439435,668.2945723735214,7.978899931057162,15.995083385580125,4.1275519158345
576.0764568041286,506.9740231370523,366.35938523123014,4.545253264171473,22.976967300439238,617.2953604484571,442.7661491728411,387.8156134045574,10.682763136232088,20.271349737409288,6.724550112046968
84.27816523181062,27.336481368970222,12.588122421720707,13.42040226308445,34.12222556708148,88.71361150627693,30.263942588137883,12.484632605100431,12.95850799014956,38.70277448443256,6.897564456644691
61.489037194391194,241.1192816396123,38.833232442376556,11.085840314037942,40.71985722699613,63.572367890563335,313.69778256608856,47.198511437230984,11.316333665250442,32.69563216484198,7.495222292798206
152.36040584405418,40.18542622047558,11.661916381274686,14.995185265855403,47.88639473357842,160.94604853502673,48.98962393685865,13.196880296330855,13.602172340198829,42.137410584643995,6.595180341327303
80.28729251469005,12.53656980112392,187.84471902422155,3.9715878786450856,33.53442948102251,85.50402585543681,14.548460687321999,263.0141296957155,4.158270607796269,33.376322265043385,15.938851394151815
13.54403713694474,165.92857772469966,380.94239862515803,3.1784050577934653,45.2793161472815,12.952461057646643,152.15870357367695,354.60587881045933,3.1721744307975777,26.970227330637304,4.893801998281296
98.91282400294885,255.705316622814,18.285843793504718,8.734886686332878,36.43032965479246,100.8472630896709,420.64037062269756,24.778360160136856,10.314349418813967,22.528540192223094,7.048796364194638
15.10046567543856,774.0480340967612,11.20496310100221,7.527565535536024,20.683288972852107,15.523604567156903,633.4750665142383,31.349454837892864,7.9842300502777,26.015956551811513,4.37323724462777
411.4237305391075,334.9537677634994,86.39840841559108,8.320246987758452,18.62473211038911,413.1286829160512,194.3723827155271,85.0280697412234,15.493961323794078,27.032480078710993,4.813702019061916
328.14024582472865,158.8441374945869,27.318743607041352,15.207526230684767,6.255445603578558,348.00679207470625,58.72543464995126,25.858572313028215,16.01990149527737,14.999798101707382,4.973209873185565
19.69164702468393,19.609425319165886,485.7696149153625,11.302749909968314,39.46087458908248,20.088995931701476,24.566217685355763,669.0709197400622,12.500657197613931,36.0550810641345,14.073602728154277
31.931854070500485,241.1058520438284,295.65374446471486,11.098843004824376,8.268103432418483,31.467122899364675,149.4010727429256,302.0184047159244,9.2952158247742,12.842666859160579,2.991744833155993
635.8844743099932,18.05238742874752,387.0747774554822,8.291489130264008,17.807697778717223,636.7308770961262,20.216152285225398,325.2832360532964,8.451393770743106,15.796531334589003,9.529785162522469
24.427287277671727,132.8235607659813,316.96049179300604,10.373011426231006,41.93384711742632,25.278990812938517,114.193967509505,306.25093817749575,10.934324894745856,31.213136417425112,3.6222783648483943
14.96892681678517,29.616075966648822,101.10157710075437,6.217003559452607,4.761964416671451,16.785936982261436,89.25525806470057,110.97384914152308,7.2364878666782095,12.525662191079961,13.42513251923906
258.23502105997756,37.28644231765375,55.23128906200735,18.060630359397738,4.012389151444911,269.14486574108133,60.60161011270348,52.441392526664075,15.667771764596178,12.79795271999841,5.224756488479943
250.96675918466534,24.596163384278068,163.79522423936572,4.970746388129336,19.708443562060417,291.114093690538,28.161231262549347,199.19670641444424,4.977282165744536,21.742553814440598,13.86724726894033
24.86839009396129,60.9374305388288,57.62365281020218,2.444415337138767,18.03527621969496,22.41905703287903,87.1123969398077,71.72105206739849,2.639901454735403,12.969877380812257,18.517345972641643
274.52698613236345,240.15880946740128,98.35903041901541,11.770094522659596,24.151590389549444,269.99135244423184,289.0970920873295,104.73790366854178,14.277967597406496,17.946527505395224,4.3242687405521325
17.5203853359289,95.40716709416228,557.0392112309701,6.496184831233217,27.829014885928572,18.272714450383447,89.19325687117421,691.8333648250739,6.292258657519016,28.216126810957945,4.757953940543155
119.16459019108326,75.08054060555526,173.96291569717368,8.245606161562382,20.74806619021502,126.2641625890063,61.88139402051513,189.74505548992283,8.132469856557904,16.101117173366195,4.729175891852054
848.7501980069695,453.04357294436767,122.08749578626153,2.542139806665612,34.30070994064125,929.6649556479235,425.5400153702426,127.83443593407152,2.7353164276859836,41.909033357194176,9.69307962796002
56.66742765676464,18.452592055280924,786.4674057207384,19.880108609848048,7.433518949992329,58.844995421476,39.518527515418505,867.0713874023519,13.424381999714987,17.523973756031143,6.879685169002964
122.41859688962158,47.01545945357799,441.6730955113084,5.151213852925336,15.979549691689838,133.45243983956763,34.144027986262664,403.58010406664965,6.073466450451662,10.579846566963042,7.153179748272925
32.365538391300625,17.51483020709052,27.211180907561022,13.367283969361997,45.7737300805367,34.57405472000795,19.191529143107477,28.34572743332275,13.689412703829658,38.134020269223036,8.322371717590912
37.023286706384816,78.27953609495901,91.5923563666269,19.732977248599568,14.704720573102167,37.92293086429757,50.08351871147557,99.44666611553755,16.098617926125147,14.079296284365803,2.179540094803005
985.6336396835292,44.72300479664901,949.5909936023719,19.69797770130954,17.302670773486163,906.2777023634804,52.56580873551196,1078.082212340856,20.89163216663346,18.245705894950454,9.246792114478817
32.10355063978095,21.067562874647255,527.633183666602,11.323230383292856,18.799708254088216,33.97669986800207,29.541734002866207,931.7857729632323,9.257483582594961,25.215119869579805,11.72333131829943
25.831085412845542,139.25369432119925,50.741271142898796,1.6492138489632706,37.76767141080881,22.456349554972096,187.0997298526115,51.28579186980652,1.5398186349388376,37.797767694969764,15.943053766280272
745.100250540076,23.374116977710056,21.09132939799064,6.559224693264654,31.14987987245662,781.1117884362681,34.587234444086036,24.88528985011158,6.315255983957353,26.807587236514756,16.82899091391902
553.916674327785,127.0059533124478,216.96761098202978,7.017166371806822,11.979941048511577,551.6286412213926,100.32652921381906,277.43883631641523,6.991697014685096,12.184344957392378,8.576480347574428
15.983557904856413,260.2174725396208,17.37268429177933,1.8038323222769783,32.652857747802734,13.797845765746548,387.51888255736185,17.695591051145847,1.7778115696161945,33.295711485173825,28.800776144243862
50.001067223808796,660.5443027464129,631.4685972340872,11.238939509721936,24.008021782214275,49.8472169606319,320.365901479686,675.3283632469903,9.69399173770042,13.34273135834916,2.523228721784812
538.4649683837025,645.3379602651462,820.9202677184134,7.21040920511926,20.92400762140694,546.0331428569928,663.8729428154857,783.2719000045529,12.958377715079706,13.363606715471986,2.43847448770387
481.8326410729383,82.23081660669727,684.8418406412073,16.99240269764976,27.386512627903404,500.38814725134944,75.25970371719247,662.7566333501813,16.383684012930633,21.753077639075947,5.167005973249992
21.075188764459522,56.81808931264594,167.62595295567226,5.3045140270307725,24.27021065105561,21.834476031553574,69.65999177896191,192.79290267322602,5.711775691169573,36.27199293656618,4.246136419439835
224.39574133487682,103.62674472954942,181.924287103136,19.94667267107861,14.01103592769424,201.13017092589416,156.46518244054602,164.1570741300557,13.689954821595379,10.52178714113365,8.170532477014781
329.3194196057129,49.775431925711345,19.401086647314305,7.759071498180984,38.39143442233189,353.25740408731184,48.940937264581876,20.578653483291976,6.839175808820001,46.516051066823664,8.426425683833806
28.15415848159961,725.289364538361,453.8094055855845,2.330679922335219,33.04538457846408,25.769018362616983,761.8410335385618,508.0687812057205,2.086225955189093,22.980667656195912,3.976074737435617
876.2586799571541,13.966720362296675,747.9122173468113,6.853565372455108,49.16976213596117,942.4116105117752,19.19621806018956,329.19502534192,6.772803378281665,47.317672602741695,20.202660707993292
48.88425905898189,103.75141817328301,27.12244431569923,13.483576264460048,14.455048685890661,49.58215238595636,174.18347230158096,27.94033650140502,13.480993140640885,7.935277579577824,3.25851651031025
11.849725151935267,20.667746678546177,805.1800912387081,11.93265953339803,25.470086013341668,13.159675957846236,37.287235644834695,883.6698554113623,15.392931227279755,28.74084568209207,12.445210423989517
12.12161722232618,31.34339771566583,372.3335344420611,3.320495318389423,34.9269516022425,12.291844904423295,38.67437716930669,652.5747180975844,3.3091193114896225,37.31895552264522,13.192566202404965
14.342278473926967,30.065657045967683,495.17051509467206,18.888871136931186,48.59160941312847,15.143175141722667,25.172847103487605,375.8757347688724,15.487498953923748,34.10229852378349,9.249127331434236
31.827314343022337,78.05064705758008,31.01721968396297,6.511943638128357,35.97516519893195,33.1492658204208,91.65980503941347,30.585966981958652,6.658084709474401,33.01679092812464,6.7256925087477635
529.7922272807788,54.17078495840113,54.99826344944514,18.07989893530502,36.1927116101189,505.8985104421626,82.97672804189413,49.855110598730235,14.848409649847445,9.877536943766579,12.36184545694754
114.6374483861699,17.580015079043058,31.677216409657944,9.89826278931475,14.929490265491053,122.06586760326944,19.189280830438708,36.74018687077541,9.975823702164313,21.90905980588324,7.440034072108135
11.440466906978743,317.57683705018525,10.58395921486465,6.503663045284345,29.8202082786297,11.982896380788352,452.4465314503567,14.803107966213899,7.2976922111654545,24.67003854836064,6.776851195008235
18.009451812969253,24.317400855657098,110.8082144259936,13.548656169579427,9.924812686956855,18.046933777184766,46.94859411718283,130.803810792297,17.771636176147826,26.848492709145347,4.719331877405096
14.655087704980877,116.18737961779979,789.7119092624893,7.375746653408053,18.088218953619283,15.508977110121968,134.70385505499019,845.721820440198,7.062318847688627,18.04519516997351,9.27774809898859
33.733966130201786,23.75292494113814,12.046582599429776,7.922869953036614,44.19050587454997,35.6017067121465,31.28322798325401,13.512173587415935,8.266521906276656,48.1381124031393,19.05097397616885
225.3561077707372,21.968444528055446,68.92090197799801,16.983902535965026,26.544579792707918,233.3448161281353,19.76785359933928,82.19613426646922,16.982460675617222,24.24002242379645,4.704799054440764
82.04584329255374,387.3469766571626,106.00170824866413,15.838699389041533,42.162938813126026,82.1399902725727,548.4312884386634,73.96847177936631,17.702555558629513,34.3663190194556,2.782761827192647
189.52230712908172,200.81817133452563,39.38323391226973,14.748713007242692,34.714519809224434,202.1940655342528,253.41417320618194,41.68786185174148,14.75810963263296,30.13814556614415,8.820079825892648
13.519858734303426,32.33450816214307,22.275890049241816,7.581650173158471,49.50716215530354,13.630798607951924,52.40913940224613,22.414448567915112,9.003615817790791,23.384617491371884,6.732950517335771
27.55104026124884,398.56817871793913,857.4325885184119,1.859302100594842,19.663619503595992,24.684138747076062,452.05123099162836,976.7282776016365,1.700291718279682,15.294972200329989,8.039173894390208
48.35026505152288,128.99047117577527,425.4584204285166,4.692996171412121,46.45596134203307,39.99299890182312,134.10834458637493,381.3143478031776,4.745255105379513,43.59281423414345,11.609269577153519
262.8177063660859,66.87480521555312,609.3431709635871,19.204441845960734,39.999436206085086,252.9172611014621,52.207263385265975,475.5975068817138,19.166107978705423,22.73587398697643,6.232723112653093
55.807552564107,11.998595739016288,506.0994939958725,16.12063053647455,4.8943042058087185,56.153689050969064,28.779582200848697,572.8481984546985,12.876335977116812,11.586065869316995,5.699374245239168
807.4555013877645,523.149855315213,787.9253282154039,19.839936677755258,12.566210159975398,772.7877307420306,491.39149830955046,786.4994144281553,15.641911872462636,15.07010700660013,5.839842794334085
957.6029557739951,17.571933869416608,232.27997155918104,9.853847839786816,27.975001002104957,992.9163272635673,17.95403232467027,399.4194206069248,9.105413151034153,26.164690476720658,10.987945608923742
918.8548134726889,214.76082274714645,13.78557205208816,8.437208025823075,22.22903693869276,934.3848726984444,280.94234503299435,16.160857573891935,7.1546968136172415,22.91481313414897,13.916422779073464
25.458895950196812,666.4125471568598,397.1289658508767,3.5319617441895867,37.84279406200633,23.099115619269504,665.546223875086,489.7163001223752,3.525618327791391,16.767753753134368,7.587334334571418
878.6665279070957,38.36316608251779,51.75644003281097,10.822162272877653,8.449704118111198,862.7354509265357,105.5022164633492,52.45265414500892,8.211718138510792,7.093563017650896,13.025764913112084
119.57163807108036,254.36003208538065,104.67362590491466,8.964191745519697,25.700350133972034,122.41462786607903,282.0823068155707,105.41072253591365,8.676839864551944,27.388414289472884,5.843328561944432
806.4157349182868,214.79063710709437,782.0363522832242,19.287988420913152,33.21694224670287,794.7604918750365,195.83389069150937,672.4068801843913,18.339530065448365,27.392348557130617,3.809901477257635
147.7277709864858,82.59041343445921,324.50430772000146,19.10617924378755,25.619192471197334,150.3479446184767,80.15604817629436,315.2242841290373,17.114490152791547,24.887565051006522,2.4498116857149346
36.17247276145806,23.38786329286568,798.8926007620585,3.8384843734153504,27.20283263156895,35.97396898369317,28.927511578378635,794.9073663120935,3.797739432756765,29.039539935738983,12.07648615156529
206.70811115292918,46.024896933073,41.70136601942456,18.95324507545205,23.07982186629959,232.37781487806598,63.72919198612755,42.89752837014986,17.38166357573755,11.974243593104289,10.74278180506995
693.0650497626465,13.022307468834956,69.54216219586343,2.1286611589615227,15.096902033479275,830.4922163891725,16.32227268961326,63.41978287127246,2.230097680728511,15.61590885159986,23.90790826448962
607.433710201819,26.585656034417706,30.500241866256346,3.8391388583019395,48.06498555979139,625.9136207137695,27.787261040854688,36.583517947644104,3.4668276624615113,12.778270302506611,16.93013740125499
907.3847079561499,100.13902085615868,259.5234054533131,18.88586852431349,46.37579646876226,830.4873033966333,66.32906755152763,234.51312117874878,20.040198190227223,20.625883890764744,7.142405615605854
28.31663709405156,287.8759221634915,137.72940257875854,9.481875877384908,9.624936514332155,28.31646571581427,160.54805705253355,144.25458515606667,8.178968313659796,13.657166298028326,2.534184644305677
272.83569544129557,988.0518484042196,57.141867134532404,6.211072757456694,25.062636003930113,249.60610183400658,985.9375476035455,46.93967403065391,5.9518817802526165,27.963542127551847,7.315651032185014
134.14038759613496,116.57061712659234,75.52518281544721,14.543806929446552,9.466868156738073,136.7186175235218,122.23471618694143,71.64001485633288,13.745919416647649,8.055755065847759,2.844216624060958
28.048257596627806,38.067789386280126,512.2314517376552,3.315971379329282,35.51676004101842,30.840468185114425,42.57392769077521,681.1155382639384,3.647861562053672,37.05308729811794,9.673589782483809
15.978533530672754,757.6009246408414,13.653374894711503,10.007068102628494,42.33204899013497,16.748916590087717,369.934966098275,138.46722106154647,9.597059059342596,22.222575578489483,5.692127608001417
372.0785933996302,289.2079872707576,228.72612324171862,18.721109368798484,16.304094690176914,361.95086084419785,339.9676516660524,219.70502249636974,13.222190272669582,17.3823445212174,2.786591906042965
701.025145008456,105.2120287911004,37.579496469753465,1.181062908830052,5.225875137108069,653.0793849411971,81.55782554285447,44.78162970053117,1.5126753717231218,15.964025653031227,30.742354950775248
22.28192309090231,69.41386996043057,636.7136973992513,9.602514655160508,37.875515477193844,22.52908354804637,77.67905145371276,530.2711616595075,9.848830188947813,34.83192217032272,4.556413369477062
48.02354619719201,242.13502526682348,12.259219653879846,16.76959406808225,48.16760674387649,46.81653114692317,449.8808544887661,18.49368176400704,18.594205806360936,28.607042082332413,5.62621263600338
12.032701559222689,542.0148703554989,53.623675804643455,1.082908808779592,26.347240522919385,12.45222233941197,536.5095997347581,57.073170373209614,1.2118293511688942,30.08538082384998,7.92152071904609
12.965291964899516,48.11927750490068,81.99078043852592,13.255257823505834,16.394697796621,14.561672662821618,46.90842070651611,94.12043882225788,11.915592479159349,24.343079082532547,11.96772565081681
132.65995573030096,15.71071614397225,24.392804146410977,15.605053408316179,25.72267317348742,140.12329226072222,16.748556833033994,28.39709955674978,15.580418746454196,27.43060520003745,8.111173106773096
89.97224935404395,40.479835954940796,145.68672506433015,9.226282750585304,29.925625761986083,90.3556026528696,33.39848153510352,169.72697210772532,9.562953401914308,23.60483031475994,4.226806505305103
317.8058003520916,393.3837503589553,19.05464522258339,6.798146616216414,33.14491285484596,347.76222621768875,446.1247922147313,17.96992477135062,6.394674131226579,30.983217524888044,10.004143526099691
27.275460964881127,368.7409925715431,82.01870613253158,4.711747764145363,31.995120761247673,27.158193089527977,471.37602229591346,79.44538198448247,4.819181083365591,27.171152459219115,3.794264524034871
121.99633240124234,545.2036725591553,965.1423525996754,11.462205119729477,46.61615381549845,109.48362033167729,391.2171338467666,856.9713020526266,10.772352264276138,18.957720638833372,8.28142189070203
26.057830935646344,19.412411122542693,42.27232597587256,13.895085765251851,4.752082159635943,25.436782249964548,27.59868753922548,38.46008160128795,15.161756334724839,14.159500153248231,5.291731660479688
13.517857265549065,340.07587346462714,589.8869494529603,7.414962839245726,24.203554977810267,15.129583423197172,236.41786105685136,590.2829095857826,6.863997455231016,15.7135793480153,13.879141203917648
10.175819173633212,687.5197919415165,46.02410896150598,12.824913259211952,48.759495954280396,10.39854252326116,224.57514365476578,214.58739718575495,12.361474880199092,16.11513549938605,3.0269122954302063
552.4778702601952,178.57010035634502,24.96816855624911,7.597239470507342,9.21718733412908,535.6517450640116,146.76236308206825,29.110920233021425,7.449350050575494,12.680095921023826,12.40118361655239
98.21282973643129,23.72275807219886,699.1735790777506,4.220055895439819,26.60235595340881,99.2111017942569,26.985462674149435,730.9966688319831,4.57979553222254,27.55056769668446,9.073597711841
689.592377454446,31.387659264855024,78.97029440748787,12.540681294832444,10.946409275647518,706.496080413067,51.289305698847386,81.95529648308838,11.34719282792715,12.101838413822191,5.954279721502146
170.175691266692,225.3566064683279,84.05236295959901,18.775799020689448,8.078502519625816,183.12486587865706,206.09651841150878,88.09700917542818,12.098673471702163,16.2833727132239,7.771770243997614
60.82538640180331,410.72612153273394,13.397598719815065,11.441310787898226,10.848352843893148,60.382461315543175,395.80395599779416,14.207709025365817,10.75359566044739,13.567968426719437,11.297646911917331
410.2309449702785,352.56910190268746,165.5051890834356,9.92251382834236,19.102712034177433,380.3194930776595,377.1392425137331,173.88997171026074,14.280494087051107,18.200532961864074,7.111958364485531
78.50681836941227,177.84630875629216,15.656548679176904,15.094114943167465,39.00269750476052,77.61064184236557,277.40757767813636,17.045088823095067,15.428581031370326,27.669886531994894,6.87713833962934
62.163762964810246,964.782560355133,45.140018739397675,2.652050771181905,41.35737440992971,50.09554206637689,1244.0142675284299,40.1692903178086,2.461276918688835,42.81907475664284,18.094373855650694
58.4393799244935,200.00106444051238,20.630403763655124,8.23425616392496,11.990539337455703,60.013340651564455,265.0762030639097,22.994886949555482,8.124950799378103,9.745187949030061,6.906624430708607
16.124939641861815,18.30111192650223,278.39711134859124,10.447280690005355,45.49240502233513,17.388902896149364,20.954461815538725,439.12963154017586,14.357346813503717,38.528614963305465,12.133554607128255
434.3304537324845,39.758043351728105,212.68325980662274,2.579812602260728,43.82140715391251,463.03156301753876,53.77765438653678,256.7799923912,2.385892847593465,49.79723229908757,21.485983595387633
284.64069578443514,26.322693383910632,205.51060952212603,15.248521068514412,4.847895954798437,288.46765878507114,68.07442893818482,235.41116695157666,12.517579242536938,15.498846844712567,4.906801418750652
36.29698589679241,217.55205845113503,10.235859914269902,2.378471478540983,31.964750550165572,31.941863824963946,313.6007273441056,9.43504011236882,2.396248920247685,31.944056661382977,28.94938986846649
748.2457768031225,16.719791285990468,20.291138594694033,6.262415068339948,39.409547364474285,756.1284344500152,24.483284498205833,29.251366600790817,5.592064709960917,23.645538642623528,28.125790837157222
70.08397032488467,57.69810803243337,491.3957257132663,7.809824816347731,21.184100600921298,78.22470813376108,40.14506040727597,515.6407081737639,11.202267612411571,11.387208605757055,9.684883351129098
73.22693313300222,450.2252409836989,657.8123754105692,18.710094936491867,29.086217879810558,77.2099644778712,259.82838161147595,668.3106726796228,18.334052340359566,15.51885286223462,4.451944011862647
30.389671475696343,47.866314207108445,44.35885533839955,6.238255982971329,30.141550136209325,32.09599492432533,50.2322955592842,45.40847671600425,5.765700816751603,13.431153834027837,5.103091340173203
30.573346933707946,82.9838596736225,18.309077919200877,7.470459224691998,27.74509987130376,32.499568774460485,123.78296798964253,18.196799287298585,7.897440511209606,22.636601555807456,11.776280705529317
619.464138557628,295.31875422694634,98.85524677943769,8.748202278177406,43.212185530183945,654.3391490803962,304.6746889345124,97.96664834066621,7.575524621195857,46.90905656146122,3.8581565097859825
17.909077554098726,433.54559753172487,237.84586366401646,1.5795964571221444,18.108696772882443,18.907981721680684,457.7765319244644,271.6210037071325,1.5605535986723829,23.015638448159443,9.34131755342878
22.678520321289614,521.009538640336,56.2998628877043,13.155105402670292,12.248561588639236,22.859264725535887,272.80715022949374,67.14079808687157,12.690015486665676,21.72435821348275,1.9790586066840938
839.5246253939591,193.5751572273882,37.37407569013633,18.992575443410107,21.079772827945177,708.0548460640965,283.9703753455932,34.95710643825537,18.681320517859216,17.692702616076893,12.613518767861379
64.46508816815083,38.4689011584167,54.69991126358738,12.45266784322729,16.419846798873277,65.65023239505376,26.45349914710145,55.242070121714825,13.075167802421358,10.828547922159332,3.963892319815903
17.153078161450352,725.3071139350417,72.96893217144589,4.600919363651474,23.92307998824414,15.721602166327367,632.2809469617163,41.85395619051947,4.439126749468045,36.80041285874321,5.022039186773779
10.530415427377049,834.6791135205841,18.818790616814525,9.128313814327461,34.28830931814691,10.387876766041344,259.50171400559157,162.4728303439954,8.851081386033648,17.050208088523163,7.031019245635206
148.54231242895733,11.926614031973143,321.5887075995585,5.592586682448344,40.25963425470268,150.3411374644061,15.075230856515569,514.9269564734069,5.413382682462736,44.20190606294112,12.5550310057983
35.42999290481301,125.46997261479933,125.68041942781853,12.450172394189918,4.663327353167106,35.68687213540264,91.68905233138709,130.82484337796782,10.114141798788047,12.061123413357757,3.8563336582953496
431.04724294785655,107.53842747243189,13.155269495556402,16.17012031104294,39.840233071480945,408.99432341238236,109.04781475332815,10.47022608564523,15.286668428617693,46.519538748782935,6.247653704243745
395.21769094327794,52.82674050964026,70.18112986584343,18.791376831966314,44.81141076608082,395.0373723641704,66.46375339748734,69.66652364302321,17.668520972450995,11.627370639695716,6.145001744385346
45.664311771946736,35.101412282114175,917.9543509235086,6.180576478935777,8.620395597659874,49.96598078837306,288.7689633162477,1001.5426609052287,15.56307682689087,13.307608792817353,11.723614552189186
553.6362997138089,149.099564478381,10.819148562315595,15.99009534033529,4.480505143618464,610.8098996167425,71.45361124128019,9.991589720198572,14.84292062555424,12.134175333818195,8.273700535981863
12.978676550896187,13.610311070080686,435.7971134498553,5.5001903134083765,17.78423286265963,13.039753160232609,53.28206086008171,640.6986885380765,15.67422774478386,21.865446288843547,8.947270704529892
104.03501786883,195.5324916497041,14.116116329799468,4.8496569275796135,45.8490367070127,102.90407823768528,217.46907005079171,17.420644944376935,4.19479090024894,44.085568169815424,7.053789607215438
423.2988768028007,98.58734200310218,22.09892701365107,18.417826168242552,24.083776740052226,385.9181700110521,132.86765588262375,23.387540423136805,18.467880388174162,23.267453852179443,9.5105613208745
978.2245301653145,593.4014293514684,84.47570957539271,16.32511737207213,2.194573216001478,839.1957767335989,149.06362969498326,70.57867494715818,13.039679564335229,13.696629306294973,21.93692068053213
155.65679491155552,203.09457875787842,607.0384137019713,9.633051182734718,7.404730037465089,148.29228123987895,588.0680756653,600.4085276305332,14.843421081054183,15.957526999667664,4.821985895031391
63.85195531814231,28.593424621749485,11.020096775828375,18.581161869985213,5.783399961656032,73.93089789667489,39.41883419172948,11.756965604707817,15.215225273882417,9.9334400317907,12.763832917370689
619.3207823904324,22.94918664652123,97.22643789041057,2.8208630843944777,33.22254138591893,679.212342381101,31.41102589973273,136.8797346816195,2.8127805052639854,42.002222940218765,20.896958918647954
91.04389337621215,20.291418614960893,53.902536496000224,4.586773462813728,3.711716927491972,105.15651199874165,34.872211056027815,62.20212426720743,3.276594358538288,10.014360914518003,10.17054447474722
23.94532066452827,21.99671881712095,12.448186421065271,10.582923072926695,5.801794873792732,24.849702852239673,14.138815205917469,13.132656477995196,13.196037175068732,23.082352831532216,4.828045142332829
257.57662114161064,17.241984285259175,124.6282435191819,14.224142161990379,3.547260139022685,240.05744706070087,57.95897342803241,138.504709846321,11.425650503494161,12.633738181064347,8.880996541028868
64.91414367908756,160.24963937994974,16.019959043221824,13.297502605861439,20.94553157288814,68.77762650570953,267.93564272741315,16.345526197844897,11.795626432718038,16.537921049380678,15.571928639520946
196.22234404464166,19.918893200443893,14.059153143581147,1.133388593927521,48.20692442383645,203.1509042222159,26.155181653670216,15.918797051869763,0.9791620012563303,37.14168148871112,20.113657478178883
53.528901802042796,130.39469703394917,886.0246972982928,10.426810608099814,38.66431652536656,57.00355989142059,121.24069432564954,638.0204003053125,9.045096857265944,32.825270634182836,6.4387767849478985
140.77579797689373,111.85885784641782,21.133284994722583,1.2522631839436045,32.949903830536904,145.00101100673103,137.11319794755042,20.83942977926146,2.1894117777356406,36.29668605388835,20.412158437821294
173.5758732166529,45.676486699549244,68.54071606624575,17.688143641805624,13.810679514855531,183.25411461575183,46.94829313325135,69.83814087121671,17.23368129313014,13.740317652132175,4.518332937692791
74.93341530963343,113.77344537942844,214.56663951143145,13.044585227071147,21.22036780940303,82.2120502081947,136.18789293683207,221.28184628750097,13.58015692048167,24.624128434052697,8.742949577106172
10.598862108056636,161.1931856494021,167.82707955910553,5.450581597719149,9.77536429506354,11.39536915836105,146.6514954272044,182.13684269189585,4.979226125226044,12.774581264127239,11.583893668611605
888.0726216401687,22.229434276790073,27.318866268781896,11.150247375289192,35.79879570835482,858.9662697764636,40.16413889816057,26.985528815547692,9.461914563978159,8.665236692709383,13.598269310790984
242.26542186274818,172.76572729306702,972.3097483468375,6.901788661281339,46.825270054732016,246.57117333531335,136.73615879939513,996.1605618768464,10.232498120335599,29.80553019568367,3.733922709091418
57.23038190914092,184.44563550735947,612.5408207137184,9.25560588923246,6.036943382060628,58.106088284408166,303.7701579864995,816.2011445720361,9.042868504190654,22.769417712111373,2.940872420480942
538.8999353965019,16.203548044802016,459.821092898104,14.590482250163772,27.944754796447324,495.30348698464275,18.81776248409933,445.11685709924717,14.105399267530652,24.230391733055583,14.177915362877089
24.243837147365028,27.643679072837465,205.1860155859164,6.492588051125643,37.26680627746784,23.822270540492642,30.404309770672914,342.4233678717427,10.01271058735886,32.92178954706186,9.044390903844315
75.86161331841426,70.18989595922004,123.55614735804578,18.336795339851797,22.697215933905536,84.31466688724525,76.52700581849984,148.6853326968743,13.993483001032125,34.68411606689663,10.626372186332562
41.030629018859656,597.616219496452,66.29881101197851,8.141863296180412,45.8752997232,43.03701116398118,827.691123207159,71.23309006083005,8.11918391704978,39.47586530400443,9.528155629510781
100.01667898589875,12.905776013565555,12.016312257084238,5.320427966834123,42.45302132525258,96.2869922773352,22.948342020583574,12.53838731021628,4.451860219258913,10.222965298445201,9.847770655978184
63.13924720438588,146.47104505873563,134.70582914735516,4.054811198963451,2.712279077533255,52.80014045207661,158.9451497702232,143.32939783845438,3.8923330990756724,11.234693927530135,9.946067354426102
132.30521687050694,806.2811566159103,833.9288885095359,6.403513930803616,12.519432522148394,127.09101657148676,727.7848165700022,877.3097561531495,5.904623731216489,11.046157752067126,3.3224175809680783
280.5075805241066,47.707776650519286,336.9812249608167,14.837678441472521,30.842778872402505,268.14347268524887,30.81920254492875,290.222295797317,14.492675070727367,14.522894805067894,7.155436907501967
413.2558270913599,50.72130763407717,17.82409129930767,2.503840225169352,42.465378500179234,459.2130073241904,62.918768007944486,22.233468327238075,2.287080331849781,46.510664780613745,20.35865926945935
141.16544122586453,211.97823355579996,336.7587301001265,13.549096389115844,14.003972976233353,138.16481138720908,243.39897607569281,311.66895816380344,15.571563569160244,17.35722829799237,3.6634233691137585
524.454745438918,16.939086089706265,175.15613849977504,11.778451206300115,34.10229370464152,524.1116346913366,16.91513359571426,216.03820814185764,11.232199553895555,26.61727615082269,12.471819393701379
221.82084726459766,551.5058489296016,30.276387592507497,5.358437078038761,23.17743563901337,219.31558519126187,781.3968742273631,26.612567671214485,5.096460948572883,22.286339030905058,17.77666175738552
584.5891964520845,67.78352513147681,157.37644735892007,17.6208007701757,22.436453060270217,550.4509344787298,60.78756921065234,148.575620031101,17.720371025788015,18.359315295749944,5.442355754220168
15.353376262645087,18.711578547738647,99.99826382252931,10.308355400298542,16.52580929392473,14.936219061051181,35.688504686825276,115.9731019206518,15.164368392115863,31.025083194996938,2.6557156406312394
209.90793537261393,11.35814872753353,27.049898950277903,11.414804042580574,7.945713991411788,211.38119742488138,33.91118933658012,32.032257772340635,8.86909576413084,12.051452541014706,15.068045505858027
142.19883536008518,279.4609867092112,470.7703104598452,8.7736663036181,22.302429222186923,135.68186074524323,295.8162491535883,555.727214859488,7.282976527771295,28.886898756074224,5.2808999054127534
268.2571936190988,307.2465731038067,850.075209749726,11.400912867298395,30.296329015679504,273.1176497009996,334.22743992379384,974.6151674357928,12.781153757986107,27.15672442040254,6.84382124465652
16.827014225832766,256.23128205450047,76.1642238047019,3.528656676504802,20.61914395820358,15.043693543342247,301.31610175242554,76.80287220180165,3.626220883856425,20.76645976967596,8.254979482414171
95.08828555090375,315.98780452041825,26.171606196108563,12.570217395969308,14.54496982879691,97.72242678604123,468.7475251354992,28.267605790111755,11.878622241039478,10.35569657380237,6.089870214892577
381.05923362042176,148.89145767895437,324.3562411830505,1.1569241959111571,12.394137180766743,339.0599192811194,139.36652334158862,327.04309528917696,1.3571828882315224,8.041861000124781,6.779161371620476
86.67096034719582,17.131974233368194,584.1996780633938,19.410772648343336,31.987270564670727,97.70075936396451,22.93825662802164,683.0845005971883,20.041230211861222,33.31757622773858,17.935379752519495
120.55638062453211,37.73975467930713,28.177463634142384,15.832544747958831,31.56921109169789,122.14223033580876,49.23665989796508,28.30521501967683,12.320509204264715,29.757783454005235,2.89145949481219
709.099479877976,11.271141996667833,245.83147045911204,5.668170718524141,12.225495680392887,812.9012292431484,18.79051214077671,327.4724476389052,5.58102409875577,20.977340581689667,11.884090352671091
294.48231745093034,64.95883878496042,13.145624448221193,8.501457782847801,8.300181796753709,303.5937287205571,43.52891531002659,15.551451373423584,8.811327564274826,12.059423203944322,11.495440894750056
106.11539310063668,70.00060787704801,431.4122749540575,19.495212344742043,7.123050289647139,109.71327528722226,70.2994952075276,419.35689699695325,14.09744326858918,8.648502909626574,4.095371958081963
254.79357649658928,69.12413749078885,15.066328544753585,17.189132823960076,22.40484152706877,268.04148772561365,89.13846297118137,16.37656438494284,18.51860278543584,23.464897737457445,16.452935258214534
256.22200638958486,670.3804086083187,98.7954333029144,17.976685476494545,49.265593373046364,250.12722641862564,812.0796554797228,71.6388894450692,19.172600311574115,50.42244180748191,6.324745498319719
11.787092842502892,40.21121806145155,96.58548004545341,2.64152446064415,25.20982211507654,11.073582386685903,42.687042577320796,117.09797942579856,2.5421122749664176,32.790827305542685,3.650563007274727
16.69876637491472,10.963652849829348,652.0923629992318,14.524567984308076,49.3887418874992,17.578747099709602,13.749737816728423,346.66124240678647,14.189590539419866,46.59789324311104,13.783473845333596
137.94946897072128,14.012844239114433,368.8983234600148,6.69795981404656,2.531415030850747,145.95680068272864,33.81772105060299,352.3105074535913,6.75290398629426,5.9229557939898445,6.2398400225541195
79.44376307094112,39.46246554573975,39.716196620032484,16.195315025091734,33.82540742719374,83.83430062769,37.10165518533657,41.70567711012653,16.586432765291725,14.808156173654584,4.793021442108523
887.9592026421531,41.180400082888646,26.027664896639497,19.696329115092443,42.063443341524064,771.3571269469342,152.5531096014464,27.82877929439232,17.38850994342166,13.572622632410184,12.970786197398315
37.44539939739195,979.9615025150923,158.693855837383,17.270710992963565,49.05440033151342,38.16736724011507,333.6228970256,380.38709013500863,14.647433709180818,15.61337166333713,3.745158136846128
28.86685688349698,236.98711452513174,118.93018318617533,8.67463924793762,31.524488776000094,29.74356400268583,346.7987928101971,138.56051215079123,8.872403260442017,16.973426073032226,5.668176824424272
701.2776069825683,52.03383265973889,14.660406010947117,3.951385205989546,36.286159808479006,744.3107396207571,54.860319584095244,15.912307194907273,3.1829597055612266,51.770301140274384,22.674835704562973
15.945825875367195,10.398968827336324,224.5984214029194,10.515189320445161,47.69673952784881,16.520800426967927,13.71193270712604,271.7133093869619,10.281062340600878,47.831107988943,16.844664641505176
31.261912885706252,974.0482806723568,469.15257539501977,14.702611222055348,18.986794818604857,31.63706636337096,408.09038052259586,469.2343868068354,13.553573840751104,15.519191524646882,2.9204690546370706
47.92238611788703,305.5375803200485,110.48173481314042,16.8753490294825,34.229661998880175,45.662105343585324,399.346617914352,129.54709977911202,15.590466345627108,18.04319957482459,3.9714264534978665
17.313464036694665,45.24345448384364,52.62774033067702,16.099384005284147,45.780716728807015,19.143922383234145,31.387183002447866,54.51887544006632,15.564508035749329,31.26480729857217,8.218729779472262
116.76177725651557,73.85898634901126,766.2290031998923,9.315188789730978,19.7318543374756,121.67837935699139,57.65453210632263,958.4988049036508,9.385441585405449,13.5411191642954,7.366448943583022
20.520602613776045,45.584749686524496,51.84783085698809,4.919889791346957,5.611248361425799,20.03550063297713,54.52246493931084,54.26113130601486,5.134005758779053,11.380290245641554,4.198749288936354
38.377245564170416,470.6910730353668,377.0179529980892,17.754722234691293,18.405066802940222,39.22148837181846,276.3742194858322,453.9820171795058,17.666150332711233,15.799222467030132,2.2732001084535614
699.6240479820283,603.4844748264202,30.943315276527258,9.128672738639464,21.853898691203533,635.1210131076318,479.78825177230624,29.526930773530395,16.800435618786786,17.762952689809826,6.969694608103586
354.81700665375695,460.3198195651157,191.2763923306711,13.09271397099897,44.53204773239394,348.62769484221633,461.988257010102,193.7865111490395,16.079763246069742,39.863255358904674,2.4266118445868323
48.12706360017952,12.636046910439353,776.987840827009,3.6941845721795614,24.80249604229921,57.884440364098595,17.471272724377915,658.6966817317206,3.8922210673605826,26.32524372490124,28.385169240264336
999.1508167766879,842.1278309133036,72.88133640255347,1.106144795400965,21.090054229244863,891.7904659532154,436.2627749457019,70.43504414236892,7.3480241067756245,14.781086915672969,21.24047535057744
47.72336280433962,10.810604668672232,54.26918096922532,18.039047355721063,15.19097357881706,54.14833381790701,18.285711403628035,58.86761479189563,15.148536461605552,26.215032884145725,11.627494084047296
98.68299631249133,211.2494537078398,181.30473089160648,19.60320583280736,38.06931461650355,101.67493427172546,131.9449335025811,189.16756480004224,18.372010541497712,10.659600097592357,4.553542746848907
20.48874427510985,117.43466303139463,678.4060554195146,11.781514157437144,21.067198470695555,20.092530039549914,97.34488896665438,697.5360014440923,9.726058514123391,17.434997279334187,8.08607148052689
10.982910015947372,26.63865630268361,298.3886525635131,19.678373214768786,33.8885250029078,11.849526145771208,21.963993047521278,543.1440837835349,15.718515657192476,28.340670974921007,13.129276156251581
115.89234994261992,24.019859403559757,440.7864543342734,11.082513506639042,17.135003029369198,105.0299224559297,25.30170178056911,634.2455533550722,10.908058166166374,14.750395045884055,14.792398669124077
510.580657957729,81.96316798709367,31.454182456936344,11.751634560711732,25.181242401235025,483.9967461087967,90.31433255895304,35.7058350028613,10.440122336369875,32.11510881058142,11.557337106103295
418.0932043277841,15.893720843644008,11.388467894097618,7.267699149872573,39.80844049825965,470.57324577861846,23.677235059871496,12.992141309567527,6.62542370626256,32.1102877691831,15.445016794824348
13.090411273089527,113.89299264445329,456.45875044018754,2.9401845915088987,6.75590598239685,11.627934858903075,296.5613599489074,509.8876577357868,3.01827545561207,12.824551107054068,7.035875426583154
170.10597729410506,475.846186391251,220.3110809704473,19.313679253325333,46.086986447943225,177.7296388107195,496.28690059128144,220.35852227015948,20.365619943489868,39.2809134206988,3.468609662393592
50.28207024194297,10.006220850603247,11.388286378797568,12.521998017369073,44.048074476830934,55.332746681039865,13.791178252204018,10.867138595149813,12.172240005199507,15.347108495128282,11.312920689642134
102.75341870876407,577.6254518040831,696.7733755836314,12.079668483443928,26.65442573519834,101.29587754172418,360.4010880551618,716.085419870956,9.82446570458925,12.241482486680676,4.147640013847687
15.119765782913127,14.63755495337979,51.51256878428935,12.585916902720202,2.44741135133528,15.269565735740981,78.49036750125717,51.936774194312,15.992050605539934,14.142296741776036,4.776256580013229
759.9235370881194,15.178333345932991,128.2524060237231,2.3141172660702667,19.85375778709964,906.8690695712726,22.618450480684835,179.94070190689425,2.5114612817421875,29.66073153027119,33.598093062992945
336.80766424198896,221.10344470655343,133.97293971997615,16.062756505816214,45.353081109957635,307.8714411088405,231.28731610087107,134.67355178184275,11.978205404666525,42.22950567960281,7.528607966173985
75.56375118216677,131.85209518791078,391.517633784507,16.79000910211484,25.013622078119376,80.74647476299768,131.90307602554032,471.92993892830543,14.150787294786728,28.731586054999525,9.367049864265574
332.8036045629822,147.40840478356296,11.824120406929705,19.128998788088555,18.17674691267087,326.11537242034643,256.36349697505705,11.864660797034732,15.991648185820026,16.941924049691643,6.679014029721871
743.2332459131076,444.51271407213295,815.2867391996823,14.163804254393224,11.754452218082394,720.802297421549,376.38127256397564,865.6113124044812,14.281686765705688,11.521684563942921,3.342406933379739
352.46604310009076,38.00219939628259,39.4494212690381,7.9525607444914845,36.729473036910626,362.0180562062015,62.090916637893976,47.64155416970672,7.065100189102119,12.424546479873417,16.049338308121488
11.105532622746594,66.1938030097728,783.817764426917,3.309897428144004,15.552424564774789,9.797074388605186,79.33535344203636,745.2226435914996,3.3427667925487614,15.944628289918677,8.321499550706749
25.47780909003209,49.63041786324321,820.3860235316029,12.042760170423868,40.800669240111894,28.086086025696638,62.38963955725239,780.3442080556672,13.656779081190557,36.59878936413324,12.575442990384644
916.6929075762562,22.49503326823316,24.293259067297242,3.7660711499424813,29.36926585754903,878.0913982365811,22.182626723126322,33.953328901966174,3.2985605893447727,13.404154712576064,24.210429578592297
178.9304397091906,41.2452049686469,15.164229534275455,18.28267311058125,13.183989008546131,206.0338025783708,68.16700534733408,15.664078512641677,17.2234907431762,16.058334782009165,16.546012788098306
65.72298760078561,112.54227570609685,11.35388692422336,9.852212299946313,30.354413024690214,68.99223666227837,295.8452776396664,13.3862796993846,12.923592246522112,13.093082097555701,13.147401752744381
115.3969802051548,535.9001156062232,13.527227316957251,18.07542581369168,36.08551591823184,121.04728182046082,630.667498633201,24.824085869631006,16.82354140460856,32.72824682908104,8.14418522865877
585.7981014551294,24.98445018657376,45.7867937868588,12.545566019973116,19.909705590484066,575.2026548791433,28.612513247984346,45.99741301064259,11.19694908204923,12.816321056948082,9.121837376422095
73.82562298224258,235.8384205125434,27.3707822236682,17.269918553191662,49.4683689168849,76.41823854102829,341.0448448063163,27.756611973036815,19.078869331236586,34.6578891714044,3.6715027892989136
698.8533482914353,31.49535442335217,25.301323811409627,4.614284189064817,35.468114424374896,721.773747198607,38.727332416904765,32.3476106236746,4.131028695609037,21.677185971454197,13.646432660558135
170.67188694240096,84.90898564297032,76.22153539514863,15.806194253988416,13.08210724729256,190.9722411671209,96.62948168970915,74.13453551248271,14.771215207676372,11.609617578631982,8.793573686017183
390.45401792031134,489.40307570668756,96.3685470130715,11.090283813237845,10.840958130126689,355.1724522282014,474.62679048138256,94.3381741433957,12.920440793171254,6.6879146216463585,11.180339317132084
20.320161961168175,70.08106048915653,173.51501093220173,18.725114865851815,49.079414985585636,19.979601495856436,41.550145202081204,142.6426464041924,17.018833489677363,23.73229007043628,3.7615018494504633
323.3746946303176,208.92711995182782,11.356642230675664,10.944275220936653,17.85387853733926,336.42058685264954,167.6682620262914,11.835149480753577,11.869314169704797,19.134119570082785,3.895665411652721
107.21123603434235,14.650696322223752,211.70297097587203,17.517157359490145,11.448609694697831,116.07538028071518,29.8359382693695,272.4930718009252,15.507941285408332,23.826170906129864,8.353219579109837
82.71965493328861,440.0925302447426,55.92916793110903,13.431803007342156,28.744471287696594,83.01133148146745,476.8199737351664,70.50486728997056,12.655958597237294,28.57092259055759,6.059881605604969
96.99509971568537,34.196725986674544,44.036982425946604,12.945759095002689,22.696360001047196,102.43196399412595,30.956275563950395,47.04938978105695,13.084203629462596,14.201654321073608,5.47169484177384
20.171841204354493,561.5441803763943,41.90832247445445,4.127512216889854,27.363913679142264,17.42909639540157,568.1898420212193,24.36940387028997,3.8264723709492143,35.76512627477764,9.093807288581939
12.773141712004744,118.18701013859098,23.47111858766985,17.78449555426468,34.909499421381355,12.458045920166901,207.4839244466175,22.752979606335067,17.91767075212434,22.713699210237582,4.096656265625624
483.59799971824435,885.784642531813,202.67940655517936,13.548592531374014,27.343033175874005,417.94186325494223,879.5088622961237,223.68622408296585,11.697607666293539,33.07149582558097,11.330675485411568
42.59164758665338,367.734791224496,191.2119730968186,5.145252783319559,3.404095725237704,39.82141423381035,204.26240945234068,217.56822051427915,4.512209331786239,10.5960483356291,6.171579187226109
87.13921913653049,734.9519352980263,188.9099388718878,10.171442240291361,21.574879571753936,81.76966786838166,647.7436557458146,183.53303807301472,9.857523178768547,30.440009833699413,4.762795295757879
180.51507473164995,772.7577551260849,12.052541245008369,11.762578281158023,9.888992945293529,191.72553386828977,741.0644779785968,13.020376683367775,10.656822313794388,13.207818515085558,15.100719604281746
87.08247990785672,11.387779892856786,224.81225591191566,7.530491462944321,47.56413507707977,104.23816755757905,15.81814849485406,345.70344113982804,7.155322346946267,48.08465848626272,27.296214832542127
58.25676790356596,32.12685609648064,35.20783507383142,17.57813654317732,30.326505515722967,58.8468320102283,35.8590539101072,35.352998160421414,15.620044387079032,16.257990439190962,3.7525922890266497
491.55887391414444,473.66683502929504,85.59073981723019,16.41890771391494,30.395030386009267,511.478279086282,435.312541445629,83.653077402491,13.395330994836682,32.793462410800664,5.724205772914663
148.2395407189434,590.1836119468034,307.6274399325806,11.548980499516862,6.882426998488672,145.3988117688226,506.8048009455394,290.9519104892966,11.301683766370664,13.989516913139012,2.5638978685271216
32.46577200720389,15.527878211808599,45.85431842831833,18.767658865833987,35.30156295533128,36.144882299937855,17.427501730003225,55.837629142421086,18.519125190344315,39.374785475601264,11.317484102919536
19.597666786217633,70.42855950808904,68.14465922269002,12.411796691293333,31.225741656767923,20.34849187411168,90.21780874606812,71.43789010457411,10.99372880077526,9.485473799985243,9.350291802218182
38.67912122811526,47.81866573224242,114.95782193836347,5.826823763846763,30.8467646208415,41.24951413199979,56.047651776367886,140.6911945665473,7.134333603580193,36.227473020075735,8.524527763698975
35.71552163390419,927.3174401388637,16.940229214607413,17.33234077187097,35.57261057715566,31.86055688615246,806.6722807009791,52.19102516368859,17.135954810037695,34.05207587440717,10.10345508348
338.29541356528125,38.95204991564364,48.24335072110895,12.450725835771602,31.880054113914575,336.15610799395375,50.8538756408971,50.94352448961919,10.900560889857102,9.963223329948073,7.955368719597137
82.29632202474524,312.8617937373435,638.3529977177004,5.997183102041429,45.27083018294448,76.9351449493784,336.03311528210463,534.4017776453203,6.133266231752841,31.903784330949403,4.445777235210759
17.289504071848388,333.2866304996301,26.07835582457872,17.65970963395112,13.756702992838186,17.405104245290502,257.9129083541972,30.355037065563987,17.269233124708645,17.736077770882076,3.7041538721762497
582.4304012297756,117.86047019054895,10.49739671899197,12.984273183023017,15.863045179448296,570.6189580729008,82.38065150546826,10.641729920385105,14.006412617954826,21.853322157902404,9.108240751587559
307.90522174551023,26.43404986063951,711.3012744738045,4.928004468961854,30.857121538330897,330.6212191571145,26.81145984495403,855.3974067435915,4.9838397809748285,29.14702412328565,7.715904796246418
50.59119730102558,636.9919531907943,123.45012816103932,7.110373339410929,29.736616319896655,53.94305803596423,682.3260443655056,114.24385900758317,7.265143569133216,32.681344947533745,7.329075239300497
81.1498273818223,36.28639620689904,10.109864247469979,10.864321453870184,19.505780543679094,86.08004899752116,40.49787979992442,10.40903906695868,9.432345159632716,24.96237914565055,8.507088108831232
139.09597575211708,198.81420665904423,186.91212712727824,6.228502757942456,49.92314292923578,133.4091541234734,246.81604823964244,194.80421760754174,6.686902223513655,11.231575012145003,4.965420824116533
613.47957745311,41.444476279480675,49.59800119518446,16.161926291193673,12.875245450735662,617.4843257472762,70.07002129802025,50.16881631461045,13.869613017856205,8.56906716494385,6.804117015351154
93.26691024745791,397.95147649370267,88.12368796627399,17.150034447788933,41.011556466655854,96.38802843857901,450.37174614609177,72.45101455333374,16.388404879435814,38.452291651081495,5.379264970442016
25.182833721842055,955.1156144596324,339.3577013606103,1.4200372733053517,31.508134341853072,23.234284993866606,1070.5131681550204,379.22546955562814,1.417427443332817,40.33147568950395,10.164089329203618
305.42603800598624,111.69209871609002,484.7900084036437,9.556921578470964,9.801714776699258,323.3465477433536,72.9243034407858,442.77123977576514,9.082499087711398,5.306396303816972,5.195749295400047
157.42413673651285,800.3198376136954,38.57462180911787,8.998755229616476,49.82371207337505,144.44447222004598,974.5302406361955,58.39834853711047,9.696533934265396,38.10214771328795,7.912840272619516
519.8099290195771,50.30521241485286,218.26722052525577,4.298263741802756,45.42621035582304,564.7601540375329,66.78595762663817,268.48629809474903,4.199690354521572,48.97464875354549,19.197952343299516
924.8348813334468,71.78277380642568,28.437707296118408,6.05566664908475,41.654947030855126,1035.5832062733073,66.88446405137121,34.12438353210166,5.301252100712389,55.408308054413745,14.05999323186852
221.8701292609395,75.86484786710226,394.44425854105043,10.677015103799222,15.716213700730036,209.06465727159278,42.92415456852639,340.51557112173396,10.313869668073593,3.2439552833214744,18.072488349040956
20.23362828824099,25.80164210120102,321.79020373608773,8.25236593951345,22.973030249368577,20.052293439632543,52.10251818562062,505.81003815247743,14.146830659417825,27.803634180339042,8.10491438077114
666.8899295334417,19.28303200795808,16.567612733531277,13.97674117222962,16.670273690030378,656.669570118789,51.975679489788455,16.428104895977892,12.797276193707011,11.327537658713108,4.525127417876009
121.06308266550265,14.042570911296004,268.39192348925195,4.083173156091862,33.97733711608401,129.15263759934703,16.656805994462903,484.3344171301389,4.105014781989141,34.3109756419901,16.005791201725685
55.015619511491714,35.18933736003487,78.74512520888884,2.2865522924002573,27.667623491393712,64.23795420240673,41.92899124911983,91.94911926606446,1.9823103247799598,34.789619370675794,14.508087515721128
10.480045268007325,16.23496849358869,19.444227130058348,2.968020525887105,6.933391015645095,10.790828292431046,23.93371425631784,18.19017641077682,4.110098669000097,16.26250728896528,8.86074808366486
653.9024056991656,19.376786294626967,764.1320877821618,2.7381740399126957,10.256401729647479,756.4345421448952,37.89734019744039,811.3302519380137,2.3953340497314812,15.3196661762947,24.04179000885327
48.48036012322887,174.7000645745758,13.020499668785765,13.288390050240773,44.03603191812614,48.85072184815098,337.3541315426939,19.033328442241206,14.421458399098402,22.732465052481295,5.648745378957846
231.52308708525246,52.931040680506676,26.53374312856229,19.590093855026392,19.35930477496968,247.1169282639964,86.28886894426202,27.92804917100148,17.701643162747498,22.087182646929172,11.207518457871553
110.66752179482154,281.6857936174359,10.498080245694183,6.536665389651755,29.217013975513424,121.74818743955326,458.9096413976317,10.898988594972423,6.950743192014609,21.237341388675414,15.317056572805468
80.20301766446991,160.79687938016593,35.401576536883354,10.45316885782718,32.841872986691854,78.23406471033266,289.35818452009624,38.211683613659474,12.03331290838749,19.964231049517227,8.305664468036927
237.05340791663886,187.64014802670096,121.96868885161402,7.8659851373705525,8.475852229291089,256.9975497908335,143.32451464670837,118.204156164628,11.084404747050135,16.981896392574725,7.847910803746054
101.19557735859233,36.02309543301591,329.4697236078358,13.532315940974238,22.55423531073342,102.3612785744933,29.72318231472583,362.676687461601,13.847197549572323,14.886865342394275,8.147120403363772
677.6483878846021,10.224856108324722,75.90111148548124,17.84775359889504,31.37144817868602,609.4706989807933,10.95922247438655,79.62149561705296,19.654127606208146,31.529487756979798,11.872865369344856
511.8995128583054,24.85218437758045,51.097485552690806,3.3247076743305226,25.773881045643815,540.9367156445047,29.591078926312143,65.08985695127656,3.560570839569814,33.96836243341125,16.59196351375195
93.72494866778094,84.2648728557801,133.58682553197184,15.986583409436273,8.747984151525582,90.09814322598253,108.72107158419065,135.40365644777404,12.958731974882397,15.431069592412028,3.364926993000488
171.92495569925055,227.31140001424907,311.50385791104156,10.814915592017234,30.98934391897408,163.0225316895036,240.694950945063,290.9308102286126,10.828597796770158,20.699959196038876,4.738102724459866
759.5778401734301,46.17445770201971,147.81381496146673,18.13272079695664,15.93112678161644,664.8505163166564,43.230117257321304,140.6122996281956,20.201485902595262,16.217823251903702,9.180656880203374
25.11417061856694,272.073623598328,316.41697963624443,18.14372042248377,15.184779430626943,24.624218193508074,178.11678092261323,357.255534468398,16.95661445703864,14.55210587424084,2.973229701007213
11.106523337985678,48.2764411924749,85.07531841555095,10.91774351927213,34.49783759405986,12.682533818012164,39.547702785253186,83.91716582984456,9.643316540960615,23.10761129897315,13.594625233946031
183.3371186491784,119.23692002691082,939.0334683909244,2.044501707203043,45.42094559491079,194.95590179637202,140.04854044658086,1028.185174294236,2.0691814120712912,45.41587726462462,14.070417424599391
10.465333616778988,267.7041250780825,80.37918806419925,1.3079327552734568,46.5524210096618,11.008768101527933,359.09680274138196,97.31948504679269,1.332536423803199,32.14099655555273,8.751458486336642
30.26345331948155,490.9683254140576,12.030344096982903,15.67219024863636,13.071479840194256,29.508021073640357,422.695517635437,14.526463317046728,15.003440576884206,16.348955498939002,4.0464058643028284
702.2795331946601,233.37594821955764,135.78094385634176,3.2231480605454785,38.02136752302435,710.8978229912232,258.1751292079735,152.38882228070617,3.150785515182195,49.10450048733673,11.171119274124845
440.25399020434196,21.53088246061165,11.593995007342095,11.94623716529592,41.95794123479502,461.35301198807855,29.476504234498062,12.678839855105217,10.148043994389814,48.390514508122294,15.019422510306809
45.636524475545755,268.252258176551,33.733162018714616,15.444271682543537,46.51955230428492,44.776684769760166,466.472564633767,31.133785247260647,16.446519183749285,26.380873245329614,1.847116826696257
27.57003128802332,307.56796414581567,345.9498374342703,16.786260431343017,34.884622572008,27.2788652680489,218.17453583589727,329.4959552280205,15.327752469843057,16.402626860104927,1.5630718751152157
13.840802893884689,69.29310367782142,24.723087899346282,3.9624046620335065,34.701363953108235,13.404805094799427,108.70466510388711,24.04937335414511,4.247783108398763,29.29573780632599,11.686803048448692
560.2407423740998,239.22464195013583,11.371226262321725,9.961078769470545,9.33682665566889,580.693041711415,92.9933892776672,11.956725099113614,11.3196331602906,13.141929225279208,5.229233786377479
542.2016473765362,244.32907668406315,54.368045469040105,12.921012821786324,22.288102573003755,491.75185751276433,173.89634350597268,52.495715743068466,14.682738564242133,34.1183787812367,9.129789465202247
138.7605968623932,213.95621000290515,628.3510596804642,7.354481775205216,11.866708156631107,128.98840860928811,313.2186747623274,670.898162353698,9.45854339798844,18.44543209425751,6.270993527837692
920.5868851197034,565.5111846634192,12.76944526041617,8.965294021307097,42.744516214112636,959.1913988430667,686.2426462915699,10.9579177345158,9.945799826737975,49.40009627030519,32.689458378732624
57.302921748700754,937.7280060530635,348.1179150831704,17.3555327228864,21.53469613337419,56.00911862815811,283.30474916280116,460.970096571481,13.83550176964222,14.56451619248892,1.9748808641662796
606.8972283741513,684.1711245925751,411.11025452643554,3.3192406557339607,41.28955941140621,562.7144265147671,730.937681017871,446.65943421612525,9.059908915833995,29.821684278376424,6.087541575698243
74.76346109593923,822.6680896396917,104.33225147296103,9.920301102297346,37.821143048014825,75.58551977042887,977.2331116744049,89.8943090235929,10.235435978694582,36.744133026754014,3.004146679441234
945.2267785420156,374.7452904123526,12.64395056283495,7.9170421278630165,28.861803981657633,1020.9815753106147,543.8236466251641,11.67489631365697,5.29111662919986,32.33840495790006,26.977983408464222
126.55102426990611,116.9683497608048,79.57865056208514,14.579486150408828,33.00654651095443,118.93051370050729,128.87884260279134,83.30836629483503,13.42437843023853,19.704248499451797,4.937528382341089
95.62808461219976,369.9810327459603,16.387433817089725,12.744553390869125,19.437346145756234,92.21124966497871,370.4580915871523,17.60485747587731,12.061761655807203,20.030756074319584,3.7507132104736796
18.47942477519018,615.7748910415471,18.25109675449039,8.508653146555352,14.091252343463822,18.34329175973517,396.5482767959939,15.124194755422433,8.40096748272046,23.671878454024,2.396166908978568
12.842432447218275,606.6543776226059,450.8837991771135,4.593927877119863,24.742663515959954,12.58305531726507,369.6890639250587,502.03924959794284,4.273930539719826,13.27002061919291,2.27399696267978
359.6497041355384,41.95618099868469,16.07413288993998,14.197281270226261,43.40565014430838,376.99141291028565,39.91835703673555,15.73817064762543,12.421831900978189,46.88649047456482,8.75900228464093
435.10842155138107,523.220518937843,84.63548755561703,14.765795762482705,17.29316606142918,448.6185067696769,550.8603897112718,76.99703894127452,11.171175427641682,18.50115198166948,5.956111145673622
361.9159471688075,164.23376285008928,445.57778293355636,5.423183736410218,40.16324907667837,371.07188365732185,151.6680664258486,425.16126713095485,5.9343413840540515,29.681406578982518,3.5515857617991253
16.370112229760387,17.667541682411866,24.432149670305144,3.1616759839945563,9.830851057510614,17.936622165456487,28.7449663415827,22.457016521930296,10.395855980910296,12.372332325414908,8.013917039471675
43.192492498651056,189.96733735996168,87.22033278380518,17.579775108308503,23.0496396304785,41.14614728584052,198.60966131718416,87.53659885624579,16.505445154937487,21.84395863190785,3.2634486493386348
15.522684264781713,265.4618114935035,285.59291289673206,18.391204026109275,26.891868432864968,15.967827673623864,126.8287051738582,403.0839744345934,18.17293613150867,15.175510818387947,3.317378816721318
43.719358591606635,43.47642214535178,15.594374359723746,13.925108860153776,33.06042757425446,41.452706404989314,55.00057245285401,15.388826469733123,14.105365811051849,30.940674684705936,7.1497021681184725
159.08399031697036,236.9961575428331,401.04034716100546,2.822364758418248,44.29355204299568,130.8748283069878,266.56405507186633,446.498583016282,3.0531217030910653,35.47619072718711,13.309419241957961
195.5560667077271,154.80824689621176,150.71703700698092,18.948844948576937,29.34181893456193,191.73458421008124,205.8360784106599,140.84259805069667,11.60194539685334,8.53605893969246,3.2096367410111877
23.048687201511044,20.291380478128193,21.11737679459871,18.660970470025415,44.18100894909956,23.381033840235443,23.971960917908675,19.330061974770008,11.08812252431989,15.216975963125128,3.299174681172084
30.314898333083946,19.321629511162293,357.71395366133953,4.76588031704506,45.710634902282486,30.185290605129087,26.475234966108726,476.9260066653115,4.9178908266378984,42.663707222898836,26.269590937738453
189.0488534685799,107.12219008854608,503.58637851627077,9.19583245455864,41.34688501494717,204.8752514957091,86.95914589658861,447.6433484645953,10.05378100802898,29.292471990320465,5.833193816101258
169.28018508651323,11.653836762335532,13.428064647526625,18.82832004516485,42.239255016270306,195.25906418902858,69.94227787390354,12.847316351255005,11.870841796039796,8.586875594058222,14.82923524137516
371.92097890360117,369.4025071998968,52.219519842860606,15.380320170792416,6.2735808437132174,366.95236711452407,170.93399471204694,50.15316029247635,16.69406369976218,8.745349312935254,4.900705213468834
35.41250901439828,19.825902600305998,573.3554752048212,5.418064360595004,31.053694003924228,37.05449336617752,27.209357205367176,803.9187932526366,5.559513082344233,31.73661829660809,23.38029622107361
53.25676593249038,13.601355980836537,326.9801371156413,5.950884418939456,45.36602035771177,61.55233554478367,17.455016640754966,417.3259632991636,5.601827252229891,44.56564888393079,22.098344276658054
17.685667562772863,813.3672503746999,10.787258774974404,1.3150563232111847,47.04359827569256,17.281455093929743,1081.4471959988723,31.145697725664796,1.168600934513338,51.166609569170376,23.3504795205225
48.94400809966234,265.7262082584081,32.26430647900407,2.404813589309408,8.886387486453975,46.22196513975757,374.290460800359,32.041831353676024,2.716823478794807,6.656642482769573,6.539673257524932
167.49375482157905,100.88244167726964,341.57116233162884,17.440501213679955,40.185687746017116,166.55704002042725,97.900299086506,367.66546754757746,18.286300274633028,32.04106159519899,4.666048076685228
187.43934719504065,862.585288934517,64.98927977150761,16.85858514620079,36.45662538880532,170.8470785776548,855.9393361944119,58.95205481461805,15.779227222996791,38.78001049160046,6.47204577273787
21.01818050870973,168.8201818713449,648.0890997191589,15.064822935477663,12.058737408774283,21.45047186094995,192.71375924685393,883.6754144778788,14.081788359239185,17.511165958264026,6.796158333874078
110.73448607760002,127.20560290372191,26.514424526217695,16.569564355348113,25.93280184282206,119.38968694936526,207.49332707650242,27.47524193312952,15.764166807824425,19.646979159637073,11.722096586992766
14.01988967706665,48.063354649304934,27.37064057395545,15.319489786768271,46.86618991228041,14.61331375049936,102.35105666214643,28.675108076129945,15.920152912942033,18.8150421096117,8.689689898769453
130.22149838662565,14.114391901746275,349.17550379500994,2.710402841760931,32.229450054053004,149.5147744625042,19.245650501142094,571.363889613179,2.6959917193740464,39.0569439713167,22.551651181733657
59.61407856399674,486.99394531856115,438.6558527527441,13.604543168945956,35.07725040195654,59.04918231031733,245.91058381215782,475.36258236944,11.5399949100048,13.807710577092093,2.2952827196492622
739.0703046531472,268.03906168715713,367.81943942158347,9.723653619184612,11.632817172640115,736.7903153037342,220.5077822938205,408.14596561484,8.448498973065417,9.072722765459226,6.484138466485499
358.6627343101229,95.3672992079574,935.5787283800639,9.834495667679406,48.94001499554432,411.1688946718576,88.44773861816611,645.8382210755204,9.866722536878559,35.148888508783664,12.478414769151607
34.7146134113759,482.5638548390486,188.81175220247854,11.014173733241522,37.81615232517544,33.76282626774174,406.3595241651337,224.46837684384934,10.094274124009615,21.787931432417654,3.303924269422697
11.442700113378876,160.47786855384626,186.82825839732214,6.581845021783064,31.648148727449044,13.383272195300684,137.6731450289698,183.45600714754286,6.022042476070832,13.744233006541538,18.418482373330487
13.576773040984115,531.0013201643545,468.8785833561446,2.68964611795537,3.140312309944953,12.793570038598096,430.10117062829255,554.1986823091157,2.4309316081699266,13.105799765897453,5.39096533514312
40.7296827676554,22.941557141642086,168.72827846622127,5.340292962631115,30.425943184877497,41.917774977007,25.619382371782343,175.07169468324437,6.398446000692463,28.280078045864858,10.820488087144788
620.5261656982037,58.266789241206475,239.91125603857864,5.367862206381543,33.28904226377784,687.2957809188039,61.828116122641795,242.54403351892822,5.4396060114220255,32.2601194013608,9.729121649375175
309.09473889781367,152.84102229129945,210.6410393316018,11.650335477893655,10.453841827685268,314.29713673676497,134.80727232283357,221.92335572417898,9.939143508050664,9.519275928775535,3.366721908140625
299.9268643417248,166.12429938564554,119.07870421584711,15.291622649915858,18.956815895907123,298.69964351739867,164.49797858884398,126.34464609470793,15.67050202943605,20.51293510983479,4.189192704854047
15.937208518580453,70.23671921939153,82.06968059666188,6.326498984754092,15.368314769003344,17.39895377105224,62.51128279198965,86.52678328151988,5.204929288719888,12.618719552111244,11.444608052690599
10.008118693427045,140.17900788273087,15.475862164516673,19.981554510332675,12.117610244282334,9.555657930123031,118.15405233589864,17.10838726969708,18.327384897100394,22.175841442620587,10.137038751237801
88.27592446690426,347.56211445285305,58.42342670560903,5.531131250895048,7.041554082436791,87.06451091409221,310.42609040967255,57.83103590625286,4.3437438095256855,9.487461714374831,6.452407813116813
26.90072693409431,25.59582582391081,286.474918831217,2.0055603390993704,34.82548668313264,27.296265341590885,28.921872964480695,379.44025223787605,8.919359524691165,27.587285610393938,9.605534419653662
93.89700968758457,47.8043922759493,44.0569919151037,1.51899003718996,34.24642563569828,102.05930251373977,57.11014133274677,44.51338420851476,1.23946818817883,17.341774013634158,9.831886254709515
18.01325808792655,34.98179808972615,549.8901756706149,7.668800376591739,23.20461597237768,17.19981413483975,41.52441117816629,771.9522362775489,8.17421186812416,29.327148578782605,3.2477459245725266
308.43241788066547,240.05256996193924,488.50960233540496,12.531730527405216,34.04668127997261,301.169979348368,173.6186699673678,424.25582056490305,14.693964239782794,18.376208607944786,5.23246483667171
25.89206932403862,996.7218137572182,76.99463679921023,10.721002653108654,13.267994643516994,25.884781006628653,499.8831822891694,75.61609588898457,10.21104882325502,26.749792522908606,1.9937559670801523
285.78271095338806,257.3782346563737,762.6750594337407,19.3777583799053,41.54683561064505,290.6601575546536,236.61438417331922,879.2394380900118,16.617453006724286,35.61605889417693,3.7373899675616604
30.659840274893423,69.62292017059885,114.49938003035511,16.428763404583687,31.356163147427093,32.43986608253353,56.560587979548714,115.98745381161038,15.550339496796594,31.132072087785563,4.503914170700218
34.454671585925105,48.019915785784484,398.2862810608571,8.2834999337261,46.78827264557554,38.89539726843225,62.41072402481408,466.13384348771444,10.267511821776353,43.009269300521254,18.370039828102758
379.96086053734,234.56642168480894,129.03913756472642,10.274870432708914,21.89370339541417,374.4766262862839,201.00469835315408,129.1330959999388,11.914248217211595,37.05652466646608,4.277242044763049
47.19040400251348,29.291620406669697,45.306075128146965,5.0854120795566145,7.392565714795826,51.32944778657781,36.65639802691691,47.14376188112942,3.440627218724548,13.041604261996907,6.0243752653905265
194.64341982151188,113.81923495639843,254.6865575816876,17.084671678343952,45.069215053507826,172.50707144976792,82.30956674969963,224.65624640375404,16.988661538573496,18.237430158112055,9.764080252202358
14.790380786616137,329.5971498915465,60.477946056078075,6.095266365300135,39.05554994415144,15.729851355773786,442.5779327716426,77.38308500778861,6.588115480951446,24.609428361404092,4.363268165528624
138.0771777246793,39.52161787474858,183.64539931568947,19.091149696201487,46.41375529520511,151.59628741002675,43.41802830832917,209.92836544170424,18.892788796408514,36.54711401914976,14.577361890525983
213.72621289519702,29.552078685065513,40.479814425746994,1.2776928696596437,48.170982804933196,217.7034232886285,38.87006779776166,36.84530118702112,1.2650708200423366,31.103585327766787,20.830150686768135
199.9460422100564,200.85855034093737,941.2789802333368,12.570415707681398,28.219394471715038,191.63467962502042,195.38607277485855,1077.0125379921717,14.420570508154901,23.196657516318442,4.663092423654001
409.99380316343405,24.13687328200221,558.0702221694635,17.743048573967254,30.65852151814203,394.06813628808646,22.963419958812274,531.3046096906659,18.46879833661473,21.9595438898834,11.974148082605089
589.8502889421337,513.0265728384742,45.87715087576539,15.142464921240432,28.855556233722755,559.6601906420001,522.0793879645453,42.7218159079443,13.22881367222134,28.264157519582685,6.193427076081463
10.662833782967304,550.3490753893702,17.828467821777743,14.17497295931591,12.355021211560274,10.900055546799267,254.58756403350816,29.65500645343814,13.423470381986943,19.66236659762166,3.2436171334720987
60.11963941040956,838.5752265882401,16.33119075218258,15.812356711999122,19.46218882627627,57.20010857806746,677.313485454765,27.73047941611117,14.64901071147628,21.756371280179188,3.804545704240578
109.40879334352613,33.84819163496319,445.93974681893485,9.354216416263412,8.673043900242606,117.47464119160252,36.941538408377525,464.8827580454803,7.71004096037778,9.538422643490623,5.5202106990019315
112.18583982084121,29.840767528460248,230.89653023053853,15.205725954297995,42.710841466851065,123.21999715210092,27.326660583711607,312.0352950764125,16.454165493502877,31.862075369873576,13.491655756090184
27.288593681942565,161.6095767935944,15.66701619556873,4.354072226311567,48.259048775226006,25.683788967378938,230.45750278328728,21.86781842728569,4.093465587401569,37.563353048417824,12.385671402013527
52.3392385701726,932.8206512281323,449.93765676375887,18.323116171303063,9.000003661563545,53.97372211587499,213.65062277494405,611.487689441278,16.47713846150145,16.128068042958528,3.4739654101859854
29.23380130808702,17.349966792788134,31.530535816861818,11.144287103898028,43.0778324322433,32.307139453776905,17.869557138920467,35.440948454378606,14.17626924758508,33.104323953806,11.871358067782197
13.86704211845172,41.62187298770502,125.11383878251294,5.2328581505067255,7.1283103348768835,14.992665149223624,80.22520626931049,111.4943383213439,5.736925423000734,14.305440316623796,7.457439513442887
98.59956814193887,97.21988725054617,13.979515731174683,6.986585035481175,20.948203348432596,108.17989647796925,111.69630276161308,13.569281474338753,15.438169563734489,11.747045946985324,8.658438057604224
304.2036440458393,148.5668781438374,476.8988751353488,8.212341551460728,33.34867372871284,323.93243233440444,120.2651494601359,506.7154832690055,8.282911244190966,24.098303817438694,5.216354225845812
22.19333969790458,240.93972669026755,124.75659538220405,12.415887158451293,8.64579904803765,23.492146881808505,97.30562451026408,143.1714240535227,9.56197262193692,13.094521407936845,8.336992038538147
172.2278453375968,52.469585742490686,108.32610726647499,8.087018562537304,6.355507837194657,186.7636297118243,56.81880476784316,108.227186479264,7.381530845411434,6.907243685584414,5.996467654657081
19.696342254430867,38.7547056547587,620.6774490760025,8.49717626997114,43.04396526687149,19.81839655364657,47.234622366890505,591.421965660876,8.629648398841264,37.94941074954542,12.248384801103995
250.88257749691607,846.9286075893248,11.0628428048849,6.220775307260319,34.25164995083391,235.81205953992352,996.5835429695653,14.551845461601376,5.664037355790083,34.50778117601467,14.522551354018553
969.2632388533486,403.5854408606189,14.116807081744994,9.525945920138051,40.9576303025832,961.4364944729716,429.7985586065634,10.707310395753987,9.188077763349138,48.10546949058771,17.578620202476415
240.50982005274568,397.1010646726237,304.83234337015494,6.84786881769478,32.243145914805616,231.29986468785,504.42121886153245,308.3379451233013,6.621066270287322,17.243112273798296,5.0804115574204705
500.27248020983785,88.60478219156631,11.510940241588537,19.16343442569348,7.168705231046767,502.7461176152066,151.84468451374778,10.99982262592193,16.918173369013513,9.670577404863721,3.6425743976451224
299.7885804616455,57.225814354171746,282.5596909195309,16.48448885919472,40.25329463877037,284.0394155298668,35.41313663703517,307.24286300114807,17.733179366673706,20.815975838500716,6.114142251581243
11.300319268523275,98.26997312183799,20.212920383380236,13.774047408405503,46.58768451824274,11.579052393503956,239.88495188611245,23.23279816626219,15.347683782401917,17.698394621893158,3.4709183512729447
15.474014876382022,942.471928812718,368.60048124110887,8.136225006939913,4.406542963716946,16.323459940894427,241.470751668755,424.62834538006297,7.30249178577755,14.166096857533578,7.493979505760522
102.58444620936268,271.3968936137074,627.2590218770395,4.549002439879873,5.354855961480906,93.34828084402784,512.0888336945425,708.219689941693,4.9959013216179455,11.187581305765436,6.74213118380989
75.8417488015581,46.29785313710894,55.019257039466865,16.122528336998986,32.98264492052142,76.16111490926761,44.232807848354035,55.950846119994054,17.103489693189474,21.114111556735896,2.6316912747931736
54.6063894445812,81.65253998565149,17.737199698465098,1.3920514726184008,49.716342548821565,63.416345483492336,89.8595637792585,18.408545029660644,1.7700768996691143,58.28896304487788,14.822208104945664
143.06085255810547,288.30940329842025,138.37665537584652,17.991917921963,31.613045796123966,148.03801090925077,325.7273344734924,134.24524107250264,17.831843932307418,23.385657760348955,4.25826505762112
369.3239280472859,894.7258418021509,467.83499581261646,10.901012663876989,40.84837726165172,332.33863986542184,1031.953257109182,503.28193234839205,10.695436746612511,31.457072398996736,7.165848676289596
128.52658078691405,216.44663222299724,204.20694594540993,5.068794688529321,29.957127721907554,118.71905853249284,231.97750825138368,211.4901170748193,3.886262949927136,13.239566222337501,5.921246541468706
266.3413309480127,637.6204997829009,492.45915401267155,6.3212267428177675,8.222410416016404,246.79267636603367,689.5889256847076,480.90953021216905,5.781760098383153,12.211749313358355,4.802857628836116
156.6795848568117,104.21517103087255,602.3669525396422,5.345566881200271,5.736135289376714,157.08918774933412,347.9450218264304,604.9634042929371,11.538195350715684,13.132377137490224,4.604863013343628
57.82338588405522,23.837709566402822,53.40721148592343,19.691257990967106,48.67359045561866,56.98256859114795,27.131890510942675,63.28668463282769,19.807284338555856,35.999516778980485,12.195877501488736
97.5441203728515,686.6131373232877,12.593803709623682,3.7020289091024106,13.16697538294427,88.39476229704408,959.176151874381,12.692328157042095,3.1640023711964917,10.890131528236187,10.940244058404605
33.41369910980967,76.52454924129204,41.52478846769556,17.312187863083818,48.888941878298226,36.721267262735495,88.35951887848779,42.127630393642356,18.787038213468954,35.29440385367686,8.149208195800377
289.4535147791576,421.78721459961787,302.7615094047559,1.610039219783573,37.30033475269848,265.3486323224932,409.6178972937273,312.12330646608274,1.9466093699194411,32.754820398922504,6.835876114073863
446.6344472405115,25.692858875208884,20.323842888922957,2.120401073857604,29.934515834917917,488.05751346879475,30.857047785891023,27.2548648782019,2.3179359954843695,31.20914819789486,25.30191819467812
34.65144839292625,114.86726040087404,15.318158544600998,5.763805648685105,3.1704066650867,32.61212505844101,82.511419572726,15.891344006621827,3.927015696119285,6.863994166449092,10.240747616604029
41.701692376411415,20.683157496964984,62.46109297484856,15.173355484761927,9.32293039195598,44.870745849821255,26.544763481714508,70.14206365291328,11.819067517543987,19.153512841306945,5.239763351807091
204.2751286408015,658.6697869327616,712.6030718448493,1.8064151480709016,14.870587347934151,172.91518013677847,786.5067247177356,855.9866340068751,1.575030135434999,14.462733576279991,12.832194415775058
24.365885332708835,30.919608811771315,243.7821511250243,11.51322797417276,36.959073109271536,26.251598059671164,36.74215925029801,332.4538594076793,14.91670314787048,36.30457036712802,8.916791139978965
21.893592049436368,40.23836423058006,509.78815074749605,19.129000188601285,46.74989101281957,22.783398961186684,33.490860143860736,415.14219931878085,14.535338275822106,32.522235119774976,10.300715572863755
185.45622091441115,700.9308482979276,19.70073680314695,8.379794711850714,15.725577337423953,185.56489144838858,733.1916368759307,20.142681822420872,7.66723601802644,17.66793500152019,10.005792283942592
144.83487979354135,51.291966839518246,439.61748873848677,7.714889642935792,27.458162500608452,144.60712152191257,45.68204859723843,463.98542091610017,7.6828605162238235,18.374484610607325,11.443076087729782
318.0733064160325,184.56487780209025,87.9515876463081,18.279170572208777,29.684515905572148,309.3634058575269,219.76883562559584,84.93451129987734,14.978846448049497,34.387903328534065,4.249373036911986
209.54804394007556,837.4255828017348,255.14084147693984,19.705095421528085,40.075762569478215,204.1164217929221,792.0624704613246,239.6303811856806,22.386482996657204,44.31031660164348,4.979169166321004
14.616076533916756,338.07330937011585,50.19954499414507,15.247524300752152,10.9409343311289,15.32707465590944,213.43838577804144,44.23805890587006,14.3916797371724,19.45020498971047,5.565206833411741
637.3991251142442,27.136601114067332,205.91651819091274,17.686299057731155,12.584962748111954,586.8633212593908,35.03674540557967,185.4752005287736,17.83929614576663,16.735525147278203,6.804585662849469
11.549756155058391,42.7665397252544,233.1670167052379,2.7726026142101605,41.21187171930859,11.391804428435162,56.12147170085118,304.96749924849485,2.8634427642278664,49.67065222347732,11.28679483760739
449.3490712449502,619.899867722493,19.07647720787441,11.52668672724194,7.21163557450129,459.92647197052554,271.1920003050579,18.08043417887178,13.870993096203676,7.1875897302310205,13.76738508478983
778.7516972015698,285.85881557466564,871.5811129282088,15.38123003983144,48.98055992513922,748.3671529834992,179.47316544864486,792.9501162319331,17.235859972304194,25.238480140766832,4.077661574109359
101.40124610345863,841.5985761440426,197.302167792488,19.233173111177724,12.019932606852235,96.33374679278106,464.23394799651953,205.456162003793,18.468734240438557,32.8262599759405,4.326176817318738
17.100100438587997,298.40211091583956,251.53933839346269,16.09063586432725,17.60918304453264,16.41350077686254,194.13355926682615,282.38238687357557,15.495733749824254,16.744965524381346,4.412195998658352
246.2377044174582,12.938978536670614,13.520269717167979,14.628053668826674,36.81631218639532,269.68224111682423,34.14345845448767,14.507938163978425,12.249374869353847,7.944822868090004,9.249435042881636
18.676165252326324,14.37168530291344,27.452455478109236,16.620173867377332,44.38763450244161,19.7882953825703,14.95361870103157,27.30309135705564,17.11376948884163,34.64581262956274,7.113145137789102
140.9631321153625,489.3246361715777,47.23656378870041,4.8834325039568105,25.27535808156352,144.74354650824722,682.7310725513881,45.07422032688267,4.855427535474463,24.26847171916308,16.377549621100144
14.451257843503855,68.81733789749242,183.90610582630538,3.939157685808728,40.62026475318578,14.640058337501788,84.0239637252107,226.39590549193247,4.3771441560141815,44.15960598255214,6.182229531126906
49.182323215298574,245.56394489156511,15.292405665146099,9.21658691904176,4.845981177193714,55.63295410422933,159.8413439598419,14.41166695444772,7.1944756217969354,8.168245960160077,12.38705243481807
584.0908770224369,25.630658840179763,14.191207877922997,10.356275902899048,29.378752566346094,547.7851169110866,26.70897991495187,14.53050132588005,10.765680110882613,37.75174756920019,7.188779521366781
310.6050154399157,346.33815152344727,280.68194519510405,1.4651853878845973,35.779357742900885,292.6550773626941,382.5951337485645,300.8601003333038,4.496042651196424,16.52653412059872,5.207365917243659
982.3979033565134,169.95695209114814,294.62280401038714,2.862604003542922,38.50154291908478,987.3526062939609,189.53634280585823,325.641074649693,2.5880795985530494,29.050347371780017,11.834549546542975
73.59481121273855,69.66996285647798,31.84224229063294,11.936562589707277,2.713921753446602,82.9081977733215,36.75657050239354,32.50936026982562,12.24821092598585,11.632091840235109,9.134392159888224
47.31116396446918,41.870685273546,16.548838046723954,3.1981329848419677,25.79341581920537,47.44802911705537,42.71259095685827,16.080189424944898,4.279321782244589,30.522215896252657,6.224965629451237
837.5910630242258,199.7229004998886,785.600025039681,3.804922553001763,3.9470517323651295,871.8682679621202,269.5840795855171,832.4519573218375,3.0177141719070297,6.098518209566207,4.398813219336603
49.03465271347402,23.05561140952534,42.374926405904276,4.141552857115464,9.864530434251623,54.608648101023896,25.518418578952765,45.02225569404975,3.0868693324800858,9.49721899840381,7.81718424971586
227.3656350167713,10.508541237439575,59.46587449021206,4.422586035073727,10.677359664353942,249.3188430059544,15.386789080523734,76.3001451970687,4.433599133548161,18.604088187048465,10.027402193484631
20.04470566639214,32.545835947353225,17.28883154955233,10.355313395341517,26.620847318877846,21.990683115956124,59.27091812923332,16.614348222514835,12.40496894982853,12.715111317190175,10.449116386423801
575.8526099216455,263.6853845656709,81.86209637616709,2.390135859653681,7.72895881050323,562.2856402147523,206.5784194109806,103.76572531355055,3.2779583486905834,15.920393002195457,27.200477932434087
840.5761171680933,349.66776920896035,134.03820921442747,7.568469754934406,47.96925423314178,841.0919500844614,325.45163892191096,117.87571212375634,6.66969217137836,55.52248709690775,5.184984137103103
468.5241581875768,30.50881031261568,151.54517874687502,10.980666297983003,33.6281781387021,451.5902830508014,24.586760071541427,165.80927804541355,10.607070007064886,23.868567205927217,7.871801852384751
584.7511473244869,22.596816524739072,642.9765930231104,1.0439193011425574,48.27576188515133,671.2202285218984,40.164350056579906,492.7034063741179,0.936992190848382,53.14005447351427,54.17081621358305
14.434878758859217,890.7216381402094,97.01104536896854,7.775613311000666,39.30610774370838,15.007231990428437,399.71694891583127,250.30914915367774,7.77941277764881,18.491312653796093,5.256291627992153
14.258193547116829,522.1732309529184,67.59228475349389,18.5601789983799,4.254155641422747,14.130656227591736,146.84628291021832,68.51007496099369,16.372176914527138,15.749182925060172,3.4951582039149574
25.73190558039128,76.1966172570209,18.40691793611687,6.702428277135332,35.82214136365878,26.877316179948135,118.69496193336379,19.38894379766763,7.354230612359727,24.403382134185048,8.73940552773907
433.2679133588429,459.42600027171113,29.75087211820096,5.107233662702653,5.34082863995785,429.46092623574026,66.8033312356779,31.57638481021267,8.746272864422311,8.940892611987561,7.954297973781435
483.1440549950807,25.502428372533736,11.64972050871254,11.314321236702089,11.688011226973206,516.3960996427493,47.004474846849526,13.802517607393614,10.7549025811926,13.155653263134441,13.366102119252504
71.98952367275628,884.4096000822522,216.56809416645692,12.53558770539917,13.380984886348303,72.05537268698728,546.3599645453301,226.66319682500279,11.76255109304595,29.43297853720601,3.9869300669768846
56.383377114423006,26.188499588434365,105.21349518262872,5.78485741206844,14.90584261633122,62.56814898906165,30.290518147950145,116.26609845137187,5.106471391919102,15.758662076277373,10.697123529422582
79.1220318599103,33.44276899925647,30.909280097331823,16.227251961349488,15.41437172593856,85.70777722311347,40.25632865684378,32.65533493472317,14.821381854422878,11.824953333298721,7.477073696826545
69.74241116416219,16.843968770421192,193.3712973394446,7.502754044537715,24.351859692551944,77.0633408697448,20.45657093147359,240.26402494467837,7.043888844756995,23.885162509982884,15.05233742711845
32.58534665592941,180.58508141539392,31.536626550027353,2.779272029794827,45.11691454503108,28.507907652314167,216.41769075008267,30.50285510213745,2.714836935459088,45.49445708536788,11.54381890773707
195.47598505156276,195.3941384224418,236.54334132895823,15.700227304145006,31.851206191292388,179.40936069720175,213.86828176135413,231.97301306081664,12.668316816232434,11.593541496123159,6.499974257596014
101.19377681996893,39.285333948150786,32.39247616583625,6.339338782453202,24.132518947712676,106.27821909492484,50.85074649083906,32.42446084739411,6.271740521953172,24.176533930883046,12.892141430020681
10.383809896623696,112.79572727849882,12.516668371879328,8.694493608660379,5.155198630429387,12.281319275326243,101.11535598664872,12.284125279089114,9.044001816608498,5.121115255344635,13.086839759064658
60.47253200095055,17.23842966694182,36.97438721189299,3.6563865937561486,17.617339467208982,64.72303701454842,16.152703375563185,36.283747285685834,3.6339730072078518,19.329515767419053,6.317136592026692
168.16940126379632,11.963026412017575,17.96864119345852,10.499191743564586,37.82426832717877,177.02499189849692,12.673354214437504,19.977396835884157,10.349809862443863,28.200997802379923,8.359320043923256
10.565488012190984,44.48228275676047,56.06084983377855,9.967254487977325,33.43122585538692,11.812642110211932,42.8224728568944,58.52789358970404,9.085756765557205,19.480038364507227,10.861016073023077
10.991997680139486,53.3001176576558,190.18012514550338,10.909340174924568,34.377879259927305,12.72298841119902,52.0179145803374,274.47107276051577,10.881839986969881,33.249827861508685,15.424231930793034
405.5716724985231,207.7900689950338,20.422742512059667,11.63125847142417,44.53037584670247,389.654970752778,223.2696873893366,17.691146439500407,12.786364220251834,46.49116859478794,7.024023765927717
441.25104785732634,34.0600650804773,172.35366637352394,12.577852400342584,4.695735521405851,424.0087773065626,77.44240474086725,199.4116081073316,11.27401239401888,13.237468359242806,6.678879953881635
755.1269491419107,65.76360945703134,292.67310269457954,17.167862446233787,35.19808460330435,686.7733108448508,43.31777914066391,263.21573667671095,18.45137453559254,19.295407508065928,6.88006542327831
726.6005158939727,223.58037961110963,520.5763360592766,9.510257597826756,8.81724630998829,742.0934756760934,207.72625166543412,544.8540169735473,8.156189422718704,8.730254962239176,5.133342822380756
22.09888235945362,600.0306304193642,670.0971587377451,19.26165284253644,32.14561118223125,21.545813411106064,158.30508049608466,883.5141197023142,17.949534614131345,17.870079639677506,3.550763473778635
433.7374163244566,38.52043893419344,24.646703471624303,15.260546870755343,7.763116656984997,451.562124931358,49.9005758998958,24.674547176381193,14.142556444361865,11.342543526119487,3.313978538809634
20.749779244577773,990.6054998976339,39.774049489330515,4.880657780659114,36.81453979050959,20.45459511950018,909.0162012906318,43.64118028382576,4.515335847489755,43.676498628605756,4.894613047201488
10.824845332340807,60.30487147742076,48.999227817613495,4.367252941736832,8.87663033472163,10.449105222763505,70.55177001096635,58.9964219271078,4.890373563009192,13.438197610760495,8.96325579245901
57.2053495277449,392.0996933322567,159.495444719957,13.981729684457704,41.40448257334788,58.71412971125423,420.50815258647043,200.4687951898201,13.456816123962607,27.02394851494609,4.6420034793593485
19.953435734825167,34.53957929863557,63.566599004817355,12.834004097188725,38.878261297256,21.45023321423654,32.00218866317907,63.25700123313753,13.992079358496367,34.01634046546199,5.3966323400800755
96.05814667651994,865.917745148851,46.781206479633596,4.819541568205961,6.14430966844135,89.58854975850755,581.8467980903754,52.56805937417553,4.854232887724936,9.746780055713916,10.111706463431164
34.153307418686346,334.62055422424004,39.47431827127264,6.99642336150549,35.371389144331715,37.01017235021772,503.7642305511291,37.82512219700706,7.4102802704580215,25.745446449551658,8.872967473689476
105.15679150264171,79.78566670209203,23.742345281606042,7.9890650529925304,17.62646196809222,104.9997426861075,60.89176452004433,24.15947566534587,10.918035095788737,24.343536720020754,5.692405138180865
23.342598105940073,34.76703632490694,121.4914834195219,10.923545148494759,45.484515907010255,26.947123825668356,38.11195571628982,139.28275973210066,12.886425485639561,41.5688720550833,14.164611991216889
30.502595310846495,67.97145896575587,254.41411504386787,3.2182970452334927,44.52261530845778,29.895596738869273,88.9624592176889,279.78690267712557,3.054080019159098,43.612809810787724,17.131833009427528
15.271340211947205,747.0390576491997,10.233205130749939,18.42940285240951,8.26859504990288,16.296049739575498,303.5641630509993,20.9620132622369,18.141109611783644,19.639680098214086,7.9694037885278455
362.3306186622045,539.0722945076946,10.63521686306928,16.390256563217633,49.097910516771094,354.9760536950942,649.8530450632262,26.378625149291846,16.538820885535458,41.60015903021796,5.612280594866881
22.61610467176704,15.201687297646691,550.4220120739915,1.450351982014873,30.626762856018512,22.561686123567128,19.10170623276687,580.2566972508985,1.861300176963981,33.96173898924152,16.514712549500096
383.5059839261079,13.835379743953172,15.38683861086085,12.608096359443932,30.59343186364311,414.1458357280801,33.306595868439544,18.48864145475753,11.940053310264897,9.931211090773639,15.057003068473588
783.6556764641667,999.8941807119343,334.5496094611709,3.054435111280165,45.14938209596717,647.2348662911969,1019.87085608236,374.11109590609146,3.51803423906091,49.71013197512098,13.84722303172991
380.0248213070975,13.455965498458442,32.19453641440197,5.371959927089447,49.297498984074664,365.5209848596933,19.540417726307833,37.34036091258994,5.386700465857029,47.51042018248154,24.68952767105851
26.870836036280732,24.467776802921442,907.6519326723633,12.038825842526162,16.978475774369176,26.6409916716272,28.59229315458702,935.3987164202686,15.089939071449988,15.673463451047436,2.546526065552279
41.497187592472336,69.88815899667568,23.584383850526756,11.593744725735704,14.380945503799303,43.02590462091029,130.9673405688354,22.817390268639304,12.037225302310928,5.914233135801739,5.152619901462492
16.71494806064448,44.01444082685081,138.5068579325551,3.4789073300673956,38.193239507273454,15.697472398481258,44.585440686183574,144.41602677240462,3.0465197925157934,35.74586625390384,4.406197335336109
168.5836864708945,52.3867084170056,931.7110880157243,19.11069542194554,39.37353129484161,177.0259482534277,53.47959606357041,741.4301969772139,18.914011008322127,33.21649214129278,7.741010621739802
43.53779893948969,24.545059715971657,330.11626291290054,15.526218227288863,3.519533217639074,44.72349719316501,78.99651600797978,374.9103629088721,16.532587086080113,10.46139689997619,4.390455438564175
31.385064860674877,176.4800135186275,335.6940986578228,10.614436709619339,32.78981193296515,32.33149602530837,127.84313155099125,340.08983806339955,10.097490046023378,27.02274174597888,3.310232165186285
777.806514971555,891.8738596006581,25.885212936592584,11.857203477543116,29.63591160164049,755.2227928048976,828.0127084341456,22.41881845318483,11.180349681841136,30.847826674040213,5.27801616574412
59.427130151326566,66.26811077197175,160.75703985083774,8.895125635272493,48.11422247911356,65.21199890852918,74.10857522168965,184.55325798769775,11.607402007868002,39.80029457879972,12.163573281660282
765.3350971915029,183.66065666901895,251.0411637128923,12.098914128665106,40.18051053620775,724.2675418895932,118.74806678239887,263.7000735947368,13.380697199786258,18.247485314720176,4.989014513946357
17.868446336503897,19.033041702815893,30.495718346533785,17.4462022048742,9.973439955778312,17.55688433853621,22.44544799705424,31.165017821479196,13.3918145143252,30.35210476140281,2.042932875486804
242.30747432436834,884.622882813699,50.49972035990945,2.1276683676580106,43.34069077153501,229.97082724811725,993.5338701689304,52.86368630361392,2.3158943415502087,44.718234770287545,11.550466645320798
695.1339127007374,450.77110280686344,577.6790962547218,5.839012576894793,14.80401007193749,739.6453304487823,312.02023211770546,573.5513767035999,7.192115791846808,12.025502696241423,7.383476137464948
402.0419948252484,388.70224972975893,337.18820837490154,7.427343101913282,13.601792556674866,407.41908954556305,380.38098731476566,350.8385765100914,12.819337855334322,10.867961794838292,2.2850030251934017
214.12413996383384,34.36789791593917,398.6056567410134,5.295325663489392,29.120277245259782,228.76610251843974,38.14647107809561,605.6220700000578,5.0692388674039215,31.501774251032224,7.182089188417659
189.62693861699142,659.2560516316537,314.50495320696473,17.131785829794826,12.168849222416524,185.97159649570003,388.99084200326587,339.8164301500847,14.194747240764087,18.88679983685136,3.1606060213030656
296.15712128414975,318.38231568872595,722.6306359439064,18.368114356641,20.202883800319185,269.7491129929164,202.18912295326103,667.9907434819528,13.614469722260923,12.202951289604766,8.401042774403477
100.23451750160508,139.32806493853133,14.115802415917104,16.07221953983209,37.95541216343559,105.51591203105504,150.91893123581906,12.486854657138842,17.304065278774107,40.021519925107256,7.600058349311614
515.0722897143127,29.061423054250145,860.0075677859558,19.552877177404003,13.72348366106651,518.2673149953027,50.675757286667725,916.6543043361564,18.45992332093098,21.13628321465575,4.433893783732894
259.66910873347484,423.26575603149325,32.11015884620223,5.362772655597155,33.32675069445772,280.97388321912825,615.0833089908921,31.399762229326708,5.235943740264914,30.463683941579415,20.320502913949266
365.67200617329945,142.484813686147,242.36347810727383,9.667211489014376,36.963172753477565,378.816892488161,115.53791520012365,265.95423190827,9.881390899151434,21.273467201050636,5.7930410476732135
116.14101544044834,137.75522245716053,189.40034370076577,16.705016100061957,30.650650678185364,121.79384034187724,149.21543051954274,180.9329727407872,10.804351319678442,21.70220329984524,7.82822926991416
211.00673580120463,421.1257783833194,15.236213280577177,14.762587258071424,39.52258662434603,214.30016400896253,598.0381966081151,18.452990396833314,14.000639119551549,35.40102605423754,13.588388357545824
900.1105769268507,515.5307883376122,381.8631202409995,15.690431395028558,29.893955336159085,789.3855114167036,611.5664411190689,421.6313726087917,14.013463028583223,26.50779188538983,10.124775332780393
793.8571780033006,12.323020447388815,11.044587490421518,10.923061781995054,36.67719645813355,837.2528101953679,36.82210115971229,12.020730711869081,10.193077680573348,15.241889343075652,9.479329181847843
41.90435613400192,143.34532116012196,46.296465830032055,1.364876814600271,22.9214579501035,43.01517623846334,160.7813668453101,46.309907729100225,1.3208538733273263,22.740952511937902,7.309699482050889
10.760503821787788,29.699358641586226,100.27985936320437,11.270865185884576,28.514469886978564,12.358560097254358,33.85506951020695,118.61467887238847,12.160502606595145,32.98492254756808,11.73390925659183
141.07871336160005,438.75421705544994,94.40583090286793,2.35226581187658,25.520926129058758,130.80586532264238,541.1005233871899,102.03322087715614,2.418587605749211,23.16869621268922,9.148322647798993
250.336146112451,349.4591175124628,303.994134224802,1.942833978130256,29.433568371337646,230.36023181485612,330.61266264135793,323.8550070488399,2.191505776179224,19.794382610842465,6.852062684724366
456.5520975260562,918.7891491753328,613.776782016944,2.9288567133532166,22.878417658243404,406.36890856248374,933.9928085436106,645.6753051779689,3.105547219621251,23.436306166505712,7.959073067750641
31.87140598803161,19.072750840270984,258.3977172153818,4.197371603894042,16.022066777030947,32.873464306498356,20.196321663452082,388.64390508924265,3.6002447142790226,18.28743186894113,4.319385804893616
10.624265871761517,375.0907233015973,70.4755682603736,4.355138355481968,41.43245837032779,9.637207544924197,416.76493142004955,56.22343509865948,4.378949019259081,29.79038029063643,10.956562044027216
47.367629124318235,48.3934619656181,714.8631763483305,7.304250595103951,29.09637266047098,52.55801370442317,56.67677427585418,788.360208589919,13.91279989215304,23.037778781325517,12.096134280734253
448.60811930956,189.35920488673926,20.007036693416616,15.394798196320796,47.471362683778146,389.8673871197019,209.6186140828304,18.38751498513198,15.782812637513533,46.761622011333316,10.026127808916192
80.43965380156845,42.902175240584604,962.215242426494,4.836265096690806,40.86850499009556,75.47164722536685,51.25738076979592,962.6672234600537,5.85842568743715,36.64332329599029,16.273120142166647
32.24693881494897,137.85494636493462,502.7424635943007,18.140700068072448,42.36553886783797,32.58623888663744,101.13725768260117,441.73167714069075,17.09970399187999,24.49520530775565,2.4732277369504523
41.74738021387025,400.2729411744105,113.61849879680697,1.9542991447668123,33.00241894527356,35.47005332780539,587.1355562736992,121.97328716896975,1.9594149705689263,27.327508233940332,12.348964402720194
236.81467381283244,653.3923514438194,140.8222739415573,5.909790209631575,11.083488218772292,229.58349133822327,756.0730403637979,135.18210080392504,5.524851883121745,13.166886110088125,8.713868233632699
17.885406400683003,12.367845653367608,640.1109698513156,6.988031349484784,42.13470858088936,18.82344885764578,15.963328456725243,923.7972426382141,8.557801100592007,36.65329452106955,22.98975045474832
718.3808671359067,14.588360392228891,22.120912192366937,17.455370769137165,5.798797979683243,648.0517386112341,67.34445311595051,18.852322656834005,16.0107135958305,13.028229133442546,10.703961499290312
244.69817137639149,20.988541049077185,92.54702805051635,3.2569851139959582,28.37111746987195,278.79966819909066,27.472271050387402,124.79771914057848,3.289351687017957,34.917409985096775,20.07666746162013
204.32841014156935,20.8315895480707,566.4148695414411,1.4011765394874267,22.204489373497186,232.9799605263104,27.18671398923837,645.8941185596067,1.3761991744360589,23.522356332741662,21.286662652991296
295.76824638138675,17.38899285204645,216.9642337443945,4.389415883419833,7.678888555900465,311.4919413526033,26.011541473641877,255.88730453016737,4.080680534583278,10.120580000889952,10.473411989422122
314.7453731113793,868.9879582866341,178.76912962697938,5.694852344128693,3.285795759127833,284.569218708876,640.2560481949881,161.88052133093828,3.9126491652857314,5.876922915833606,6.95266829394132
41.323903974995204,335.9532201424909,101.46822432615144,13.429987783904494,2.2973254398559444,40.227165101785204,128.02870861672537,97.5641545291274,10.956670477870944,11.50827781536528,3.521806666888541
16.864587775297274,52.93658633084149,63.63026515463484,19.91120203632359,17.406879932061543,15.744056262507963,38.08560506869476,57.585273921267785,17.082880405951993,13.91885296260686,5.430355967252442
40.81734467173089,950.9940416143173,35.15272420938939,18.47275823101734,43.23198644774464,37.84665825145787,630.4548602414561,151.64252282825544,18.26202104192596,27.604840879619918,9.695714444375797
109.30857164839298,12.825354878080963,63.850969352399424,12.070975859327694,7.936237859381393,116.01801401782774,23.503904802951357,77.51542557050443,10.746918890734579,16.29714291288195,8.27166734585007
687.8192191791798,655.0484861937589,13.978666643535913,18.418970293387755,10.729518989647078,633.7373070033566,686.8694503838916,14.083172308575282,14.67608618699507,14.516072568818986,8.047522588301597
155.0507478862648,18.752078389877326,739.0857340510019,13.8501880200055,46.999508835768665,164.57666098388526,19.766161857344965,632.4550797305947,14.57688735795149,37.34981615911639,16.075020503974066
16.65757636358663,406.89262525916484,191.914136677488,7.811775311002985,19.203774805377602,17.959384354961138,318.0717335931833,192.5300184250566,7.610795536837125,14.34007956718654,6.5363615447758985
12.631965923681955,67.59481834296261,174.85314758056103,13.427408388476401,5.0983041756572245,13.489337519400905,138.0519482020939,180.17255913868883,12.811744169070408,14.772062166750166,10.283224611598545
421.20958743309683,84.69457788912547,935.3643553603049,11.914773745306668,46.98602584755345,448.45650413587146,75.87351277988601,786.4788896356823,12.424572547488818,31.87299136725448,11.067990092619068
258.617465234249,10.470412910914636,61.34113962396172,2.0260410131507234,24.02603328078208,312.7220130528136,14.519077555493237,86.73044747782141,1.9309947423406235,31.53736779003319,20.880461295871573
174.3283808199828,29.69688930736472,184.13551718950433,10.850366230647277,5.001738222359436,161.70596260363246,48.59150251905223,198.5431422972906,8.599023258262218,7.341897017927288,8.734579712044805
45.93794443017607,13.34439488926982,828.4433847227654,13.9328612705035,27.96112409300316,55.16649380699399,15.472129022468605,905.6358722887691,14.199923980955203,23.907156938600007,24.71107592783933
10.910579727142633,47.478153284379694,97.45772590849023,5.754452486827807,42.20729222762285,12.545379529182265,45.615573394697655,102.01716709631256,5.781738961109314,36.70970792658881,10.476230368642783
229.5095479069097,10.117585465518225,37.64571480629319,5.449214675581498,18.616497309392688,228.28255290141806,12.031262022168349,50.411107538489816,5.241732927197288,27.27244679500331,4.754678583967538
19.32408907833257,90.8581265249818,114.84788395759372,4.963988187638136,19.02719391603179,19.80718753123388,90.98225631938688,131.50575298070876,5.197157090221415,16.398796063613492,5.448989606502941
30.28639672547978,158.01386012452193,11.68358121577469,19.662733926918317,2.502196861491445,29.972184313196912,62.033724942527165,11.66828668615573,13.430572302356834,8.183216211038781,3.597430222140776
143.38212638271574,372.045722771967,121.41064193475799,8.019638321980565,45.37906594263525,137.65747034776447,412.21440923956925,124.77233279431299,8.544113827342875,41.87146423370229,4.629876362118904
48.81822995267595,70.06393452486367,60.08303415924557,19.594529114304507,33.853477172230846,49.319954749578976,56.192246543608995,66.70580535453429,13.687105068785037,10.68771713422797,2.208314612260507
137.85475885724907,264.12953425767165,48.75152378756801,11.276872349171876,6.808753143889764,139.78501903892948,239.71808367419354,50.843597942880265,6.659823655348555,10.254429121542737,6.331340511993641
197.63405172972233,428.1172163103109,576.3109312575845,5.208861846370213,12.298866048559045,189.73436693707222,573.0317647090963,592.4226572750821,5.583224345981732,12.246066296997542,6.053796988584251
75.14616258523583,71.63103288389333,36.60253243088217,12.877797054661078,25.333400026653642,75.27533824217267,95.68587664086162,36.840118093438534,12.362383291074089,23.068929057802027,7.434084396275424
84.0341594268156,45.06057235136175,40.8282931845482,5.766204941447322,19.5222678504684,93.53688070041139,60.707782115941356,45.29592215848678,4.815421395572124,12.121565450846171,13.554031301294131
60.768066710405385,25.14009191427455,229.1236245220595,4.4451077165511945,34.39101211548175,66.09210692281461,33.306073244708536,309.14117942829614,4.550452250018176,35.59834647950827,23.272260927196843
92.75839575487893,415.2920514900531,10.97786841115792,7.885140846207908,32.303104188856224,96.3409181014358,583.8022320139902,13.311350600464882,8.063317373214138,27.365067062927427,13.566388951678302
16.7771299805951,13.542964120942766,268.47126842723617,5.699469830575944,33.622254856313845,16.783297809294734,16.62436588273925,612.7397066875808,7.48838591443283,31.082182475355708,17.427251994052874
11.310863099716633,24.55084424548246,12.949166710228273,11.095519000135814,3.902108550003957,12.417724706777092,25.674584229163933,13.369453256787699,11.386367159823445,10.251543846287907,12.17325432449305
33.81268217237707,493.1250585698936,22.85515361810772,8.857790694889427,23.59324639731805,33.19126517114779,581.6867419693622,20.741081024665853,8.972810822031331,23.282687213938633,5.095092373248902
339.76481030883923,210.48831934557882,137.68047380134502,19.503550855902315,36.048835249135074,316.9410396060666,318.40797533930873,142.70231075624756,13.429313324125348,22.87337344529432,5.600867271475023
258.8268073288027,53.63685534973423,10.760846180777165,15.522242901482537,30.1056034097525,273.8755932103455,60.62834008854449,11.642231601434492,16.03319469440067,29.12433008434959,9.04796798865435
97.68580757550127,483.4279346978913,922.6381704440195,19.475519807218458,2.978662479007035,99.9613429536246,252.1098989603303,1026.3012127195466,19.44156156778729,11.936990647527242,4.889714724615093
876.8179139041928,34.54533096332332,30.08784756796811,6.534449398463891,34.20354988743904,892.5611283244413,52.37973134571639,39.15141201066785,6.323628833025182,19.80014453971901,18.98581796663714
461.627787115078,14.634633540845902,113.15579369399681,7.029371345004271,30.570350026510553,490.82038401660543,19.47702979209175,154.3725257150574,6.89392174157209,34.44020108879879,14.401347128039596
217.68754440008803,305.0808025192213,18.582161019649448,14.21926745904028,28.880057406781596,220.21027197551325,354.203122370299,18.37389180826523,12.8421312790691,26.986238435382976,4.853675695591785
52.480028554890154,467.4976282275369,68.00383196337725,19.306023702238626,3.785003540088555,51.42690067691806,162.95638388366467,64.48428403908659,15.25618534896456,16.557003416298205,4.244600800002174
44.19282796702967,279.70408066403803,220.65647365620055,15.276962900296759,17.32939293720231,43.745017818442825,161.50641359592242,253.24596825201752,12.381719232468363,14.114852754396527,4.149603822833536
113.5008931166779,80.95539128550486,82.11610532296395,18.436545621552934,35.342855767990784,116.51574356567953,95.20677856943698,79.81604655068551,8.237247935910842,12.363981003568957,4.653509655856029
23.06799030885646,755.9452300212597,30.628374059602383,10.621537443672763,37.785079573774915,23.689840522515833,601.9735887954442,70.53548491947346,10.310172070709854,32.48099302977847,3.896675233664313
117.47283781930219,224.29546117861577,43.63149150307823,1.1757297019890809,31.837134183092573,124.18994103961151,225.052017317948,42.92702638058505,1.3041149139579997,40.67582040309713,12.103444541180524
25.912150491471767,16.625796769787588,217.95114220748286,5.4837139866479605,7.501033690391679,26.9206290708256,58.194899806131176,231.0529371293033,6.2295178528509165,11.402327655884298,33.95179446238299
11.065662491512548,181.94689161588252,44.662969946971906,3.8076833253311526,2.5340849403923915,9.843443737999221,138.9451935125147,43.677216290570605,4.220370032032625,7.143093674067487,9.734746934501683
77.40259734443421,72.79612497053776,36.84985154311576,10.145228830527728,43.60800558957711,77.07265201856143,70.96387376925824,37.11176567640303,12.490083891806885,46.07694277656922,2.3064985259356248
14.434136391487598,83.9583898253138,821.9218935601501,1.31407741869935,37.27532426132951,15.53466347952223,85.81838482617442,896.6247263468106,1.0505240333335457,51.01569867219812,15.355906684655945
27.917311533679943,651.5143254724002,166.91116044766008,7.288039325983524,40.45564522096152,30.956724217679415,758.190894424812,125.51886360177382,7.574058682548702,37.6469043920614,8.887138029082504
376.1994690348793,34.5331382660772,18.569637093860756,17.773701053516042,13.994065509526308,412.74943631232793,65.28831218528956,17.285950436708564,16.491925223936214,15.535043532817381,9.355412771697779
54.41211891141667,174.45285066447119,739.8029699578666,1.1591053990858835,35.90639360172563,52.509510715134255,152.6216535808347,1054.0206700363815,0.9707069767598548,37.04725689040763,5.96810149649526
608.9974784479347,133.52392845433948,72.79400252809089,1.4642374986808493,30.35842784114267,672.3868971037697,149.76701848900257,78.07065301747201,1.4446696137593869,41.44217280767078,14.752768971861672
112.34984551690796,55.2472509953355,57.914663062755956,17.260683982224595,48.2402057027448,112.20801654716271,48.75559582988482,56.80057638934653,17.796003750052716,14.926674433248483,2.0204973059195215
67.25956659395762,153.81954873982025,512.2706866192037,11.037117874369498,14.759025379409813,65.15382400234282,173.5989702083953,583.7435787902971,10.388783947392145,26.334989026464843,3.7125073281741123
46.43436194834957,398.12317195003453,293.8560104111249,2.4602900702835773,13.289575749606707,44.10341137950796,428.6193923641939,313.11147320515187,2.4796537322489884,15.639230178916778,5.225459733112349
115.72037709037775,122.50184953624121,14.334172865823978,9.474263488787669,13.367992137337454,133.23962215075758,115.49018699260907,13.624742053648252,16.421025001741068,8.526547956318458,12.724770956656506
37.653821441878875,13.451848431337622,939.7447301929433,17.904890265521367,44.829236196074824,44.228181027768635,18.00231981608735,549.504388386281,16.09159504037761,44.10694134607314,20.922329041342795
450.0783179435495,439.11059088107993,17.548554544197575,9.082097736257174,36.06184289417224,438.1451924296582,513.8380055155361,18.069857773814196,11.914816156857146,30.876281866070954,4.898810923048972
76.32455930172634,493.7324785170705,779.773169019156,9.447669297013697,32.79672633050255,77.27909154858929,399.1269772377397,769.0858564193095,8.834007980719202,16.819268161343036,4.12055839478264
37.33623911812422,138.34226072128385,900.2077375403832,3.244969517437639,14.875565978559875,35.281056834534965,194.6784191599382,998.4010527048945,3.5879521060252526,20.615050582698572,3.92734015993959
105.8384478032523,756.273957658617,53.995991730972136,1.7742327765093764,38.5596350333664,90.09339127556407,762.6565538134456,49.80799495758654,1.693678449441344,41.040753881878885,9.782335898537308
104.27148856075873,48.26194996200369,44.885186413133844,8.969772178927784,29.477479503371313,113.64865765997094,56.875410782020104,47.60907549451289,7.863451911644997,12.042569201243188,7.012170996654535
125.46422957516901,18.24531519681971,345.60101617055795,19.692505171555023,5.694521303569092,135.16350761686505,51.2829159650356,402.9769288369596,17.039736541924068,17.239802323101028,7.423283446355557
50.44392520758815,46.75234307396786,105.5989504497593,17.33619471979761,9.170717768265975,49.26140315109012,52.44956311440499,117.75262651269438,13.986207834643091,13.717947764987818,4.086424350056662
14.898928283506901,641.504785443146,30.767697653354865,5.753442086613771,36.36210194835263,15.447615616306123,665.6882282034212,37.767815089372384,5.840305349708681,34.877515327323735,2.9271440679722867
25.020680320047607,368.92295990896423,40.84012291467057,8.98083801474514,5.954384209184865,25.649511345800537,261.39155356141913,40.28965110949027,9.230851782262562,10.899540036007343,5.579452994710389
178.26935746813948,138.2963229929978,23.56811966262185,14.73815134441947,5.515671771992529,206.4539234078782,51.342370716216045,23.200799201843363,17.328024045459888,13.30874556411237,14.386465578088176
10.04409164888683,28.699051831868758,26.292938564057305,3.3538378576427137,9.97285821138089,8.768635866720702,46.07811834162448,23.99210422183783,3.943957244366565,10.897391224776737,9.316017110782852
43.83528941697466,883.6393589604667,210.46715187442976,15.70014124509466,43.22630170461,41.8930137437066,401.38682602644445,369.104853105535,13.163671019224715,18.66269026569239,3.545759086063028
672.7013629432571,35.84640743602748,381.3472554853836,15.013334027303165,39.26009820317512,604.2349608849354,25.941557734945793,405.6058502435349,14.899444531883507,22.605307033519704,11.750048307434744
265.1429635697709,45.930041631179996,144.63419873584087,7.813913426284535,48.61206853520713,279.41206445262816,58.69050732101125,165.11354435495727,7.4883999028751616,45.26092843226032,17.278181445389194
117.59439526108959,354.76429019097816,26.165290557451662,12.596975674246671,39.236382275028575,120.13256513155572,452.73131004842685,25.20914031009531,12.135492028073616,33.58973626642808,7.195755371368382
32.918524826740764,987.0889658309184,136.77845893271842,3.231419680681352,36.20778785076569,30.30419845502733,1137.9097621885035,129.61042390635166,3.1258426785232154,45.37087998863202,10.462049686534666
306.3505740782755,917.9181043174541,26.699929316054906,19.86975908770949,25.98853777604362,305.5240781852942,830.0047017979574,26.031707170100614,17.351156577334358,38.83578170333836,14.888316091597053
197.9351901319231,65.91046473076457,58.35083733999177,11.672102014067232,4.712764346836448,219.0762413278705,108.89962378814474,63.863845047959586,8.71844728215271,6.504585488115587,8.06609984561816
672.8541520588768,19.624043760090405,525.5616997665873,10.94423925138245,37.25977076658008,696.3625661439457,23.488345603680237,508.53513420089297,10.482284722175244,30.84738047570865,18.50527492170065
127.47865888523525,165.71131442497347,299.9758338348099,12.887487875267539,34.847702115584106,129.81032751460236,182.6445304101139,274.0747353527697,13.053822285568566,26.670459097309,4.2412500167887766
889.6711207663908,134.2974995300826,54.705368934845616,1.9956318762383023,6.318074278743583,845.0544252556706,128.77189254878868,69.97577481347153,1.9183256104264774,14.688277018858813,31.658894633085243
14.524351575889801,96.94853460761072,31.170691430779886,7.188001699990366,4.251269851179686,15.77183146784002,68.34467430083184,27.962525633318055,6.778798881080031,9.171681008396812,8.135173137935835
11.30430501187098,13.227654314165651,690.2886890058924,19.177650518465555,32.77298421543601,12.27323687912376,16.743092015671433,560.8684575982439,13.86116048637905,34.1792022279882,18.209018350805522
53.956760935860366,476.0413351623902,31.26460412359244,13.140518576767859,40.2132031340293,54.183154620581305,591.6246247877967,44.136510369646956,12.959209885519188,28.41664833379856,2.7181803787535372
300.4453425286119,605.2322905602015,414.8991501733543,15.935092839208416,41.61656175864528,300.55169442663396,637.3587736938965,456.44653474263714,15.070769994808709,29.66879125344516,2.139081482542837
286.4723376799146,45.607757416043725,10.368512226298089,17.15220411180591,41.479671125329496,298.6036996375982,61.52560185173838,12.646108046866601,17.110566685764113,32.54767039639464,7.602992085079036
115.29791297004044,59.40220773862938,206.82009179445296,14.742288954477777,43.012242925980395,128.2528274890051,47.64322955563782,218.39688162373892,16.8822965019036,26.5259770659384,10.63842962249742
13.970825232383085,76.59598138640004,45.95099577825183,11.650146996712957,23.651297310713076,14.924619295139951,128.97833005045146,47.573903805605454,11.449732551604196,14.146853488286755,10.70480483445628
60.47448083060872,23.18815667713977,10.303171849930159,8.84583539426098,7.002052556688443,64.72225261456646,24.93093546724254,10.931816256574304,8.04542319827864,10.00680898630861,6.618669194230484
297.3578908773504,116.98977918315704,345.9604338223084,3.163891240380082,21.428480486162325,298.4492191509929,108.37841256457929,373.2188222283032,3.2328737864761576,22.518219170336195,4.4791250748969595
251.2828890712303,120.68407287913085,307.98664041851794,14.579705957123098,5.096015967892033,254.17084096362703,155.66381173935193,315.41917756021905,10.67184739880978,13.682410845313028,4.741025874163344
264.4270154189985,725.0347098521127,12.346155811133015,1.4241883202249015,28.80406306641793,281.96709292706817,970.9494837490747,10.475539359950888,1.415733845624582,27.687046692062175,21.718063373347736
14.561936344402115,796.5767059694969,188.45342639551856,2.128130652766039,10.680585537431469,13.802135269473467,537.3663446846856,193.28828015638152,1.9867480642847768,27.375949350190876,7.2296024948465725
40.93444224351762,842.4093267238944,14.507853403662988,14.864401204229189,24.93601837577782,39.74823466940948,655.4233818785797,27.621709311990188,13.839888460463284,30.427163047478334,2.6454568577966775
101.97665190016248,26.977644356667774,13.214818877643356,10.493977973296209,21.853045475304054,111.41307562062683,37.17578864428772,14.395609518295931,8.8696959255265,24.659971122954637,12.925582368888177
917.8591656199761,532.0029626677097,20.32526143118288,19.6306504702422,10.019996182874388,858.8745068492312,643.0641862798976,19.61450300949413,15.074330186699644,11.910545011032443,10.603512235332408
105.58903925123877,125.42542332529567,81.36145553522258,1.4806017476662143,15.337258939362583,99.85449748202703,178.47692652477733,75.07582912500264,4.150055179492212,9.165085320886906,6.934228515948002
10.106964281749244,31.1670841759694,12.38467679795186,18.115821796159313,21.962856700913576,9.903314988940748,43.89986970982972,15.248987916703419,16.39198455765829,20.421028976116297,11.544629225022799
21.611865953076965,50.242937135035895,37.514800788156535,12.712671238000086,31.350018079316335,23.478728085466997,70.98889355040806,35.849060778277575,11.5910148215653,14.691401606951937,11.474277678768248
15.322703381706663,691.3249841391092,273.99834290474433,2.838300980069871,43.71147161498445,13.614622287593225,766.927170304842,317.7248664375445,2.8846144900348447,33.82797270889805,10.669906882118472
880.6375100018687,320.10667337384376,143.60639042888232,4.159178708940341,32.08721063226188,900.99301749376,338.4701623861518,160.24781658278548,3.6867492600365313,47.36546542156012,13.237709090000111
278.1868948386983,83.77040997836843,19.061091782244628,7.349289853925296,14.494849372282932,267.99181859615567,105.70245708401644,22.449187649413133,6.551581099801792,14.805517435536185,11.153135476958973
14.254420087560332,68.69438748768987,792.6286528912018,16.227800777813265,30.487932177585137,15.130872790198515,77.19936094340179,678.8275579714723,16.605922412086525,24.84119977619742,7.475549908629368
297.93952100164097,11.122076692627585,101.44043271631534,8.025752061205075,13.089109711958509,314.2561054873802,15.502571299575575,129.63728998524556,7.845180158060618,16.777803678959025,10.029283541919892
679.0704694124801,31.905032158878093,28.08970334617672,12.977376848896222,11.132798637361786,668.5625945630145,61.890573870468,28.533695392514918,12.145659851461359,11.901254633146607,3.867583656947761
127.52887099339996,40.16065933912717,13.615939400715801,2.0910600938355124,38.92391251355238,156.935087662437,49.6269020013588,15.71645539003832,1.9102613070537402,39.90428443191107,20.274959852547425
44.27754462702707,403.87911213545624,61.09477526335323,4.232937196756687,23.705070855944268,41.567029735186786,462.2424760956036,58.57199763940333,4.35249727992638,24.336692504772444,6.7299287909847685
58.589010755657995,10.59391170014728,13.794775313240176,19.334433483890837,36.52609252710092,65.07387642938887,20.597536335579864,14.961185686670701,16.7915126736264,15.00605414767195,14.804269034509002
13.901583009070105,16.082055337723787,30.600092146075024,7.487777328860571,49.36545461219228,14.629646056788788,15.329439814605415,39.612723875852744,13.31014868445037,40.30711672825801,6.112080352170915
17.601300408203656,62.3549919251491,139.8765993967222,16.536827418452898,16.40549978585768,17.19347883611708,71.84576638504556,142.6982805991008,15.642393767980007,19.850831859828613,2.827040602783882
230.3864072084848,46.56461221045275,11.543886709648229,14.914581114598501,33.166874253898854,246.58944291437749,47.28146953513438,11.934329828125776,14.257148106360967,38.118948839574436,8.056762712327554
69.05541531613423,837.593002096896,817.340716227027,4.676339638610291,6.778618787258259,60.257927689218974,671.7040113714418,951.6870193175868,4.141342604668557,10.052149633660278,7.939894984551586
58.97234960121253,693.2258722782659,11.130585023040297,18.38276473889658,36.33885719131642,54.891333088035395,600.8330500302878,54.543813248439335,16.395310691166877,29.05404154797003,6.03600290579198
174.6780191432365,239.97594454285746,208.0030430040353,16.78025023524531,7.233995895634786,176.29544363194955,225.2820516140989,210.84000509480163,14.128864521372318,14.639019020778376,3.027016900101273
103.95778470350176,18.208497346387347,95.63418963203354,3.1798860845211148,29.990233856517047,117.87664495133811,22.66451187568111,124.85696088209092,3.214898288006019,37.27409724597149,16.39878286410956
24.920968722289278,133.33234376153285,850.0359021416774,7.7477445857767275,32.23494993559157,27.16502098803013,130.40746339010963,942.4576436220276,7.747930447459201,29.404220094075082,8.484721604841013
19.498088536087284,151.34376807166848,12.61512356468967,4.822934624080609,10.411221313852774,21.013490612239327,274.13604253219626,14.534116395925912,5.107981780225451,6.928684835838488,13.598929259936249
129.42631007204287,11.670663757535278,80.64267416561475,4.265392540637502,17.54912850650245,139.39828121341824,15.23186025548904,103.57495534165915,4.2405355007645085,24.426637908705537,9.365627776820027
428.53306139460875,270.47125365216885,777.8205322872423,15.003838958919166,6.7832903029113565,421.16565394633074,271.4265068208897,812.0425778452193,13.575556561872897,10.368793564595242,3.6707021371740955
798.6435176622155,61.72913712842765,163.0289729826122,10.934020556164233,44.058647167735614,771.2509444006247,41.191811255592654,175.17408246332167,11.27992752773001,19.991261609960954,7.760859142724754
625.9402322991053,12.16864242725474,916.4238689750224,16.08811670125394,30.487399369279718,621.585437682424,16.96766400289943,575.0587722259212,16.317815802772287,31.269898585073214,13.166223753702472
10.811999162626062,576.1790789954938,12.285447402997388,8.08091647519801,12.415633756970612,11.089023696610829,424.9769364756693,20.178266187532646,8.875634680618054,17.120170389852177,5.160734061561944
639.0298220681383,549.5922060420845,38.02085774777718,11.775436997510003,13.595867306304068,566.4191007190454,285.530905793962,33.18426311520656,17.957275139775632,12.973493547506875,9.140801063394596
481.0674688200573,15.61109281777208,22.97135956485945,10.172230785956804,14.59733855627815,472.50093469961786,36.610547207204505,26.140380794712218,7.908600306388753,11.61500866759759,16.72068172508468
61.1867151486636,687.8417518922616,324.9534787872868,13.023785728572143,18.321568542768894,59.344657339496734,283.50632404298,376.3621327392118,10.477948908333458,12.004578049120756,2.6574035951407318
143.6799620143681,963.2816549884471,270.40746181807543,13.346286003129608,25.710910238147846,132.68397668216002,757.1564272285107,293.6686234725018,12.8980953985893,33.26694721508125,6.898790320203391
23.945688838620924,212.09483653161612,157.13811211078212,19.666628390301813,23.489427227614808,22.218459457861144,85.70291668627576,167.97843179457627,16.360879382647724,17.458749723686026,6.11931672268097
34.99502667761738,439.8868906691863,27.95215076483778,8.094989482737263,34.48364438463549,35.564706292748994,664.5401486328404,32.20901211833263,8.231330245776064,23.593962416976648,4.070480236119922
19.393292052173056,164.51822762528323,11.812149385169253,19.18274688347813,31.97293390671026,19.87267176960214,271.57255328216706,17.18196396668568,18.26378311004065,24.367163358979933,11.466854485361
22.27046082512094,25.848613479126335,204.6762911369652,10.630317717585843,5.812111393037691,22.524069943230757,121.00035457832783,204.49431480881537,12.761823868399722,15.87455949597426,4.59261018055817
217.9347957042099,124.92562505803708,321.5937360494455,15.128572473268369,34.47030459044718,195.13252938575005,97.57307775098363,366.12535160559275,16.961754636659705,24.832289268465807,8.073210359534158
79.41832222027891,25.9145976336469,13.777230964824506,12.811699466247687,11.066469169074196,82.76466727747861,27.906987208261008,13.59116564413103,11.835366280448493,14.236288613504772,3.2078346442458945
805.6620426157723,18.493520034043954,10.001761060469219,9.712649656794998,48.25185953225439,791.3753031432433,24.54564530931636,10.739985263996651,8.978379532724313,52.47210216000722,13.529540171826898
59.38000842887084,90.85006466828288,556.7729892795951,16.87952129618885,33.33984658324469,70.32465566718939,105.47339789274235,713.5893971956684,15.115772641336658,40.56527841986457,17.42433778017485
867.8542184459632,527.6849826376463,106.57430868573164,15.944424083376061,35.49627222788664,814.9535391754241,478.0475028951432,98.77391586539204,14.444663559083235,35.59371946551592,9.620565374553411
266.2992929035715,40.545322150787,162.2047434297932,6.372954090616096,37.04212109604065,292.37444656253035,46.014846328382184,201.4779384234423,6.294790540260843,40.32385226806287,10.42703920998133
11.172562130979081,10.127287580870707,101.21825358118855,3.233160306225513,11.088868888286425,11.49500891110182,166.37025013300394,105.2742183898114,16.213181757631666,14.1637549020795,5.818723193723804
42.98503327837955,465.4437718456198,141.4404754186583,6.521925127002596,6.390593567227991,42.61684846010201,278.123622258915,138.7313287852057,6.349008052599348,10.424525575570332,3.8732924082487443
18.977376120385784,222.1838030401467,15.526800158609303,9.188914058312548,49.115875260900516,18.383914969531066,397.14056364929354,21.953397923772993,9.580517807956198,24.165059909918032,2.8630451357260096
828.5926529527416,596.1593410503647,36.835803941727754,16.522013220866786,34.92163052330329,788.1796729528322,584.6424960097146,32.59313175247864,13.514550189241612,37.420043769258584,5.847493583383092
618.4207318375311,171.28668500702918,72.90872918698604,10.068169145191819,30.242274518712243,587.0544620619969,185.33131283247107,78.6859120291996,8.726390898127477,36.06785952956118,9.421746412777694
53.96912464212904,849.7374384003294,23.02983010502244,3.7008540603511033,15.453051059109088,52.887661104831444,920.5744540066881,23.061645589179875,3.9811639923014117,14.904204919329871,6.952064724936785
353.86341866157835,151.34582479138504,16.653312696078746,2.5106056987550343,38.0401440049502,364.2184412599201,178.30427182465988,16.762181597571736,2.4302712811276486,41.90338742947216,17.232435737265277
22.414654920258744,19.786265604544347,463.5962068260632,12.890602642121715,9.97114609952279,22.18437786735385,32.96048047313567,524.1962710199073,16.44774807807859,12.457489533238997,2.0722857018191854
99.96081440140195,183.94899375340825,22.20690855542091,1.4072972803396828,49.40079409379496,107.6503521687352,187.74675203122572,22.991751928642454,1.5879009583593715,61.142652277344055,15.71974334660588
48.018717897678485,673.6046406370666,23.890233664197062,16.73169938437177,41.25016699360811,44.012319825030495,794.23348788102,49.20026558670986,16.199658510066552,30.179894403414867,5.753306398062418
68.90259303565405,64.47078344109893,514.9614511340054,15.081788561339213,40.00542223674673,75.44516824607588,72.63773963214389,601.9790213726636,16.23072861151296,37.084445190033,11.696732186295632
32.866399867334096,438.32333553545976,723.7526532408499,11.701326253730011,6.015623530408883,33.86219073245148,258.7999644232347,749.0042340885326,10.702037623535535,15.12837342747666,4.303730413455831
202.4765649944689,73.2008190779822,484.01903516944,15.518613544522442,30.106796731543294,207.67940069694177,52.70570078224498,475.35814782942566,16.193482107709915,20.043472434210823,2.8881597080941988
25.389496293885145,184.89203391768655,13.052077124694545,19.06176233750755,41.83756083225597,26.345164328573638,301.20700978883406,21.07787525851768,18.3941896066752,25.66013860711803,7.793797894929153
241.79768630721486,72.95820156942254,40.2849382948253,9.396775992207788,16.735027500678914,234.3693153379994,91.04253741068402,45.521562319292414,8.496480758435647,20.033206489982156,10.92323261797464
264.6664212546258,10.416781014194218,138.36333354256965,3.1200487189374364,23.73703837491843,338.17567900914787,17.009687804006298,253.20243102169468,2.954941209911584,30.93505523434545,33.47877618938574
506.7160211486352,322.5098846120912,436.1317624556888,10.995150010834395,49.840506152919374,499.1025530342921,227.81964801044668,397.93276131654795,13.027481637638562,14.385429281256755,3.350984979705202
197.66290697818883,226.1467586751119,176.99401627585095,6.639234504419803,35.9613132665956,193.8524937750524,281.5318080765284,171.75648399449696,10.945709865721444,17.23390434767463,3.3731907593644577
527.1553383286064,21.538407981982743,123.76968492846919,11.387431486611964,2.67850160999898,510.0428756208446,101.23799905520026,142.50477925631876,8.960518087749548,7.644237380284524,12.588121520976546
23.78824689517235,359.54222650607505,443.3205742778192,8.625428526519034,31.7384690558972,23.991703519437497,176.10294655966024,519.8070777660313,7.837680062603243,19.21969679193555,2.3164144903768653
668.4665178047929,97.28320331090805,11.850300091526167,16.42965759318814,47.19640386660136,625.4662110522827,93.03397317186501,11.086871732438366,15.040581359697653,49.97200779221674,9.915988451959134
35.06976957286155,134.16499862702088,87.16364700113053,13.908663588736344,36.46181880370374,34.629703038219844,205.14550969342548,86.32342729018147,13.737870438361403,15.201851785660526,3.5943465976008353
145.92729628917888,81.48019702336721,127.96088501112139,18.96019306260891,30.185706241207992,135.08248856733496,80.719925082108,124.3123833292871,16.946578076268864,24.705921093903797,6.833783030762125
591.3388835535045,535.5739526868629,101.65744159042093,9.953930976635316,27.598760264798877,587.5602825509012,503.0487461602985,88.25329378642405,13.999611445663561,24.392972613691352,4.1058732832693
562.1528311047945,12.981890988810331,47.29923746199932,15.5740379262975,31.395890069502773,453.6463953223777,14.19682657394743,58.40015696551874,17.490675225492403,26.672516919046934,20.10568725457373
50.442595188059684,316.70096648911357,37.427473581733246,7.2207645379471215,2.451907332811361,50.655557533428905,136.9707907492813,42.98379838760346,5.837987681134694,8.289370840688813,11.805492723870927
834.2566006940822,120.74896150127277,16.3216592855945,17.444190410610524,8.279629559473875,749.7282772904268,100.00819538832113,16.588235573749778,16.812877976052047,10.515729890474871,9.977362816423005
69.04925155207329,19.442094790135314,322.7529124042931,1.3840188241407534,15.187183444826971,72.4345610880197,25.465976935929795,349.24389838489395,1.161240184145926,17.066461143233177,15.967981906036544
43.59596698737138,348.265423025113,168.93811892601963,3.099654498926554,20.72269148211833,39.34427363223327,437.8516244285534,171.0403260558001,3.154080166655194,19.98292358982886,7.043095670263773
24.978105415007665,223.58882499927702,61.0473198790381,16.34580705652064,34.50177235828046,24.22099964439711,348.19443323054406,59.72723361625462,15.901216413342507,16.436868544211073,2.986642199258957
161.38479900970137,21.003260915827212,50.64824622097623,12.813353364474297,3.2848734353007334,174.88384577822117,77.81282561233874,53.879980870934155,10.248001114047096,9.374137756172017,10.013938304724764
962.9258775757395,16.622542379407633,29.76588310209309,16.891238614671497,8.553298204649085,890.581966686544,59.471110138898915,29.664184081581794,15.141122886375937,9.042345206956185,10.827442931293483
117.94520785158464,37.072974720827666,133.54520470663843,6.901146874637722,46.79407597886849,114.09081049537934,47.95537993094328,138.9411384667663,6.513533255250808,48.00504209854947,13.233745025864845
99.69765573027914,18.097349435769587,824.9481405124845,12.00805629115671,2.491966192288228,102.96664896966595,56.65896543397601,931.5886372017177,8.86496452355896,8.982806608788668,5.66911455277542
168.13983174960538,29.88556208429112,200.2847617135545,2.543140826120772,45.32610120102671,174.07839046551888,36.26067061963889,275.5680692713863,2.4448451675785092,50.10329301673704,13.289795470032853
245.97973717339835,40.07950244928573,10.499089193534768,5.536467233114268,41.79615473937797,314.07771006431767,46.28694013875154,12.97245652670772,5.158228134706078,43.85935734634024,22.57960180507088
963.5157505355994,22.271274980553205,742.5015945608201,8.629848122262638,24.463662386110137,927.8418503332921,18.792247692033964,635.842698552714,8.820215491582157,15.987178914071656,12.688933754650247
572.7332544499498,289.4982989019988,52.84839821918567,9.370128622249347,36.493357864711655,590.4978927890799,306.462257121927,47.9587150726345,7.827059173359368,38.41640307805694,2.923436347343039
158.67269044442824,40.2058132644707,73.29523768616723,8.339922050422855,18.410409999200954,157.88888688798963,31.075351784877235,78.95939322278782,8.35007481132226,15.746138480891082,5.84817932357154
368.5099795628487,17.15661635231081,93.07074578807438,13.078825529034045,27.415978834568676,369.8214908638602,18.05975621681287,109.92859267313105,12.316944463907157,25.282991143402914,8.453970076699772
22.177609816504095,524.0660435745234,216.2358234769308,8.580544078770608,8.239289487794151,20.921757732981444,236.77743492100834,213.35322936766377,7.595590138097616,14.22153672154605,3.7122947762783203
522.2180285257662,407.8142489002748,16.02615226884422,3.7044875545226725,46.64432635937139,533.2872280024907,437.9105520285557,17.187059052733115,4.472647205726722,42.34899978121147,6.028799577035202
414.2372567516863,892.6182050210614,188.20818110560427,5.609497343439181,13.896601756089362,379.8792325270382,1016.0509030740446,178.02835173123705,5.183345541328962,13.503887068434281,5.393763256077489
65.36378434032237,195.46950691038234,10.521984077451,1.135605058365159,23.65975056788352,65.31042172923259,159.7975352916545,8.787219441082105,0.983362091245325,29.52357701595171,10.009402229518697
12.469747835977449,665.3119810715647,19.053961660794773,17.74120397347431,23.874139557645556,12.324928524573538,378.2948649375088,51.838346444313245,17.235788299804476,23.248439675929145,3.350660304564071
22.808414575502102,18.827510506651862,19.71181130093352,12.382490910132363,39.38195879007694,22.7025685284084,19.13241434030582,18.912824635005293,13.587438264650698,20.502753337830764,2.1066981479987983
110.23172875648268,149.43919452121412,340.6245458863796,17.28248150302976,12.876332903186526,103.52088728413132,133.47009694003572,343.300620587349,13.84871854144853,10.886745448996027,4.933209652684002
277.58688948078304,16.45462919118415,46.63541757769857,15.314760331089184,44.8822111885239,281.93078136087854,17.683315859577384,50.305600583722004,14.734918186908558,35.66700110990931,7.956893582818712
12.24073462170893,637.837182657048,73.55291298870559,18.33468183398203,24.375363041916877,12.647152523355484,121.14505234771256,144.94849265746532,13.766596652145546,14.88001285842871,9.109582097651463
26.20415860699713,908.3534695764646,123.84632765434704,4.14397127040113,26.827624168115555,24.01300798210223,849.6471461350376,119.51325326929441,4.123341893528095,37.209485207677155,7.72997676967691
940.2806388622423,15.403366467676053,66.79590349687153,17.63524184601749,15.63446290527274,855.0578964210827,21.73219451894438,80.79358081567116,18.848615689374117,21.19577536643157,12.098275388967894
336.3365834787832,13.449575073436547,13.71261340068303,17.88751317718359,40.42159099128563,399.93436481792935,59.17534796033933,13.10330558028808,14.746137285172972,10.690475965253215,13.488461881462097
15.535892976545352,959.7532687496188,19.943017529200866,4.295261355489476,14.104317393817936,13.311481148339409,610.5432768195095,20.891043464710286,4.036047534723878,29.9172017549616,13.745360947151102
13.130145265183383,160.00704042390976,57.291503961047596,10.384904435428496,33.210483447251825,14.154888921949754,221.90468382472562,64.17101076377749,10.92032968458865,18.306405998359196,5.4265812866592364
20.0998641131711,220.4681684182153,372.41726907745897,11.354385456009881,10.109047627671062,20.82190033682147,123.29756035352182,497.59591692237854,9.638885627217277,19.14124560146392,5.433658129075328
15.129008388001335,10.165813623576826,29.427029046833614,10.464565143979929,28.60417977758744,15.841323145320013,11.619875919676348,32.54012901083246,10.090727087903682,32.5855866867856,7.2132263530569976
794.6194396861408,615.289532761159,729.0710155897735,16.22020569034464,39.661445594159055,792.0807095052284,527.1023305842396,737.4896914391323,14.57055384542516,11.932219985794589,3.731368527581008
298.46428109850115,14.144418638492693,314.2147576175134,2.215809070750542,15.30269913348064,325.6534748017944,19.817176960641568,429.79796808551043,2.0191716217112923,17.665038023236217,18.33159521369953
54.35241653454638,96.19759672985437,207.88976138671973,8.911525500781373,17.896332235749473,54.882409768233586,133.45776331366568,226.11170086727893,10.664828194074921,26.03263937034804,3.7613112554137644
201.6230891509979,768.5692098650675,438.6687602833148,8.64218429491419,39.73789522046584,185.55821042510289,798.6646866563403,433.77135741324713,9.062300246577122,38.392602733901285,6.589825702136832
31.060482283722205,115.02828677611676,470.5663556332608,15.132998066762994,46.83669150430352,33.03461477796881,104.36526976370126,485.22247335657676,13.351248835764785,36.09699152930471,10.076135717153068
721.2976341529909,137.85199632024427,41.30280676954094,16.42146423632243,8.662886089091971,641.7228609159432,76.31674958968121,39.36632611863857,16.33151586421263,13.832886336116593,10.839081534242164
24.113111277085853,26.577617359150903,622.7268365749211,9.253457160317256,29.294625510677104,26.044973101952234,35.686043713016375,912.0525840935899,14.978761493719,27.842378622926105,10.69109335051969
67.38880398430206,111.86787695218938,104.85375664015422,6.199746169017167,37.03239377737676,66.67440571156415,122.53667559054391,113.18641045468664,5.238587161004491,13.074147027332463,6.285351524169687
23.12055899399759,34.41795752301737,154.45833188344548,13.901891321391778,15.901878705864993,21.93608393169523,54.431119639099876,165.9252572687997,15.19158107773695,27.332067198976972,3.937485182172736
11.605178164255502,91.85045000485735,55.34241061759046,10.68064820918841,27.45856080540701,12.43303841948983,98.00021502023435,61.79447933311231,9.709622580394507,12.848686093634864,8.710883936639437
595.3887543098458,14.133744487037587,18.78568589011926,4.560215941290895,11.16763483945573,566.5998007983092,19.10971384193024,25.89791305110266,4.131625509170183,21.12486428640592,19.96231749920048
44.836731358998136,282.80597932604724,525.1310653893833,17.169347388427628,24.963446510193233,47.91134178054146,184.0360616712281,550.7608787328778,15.61277638456022,20.41434936434727,6.500859708902662
20.62698306880157,53.82775316925283,54.562296721989114,9.614257311964613,31.38091951704817,22.393624011355822,69.72738837089132,54.0661697100912,9.081282560506613,7.443789292885481,10.085033836191391
804.9713493925979,50.8889589273672,25.995062225502462,5.658383041840361,37.6753664429088,928.5164063835513,46.1754009590237,31.294375689154627,5.184917972436431,47.90537994926006,12.639900779662852
10.0542256296809,300.9079545882556,11.38066065851854,3.937239960240364,33.37411685157784,9.164849950964443,433.1273219802483,21.0710012981433,3.8172620135893895,28.43426405867489,12.208409678282345
364.6764507886279,33.82647566156044,45.79387587410029,15.353483692957102,32.77181725865057,355.2879248336286,48.281653802388924,42.044373884644884,11.476752103558676,9.546053648601557,13.370980388819294
65.26237545770319,25.637344394974207,232.8168758526268,5.804268001809291,3.539813510931285,59.761134010296495,70.00427473537145,221.9562987390183,4.4344661491903645,8.629051933642911,9.42510079410807
675.2883617596182,25.63002149535634,23.294534648255652,13.493713482312383,44.7996069146185,631.8619400943019,45.06000988176448,23.068312332792956,12.956780946116293,15.385297353177926,6.008306234865719
106.95417456672456,20.732070310161426,667.859488158839,4.482265538591324,29.603680426872522,108.73940282126905,21.642159558831207,778.4411560848175,4.597285291497389,28.483946630191543,5.823989257087455
738.5577341601651,59.93190705378261,11.58583761053393,7.019028292400252,32.04360136695387,929.6701454599388,63.04222918665424,13.962822215991485,6.039439249116173,44.42845060233942,28.854049635492775
728.1843767332781,116.94319050136109,17.155526848733633,8.470593092822984,42.2949817889428,866.0301648282252,128.14671331255175,18.647011200040605,6.933992449340107,49.87803747253728,18.49098922387583
841.6717214491466,37.17463364714888,146.20641764895615,11.614093451326536,27.13338737465986,780.9441134610419,22.61545719205686,156.95169809977713,11.851146589375904,12.079093997901042,10.025145018995044
11.350991852729198,700.5021807643701,17.779305796923246,16.17269169143127,21.308756643078993,11.463519590573338,414.34199647200666,33.9450589043449,16.516350050236156,25.40035786762485,3.6058176610270865
72.35518019784355,143.80589472606525,10.025476406737667,7.728283992167615,36.90958933597127,77.10850135927005,208.98866068944704,11.760564517347033,7.454289077753424,28.12410715710892,12.361147190013758
12.303464446541344,21.398367370280464,77.30565154863848,9.595019474902484,2.57587300327188,13.268498963618258,86.88796823311371,75.52472380524175,10.087828826175835,14.207501139740433,10.344905543194587
27.15444884060712,663.9333239672203,178.68199272573182,8.997871580727098,35.82567160044873,26.832293330862342,571.5231558390302,188.13830467750827,8.748529115383038,26.74063113038455,4.262441484540866
552.2957734567943,20.10810916163726,17.123149779233778,18.55236871209755,10.343679158456217,551.7408946263796,79.87228721392336,15.49179060949106,15.953446361390201,12.569147288741757,6.143780324533779
23.08345098490729,78.43348031764705,142.43065819278831,4.011469116343806,33.75576521838484,21.607612195865606,84.6450420048669,166.00812739900152,3.8680543903284805,36.96112607809924,6.0604186609858965
76.50601998711375,367.6834670109059,19.45849250203312,3.1999145552968935,45.370196668841416,70.12691234205009,494.1604033680921,23.52089806157481,3.3106405076154846,40.086261177898436,13.747495453548412
198.76572652600476,83.657375168345,385.186867435897,11.456387867117984,23.967088013618977,203.43124225024167,50.80568915052549,440.8144501999521,13.206185836413624,11.523904075616242,7.400813784717246
23.396602644981815,17.315762575769135,260.8378510398058,19.092032688342176,9.131302990990296,22.42593191584398,27.494328210638027,375.26280615422945,13.097766126144185,18.623022014976318,7.4499700216098725
131.91828898311098,39.125675301675145,68.27786781532002,5.814978932909715,2.731357729320964,139.64626137266484,50.614920369399314,73.11988834088429,6.219662317690542,10.849031741222444,5.717677847414603
81.29561718789378,20.884127501797742,22.92673538923132,15.770885386279648,14.17822186209595,86.31243202364553,30.71283839568631,22.313880260198054,13.481138168778456,10.464811183591488,5.12887482790752
23.81205266939517,16.546729068778507,24.685424332660574,2.4929319777382197,49.047225961363715,26.53472617113489,22.30408836625988,25.867490395672103,2.6634189465696676,38.902978257720775,24.838447194799933
694.490951097584,10.398285298856665,12.950516255660027,8.923853719116375,34.44636352424304,779.009033761046,31.325765784825418,14.366217128520809,6.622761249399902,12.526128950812584,22.12571075137488
10.058637146104449,135.18782014539872,25.016499141139295,13.292574374870815,14.513784967356807,10.365344594730464,133.8690640496811,24.11063789555359,12.717214382205851,19.31781318742081,7.259845529841886
182.5267298341503,61.27475296018815,375.98639527192717,12.73878264302661,30.03330476128174,188.97523088455068,37.75744109399967,381.2952711181437,14.089181980676358,14.858319385081678,7.64717489494891
41.382786027875845,14.443643579470157,287.6193081226215,5.698127461030081,15.58731766591219,45.641161927082656,22.793987325566942,378.42472219049085,5.076647285575077,20.20857931494925,20.659979774946397
83.91151455450401,406.7819374041788,10.613333735063053,9.978538718713192,13.84967107088607,85.15074509267642,531.0370441546393,12.109793572608496,9.955482981304646,12.353069293543076,11.080455117169022
366.22386833870434,31.793149349603638,430.29746338882387,15.98360451732385,49.62576059125186,361.4875181394081,24.949840763698514,302.20540603602336,15.74145172544305,28.2049388497581,7.475436249742868
23.36186411883643,33.26937749632655,66.43405208090957,10.866666982780346,46.30479533371152,28.490537930137695,30.80548386779055,71.67106845507818,14.923763101403125,36.32715226166211,15.740057865628671
572.9050772051703,13.897878507175996,332.2299232569624,12.616212952349983,33.81344194805013,535.4096496752232,16.395275489568753,326.64518377101166,11.84762525780519,27.35486903129036,19.801898743176384
448.93927872352987,13.421120832612504,71.410337537584,17.31625841319474,33.46128685679142,415.67088234098446,14.4049737981506,87.13475189391241,19.171305502720454,30.104993463787043,13.788712235387553
380.9140396479765,33.77872291196192,10.942081451451962,4.053849920376168,3.039338001537768,384.27816966447546,18.15869536442605,15.173630886166402,3.7251493139338447,16.471776414387204,28.645060498046533
149.55803040658094,34.50484872125251,148.2385316321578,1.964439212375072,11.710121301945891,152.32418459191678,30.10188759485281,183.29453695715668,2.3312905552573975,9.005047898382555,11.906583398581756
719.0703892075231,21.07012744515699,83.3070431085302,4.879018928321282,24.981596393361396,779.7604340075111,21.169299882898223,117.92634317532165,4.660249222787238,25.034501011997758,9.670135837260432
577.3661667657112,11.517935494168459,154.4585861077891,2.2431215592576965,9.67487776455592,660.998688904399,19.592763467390334,179.81935375573815,2.219446385593828,14.038759134764865,21.711652685472977
161.03563788152698,955.4039759880766,24.588240622091092,15.721495542229999,45.40523629460057,151.33283402863924,1084.1451620300752,58.44835066973962,15.115005080641938,34.72695826459781,4.7076228495729655
56.5704701200279,344.4821676434442,972.5443621652079,3.57109399261952,18.0473228455668,51.58480548690349,428.4622382618136,1028.097440320334,3.607200868354866,16.676421878217443,6.415732217535733
72.58450147409343,36.63586970992492,23.945763091419067,19.82370569032829,9.341090005989926,73.12641721201402,56.79318080054577,23.54336511254651,16.524157465471212,14.587139928701298,5.425610892344825
120.29486543654872,109.37880777226904,100.43045470103637,2.385393182131085,21.652783877438047,119.31964933544488,83.43396726883611,95.32985980120829,4.2146015559580885,20.349237887382735,11.417798395900562
86.11603351160451,498.0396691451747,632.9603924211224,9.796324960976754,10.544067072988156,83.2718470195993,379.62144623373723,690.7600906020801,8.355954122738261,11.92930652314994,3.982897860319435
10.87308544608771,353.77008960299383,14.099049121305345,5.557614434238288,18.76910208743665,10.241443636838673,317.64315849818485,18.0793464051323,5.003814712962248,25.758740851112666,10.444631636386175
17.093619423405013,16.488982578473752,590.7298021761964,13.336023746968612,17.68919687085165,17.010308169274513,21.54615224511063,737.2276231870421,14.052571575068146,18.366018178321845,6.717742428333491
28.160408197862708,23.491640044550877,27.150037613005054,6.653702938839176,32.80790652864206,26.64522194922992,22.596072954353918,26.962294340150862,7.474330204032482,32.870286336763584,3.8001284962083277
152.9515508243088,93.88178671637206,267.7315451780056,2.535254084462429,14.060086379487844,145.9865772683044,77.14333944139621,277.7607459736679,2.5447369099775417,12.669698704527505,8.415438719095313
329.77389007661316,110.24551160591362,35.44322173678026,16.609635367064595,14.994464021109032,322.21014886988763,96.42820685530894,35.909258471132375,17.194449468411744,20.45213402821659,4.665223757884651
94.03834090131251,12.628168083266981,81.6954140421987,16.207566814189356,30.391159390864086,97.92848572870466,19.278521297655207,96.77592638685901,15.130617405181116,45.030086369646845,7.257252935245864
12.392487451460006,91.83952974961797,479.2591377884506,3.0931507270281084,10.05170704492486,9.793329220356524,163.51559559031222,485.78018609172204,2.8992291340299605,13.297089728383504,11.125401698527064
367.618213033749,276.3696559188518,34.05376077033736,6.878568176653774,45.16138508092302,416.98377707299016,312.7873676708561,35.365898810409206,5.795381265192337,42.11362493003029,10.301202443635752
17.352468621186723,173.60849227619772,229.10805325474288,3.348326909297146,30.774988568364456,16.411148101833007,161.38372301096234,281.70074803720865,3.4611238553252037,19.052445483021604,7.318015079213209
14.460643926693013,443.0324576299995,118.97266183711831,11.695254742383241,3.2642696745248867,15.322152352328132,108.07597733921735,122.3907790624618,9.507799060166231,12.596302420443882,9.26881517075408
846.3521471391128,56.57444782724121,481.32629374455456,19.87071082262612,47.46493860930143,761.0107266220396,38.87308794042716,381.6000127759419,20.170275444459605,21.137437909894228,13.035605477049783
550.2963350365129,229.0064722399786,334.2234386733693,12.370048410087403,2.47445135644246,542.8180534271506,318.20158241776204,344.6535369542857,11.74917182842159,18.37155640649239,2.74050840655537
29.42259993873019,16.688126951173164,362.06799069919225,12.164232027298779,8.266017766895544,29.557797375328224,26.82561389785343,447.95018883127585,13.937409760559852,11.918832858517213,3.2908297475735635
326.2969104855536,15.062585115906373,248.00398446495842,10.441891821980327,22.019448731107826,341.41135774764655,20.03032837205009,309.2252100809881,9.618942584146186,22.671716514751193,14.761012390084009
98.47360774786033,13.175934486556685,469.2597382921481,5.317370424645034,44.180180134833215,108.08854780237712,17.36242112679604,836.5919728179871,4.966587925377135,49.83973575412388,16.1306361069138
29.239553499926107,842.5704041972982,508.5427544979367,14.589010047971787,19.53767952440056,29.892863476650543,475.75747486875247,439.12599493441763,14.265489612481584,16.49571642501355,3.8614695149730607
151.88964838240446,12.11639902514584,126.14644567786794,16.06626465531453,11.350312866941316,153.9578597017246,28.138873760641214,161.18790411143354,14.873501540013068,23.67146785332708,10.119877577001626
20.594265597341938,343.0680299812315,18.037325213472993,16.135613244986725,12.617496611160849,20.17196402176644,246.4797308359938,18.993787994580625,15.256169016795965,19.655533294588384,4.437961954712655
234.94879967160782,522.0304338519711,49.07329306193598,16.24301752258364,12.860061247792606,266.20513407756573,511.46546583182675,46.41147831771821,13.445072841988926,16.335503846417645,12.679238327895654
12.761560169191846,259.40108527793416,81.73719066061095,10.473984628788768,6.8707820514883355,14.21845410309078,126.4151584248817,81.50298509382948,9.838701180581735,16.121008607631676,10.172426788295043
224.3188104214603,84.87876184062198,143.3186317068615,5.466281135322199,29.313070057437862,237.56857775272294,80.85965354818156,167.3443925122207,6.254135790914146,24.73970730670272,8.147213293777373
13.172458905687048,579.700640901071,596.0685105548762,1.0489986290403477,32.777796628358544,14.674128034996425,491.3623582838044,677.8858476646224,1.083208869132417,15.293169208866924,6.396016993993517
120.71229055307914,127.56452140372562,55.49416003071592,16.37232016000715,35.70946446098082,117.4043023505598,120.74445940612131,52.452864168145126,15.161603585987764,42.00540126812415,3.4074354841100725
385.6789849647222,589.3746350337655,419.694388525484,19.00433491268942,24.46536885425045,397.7805593455968,504.2477930327084,392.96208549187,14.815745011661026,26.832242290112948,3.706232227609703
453.9711510553842,48.15818062885334,117.99134247984058,5.560252518712565,44.26127556415812,504.9240223897158,55.602396864668194,129.1323198062324,5.265904822632025,39.28915467082876,12.218862037536809
501.81865871391614,16.07604283328801,46.389457377859344,14.925316774504115,7.661643348010812,499.71296077431003,39.044037704471634,43.68668029326532,12.048129089225432,10.23468238405765,10.3971108763853
669.1575322522743,536.5974484140911,53.99169911291363,9.324362873828804,23.393015089549632,639.5667022103954,454.91125565861836,47.19020240429771,13.080356854007489,22.735983324075015,4.813890983371445
197.35461133965075,21.192976582627786,46.28654728070975,1.3224374266633023,40.21370759588772,212.14882222164292,25.973862525761042,49.063011661741825,1.4709508780566847,42.55352473452684,22.736415506965642
13.008754683464744,719.1151297307831,13.799256659749691,4.607184430467389,8.989086730802384,13.916838062790013,517.1755011014001,17.384067193009567,4.702915414253084,15.43461213130283,12.977656954613655
12.208447512484794,55.853274119277316,17.367886544925764,6.3442832214254,35.75351923217992,12.64087930249991,76.15628661868175,15.860614499772748,6.823145282395912,26.63813399713041,5.244947677707667
22.571425110890505,48.83233920157447,437.0597040963184,19.687084859260185,44.14019800532885,24.411520070646205,40.7126705497528,523.7634563217574,14.813230656323567,36.46344356039053,11.299928239918485
114.20507473348962,643.6395713068284,347.80170615037025,3.23534068403932,19.523766012065696,102.31712211580006,670.4815100927456,357.42987700779946,3.19255795831354,22.574310364595934,7.032543338420124
973.1727567074315,12.888377730628855,56.41593728233548,1.5731548755219271,30.670916224910847,1303.7672708264852,16.992172707232722,66.31597951939152,1.6161127524241716,36.73520257606897,31.733649352632597
311.470525324892,21.70973149099698,85.29919233089447,6.113001427515679,9.436978469644446,364.2280376914348,18.769650532254254,102.73152312712672,6.522399572449482,8.164949889962424,16.808230388434737
12.486033979901837,780.3589376050917,137.0003763885068,8.486463025856757,27.570187224929054,12.639226242495141,360.27922484966865,148.98459053105205,8.433665980581235,21.529622347092307,7.25218741854442
98.86413703912794,15.337636780716476,608.9076822111102,3.1589123510802453,7.402617927593642,101.93833331453298,22.795412119254358,583.7705543295211,3.1522338304822126,10.120627201661557,8.9985658324237
102.73968333059427,40.5714883640105,36.12090647408237,10.874519857716876,41.04075093306717,114.1506917701016,49.148464413951764,39.34207996506835,9.950024851649564,19.31216391932977,9.140615297925553
19.347867627062183,882.0297696031569,193.36924500809744,4.68428394647638,13.443531723548752,18.201212356252753,526.7036668960285,214.83333899842737,4.529955529141956,24.17014748975568,4.696390500564631
290.65082656870095,961.4302597983209,401.8436544139929,1.7533734796219496,40.95719168614301,244.22252926043774,1001.2749857389234,452.5185629206015,1.8087508623976796,43.21880470214898,10.657308523209688
315.05503301892065,200.27034771341388,657.5267759088614,15.175970838283677,39.06154813164797,305.0380150198838,187.69147959380436,690.5728946991584,16.45930090747429,31.18289209725506,4.099884152176212
433.50464545475035,68.14968466313096,137.00102664535225,10.544513218757183,43.95988717990241,407.17545227701885,56.29036238561682,155.73560090709282,11.12147300060057,21.385397876751806,10.496938090932366
64.2229139239277,11.393997161195488,14.694947408003557,1.0041942308557328,30.417955909970143,61.68411515188736,15.640302154616426,15.21278960001951,0.9042511009007327,20.720862952893697,23.70465999001206
304.57806180299787,616.2448549584967,23.915286635485003,3.631209243959513,32.239619579020996,309.7844923255781,877.9217385156618,22.202307613985468,3.521123487531686,30.098015862749197,23.140022907467415
79.49667794626683,12.893466840415883,13.862310459303085,8.360253565423088,41.360529358862976,83.91621089422163,18.6018554204388,14.661903488222475,8.32996749849956,28.582493082568586,17.998064866139636
54.80842756777156,501.24058901900383,25.409512920493395,2.9732285304414767,8.496912619300348,49.085386345167635,518.8045226994853,27.412547155502125,2.8563947835123313,8.694889385407,8.96999900767583
38.04116504952026,356.8986485679066,23.582196408284737,15.105836314850684,38.88106153793932,35.64662912614952,481.3281038547473,32.05943076040113,15.103009075965138,24.685857078516946,5.647898114923968
51.97007417506805,521.0169626069072,35.882946374435434,14.67463988623428,6.502406623809756,52.13048947561128,309.323719872753,34.291395238497174,13.622641607155773,14.155770977066377,6.269050598087748
842.5123373026865,379.7911814535161,66.75945391589248,8.942586247007943,20.869881420690515,848.4057144500249,334.6040697540372,67.19879739045136,8.333581024893515,26.602366062082755,7.457361874339561
826.8734864227681,667.9993284964454,42.366159888247225,17.989013102007878,44.28846053538957,794.9063022275001,543.0379714044327,43.070564439983556,13.222392870550552,45.397426922433034,13.952299729095085
671.8707202786305,13.628890088295378,559.1357422649705,16.274937582743508,49.671612636184406,589.0330223927673,13.488557869355583,264.43665944199506,17.82353298500937,27.403848071021432,25.950991092008202
34.76932902393447,48.25856834954001,61.3167534711913,5.26532505328224,4.39816917471039,38.23263775401073,76.3655316645696,65.35753745773904,8.713152176534638,10.579863837837681,7.893837199859807
43.393490134082654,43.48510152151188,13.56224974485878,14.760913212121427,18.303975967540925,43.221034287746505,46.91069903248296,12.793360188257973,12.289194154674043,22.349559327355717,3.9921879846389987
124.64501036640847,939.8939189895874,15.368549005947619,1.418415342269161,39.15572492249937,114.77733573306176,958.8214311397044,17.189331262516138,1.3475583076305289,47.33658144496193,26.21273722603588
81.30001833784097,205.5758385657502,151.66931670034538,9.829659466426214,5.788570171686097,79.56696102413541,178.40674069699102,169.21306901662857,8.996994803997516,14.671790081846552,5.953204558892762
395.2817915970267,618.1642551309448,50.13164059249502,5.928908546588169,13.322976063674036,361.964494527514,679.0179037198706,45.867782195618005,6.632429449308583,10.182653449484214,9.954802917082004
236.9293021865229,262.01975516138725,34.82137597561379,11.325922465557438,20.44184930257104,234.66783476284365,306.68584752274535,32.48318412702955,7.813798132050731,19.95130080520253,5.453073289358374
11.118759511290033,935.1803548566057,88.70543466779372,4.599660455680044,47.31994371106761,9.707968943042367,527.9764848504543,211.75070771310823,4.76599170756719,26.579728796951805,17.00542590594691
418.654755328798,444.43271200335573,135.6474515266767,5.14480850158771,48.57071240865752,426.54392505082626,382.8290124914134,143.06223677561272,12.254732656229459,39.27089476644722,6.651833807541599
14.53609128508749,714.758417662921,15.54403600567054,16.331220410068042,39.4367182261532,13.562180749848475,453.62135030769645,90.72343615717811,16.354985697357154,22.99918787570219,8.775933244439905
446.59001040065084,23.99553313829201,13.092703134340649,18.417149716665296,28.982671095790128,450.3070801896933,60.76537208057386,12.860506967799932,17.72303711745714,18.864806180054767,6.0689108243603975
13.724492638776582,35.51976910333699,173.28641846786095,3.630356136273138,5.456465068168757,13.138864634140706,106.18677257669076,189.04042496102824,4.402664785032788,11.596293392891635,5.691595977130836
35.27767866136522,457.25274373750636,63.62961459220731,15.417270893506862,28.032047876126164,34.40394902148459,417.33561798964354,66.85044194471281,14.306635145967109,22.23335652161231,4.473205593491133
270.9357733920828,178.38797703743623,472.5202550660359,1.8902834306759464,10.370802455506329,266.43533054541484,118.04716532622004,473.20363363279273,2.570242509978872,4.400373622746524,6.779588015469427
654.904111863687,36.185406953260625,11.169084950136513,14.279151598874,10.16535434548161,683.0955054597324,45.237438765180904,11.117758592681568,13.87709589042868,14.89053077483745,5.301232061880736
207.48161480863013,19.40547777447353,131.83676918812344,5.951876802769506,22.66186408565877,244.51486081347082,24.115143329012895,168.7117342421356,5.504427465850019,28.86648257474746,12.108984945119005
36.919065135882306,681.8763578594838,36.591040633669614,16.027783611477627,17.347090196974207,34.4106825345984,433.6102620717374,26.444827740212958,14.549531698944241,28.544981239214845,4.544326234142548
131.01148632509165,255.67077957584925,120.64395607979377,1.6717982818259096,15.240474393033201,117.7991981319554,333.322950484372,103.01729631395155,2.0150127077310724,11.140412138640592,10.051653293368684
928.6894544269916,464.192524030861,17.07880512826109,2.635073553510473,40.564984756232796,907.2158006825861,532.5824009602959,17.64620845109853,2.443046407303438,45.410905211583916,20.869796053071312
79.96596679839213,453.70052251993684,546.914707584979,7.318981250720033,43.170786033698725,80.55933152063231,397.28433286578695,561.29379655762,6.870040755534098,11.091856208760206,4.326924244676681
216.96672574299902,552.06608785258,133.47753479727334,17.362286318368678,18.24931956093708,205.48825358271347,520.2998842568494,112.37455079624871,17.36336300883054,23.62328203016976,4.514234747683209
91.1781640666737,27.779739110826377,63.793072573724814,9.696619984326631,26.256567334001566,98.52305608453688,23.665960896341147,77.07687625159224,9.9853325102691,18.654950238758556,10.234262722448683
28.084743111944825,16.830914586396098,13.650163282301065,16.57361152134896,44.34174689736475,28.446529262766802,24.573451297878943,14.259305762992401,12.400411389627855,14.358237365674322,2.960740626109972
625.4191271679721,94.30665511083006,20.513856180329753,5.91326742242339,47.26947763019554,716.0551878778767,93.81655447364541,26.633112105747994,5.042570256478902,55.699972173798315,15.976974239178599
38.4976769779346,25.621751085056864,310.37595214354553,13.196926064731175,15.485212560953029,42.09449003059492,32.53534755218394,401.09002683601625,7.418653536339382,22.63774683537979,10.278650141955776
219.80361289708952,494.20310459467544,20.89977974333903,8.45857033550852,6.009791790809794,246.27204790300968,532.1206199859232,22.62686025387181,5.5275520561730485,8.296774139981222,17.35460103641443
288.65973054637675,12.380706143816123,20.94724440714025,6.144480167475187,32.906333699152185,296.01352019142473,16.098259456176034,29.173101663048758,6.020163008068247,31.10814369903577,22.541290439979512
35.15363585633148,78.02910468625436,659.5304076330751,1.9670154595357492,21.391122251032673,33.06926443921421,80.60066372866544,847.6087080772353,1.9120810943292124,28.260151568569963,5.565707181224886
271.0623026106964,56.76367202976353,74.90650984041214,4.109751265218653,34.62226190342625,271.4634442848607,62.557113717372886,86.49545335818826,4.212447034225666,29.831286517633067,10.728070871427844
209.56588939372858,634.8728528742437,523.2342137837334,6.392456180397289,40.98893668141853,201.5152620898554,701.647064270094,572.9970195737225,5.9999459451935975,11.819914206939657,3.001984029921421
17.062817717478552,12.348925913409786,327.9935154690596,9.33656979577348,40.50950372360525,17.967944795504902,15.776182610021893,635.0762818043648,10.20512348733293,39.514803536448106,18.94481544877373
58.79884904483991,173.50987376586417,70.60185929293107,6.898967610240994,20.09179430352633,58.719291776003644,313.8956141909722,66.03490493294142,8.334239919296474,10.160209545124623,2.941899833226468
523.3638172118002,207.65450154200292,115.5982595156176,4.466546852767833,19.962817953876137,513.260225837191,225.33093272667875,131.49091382331065,4.363868442958208,29.84635939657207,13.240172550160434
34.55020113024541,60.48234026882087,31.231737873718888,19.889216858584483,33.01830473899768,37.12995893233645,80.09143049625794,32.91439333956027,16.715729736717943,29.13813129132373,11.515923338236417
485.5831516485071,470.25546773344877,230.12709042510664,7.02758879398711,9.681966768159603,481.6029845210707,281.9546353410503,237.64702521881938,14.607507226342122,10.736495932652032,3.4740044376668147
39.9161430202149,42.27470095310553,43.85207436812943,5.069393740423304,22.769810130779373,42.37172420407331,46.39619870815612,44.29504647218469,13.5685871166916,10.296230179024198,5.878482232501945
12.233913230750758,278.90495402940763,310.31581888962813,5.357248828628204,10.686661694185528,13.670496313682042,213.94011228418782,336.8898294926138,5.279652686812293,14.971389176620596,9.37591269496821
31.360190489122697,742.7873163779424,358.91666243123217,17.3443540382571,21.161076207227275,30.9454400496551,348.3955797196892,343.05613013858647,15.759469702224253,16.164276675934616,2.678788757814763
500.39666305168186,38.55452428737991,806.9386126669044,8.50719190092126,40.40374732119334,510.5087197325851,44.47337284011363,937.3935441446516,8.322332034321668,40.68391197264011,8.13200712473026
63.15884859792922,377.16150080953133,835.619069195092,9.400705949672556,3.087330591066044,61.17509371276289,429.5011391204862,1023.6908429992427,8.370906549800056,15.62675427576165,2.9700920265373467
28.39721578841134,512.5595742554511,133.40720258770523,11.113656213602724,11.550685156001668,28.358960518428194,240.97207470013004,156.17418109439038,10.1509636106342,14.558914728207679,2.066784899272151
734.2136190284346,10.732882399016063,134.36423007501696,13.48532226278218,42.471886828668595,671.5710367846435,13.083004302044353,158.96277929267967,13.593378334638913,39.83820468344581,13.935241650784544
73.54237671049546,417.6687761658948,35.85937111238972,2.36611635337228,20.221074908360105,67.41207522106913,575.1564680248148,40.617640184098434,2.299309587837006,17.08800524188595,10.855194290966546
153.12797776627292,683.2621031210876,10.448701112160922,12.416489372178642,2.161602225185373,195.4518087252978,220.48786962222252,10.867838524122927,9.672344890196001,7.518639618589906,21.520380918751734
14.427815827250594,32.86481015568272,80.9813101950506,5.097182221361639,31.97834093481538,14.64965979892941,31.238267944270046,90.41878576963522,4.7485374608582775,36.226532763867766,3.0585692248925223
15.481239987107164,281.65045194681795,12.820614461361096,1.772008218750006,23.227665617476912,13.521914932692583,435.25972263112624,13.28404445040603,1.8079140524506565,24.881743347870398,42.4248161147117
108.5244833585242,743.2914259132612,237.91412586675457,3.1694682728664776,36.07870401899046,91.84723307799739,832.0933539275862,233.71340566516284,3.3216362666362014,36.73641043287519,11.419107521554963
905.0713351128447,966.1997579267334,14.181279464067602,13.501308424283414,15.106216503310034,797.7674109092892,775.9287213232832,12.619881843993483,12.130456131093714,16.828747999815487,14.23729776510524
35.09953559004514,165.42662060504514,13.034121221855392,5.411498207072359,40.92007036642456,36.52457275148695,296.10321337275616,17.442371543132786,5.337713450277277,28.859375938663906,20.581247508532783
44.51214392422821,32.71450943742973,35.62017427645525,8.204598809327402,2.180488436842275,41.46238890756166,33.385120287029,35.086683464455604,7.114097859270673,16.500723025303245,5.4330168824606755
47.89364683107491,440.09468003764044,20.66345917777721,2.9666950978911117,26.14377215540488,42.94494291021788,703.0151880197826,21.51828225055439,3.2516777424001724,22.367765823585597,24.88421435854909
19.4115246467854,17.318680798501564,73.86683605514614,2.200575711440629,16.434413020308895,18.837150726828607,23.19768146007514,74.88750475045764,5.87640567606065,15.729459825687751,8.071299092860464
103.13600806453647,720.4912728571987,61.583835575355465,18.124110997806508,22.6905405923634,103.43202043610164,570.8506675368862,47.247238442480544,15.806333968870803,33.50623315737588,4.760453901474711
11.86867110587997,859.9168412063685,228.6346445254689,1.4702173136034016,7.935621330311885,12.42829223388587,455.69091356688375,271.5753758675597,1.32224651125581,23.148871120202372,11.519351536339288
478.91078032668804,53.12070779129869,179.13132271903086,10.236882993338353,36.523387794176024,460.65919101940807,44.764806593272645,202.42484317476328,10.17457829811652,21.094292730666524,11.485327878340874
27.838695377614005,25.47618201896317,455.5938485218566,10.513409009799656,8.147086683351327,27.757230151113834,132.075533532455,729.5623282135081,18.770377888973215,19.330926974935572,3.18624744324519
292.57775141938833,62.242767310584206,89.41018772748885,18.40494906448893,22.926643031822476,284.5983171760206,50.22537958200845,98.81538686850831,18.79838445406437,18.76995034143388,3.2769762239515026
39.91975093320047,19.782895885290383,11.72058137388612,7.547137207415376,4.408869676472982,45.0547592836238,22.438394055469665,11.272214840064402,6.8179823777598605,13.95111032518422,14.673974621758898
40.33382390618764,40.57044653485248,17.720501252402183,10.15893584645305,38.78536999141177,39.34105554571068,54.7791193568151,17.692148531150686,13.84985399315981,29.94106847052357,7.63079998752413
136.49864667004934,65.13270182133265,941.3207770070438,13.118962169990063,46.438209905796654,154.76888225317242,55.54769054792057,543.8433466736734,14.095572883833224,29.58850663654207,12.268652926895792
233.82009895068865,14.174076071785178,24.976186403181575,9.43188956798015,47.04054995858961,258.4062839084589,15.569124174978732,27.932004397349996,9.045444194328244,34.6822267912296,11.87788003458008
451.43850627495266,167.57729178039017,46.49601175309242,12.18107692179048,26.481234170787264,441.9235396300815,166.3587020360134,45.85661339481866,11.99186983031839,34.538835704483226,7.638282835947136
174.90455503067648,40.26739652433787,222.86199544770184,10.826601989732744,48.13856191341346,177.1971030954523,41.75539181059787,250.710378116172,11.094107825001956,40.222962523119875,8.614823523518035
960.2538263832598,231.2683696241469,14.47953793033022,10.354432253961798,40.19373309385012,1107.5527170478567,251.09221950660537,10.43804586720835,9.637150327580809,49.793525568646785,19.62279308106701
136.09280361544955,803.4230673798249,710.2071845843699,5.094516139195131,11.125735137453654,120.573204976491,716.0892084746225,765.1876044658532,4.8778458994350125,12.437648840561366,8.85291397217843
26.796526985543856,213.2317954701639,22.810952394822362,7.6876680361357765,21.08416482437579,27.864770697836754,333.6704213827208,22.41634324292118,8.644428534480516,15.734375579638437,6.294985695862275
805.5901114849254,53.93856159652069,69.17760429080464,16.50929564650593,43.71218639355788,800.9339686833883,72.25841112540505,61.99802789115693,14.48501188455667,8.447321604766831,7.0888025207630365
298.4211735520381,540.4185247130127,65.28181165201569,1.9734876141698727,32.11793458865074,314.9341769008778,779.7659107375052,64.02268912810203,2.150632586839971,29.49333846792115,22.258450298464894
21.821201404862773,794.8699448620931,259.36555149623405,6.995558226095443,45.468954798569094,20.665331246208776,647.169123518693,296.8404198854146,6.969459450499128,25.906849594535178,8.535610028644488
203.29164334350602,217.38236164877623,25.9334278027231,3.137095527714311,38.74477810923228,215.25604232779568,229.46661871873403,26.65028189990738,10.312717529970396,27.114386130837943,5.596426113060148
385.9813920104726,23.10231207610612,856.8252486009733,18.738198992269403,33.711820185708916,375.14884330754825,21.158687128629946,709.9440127448672,19.52739204561605,27.83864755549077,5.288631568392639
449.40154231287954,188.70896443035852,57.84084962211148,4.850832544451661,27.906734128665715,451.2398851760962,204.21172061912748,63.271681246038604,4.117361038862844,36.161205801932,15.16176299743536
21.847103416601524,280.02051319657113,24.57441827733925,18.02941691474684,3.2580491143428247,24.58178815666486,88.60812672307188,22.526966237052175,14.426391493518487,16.501214197925393,15.069799318795592
113.96127749019243,18.153427302643195,10.507055280111798,5.036524963705785,36.76863175138189,123.66046715441277,23.571034972317474,11.58143747483544,4.5067578524320835,33.65174746427736,12.100378531837602
59.514897439762535,127.0696110410911,24.914032570720646,12.707988621678021,18.613469554708757,64.79490566753375,249.54208525809744,25.20534254132796,13.433794634502455,10.277744897312601,10.421610496419364
55.4402012411055,117.36872715010415,115.14689699404639,2.394975579261052,18.365938791487856,49.06859509541455,130.70508752530046,112.8239294867022,2.300349822337981,12.571304313978333,5.834335893422463
14.988470373373984,143.38969711047625,159.59395969762915,8.022263165787846,10.004670778751095,16.27413992623824,141.27270429679976,162.527872657801,7.498070087576511,12.308194359756147,9.514686907069123
16.67745461327614,202.9465116424111,51.53909844025835,6.769265781482473,3.7646725031126933,18.883007257982257,131.90882163560613,56.09207294773457,6.703289101236957,6.356878684897639,10.135906985103992
11.632263023550253,32.47310464364741,95.77524646985464,5.699797430039883,7.236253076018971,12.793130162269092,62.72630319157861,99.53562914181947,6.420196498203175,13.438836798123763,8.832609744363303
35.78009332650823,18.44641316170518,254.95577240053706,12.350644613769008,47.42278528503282,37.6096176150375,25.44167676543208,381.0498200182969,9.463242941485872,60.4431158722899,11.358950260206095
27.052885895713626,64.6176116056341,24.929104783133738,6.221763238887716,16.209446491656607,27.006818700273353,102.49588916808062,22.028068537441712,6.694554827443077,11.860020589658538,6.115401338224529
120.83727394400077,847.9545211966308,156.9600610856753,13.779438768867074,39.98144137302666,114.71437808914875,845.1107052742566,160.68491067850883,14.505111674084972,39.1078119273896,5.574311831537336
13.557333853091048,795.5597194008196,336.89565166065034,14.040894444093823,21.19746592470634,12.904066246482628,322.2636735861415,360.28710102456193,14.005585022439353,16.70824470378493,6.972404546645618
11.434455501942983,11.726620934217987,57.303647918048355,15.347111922566844,34.051038168860636,10.996210988364778,13.036075903575025,78.21767018802164,14.345266425401574,38.954088571857056,5.634630501766975
16.043098581196542,141.66874404512262,47.639973646133015,10.319649667045432,14.546329825328591,18.035392478217013,166.69282844717682,52.62805142115943,9.760242847880702,9.276195679205474,12.579047261409205
43.45585970451016,306.6408001570278,313.1887874149612,19.139541447101436,20.63299513336097,45.52805401090579,171.91431850576902,352.8330124188068,17.713118669671903,13.458298086381568,4.790694922647357
94.8159708591924,403.10665672360705,22.9768686530159,6.050671215296692,16.248041935333543,100.1775894453165,643.0785546287045,23.606102940042454,6.033610880285956,14.10960445626308,21.63948163001218
27.27726424549215,13.804462351815937,597.6395605921532,1.0870587973724106,5.329859431179207,28.306409116810737,94.42025851529439,859.2838200282439,4.4218210856473394,11.066467488800006,62.70852893968832
192.2649529810275,289.74125934304715,415.3314215075438,13.997169238038028,45.717636627027765,194.0322250559512,285.38373580705365,360.49646912379455,12.506414875663856,25.973085514461264,2.3798460623112554
37.01526228569839,31.547225423620038,12.716240985264532,15.541942768165299,26.443797109616746,35.865634315240946,39.28437252686492,13.64496605346854,13.497814525337926,26.144153288288127,6.927405363722475
199.49195614495295,396.9467565626848,514.5699139035912,12.729601417451848,3.7632851844065245,185.2121426037855,415.4874343278247,529.4685999294593,12.67546599308223,15.22869212631109,6.934257568132186
21.966078614870252,431.5639488405864,444.00465574621563,11.713886868382405,6.3672313935328715,23.842911029618733,159.07692528164753,517.8300007067619,9.445016009669114,16.346200233660028,12.256140189661608
141.51453467067182,107.98140510594187,42.11647307336594,2.105302579450285,43.79113516097084,132.5410411600203,98.13967786366555,44.582220291784026,2.178731245941054,44.6153776166702,6.959152412484347
70.33135174974403,905.679952067389,949.6348375954178,10.84130181490465,13.878080468928003,67.7594848172486,494.93109965904824,994.8192610405274,10.01762948953967,13.107590112735608,3.8488328369687657
308.57117522154476,368.4299989389647,29.991268315911526,11.773154473912708,15.670291944328321,316.1580353682833,451.04541947932387,28.44507572829864,12.120498951411859,12.114144510038672,5.269794664542102
302.41814386008093,461.7712987476293,930.3865692518317,7.826131766272398,11.462803101764967,290.9484932860096,582.3429605972935,1019.0855947069356,7.833326831756795,16.928075897715114,5.0233756604112845
53.61874269887181,387.88728273459697,540.2999358948346,12.41370398904053,30.332748785503675,51.81132598281381,244.23910760728324,506.01363117903685,11.490762712099626,20.72532238609214,4.8928827803182635
41.5088705351878,394.29824710809476,29.047547895869048,5.257881998538397,27.71521172257607,43.02198577153788,572.3534120776234,24.847105765775886,5.215480412842194,28.105046134677885,19.12663517732166
903.7115051312301,326.613248323452,57.59863885351945,12.105484086119079,24.38654983738783,876.7875201834278,367.0875773507318,52.81221966258792,10.539572273577118,29.559744111024244,7.197457490058971
370.84348749236676,222.39726365273887,15.166916930169267,6.409500604819987,23.52358706699705,370.79713325090313,281.71776925395676,17.116825256892124,5.2269497695356035,21.056523766654298,5.1406436758365475
48.37144763020969,819.0529151693462,179.73469348026637,13.493578533802188,15.61092520503013,49.51859287369103,412.8415889547414,206.89215149674047,11.756232964148793,22.178479096664358,3.7052189855784214
25.243312650733795,47.904609787420206,24.311533524845682,2.508793179300495,22.603849218291316,29.597893512879562,61.232485931201445,23.132755124741955,2.1493726067647843,20.05032421822071,20.5862133800065
18.72592111209098,690.6640198101944,84.99278656696174,19.590921210782493,26.129520607294083,17.560486216695615,232.35973362829077,152.68557751209772,16.90241662214339,16.242069402324553,5.747490039374204
525.9902207958419,28.090983954244624,112.5636153302916,15.758990229753026,14.154131101688183,487.56140506611433,31.483415304437244,101.19077701519387,14.700608765954335,13.8404643501104,8.755620650518788
99.47903048176774,29.795440151083245,554.7311274623507,7.323400420843398,3.2892078480422797,102.12310316105125,72.54686557960696,553.4969280342127,5.642101993835875,7.950645254869752,6.475203856919848
855.7089726220731,257.6913633538516,20.637508649446968,8.070687993811141,17.071272050988583,814.9731532748888,235.6366637091297,24.64890615821137,7.438415003140501,21.488441135927996,17.75383633005321
734.6285650852781,27.706939398572562,374.95905968992275,13.217726278966039,26.874707761565823,641.7528504516854,26.316709574130694,510.88548431441137,12.989592517700395,21.262067774190022,14.4050922750284
118.4147353531843,12.05295895920731,315.96829276802595,8.486145884012481,26.8280905105942,138.45285565787472,15.908971056348719,473.32839876405495,8.09907976168438,28.86489251902333,18.890126989705394
835.4609962893007,459.4542966478907,17.15234803527076,1.048073152409986,18.587239422171002,764.4475743949703,445.47808423955235,19.628305053878396,1.3054954560272076,19.340811842241738,9.211706421746651
44.303934725334344,10.988111503541909,66.00901912033304,2.910924275248114,49.669656877672274,50.92850077220678,14.095524825739357,105.42955222607965,2.576618018110864,53.20746868527513,21.317894451696702
288.29801362997614,57.77735836649888,662.5643280856069,13.452342219959581,40.40409760233805,309.1160962733969,54.88332238250201,701.6672761998592,13.454892172524714,30.202370128786544,12.515349185708486
487.33797663760186,775.9904868204168,86.07912256904633,18.110718751619434,22.732211507123388,472.24460680375853,607.0453954199083,79.59098785056166,12.711788675157113,31.2030983702492,5.165386545987112
141.74746975462133,56.444855625957125,16.139692227665556,8.97041254101276,23.639028871966907,150.86712750457068,63.211589845947834,17.329456328561502,7.728257317296037,27.53067579459361,10.147408345999274
29.947966441938895,24.798479169096602,92.74287629224894,16.39020430463917,44.51190434394106,32.17575609338202,26.810582307695462,112.2224357197863,17.664564704470184,47.11500008077723,8.60336722936867
460.8233829119755,73.8405436230565,225.61453316929448,7.312985113082849,11.82481547976976,479.454721979736,72.56139262786422,290.22700988658823,7.380529934346518,13.30045685431345,8.774515381935176
53.08493082745375,647.203947169182,15.284953745210226,14.785597121474142,47.58043446511336,47.968339872686094,820.9353002154843,45.728610758415726,13.744972328350135,31.460403502053097,6.547042341250695
14.525488715716756,353.9359949286217,192.83324542368968,3.4194113575483103,22.744005034386465,12.90747838323051,376.83545284382546,192.12734903553033,3.354407000527466,20.532722389403634,8.599976836293086
725.8046721276978,664.8324230029,430.2951355050521,11.548205669699728,11.091797400110856,691.6642251215503,534.9165103694705,446.41979076299697,13.74698963560147,15.679588336833099,3.7554443419195205
31.853666656606986,58.39723218550524,41.91103931639468,14.603979804248311,5.7903794318419095,36.23605213724426,64.01904636998297,37.48478982424338,14.269127797622652,7.700597579481975,11.979141406913971
503.80468237243906,20.437415993960126,294.60640453908303,4.667788326509178,14.99642006325441,597.6613598571323,21.471992418530977,323.7428574385869,4.669992229375931,14.189259445489188,14.948137041545728
42.46928063815041,220.49520958786695,47.4864445743237,13.885619412435064,31.465810130896887,39.32874388485169,307.0466754572327,54.13453478034699,13.707393484579502,24.019172922482475,6.580755707337965
845.7361191217891,13.551038266938074,15.640124048639649,12.7992615722982,28.28085248413838,798.3690346167393,31.345078884820865,17.546249433052306,12.181237667571427,9.416642549298718,10.236311994843819
64.56085801765474,680.5437497238685,644.2588653720305,7.007942633833159,5.205431379683372,60.894832199186844,492.4682463130458,669.5925138491049,5.99235070961395,11.764581606096337,3.199828851042451
74.85628526492422,109.56145801685777,347.67808657103313,17.60657543797853,20.848369339430022,85.3711100866479,104.64254006792822,392.18355617850904,14.448102949844483,25.943180149851553,12.835152798913871
62.30763061706137,167.64278987784525,17.750652862998052,4.088130576121207,16.549584963041596,67.63032131824602,259.07685558159557,17.599393435288338,4.059071725055475,11.966542145754403,12.401483966044898
17.51363812587012,220.1863463997122,116.3212438203136,15.019931240783643,30.481272687317954,17.323770318377246,271.44923626254445,103.55245062680997,14.809191899335541,15.967510418098122,3.1088403650775787
380.73976229240196,563.4199388445018,20.684674372011116,18.24860332741993,42.65226565507064,368.0598177650588,594.4217784060534,22.958284647870485,17.274086150344765,42.730165776533,3.7941227810621805
164.67304895064055,273.3479640106934,27.257403406831376,6.839583679773993,36.68761416716031,166.3861627183943,323.0622478320901,24.486880070447,6.236273584758835,36.10010446676393,8.540157574734295
211.02110259590967,121.06570089041543,18.32431941771422,5.229843912659602,12.681073327549164,207.85647402777892,119.89040653197205,19.717622159527767,5.991117211544961,13.497932770072975,8.65920850186955
57.80550076531792,510.6355251603623,19.461249937419613,17.633326556090584,13.027113277414104,58.183496010086074,387.40406936835063,13.558663933304707,16.148386599919778,21.72879564153889,6.670164661723177
46.80876001477949,330.7817879347334,215.94374298605595,18.861093598662663,37.44172675151661,46.30654693470813,264.38565001936735,249.40705220039914,17.220786525462362,13.020811303613344,2.040561810342425
58.93103353429511,61.6406324792224,124.70386134332797,7.743328722155712,36.69951689431692,61.91742933767974,60.77593500795459,124.39477527021384,14.378679089506933,27.536145480712463,4.091278277304159
30.04936107691358,343.378773002396,13.484676685251578,6.4055883214631715,35.651303528678966,30.81844678278804,586.5952892166071,17.454702400829216,7.443335293402483,22.012269719019514,3.9189165985066907
60.230039807559606,280.0766453021683,31.003961990433577,1.6435525836719942,42.094585285242474,51.99145410941192,320.5131112936044,29.31451244854079,1.6030287622278545,47.189591365435895,15.970185116165684
22.173925036049138,24.959377740686612,34.25174665835857,14.450560736376035,27.522874542994046,22.419715620993262,23.848840034012948,31.141059422764148,14.167267517486149,24.126855469875863,3.1272994538537082
13.200728911603077,126.06979324415117,19.497796699984306,9.098423116921598,5.730152857120521,14.889340186037943,91.7137411125375,17.71169873902283,8.944180386089581,10.949175208516705,10.88231553726726
48.62931624636163,227.06847035250692,534.638555937414,13.740605362897114,6.311276190134095,48.88473983033596,185.7896288470162,539.1802572576889,11.15101361490235,17.042199045580126,3.4178766329040338
298.9561475289756,30.5933172838459,105.19095340539126,6.859716863443861,11.868826381754806,338.39797959414403,31.69940884965379,128.97293552404747,6.982825738662292,13.758098234362178,12.56108264975053
358.7244119672787,122.9625562943207,39.03503424721681,16.584364563137203,12.343906107502256,336.4113241322914,83.07938918382436,38.79280095677385,16.931157562622033,19.501139230108944,6.283543653809932
858.3012720314229,255.4560553624099,21.042699481072265,12.136602148304686,7.701301908587765,784.8552276620387,49.32415831518733,19.771857806606366,13.328215394041,14.743236869025552,9.21385223490357
145.08084185445696,105.31412410254056,413.4444055783668,10.69095599524279,18.801137839332657,154.28242252543666,73.66144820162319,442.23583690609246,11.16791464853008,10.385817286801874,6.456883011834394
634.2473469747148,247.70533590007696,84.47379177187085,11.656431620831501,14.19636709019222,558.2479350259841,109.92720213538023,83.48405451989517,15.024291029657293,32.98516264628992,9.102750766447967
111.88832825273866,18.414876262349907,95.37946352637896,4.35435639430358,27.29594492989888,118.43210088974337,20.324915021796265,114.46939239571893,4.415670914956048,30.74868002170611,6.680500818837089
166.41029656214437,28.435556503257523,52.99511203567984,17.36464188724987,36.27156788833662,175.51847862323723,23.47215051034213,52.332377470340425,17.56791662294879,24.63164737977447,4.781831740635215
35.49481255199489,548.952499956254,22.57543885282276,5.50304860647562,13.789423219599685,37.45508603724614,579.7725073470339,23.786253607271146,5.33952227636766,15.360740468921646,10.474650628449307
159.24065197105446,21.607647241432595,12.369116065608178,10.857622929360959,3.0500326415039307,172.0678542954122,26.660664703844294,14.106005628117611,9.810961207494522,10.642548694446551,10.209989194612543
66.25749014107888,316.0221325504268,128.7278924011238,16.158411812786525,37.704989347956,66.33422013486806,329.5463991219298,169.68936234428023,14.806559206270956,26.267583408464027,4.316552681967342
21.12560535239584,907.3156313858339,534.9831963730521,10.701271657308618,20.495458732998163,22.081878345020897,230.99458978437067,671.3540585811592,9.072881664971609,14.689903248336329,7.408579362315313
64.7199329861198,28.45624968942891,15.112472399214871,11.380097918416046,13.37656326009167,67.41765129576838,31.357930152768652,15.16664652516286,9.949610279874348,18.930556956758817,5.982852859401727
990.0246402795309,30.59908258465269,400.8568179202587,11.861981517009484,46.6099976169844,867.7082380038775,19.3741550965138,327.96749091385533,11.647156452680905,23.06464209547551,13.833389477119054
935.4183292743786,348.63001254490126,418.56524502310793,4.89023188325471,34.97117436038925,803.845235351763,283.6060317269673,439.23519142568597,5.103186392091671,11.60241102231704,11.391004482456907
411.2470029070245,14.817031125772244,25.876250329986057,8.245638265272753,49.38573177067398,459.15836698200957,15.67255697577554,31.66547934643337,7.928646900570296,33.91095652553663,14.980384489361215
143.78111083530644,13.278778116167972,81.49897012904263,11.992597855995298,7.2037979911962315,140.55553499033118,25.97158122649286,95.57489782791104,10.488126498339074,11.930491916505199,9.918204445183498
31.759008586990237,23.78111655831173,173.94082511415832,1.9087935678920789,6.27435385203998,29.385301720896095,95.95039793701675,199.52175204707248,6.96428431850323,6.696823404404005,12.55536295169503
504.1939478282904,374.7683699148367,133.102441794106,14.066168015528014,42.712583922217796,477.21339035335143,374.4716598860304,134.90809216100394,13.583333847382976,41.533773023747685,4.24080432024712
24.332702267889765,60.5510421851072,11.786309591769392,12.359419246388537,31.81294312286507,23.961655397755706,126.85412824348364,14.216720062728957,12.86766570448644,15.736638404518514,8.667864342537237
18.335545965466885,58.018293952181025,90.71679331982529,19.259142433996807,21.240149011596614,16.58393403217626,39.681252896432326,89.14780938231308,15.6838475645827,20.978488554199277,8.057103330264335
763.983063845649,19.369709584336373,12.863975989564441,1.863092254803937,41.66407509089701,861.3696193109866,22.60393099688565,19.15620494080972,1.9039402335351978,44.72399189697443,22.736626840453987
252.29644200908754,30.0192070773046,572.2745843781789,2.259715746449973,17.60394956804198,250.21181498283744,35.93169914277451,590.5425736943943,2.1641455165035426,18.415727399065744,10.672234799593236
72.54715441851471,86.25383042284544,842.4127178685563,5.656649751183334,31.19715188036277,74.50213592964366,124.2925828720478,830.0754326735505,11.059411744588362,27.31024505039874,11.033766803604927
45.276431949991824,35.98549666548837,843.267332157258,4.92267850160623,45.89854597116298,47.89746581604635,39.666845567659664,911.080588465576,5.477247792105328,38.64290021536457,14.528330687631971
28.281353998750685,10.09455316611433,23.93018347813388,2.7795678723096557,37.318859239717156,35.85291185997282,11.61581423575877,26.79437292601524,2.638328846405031,37.86302513945236,18.69122173383103
106.03863500763651,73.44208294872742,11.794662082208445,19.235715924255185,6.944128838247622,114.64001409442452,96.37345394239941,11.994511119049438,16.56356365647333,10.833822120471222,10.590886212899408
507.5999844471543,172.6603909468166,662.263909864804,13.01086784735766,8.436128637712503,456.2788138139738,148.1402142765129,641.830863433851,12.007735229545613,7.484127434247603,9.354871967411885
154.14157730170305,14.891613554952222,215.61728464423442,4.420363743659357,40.94381760015498,159.93080945502518,17.425570524754733,276.5156188823486,4.2956944729832145,41.54468209424569,11.85098096376982
26.91711055906762,10.314411059855013,33.20684735210935,17.24328686919419,8.77682608561915,29.913566705800683,18.343825345162063,35.67182373465496,13.026966201271145,25.372967732693105,8.326744237399373
738.1562693166137,49.05437870127261,161.94825417910204,11.658129966332991,42.96058279686044,711.4053477390996,28.526170273843825,165.45246855859799,12.049299617685428,21.405648116281075,4.307064129769269
37.90029366494543,781.3256070247319,70.89727040597552,9.96741942335667,25.158241136877184,40.09479225183825,742.7513722167458,59.53077108872888,9.501987736318178,32.411696246084425,9.06588498197388
29.147815263805064,14.648488294482247,275.28068382382594,10.547662771843276,4.284572546945677,27.89738328927695,149.12402551039,326.0523700112827,17.768221919779815,14.039638196977998,2.94452224786848
233.07335161569452,95.27241712772961,306.99672479815047,17.12096695018828,2.512863302368272,218.96945928449827,204.12347554862185,314.61698973752783,11.313782542400425,5.836892973404875,5.5601123319024595
445.1675206535146,43.13016682463131,979.2072487113425,7.786993308528264,18.978225326374734,441.70667792772537,43.91550711775941,1094.4406229553447,7.485949966437493,16.07430349667766,10.503034367085657
152.61996663995075,735.1835409933018,30.065837706258765,14.676650524404339,11.0901682118844,155.33864687120607,541.9892666164612,29.120703031700263,13.071019854846469,17.827599641329513,7.1223474320757845
314.5232398672321,72.77386967340128,50.52893323854895,17.801913002086433,49.36806821337067,292.11342406505355,78.11276056362537,51.396735944591356,15.485193100311625,29.57954254732419,9.990860714541212
245.70561464956737,361.65189892530327,138.4896369833831,13.162762293890147,16.937110916436374,244.0941430888568,478.19783957514176,137.24355106381967,10.238213379893079,17.167986595144523,8.367504281216316
10.432941562906379,83.69600698291669,53.653974317117815,11.193300997112962,10.63578686801775,11.171904385421481,76.87973078237057,53.27200841122977,9.849803366800469,14.064434623129364,10.225613485363073
20.96562813844196,13.463654039901334,60.34819005194864,19.37089904001351,16.79647387315697,20.584797153899185,19.770642357786087,74.40371228887595,14.114032458900496,36.87253123472954,3.020262389111742
10.264746223316696,180.80907059888537,202.00213210880494,15.32041797956307,46.44619341469403,11.490852411074254,74.33481243429262,357.29804937385313,12.508316089291952,24.366067799081687,16.84110395790364
101.76127158040964,228.22686811958386,179.65722457182588,3.2606019545377305,26.68762689466249,93.8182361444349,271.6056117625346,187.04548502480728,3.019764241316723,16.44700859919985,5.708451998333313
28.79404913619902,17.122193859110208,56.946023338924554,10.237709924226998,23.853678683884066,29.954619694490436,19.949150151483366,71.06126128810821,9.958679963008713,35.272104818959306,4.5069604101059255
114.90531662154493,19.865679696108042,12.518256096460105,13.778716746221596,7.182329286860123,122.13628136559693,31.88773201266353,12.929582061012765,12.590433083171906,9.93912154378527,5.9657998313136895
20.605037116025443,92.87083809526936,215.12608658869902,11.870591781910019,41.55019863660262,20.42279931655837,65.47830104526726,216.7904672034864,9.781043240539171,30.382108432574906,2.8041719892145394
340.6746253784261,67.51384610806151,10.198180401839549,12.579486850827406,10.21900708657926,373.3614017571541,35.62523716265092,10.341144077726337,14.239753218685102,16.125347995923164,15.615964521156208
48.09143589658477,89.50876220377108,90.33586650871305,14.335420743228411,11.221525487062477,47.9701163176813,69.848442062164,91.9810395972726,12.80626250962891,11.458744532752675,2.4964629698420016
15.164534107121563,475.5058434304196,216.5560292846493,11.816861653801785,46.16145739655093,15.17834947925903,257.0249601700855,318.3662661303699,10.710091804918726,15.74233856188977,3.028013175223665
918.4065760127954,341.7032578236672,59.28396606271547,3.6042817442851294,37.17729221337889,1111.0653482045348,436.01841872215994,63.86183701820299,3.0655680946824613,44.17246367254739,27.863907070862364
312.65444724818934,169.78659775739916,186.02459516341992,2.7792293924673235,38.665889289359086,316.200740991856,173.975283716322,203.52251300696622,2.4850713449605824,26.26744012427293,5.678338481906796
10.887966226016408,945.784445629289,66.0172289790494,10.078278995159428,29.712801235176485,10.488131639360361,276.39469397246944,215.50175174405703,10.047168927202708,16.96024893342737,7.813514854688372
43.26703090640599,19.23942567598992,315.690256194293,14.864745829276048,36.99856228846147,48.53895041647604,19.590398388986987,485.8140697282105,14.958382552088192,29.907188964074898,16.20314009288641
11.192259533964618,112.40682354127439,438.55710135694056,15.795156181503351,27.551912156335504,12.678019072403147,112.78191778856788,566.582693459004,15.664277752732673,23.818363152675435,14.020808464278591
15.056857089410544,243.32994485245513,498.0018918331452,7.638532076565591,36.05219881276162,15.877953750780147,135.0095445477989,614.4024939738824,7.302916772142013,25.06003943967498,4.232932766173326
218.86520385616197,67.0924400242926,168.28478875441,5.465860181999111,14.222613948868254,233.3742939104873,46.26875421853944,193.68454735851054,5.965364553956242,8.108047862905266,9.368016655190257
10.805684275847243,34.83108177136633,358.74467434191405,18.28956502382525,23.04015661940392,12.149673110395188,37.70890416954338,643.163060023082,16.772277275737057,27.22564854276759,14.702398843910414
17.666942164447278,22.69248951822472,32.91381235342211,2.5522777150113414,44.644271800058235,18.788844397161153,28.413877152424973,31.8822571293903,4.0676204464201335,31.760934924656077,12.119053002163215
12.479335513702463,674.974401986454,29.885865147406182,17.55220234833081,32.301285657298564,12.406204417538083,419.48969369453414,76.68186846859479,17.662390535833353,22.197150792241292,5.213299869220206
16.66733885393534,18.994184634511203,53.66270750302754,12.539326159142538,16.764325492252627,15.41584971289214,22.60209584872916,51.591547840977036,14.7245700117698,15.379415887428262,5.249913481915324
31.23378140200063,435.41779898234256,44.190248497588655,6.75546699197292,20.157311159183426,33.123793190490794,538.7049065582002,40.22774439725108,7.082949543907161,17.739372770650288,4.206513178479129
17.02854716043036,32.02065850442634,667.5700329775574,2.94842520245128,40.787155736154176,18.25001664849925,41.555205458186926,775.5484159257833,2.750737595451611,38.78316183608283,23.31398684288532
165.87107827524693,469.0462742535482,121.00787866589457,5.250499178279652,14.559983875323585,150.4143718936764,615.2627005542764,127.93890563855214,5.62115584421064,12.600017200909114,8.244108210161393
312.13375615245826,610.5228565507651,341.60860735647606,10.855913036875393,46.191817192452476,283.14320176725585,688.8466164199149,363.6081265422042,11.001399555748534,41.01746541850944,7.980253100510172
351.0068101961353,626.7113372303426,570.58357883525,9.680460817628555,44.221441071215125,328.64404377846273,645.0612828454341,558.811114844553,9.612648100368903,21.816955501813833,5.27406162454859
81.80214346972137,133.06700954427433,12.57207803533669,5.25137332894682,46.106995402545884,77.88134322083552,137.1533261822733,14.080779120968904,4.211482550863754,50.365344385643695,7.972856924647366
52.8705678461026,733.9916420986664,457.7615607394781,1.2093312690218498,19.932751644988812,50.59679005027896,746.3627097170648,508.4219691325929,1.2645503463355168,21.75770167665907,6.227468879800635
111.98237305761425,11.09569846460246,33.11513724459414,12.812862153708066,9.527115311572963,115.81926904841131,19.718341847776276,37.90866112628906,11.442202642845919,14.923324947616882,8.799161240005777
65.75519433721045,31.1997315718416,73.94469448572657,19.931840831603488,15.948004034809177,73.72130223488266,48.00712593072226,91.75675382040514,17.264217197193897,34.44120867436074,12.815287696808273
16.205866815347527,92.36346954613802,121.16126479853376,5.76733290283381,13.034959970087995,17.09328708389021,85.8567253382506,124.80242738227074,5.114242945608775,11.403505403998375,7.947358677967932
31.25872182959251,17.640554609786786,11.122754807358167,9.440699629962369,6.839210499003731,33.250793931416716,21.53280407409317,10.626775969181116,7.536134452728441,11.974490765712138,5.771476830700614
225.11012584172175,194.24466406336308,125.34937011885077,3.741723885817791,9.155132187794717,234.60073413081852,148.37265086494412,126.84349012353574,7.124734296348352,13.880029394602454,5.2390048984118875
32.614329054686216,606.4987396285591,117.20874434302242,17.018436732981904,29.94942158618364,32.46049247361431,522.3846419503217,116.64847238768175,15.948944842779516,23.31541754155998,3.415105659325589
578.5363366298332,12.682805431684297,884.4307207240001,14.372537098386777,15.646336851752833,522.1901210836322,22.849749325875685,717.1557769965935,13.86075072964151,20.808840195129893,15.581341526797656
820.691266804219,281.76411585980327,268.89610718522187,13.724531710677942,38.917661987512055,793.6916765907553,312.3243429419053,305.6267458765101,12.852999343247864,17.659175312434098,5.854992981495543
15.663145997726422,592.7980072167326,334.6620462568204,17.803451123527907,7.370259997532967,15.330069756837965,187.6451617772049,371.17532105443775,15.51774956588958,16.298431226332177,3.91863375317969
356.6012282849508,200.24594815955857,25.514564720374125,13.609432572512983,13.340474851544844,350.3307056497489,105.95984560943575,25.331809624755564,17.179601791273495,19.99146191036002,7.1191780639768485
275.5081053526999,16.301209893852818,60.30929661827939,17.034533289299723,21.65504796266254,273.1973210711849,19.454208949066032,60.01899467212661,15.759332620147806,22.934483480808797,4.713387666317719
116.22275999911179,50.289172042689984,18.377574543157056,1.7218843915898132,27.444605563768032,145.28277945493792,65.75250432681334,19.88811711939395,1.572071952242666,37.193231824130564,31.79935031744613
16.052943410171242,789.7334732361915,14.301554424224388,15.419695060225347,34.44721981098763,15.499135471855517,514.6727644002656,60.64993529908752,15.580797024201482,26.687758062031563,7.205170125217163
572.0762818333218,243.56566165755711,506.8845727286507,7.8319315937028975,9.565972195140914,570.5052415873537,160.41640234608082,525.5283747338084,7.480450215754415,5.813051956959248,4.442857730440542
811.3671188231547,17.708101153225805,33.539866638571155,18.41718491998196,22.256211786144213,702.5576597197638,72.48538193074654,28.832993132426324,15.671344927606862,9.121693401885878,16.14549171572461
10.906887017605634,362.89194234240574,106.63604467953931,12.35637708749169,28.798187654588038,11.178876575559531,187.9705691057272,124.09392890321249,11.521176205343012,15.757168665642318,4.010011280573704
27.519624885171137,21.765427241156274,50.01073541347074,14.827321115209639,19.08404553827936,29.092478106564364,21.57367340080451,56.15010121246481,13.061597302950618,25.435577682013626,4.287707272468803
49.1093182334716,50.147572692837265,110.71622716078855,19.474679125859762,24.560841080510254,55.48290383755277,53.88803166905023,128.2572763025478,12.972376655155614,35.16172499124306,11.223362763240095
661.9072680391753,19.664504085769146,23.07091181581023,7.589762401043751,38.97429575260917,773.6283974108038,35.7040032517402,28.909522114591024,6.423948673293135,20.128889930456836,26.807846232984932
790.3594103845821,233.29859880542028,10.542373443265165,6.889605977706503,33.2445562011941,1016.542504196546,313.5048491046951,12.192970761142142,5.403626737174295,37.139266871817775,32.486280374232834
398.7446865263967,133.5713291464627,31.184661088575975,7.103929408835627,42.30948731531659,441.37128927794083,137.0302464958603,34.30603680992554,6.305363872844978,46.9925056236511,9.891070067360715
48.690688797304894,303.93378494794945,34.69921616282214,12.897842306181841,7.8961834932839485,50.703330065200916,279.64692954328285,36.69208712052876,12.032588186301158,10.973577176265849,9.221863862973098
79.00682947522508,21.54382099503015,165.05539732767434,9.34377463269934,26.166145388528417,83.59243433640876,21.67611960346515,171.76431222263994,9.175378831794433,23.004383879925577,6.773468985788781
259.2181442983414,600.6140710839965,37.74482675446324,3.457707300318472,9.244136493147495,236.71884195984683,719.0451242886616,35.65253110719486,3.5490120528246014,8.6575617876655,7.281667118071441
11.552298584043996,455.8044176780862,326.34073046887204,10.4298953814694,10.294251883056162,12.451379617390218,149.9225323706505,472.8593948382775,9.014111304444633,17.813642658303213,12.038020730241511
48.55961666220563,481.79656826733134,109.05071020300952,7.588297466960193,42.30135629788229,53.00717946347772,570.4862163368266,91.50462812269276,7.682451256664068,38.57184418384764,9.1816296577346
424.2401427677037,100.16261788869058,11.142325885222675,3.7517487525684574,12.13975644162855,395.91501889185975,145.2602682518752,11.265376060115177,3.4142064735218947,12.671660958581153,18.390637823298125
325.9136614448929,86.16024392582469,38.01601548162804,16.920522162336393,18.933639622240616,308.7685617554994,72.66097676386241,36.77549367195356,16.937659965445235,28.516459358402173,4.927232266728289
11.879740993230424,759.3948515240518,83.76665606412624,16.37999133260653,34.24548140327043,11.927595453091984,366.1954621941875,128.30384166828313,15.986488846872653,19.17561005732153,4.594070745891763
562.9433137296851,21.586669590959023,137.7805852486554,10.947974968576782,40.75664367086525,566.0671841188121,15.75441040089673,131.32020628602726,10.349611520511662,25.985657345470884,6.992166052270078
78.17004626457422,130.53026396803332,12.043344237143355,10.308151686644154,47.962006703100585,74.09468375740633,232.60351439793368,16.770711508760822,12.58528798135575,25.464788924343363,6.411072801837557
300.5436330660823,498.939238652793,56.24019936237508,17.86648800338329,35.094107720324004,304.576605650849,493.05855515824675,41.43610181793841,17.07985759624871,40.34715882934649,2.631845751504137
12.357382756395108,50.63198886195735,264.73947020669715,1.3503182546286825,23.080568633884866,12.787340046254005,48.16807065134528,321.50047418243406,1.3062496576045644,27.07157824130038,4.760579823390044
35.95919103237818,71.92636142494331,25.142615504548797,18.691236428871036,4.888523836296678,38.36915470771068,61.04484448292769,22.543056267727348,13.299146995212782,8.625273085789981,7.03115212232843
10.83228165447368,386.73054128621936,663.9845188632398,16.248052004102334,30.1324897768383,11.94284127306453,114.76639355856402,759.7199749024095,13.228035420688602,21.86455987416083,16.098236866514515
19.872430258647263,506.78250326008646,12.754886119233323,16.388449880159524,24.27705910899787,18.670150668854237,472.6215636813363,24.04635511452182,15.437060871356708,21.342509633326806,4.516771520385148
152.02373717806208,915.4173086385875,327.4018745936406,8.699296032254741,23.667572571722115,140.38466705762306,841.0115126073002,273.48662341373176,7.9640614854779495,31.606195040660758,4.211138564499635
20.003652755616248,216.5753705043771,21.52847470435578,9.823155996013295,20.510279802489144,19.257373111102744,262.6811547347746,20.8610430728288,10.028303374304748,21.077312196694862,6.701775345422141
675.9199046311801,71.38010895037401,21.89578207147196,4.4704666772167005,42.80497243687185,722.2556201293287,75.12276732546434,26.21690295664331,3.6643367870065453,55.046548337391236,17.35911576746568
15.593667149816342,107.4157741851309,105.86269014325606,11.685197156882962,10.014437887181968,16.532634372092524,74.44037871667798,115.80861797363221,9.893864274996428,15.560483897455713,8.008974727069859
209.56445884332948,951.6352005922106,218.2235352503822,10.97680112126742,27.004156808827442,181.76424896303274,926.0287266572309,205.0035720537795,10.106439183690837,28.685026305142184,9.987997676500845
930.7620141087133,16.46859714394091,24.854422949567457,2.4292334186651066,19.92938987914506,997.2189143444409,19.237275715384072,31.538623715501757,2.208275237890383,12.75092695446737,22.209225594326867
10.185185938194337,21.138818077830997,376.8555861591664,18.392759423024536,35.89328899591387,11.71809037515756,21.17075683151708,447.35156657118455,13.946530090587316,31.270391196729157,21.383022179642833
23.432642842780904,56.241876884060105,475.9524094806664,12.634360048704599,34.011764914749406,25.109545397027137,72.33997392850837,534.441752907382,14.750468901389695,34.69033531852926,6.95674501810599
786.8428405508733,251.4191524354814,177.88642442738575,1.725068464770819,8.070203239559143,846.594306419652,283.73301987906683,203.13394392276183,1.883643219273577,16.279961283251534,19.296192431722098
11.758536504401647,60.79142585741187,26.47670094339966,6.861997137178961,12.775513883885502,13.681769949944863,107.727864061214,24.76928886867348,7.959937776880308,9.065928340829583,11.748047022440788
63.1479175549499,84.33199707989677,232.71820122875403,16.400248466575743,16.42082789155026,65.46968846750391,71.84381188126687,221.78529451014373,13.788102611066575,9.10267665090917,7.3342564704917335
114.06927309774075,186.7567527599126,31.835164595996403,11.60129108966801,36.8182164931437,109.0568477070223,280.10891291124443,32.7531248054721,13.133917452940304,25.301578054674177,5.573380711565398
871.3465458411458,10.87557390839397,66.35593926182435,15.49072867913451,28.303033969142913,727.9734579469996,13.715571895139616,93.26097403283993,16.221098730656305,26.379013564094734,20.293836655174147
18.758252820469004,40.92834987792609,943.2570831416845,9.39980403056786,13.097873753918442,19.89253056262472,162.01145151919388,870.4573244985693,12.00323388952367,18.958213295958988,10.086617207677332
152.85007276402678,325.2000209173318,52.28881437780922,1.2077597011026109,30.56908890202044,147.8614070543202,317.07769455526255,49.436039504802324,1.3021872231683898,36.015836060456756,8.219327744308282
14.939816842885467,34.77992796092191,172.85116627011323,6.9106533068655684,41.037909821408974,16.25251329448366,34.13806078633358,275.0844722029597,6.770671871277059,45.649705124970815,7.004148966282894
766.1676390603686,718.610831117371,64.71117372983902,16.970700445482905,19.954320765512755,740.7605179817784,707.1838645885771,57.24684571775325,13.347608707260912,21.435338948077014,8.792270778109755
22.13058134225401,826.362295954032,414.1689495815536,15.05097738490813,23.759937521417097,22.247211875374088,381.788819057493,427.51760013648385,14.014919260362335,16.43660426713938,2.758680174780111
522.0928350015105,46.442701787421214,44.10217838518072,9.083109763766958,49.50444858045505,547.5764128113294,72.20958478360966,47.21984572648208,7.734732486318145,17.033099758936,7.650315421006752
57.235612944951484,70.66886099268034,751.6089126273002,3.111656993147254,24.64582390832429,61.7520459420612,83.34156970456009,848.725594294606,5.2512053567320205,26.81029229536911,7.023966589763919
133.8586044930887,10.522235743984528,271.0252973669208,9.803495977983326,38.496001038040895,149.9255345785739,16.260515520218732,314.9460005557448,9.577612544143248,43.317819773474675,24.11757477027998
202.20754167592196,972.4382659831742,11.027283561813087,19.640157609574196,47.11557817458758,210.50654404734018,1058.2751587616153,50.992323596771236,20.067169943424872,48.92411258553043,7.882945034095166
145.50547388182775,18.596163711565598,25.121774943033053,4.43300410962127,47.69276467796355,149.44471945043975,21.384630408709633,27.195880188984813,4.747018868516526,34.5845876345261,14.618180749364514
57.72666214641356,12.998029480657596,215.6689342173321,19.20501510363054,7.134009041129144,61.75624485173295,34.067385965938605,278.3464813712618,14.64911222070595,20.92794784569747,8.380585100469737
14.355924606326079,545.8339085255569,97.40582684729067,4.994511853829374,16.143016481790454,13.43773654661701,423.3940981439303,91.24740057907461,4.797882659520276,22.579640255594665,4.969620549551399
22.744873389153582,25.06593942452722,522.3549578697314,18.339072138696693,12.183075561118466,22.905866064024625,32.02507843415343,665.4526643570651,14.77761830055476,17.689114073469355,6.790882137186957
673.632400815591,28.380673955488337,28.76484919335696,2.4933717816018963,18.383933905222243,667.3188441366152,36.71521346312754,34.31292587407556,2.606148104424343,19.70128760773396,19.928597007490644
980.9393089089707,84.8670507988534,693.98488338819,15.86340393203468,42.055312120854076,890.183427832295,50.39918169033983,551.785231156234,16.68708115597814,18.612213142096685,9.564633121690424
255.57400143981738,34.40228737529165,189.16659896617318,18.626072947940383,37.41891635744302,264.09170529461153,33.433118854404086,234.1161514901067,19.262851578730388,27.499529054592575,12.603255270296026
583.3214335081495,26.5018659349928,13.539690480080191,5.7620774617591675,3.3628116995119055,558.3283037551155,25.130684158317735,16.59131987155611,5.251400988630082,17.059584798969663,21.907542151826824
36.179988392000624,24.892767028374948,86.66370676673232,7.103055277799205,24.755960102304954,38.43998155579486,32.30776630467112,100.30333727999319,5.405268963248316,33.09225852247206,10.792309065132025
37.468914318089105,18.199103297188795,100.55837973284467,5.180918089055549,46.90644112348734,41.09382258949859,25.297912597290775,126.92550385245096,4.673583568910889,48.95451187261492,23.887686397150112
10.69939406525241,202.69500705812771,19.081177096602058,2.3850699198808774,3.4025776480522314,12.269597053639242,169.87554120684015,24.74983053189731,2.2738623891710383,6.440450289936697,29.209517316146044
11.80396206965376,598.9983934632313,116.90802871154875,12.571898553376984,21.88111574896964,11.633727644154666,292.011169672443,107.99355733940436,12.816903848438185,19.811073740498212,7.859174379760329
90.27797596864677,163.97245797277301,22.532249404970035,14.537435596901199,15.488605160073364,98.47912952885257,239.85176871896675,22.866687398333788,12.801061889663172,14.422695260452704,13.634801804926136
334.3806063822972,14.923909556073664,124.74019364590825,6.498536778023804,11.923191594559237,369.9709072142416,14.250788483982928,173.2447451657293,6.812054387501984,10.880357185539374,14.469515274980541
365.59126632167147,10.377122679436019,533.5736933081749,17.747332724196674,17.39098075787785,345.8793761696723,20.668926526714433,490.09151730743037,16.737319429417973,22.817544328813796,18.424974079776874
45.17409486038157,25.190276285020044,65.35968958306886,7.908800978661269,37.27077735982933,47.64466409405371,30.09546976676794,69.74880765588466,8.018032841995785,39.83122251347034,10.292345832520605
32.233285600611616,243.1926361469101,74.06314827702548,16.263641135031286,49.97686928868558,29.549639476528803,390.27845275469383,88.25759264300139,17.423489557427747,21.91457652086544,7.819297202102354
823.8339127754099,147.4975799644652,228.15328863810686,11.095626312119586,40.71359588701785,788.7210397920206,106.78312544542656,219.06913349120939,11.788117492626643,15.571706191452718,4.109474511358047
508.51356417025846,17.021122891094308,36.3141255813843,2.7191659179816394,30.300575154014677,632.4702591382821,21.865715449666485,42.11964538306949,2.7573995937187585,35.32552483346571,24.892924582206703
826.1759780462518,32.03925290229324,25.009455118830562,13.258695740971286,6.2174219201663945,762.8501424000209,49.333824000336364,24.185747186852613,12.6909551949414,8.633805258196526,8.276961989266884
25.18714639614954,441.4528680311253,12.18219009739784,5.609992078977134,44.99147198152323,24.746234571098388,782.7140355467487,22.87526394253706,6.248267420668817,32.023461830142224,9.22996380933749
36.55811451748347,11.922611946447127,37.51970070927309,11.03474773114054,41.825627897310724,42.50482367173939,17.052678287377546,41.990082658034275,10.077206177652318,53.16144401986236,19.593132328700698
398.3002468653285,381.7476252500242,58.98883230485266,5.178576826202345,27.74289217456989,383.8879623233483,399.04104757931975,56.88446910040813,12.99724832523232,17.962852234509796,3.9399404289306204
371.07538033112365,14.961449759698283,693.6495271926767,17.054100492106706,12.328535836035062,351.1111347322649,31.472941232980634,611.4644838107738,16.260292163485452,20.864941974166936,8.77995689532552
10.131573878647584,476.2123774689238,13.620207520630055,19.22601975539261,42.50498751369268,10.551788585478915,195.34296144143764,108.55840612913943,17.00015910737301,17.013399733070074,6.154854911128384
165.68239329802006,539.3708354318177,67.02145998366208,3.1111436258275704,43.68729164342261,161.92728773402018,648.9939922175583,69.70812727722318,3.2452084722008028,42.23054067682621,9.201898951599008
111.48668506289142,16.650078834964862,523.7677097487812,11.68529427823111,40.921261737693555,115.93799831453164,16.10676144526154,542.2612309045813,12.0953348877022,27.420426512247744,18.407096128574832
826.8885287265052,20.782544101095688,48.31647670068193,9.72088600394702,2.321406998685525,853.6236879501615,88.44179739098098,48.128684920057395,7.821407633973862,10.221586435752528,8.519078400236655
32.86839580204949,390.1083452227573,23.033440437449336,2.761324210532821,19.780115386535353,29.91628249114056,640.100549241285,24.823828025190963,2.782987639255019,16.266372457569965,21.57815696594749
138.11663512007152,104.60483104174503,68.31293329499518,13.936525385036283,44.39557911888376,126.96111721660871,92.86896324067541,73.9206000042949,13.784930434620307,39.45720179026777,7.241683588905019
60.97102084681128,135.557702339413,46.26699902059125,15.060234764158428,2.892368855273965,67.97235226369243,83.75503559498956,43.898839159103815,12.594760867358104,7.71689259352425,9.183049252946503
59.0533213844174,10.846569808499924,731.1447531827017,10.135649414997738,37.96164716330362,71.69550068914418,14.597547401456147,630.3381634256067,9.380608173320688,38.305623478315724,23.05789479334673
343.0423796008642,73.56902585442649,753.428885139897,2.6736703801734656,47.415103240774435,392.2787751836582,104.7320251335731,999.6390385226997,2.691068612567752,50.07549387545523,32.14674727428961
76.50453098072967,12.912832708135356,103.99789171777421,14.990755828468885,34.09500846597139,81.45957954377313,16.98870506314237,166.29127917203286,14.79279547639272,40.98190727064828,12.822273325363984
859.1482615323139,20.03791619066269,20.19122164002228,8.576762347514672,17.015207721170697,994.3315754996221,52.24051214303269,21.850269685201337,6.410415919337388,9.639864652274259,18.32489601928661
70.42313786427165,340.10842632705305,569.2726149906692,7.256151421071024,19.59842837846957,72.44489010161965,331.1219972368912,565.2244747277438,6.769043015109085,15.627390751039027,4.802439554089762
186.23669074957567,34.62892754707712,129.22246747658008,14.318598950587527,11.946668094466713,183.05884034647636,42.62744803223484,149.52610914938978,12.619478956417668,16.454918384285378,4.836959695958542
28.346800012477534,39.987806223569905,524.4585978354324,19.573168069199745,16.979835382486385,29.575343072519807,37.06151981119224,620.9680474418847,14.065334567054084,20.076372805279522,6.572125812296507
35.740965222162885,32.01769934757588,25.784918391002044,11.118173751635483,7.144848865528517,36.32670876215584,30.08657396785718,24.72624783589174,14.581725679394696,10.451687432154559,3.23979735255103
12.323629906678848,33.17723244457194,64.34815697420406,15.814461132185583,3.4557069769336284,12.054435044340346,72.46600967044736,67.72723169855236,15.983934620467814,14.679280595545897,3.132577422809546
366.10553595327843,13.863921316755011,839.6033881583456,17.26788688640344,45.16180026355806,380.5835828056682,14.600205078660494,379.8316711453754,18.34036041298383,33.383500317345494,16.270413191880493
257.382092178731,184.2661932381205,248.3959776433948,6.267632255965003,35.25733621226498,255.936391078376,124.82246729232921,255.1171154664537,7.620057365426518,12.705240993787227,5.185493883318296
401.80501767274893,31.997203407010304,120.82164347414584,14.943867267204281,10.933029947771125,370.31595461729404,54.80273622465801,134.5691827202809,11.088518448935757,9.09108257724515,16.639351264574838
130.5489421362066,280.7911422132037,230.55740247228758,5.4529660174061565,28.436426825753298,127.46226749095065,298.2548017419151,233.59481430536724,4.902137520180094,23.911361663337033,3.324595974981867
985.0203273492832,62.8711531708703,708.8952072263947,11.991621310111146,43.32869531243853,883.4951675851139,38.122090382782666,587.4403377902645,12.594215792773806,22.187301184304324,9.145864226135885
450.15905484194616,280.0871334365374,52.16831508364761,12.088332040631327,39.29733380275319,446.792555183076,312.899555394818,49.822720974579454,11.799400837295918,42.463264932393656,7.488838848833672
22.782865530011655,66.86198377714716,342.01349068519295,11.933176372506747,28.9374368728796,23.87051069846615,88.1563470057006,483.0428969122321,12.573661119991328,35.192993700148136,7.576908081136288
758.0577141092393,481.0957700107713,35.47428000335244,17.3478601101617,4.899648645757522,675.4789647750512,157.73773729292589,33.279267680109776,16.391724340664865,12.1385341714367,13.696500788470106
41.30068779637519,900.5467954110479,12.053942336033254,1.9371204487236255,41.38073985818737,33.172297807711274,1250.2669683274253,20.942445257244515,1.7737829052007186,43.064450079462055,27.822532476539603
610.4900963152899,212.44074948553387,563.9497191285091,8.3226385562138,21.110943872294893,582.9620271558625,98.3302010413417,531.8963374690667,8.563298865443825,8.061020353448944,7.723739312608838
149.60259223327233,444.1132709877621,357.6761287412441,5.238354542172187,39.571727249624466,138.02775682397407,424.72988603031393,394.10841793906224,5.159772838504361,18.282519758388922,5.732579538116353
66.10668229246389,11.092729243706636,45.76386923349437,1.094992920798565,40.800510336029426,70.35200465189054,16.961219786811775,50.29290060330506,1.0167703334155132,47.39613394018567,37.068215312528785
420.47699951473084,119.95947149552232,628.9366130195524,3.596366210192489,26.316620846648597,438.9106246907915,119.68105678879377,602.4194842543764,3.852506528454583,24.606625498537802,5.3392434221938565
43.95969478052486,923.2629026996714,37.22417883321223,14.78740729928003,20.080117376104123,41.52763693971585,650.1171648926637,36.39150740898576,14.054410744352575,28.07637612651396,4.1935734991174405
10.557568335969503,182.82000248777592,47.03437227919258,9.532099703777382,29.292003373953026,11.837758961958508,208.6602409479851,46.65347023032665,9.735163733120366,22.628871022299425,10.202616309783124
44.9388907335976,276.2985990488569,54.4290028627752,16.741301412997423,2.207468817690943,48.243019038040565,96.97281483101327,53.54056016256234,14.111226233920684,10.787506181155956,7.662149195986736
19.006917523644937,112.90429853469928,23.278532436964138,6.6519051538633915,43.49741631614653,18.546055134641357,176.2740566545499,28.21540044921194,6.961619517973307,27.581329926405676,6.4741251756206735
631.8151058678008,32.383160039557715,110.0968082909151,9.05241462513147,16.35110811748593,600.4893982163946,35.57663835235574,136.58737118625524,8.506639449535284,11.610363388887684,17.95525474736072
42.504299203976316,40.07291821244668,24.371444947171,16.22032941924768,48.287768178590234,43.70349683242391,51.44752843797823,26.929720717421755,13.972100358428657,32.223922098350876,7.736555200301049
150.41990289694132,142.65101985368545,40.66818366266759,14.482922332111931,44.33372104429546,145.52088758452498,139.45332086605006,45.43778945558106,14.587953673130597,40.78402149363153,2.9765883532571316
235.95295322775462,801.5788279401794,10.561700340850388,5.951739434782195,24.35186710293825,226.28546182667063,952.6804483008026,11.05981933769875,5.5820918258315215,22.62904180223821,7.486152684043672
17.178961454936886,567.6497298587567,48.87937580491384,10.854972615473468,7.554478449311086,17.130745508106468,256.4971133543762,36.02387835411557,10.633009638023738,22.959342767130256,1.9561681817648402
972.6650174331481,838.1384726600362,184.77988385030625,2.036198312416923,5.766774984382021,897.8665744632101,259.329042985575,224.60666885004014,6.252638128549774,17.92489981942891,15.252125221072156
241.01554775494608,479.54164025949564,52.16916753309418,6.234864405605709,48.798621067305625,235.65291870881998,480.37954141760673,54.54234479565029,5.782877757275405,48.63620442452903,2.821280305344902
131.33350021070865,85.40164421272873,16.40846916426472,4.391361007918882,19.351847697860652,132.06006889442673,92.45478779494412,18.952864648663354,4.207076908669935,18.659703196813265,7.438894314794335
77.48820025281763,561.0264962752898,57.917643360131905,12.837844318479414,25.12826751581648,77.67533741033135,611.1325439208823,55.187156833114386,12.544152734039015,27.384774770892065,5.218693653587239
389.42236054832966,104.05559256165634,281.73923547451574,10.169041907036025,18.55032226935408,418.36011132008355,100.64481697108788,331.42648347068774,9.454332624237733,18.664662609226962,7.208654653859743
193.70780619217925,697.3652623516905,19.63850946373618,15.091107634389695,31.842314249486893,193.98103741215715,859.8827541357058,24.571437937255702,14.133684545069386,29.47857362445724,8.832287184960203
31.835997035536366,26.49183063609429,138.38914153065437,2.373589452538673,9.67932091931388,32.055198920284695,53.96591319147962,141.3430158000953,4.7510033479114195,6.338032958443098,28.306668735482248
373.9215208053195,19.810074267345502,22.84235012809814,15.290031722028846,9.176228115758004,383.4630647068463,39.23851053554255,23.53440391338348,13.379642075951729,8.292166599002242,6.1769832586386775
454.0307751206593,29.676028448668553,20.486319080795383,7.55808216319833,14.183899539437887,487.98314625993584,44.00963115115204,24.30044066623075,6.786608585758193,15.868894574049774,14.510913414199148
129.54984730827832,49.09915111453993,401.61846042940596,17.709044769321512,24.683528523539447,144.50897825201014,54.9023251307703,467.6372912831416,17.644461980525215,24.97277693872359,11.555242186567625
33.53201935032698,415.622365215908,187.6327311124899,11.802148868971024,24.2687556931892,32.18729305573586,319.4256546408856,196.72122315511473,10.531033398432013,16.95386429290111,3.9607729320499585
50.53850253287599,381.6514393177937,42.58195462876919,6.053606103982229,33.803920426550526,55.477829335569815,557.5298361530901,39.26746670313672,6.273816347414354,32.70655687574401,17.722715313872417
493.44661560722994,64.34284181583912,312.60536232889456,8.441074571600534,44.94571621826231,519.5602671480908,72.96560361227931,326.83219730717883,8.248564105393054,40.116711307672766,11.428346324819815
889.2402825644087,64.26110849000507,781.2909583009824,14.344878009048642,22.261857935136728,854.3410002407174,64.38249394631517,945.7900018736373,14.344082587542136,21.021129407261643,5.69939806994831
