rhoa_01,rhoa_02,rhoa_03,rhoa_04,rhoa_05,rhoa_06,rhoa_07,rhoa_08,rhoa_09,rhoa_10,rhoa_11,rhoa_12,rhoa_13,rhoa_14,rhoa_15,rhoa_16,rhoa_17,rhoa_18,rhoa_19,rhoa_20,rho1,rho2,rho3,h1,h2
353.0979069833822,353.079925457503,353.0385810292309,352.94380039625736,352.72763763965753,352.23903979385733,351.15161536976416,348.79485470663957,343.9117908781568,334.5240700287029,318.5423817303233,296.12323281871085,273.2066761860503,261.36605671539394,269.7892111323183,297.081658426909,334.11609858400334,372.70280624318974,408.53874601722845,439.51754636173274,353.111691382141,75.46696410796926,521.4297905300546,14.249992552127914,6.5205126986071775
891.4911440464766,888.5852804328811,882.2357186001819,868.8826182576374,842.489730254302,795.0923379996703,720.9958414552164,624.6409517126378,524.3004427945561,442.42475818559865,390.0702857622614,363.1561151012686,351.83774582939805,348.9009063267242,350.65247617423415,354.8555799106807,359.72751507594126,364.06389710189364,367.3714646521688,369.65612554401594,893.8089586343594,332.8736391557839,373.36070725030316,3.434159020835372,23.61852501898722
55.159277640772295,55.16301415253082,55.171621137800415,55.191415410418124,55.23681136360826,55.340419852462404,55.57492566529747,56.09819924292421,57.23821711142998,59.62654179877375,64.33269372836389,72.81261643583528,86.39524222309761,105.41269538383546,128.78408626199868,154.43636076735953,179.73521406378825,201.60935735000817,217.0614875757442,224.27740060983817,55.15641726960964,713.7234690401974,193.96806804067654,16.63247065214577,23.283881543711892
28.476906298319083,28.478222053342023,28.48125254029524,28.488220699995566,28.50419605756006,28.540635687599615,28.623027289371272,28.806537755084552,29.20502450477626,30.034856479829294,31.65184736267445,34.50374563255575,38.88308177024851,44.51484174414534,50.31975640694983,54.610075381047096,55.564867858254274,51.933209448773255,43.942171004589326,33.74084512862806,28.47589897922607,128.5788609210467,13.416354101688912,16.724992267859058,32.31989115785911
328.2184884988511,328.20620799891196,328.1779200355774,328.11286349352247,327.9636639424916,327.6231487946115,326.85250063430317,325.1334146035385,321.39184682891874,313.57656081374176,298.30774914586823,271.42672466206557,230.82858936759482,181.2627842750545,135.8955455338776,109.26041716827473,107.16711260999747,125.2143642374161,156.17278268332223,195.9959665824017,328.227889435858,51.17430300313626,873.7678255441983,17.969301305121757,39.36240785954057
24.565532554582227,24.640798741741673,24.808044753694464,25.169856768855187,25.91917430960092,27.369242103271453,29.91310660501079,33.841047714262345,39.093799693150665,45.21875271307084,51.57580807729191,57.468156236484894,62.06443331823032,64.2904386290862,62.89176660704921,56.918299764494265,46.7126260177429,34.62371517202269,24.102052065794293,17.39192916889651,24.5062813772018,85.79105479001714,12.235100233650854,3.9315003492834086,34.78634975563782
308.76318276060096,308.8566080988616,309.0701743367778,309.55486996292547,310.64135491624484,313.0260648470143,318.0798298185657,328.2004289608459,346.7783210998419,376.8766997354,418.21358577267716,464.34834544387957,502.82551184585236,517.6445602185527,493.04063354127595,421.32502865331077,313.33616934339705,199.72425481586686,113.80699616157293,68.28996687087817,308.6912446280763,861.0323423725229,44.83846290786351,8.038734414662509,24.53867894123878
23.924779180509493,23.918067004563287,23.902926647821786,23.869343003912178,23.79692785331523,23.64790054362533,23.363125123558103,22.876371355180876,22.164549406465483,21.314358354684465,20.53006178145614,20.05695030693827,20.123147604741924,20.975238497427473,22.922581530988843,26.24954404148246,31.01073153996223,36.95189092330056,43.677264641184344,50.80898959637901,23.930001077504752,18.190431896729695,89.41489120323659,5.3112776319667985,34.1510717447605
74.91421117826954,74.97241232920592,75.10513295376177,75.40509065218103,76.07275543885088,77.52140256177256,80.53663544727746,86.42104226386348,96.88931301365396,113.42631522140276,136.36608555593224,164.68358681813206,196.67897792804587,230.33510631361116,262.9516823007243,290.8867170672243,310.0640203074939,317.4726697206214,313.0813241337443,300.5462031815379,74.86931122086519,462.7606177115527,251.49549152136507,6.93496618625878,41.94847046696965
406.912222984939,406.87801110591255,406.7993084647411,406.61872400373557,406.20622526437825,405.27127120671537,403.1802847344795,398.60911525749754,388.98912052708164,369.95767835614237,335.75686993748667,282.34284646370094,213.33663868020693,142.98511418392468,88.62777670615009,57.785396870014665,44.979341735276535,40.69511870134954,39.18704103646934,38.51344872428672,406.9384391668902,59.56028374469397,37.727341902695954,13.967414575524534,8.70811921324687
25.107300499671027,25.10606461543074,25.103222258943354,25.096703349388093,25.08182419857397,25.048145415545957,24.97300111283421,24.809390572823048,24.467456035230374,23.79894729980157,22.621582964748562,20.84728225087904,18.71200938572219,16.8981599199468,16.308778133131007,17.648677819327812,21.198692723006793,26.902259613242936,34.65733766036199,44.57402593361037,25.108247729595366,10.34485813952289,374.84243895631323,13.632166275248611,35.84793817406408
363.2422432783986,361.91164461368146,358.98867752363014,352.7880949465394,340.36545032364035,317.6164348336674,281.160424788893,232.56971397888958,181.45076913033066,141.2647640661122,119.61592587657344,113.89051617436047,116.45302338987469,121.36547637325131,126.03505935390476,129.74411230007985,132.43521494529978,134.26414102672956,135.44480359512497,136.17757706070716,364.2990695707061,82.76210937283388,137.2405316892762,3.6561429644254915,7.497443529726725
217.16725162891066,217.15968559905383,217.14226878532133,217.10225942049826,217.01068471341364,216.80240324105895,216.3338057542076,215.29898191216463,213.08429918666815,208.58285983607692,200.15125717354994,186.17793456260048,166.65674790908275,144.79671726653373,126.19794242551409,115.24938806313885,112.37660118711841,114.815489209104,119.29638969295472,123.76787648604203,217.17304645704522,87.53715188811553,135.0430421826475,15.534978290904487,32.46647936002836
128.07421001225183,128.171583174106,128.35237093219888,128.64931113532404,129.0627690477805,129.531023072978,129.93787200344883,130.1449237303905,129.98282287955448,129.16490956095214,127.13884696716393,122.94253243672318,115.27381862157578,103.16396420587583,87.29866330316626,70.71730778318677,57.24354586635191,48.75657840110999,44.44921197231449,42.491118197495794,127.9849200002847,131.34523488159874,40.54153574900173,1.5855388567908486,22.962434683153393
26.88755340313419,26.918078620283513,26.987360295893065,27.142703054008773,27.484000542624457,28.209581577632225,29.67611349508299,32.43581935417351,37.18523778568667,44.62070078145412,55.32374441865291,69.74104651406304,88.19433123527509,110.93392918820194,138.16434479963186,169.9180386687419,205.86646521315694,245.18200875903,286.48864725358203,327.9370692778977,26.863917535635004,65.62318236263222,509.1035747757643,5.444850231441475,4.798531601075169
36.54015518889206,36.540440996346916,36.54109834756363,36.54260613860316,36.54604842902749,36.55384435447599,36.57126293681793,36.609327079991694,36.689662379700025,36.85088574312579,37.15460274346968,37.69283275931874,38.616236025383444,40.21320651460632,43.01770079587847,47.81581273296353,55.384435301380165,66.02668349273223,79.3729354876518,94.70072505332296,36.539936142794765,38.65338349256125,210.78176143715973,11.583610894484288,39.627114037107845
212.832404165574,212.46697880181048,211.66008804906326,209.93469730598187,206.43956657763235,199.9649838879507,189.58637697579405,176.42043631145495,165.49174620480767,164.37826116429758,177.62277930437682,203.03309624165595,234.82651485590586,268.3965736853152,301.06751559830934,330.98326843466276,356.75144698362976,377.5854573327888,393.39246246575397,404.67502347962477,213.12140994390626,64.97910464896938,424.6594269178858,4.172485478246374,3.090179510425303
15.196566721530857,15.270013925707675,15.433954164475102,15.791352299210848,16.541184230772224,18.02367274308636,20.71590511217423,25.10533330472363,31.48621783620409,39.90881116059318,50.33642769727509,62.69990712253849,76.70767724739983,91.57748273098272,105.83853450350814,117.37526417651753,123.93605812821029,124.12393080673858,118.40917589810728,109.30043816019848,15.138948847226578,278.4317142027637,83.89855104787753,4.0641638016384345,26.05014920496145
20.174809507832883,20.185992333757362,20.211585494986224,20.26978767909756,20.400712603003136,20.689837200824954,21.309056107605517,22.571789515634478,24.96296646675967,29.050363787641725,35.21968478704246,43.413274494453475,53.149824740879566,63.68523374065815,74.01642372485558,82.8851236516255,89.04157744172825,91.73772093016598,91.17380611850183,88.50381225099457,20.166206287193194,246.96803719805214,78.03915372354435,8.239403295833167,16.472580279098075
181.54085431766467,180.71016478269783,178.9074184072179,175.15890834084163,167.88251195120625,155.16891403874067,136.05490278020613,112.4558910678163,89.43111922780257,72.0551526877479,61.81830705507629,56.70016817003412,53.92379579101885,51.60735198028124,48.60112501208033,44.108093995470824,37.88966996805448,30.72260355758604,24.20550714024256,19.638689873349023,182.2070539633678,52.92065625346752,14.972690198018478,3.242112140289791,48.1710878983767
656.3792954389708,656.3664423831947,656.3368231640179,656.2686553011928,656.1121214169851,655.7540759526702,654.9406356032591,653.1140115991468,649.0928723880824,640.5298619434917,623.2520389711048,591.1820766008601,538.3998557834734,464.0745126871849,376.16017115755415,287.2340639968427,206.07510698460237,137.04160225042108,85.35420796670167,54.76358505657254,656.3891315430023,250.85009372064494,34.020439741603234,19.414351169606753,39.38004339035814
270.03689344418046,268.2308679116053,264.381916322617,256.61134416200986,242.20439722565493,218.6637192644571,186.32025063237893,150.55996699875664,119.72594234021983,99.20377264517796,88.32325851790301,83.10536413195413,80.11840196505369,77.42306672547537,73.83958053840507,68.55825723737169,61.45166290840862,53.49131581836997,46.357594329583776,41.26660511726641,271.50659192692206,79.19960293789886,35.033467433321825,2.8314282809164864,45.3249150341044
81.56858302389054,81.56132019572554,81.54463514406915,81.50644151313955,81.41955548652454,81.2240143919408,80.79197419779209,79.8666636637008,77.98430051661457,74.45688593750837,68.6208781119605,60.53102593433192,51.65926913962483,44.41659940280471,40.358537409640796,39.09550035901551,39.216850096711234,39.68103318037588,40.101770827614764,40.40647784410303,81.57415422961871,25.39374356348186,40.91789167810856,12.005171809896023,10.485093581083122
516.652498351346,516.6060210908029,516.4995568536149,516.2570712650511,515.7101983799162,514.4974746439608,511.883566353962,506.50692638178333,496.2358451393316,478.661683263688,452.8021437152468,421.1761256479664,389.42242057925773,362.5692975206853,341.86746695858335,325.5290511102067,311.66192991967864,299.9018114888928,290.7651070866963,284.42523134241935,516.6882295502918,328.88120853467444,274.7425418417028,9.20976775572697,32.11082435371728
147.2909787353438,147.28219051364476,147.26188606258532,147.21495143920228,147.10639830911603,146.8552784986319,146.27533127908325,144.94624573887592,141.96865951633526,135.64064694498614,123.47890363980615,103.56080541049499,77.33011126161459,50.84586541509026,31.130103773600837,20.67158060196614,16.742468018948244,15.561526110037164,15.159759556528513,14.9750880206403,147.29769059841422,199.38533076381344,14.75328194946117,8.900340641241584,3.997480345370839
96.96116287578249,96.57851712287871,95.75663768927247,94.07593640986778,90.8958119075718,85.53686077035626,77.83797697966118,68.77349488082778,60.22833477811756,53.74718539851007,49.5646128295197,46.86333741776386,44.576212242602374,41.82975763236223,38.107238766884045,33.4890671873856,28.747101193820455,24.865135804053224,22.32291020031832,20.92917480926431,97.27060979234534,45.67961392318466,19.455767948316165,2.964656386728481,30.20693946453018
21.951190903597194,21.96904907985579,22.00987090679478,22.102515798410078,22.310201350749278,22.766235435962937,23.734176303352776,25.682163108459463,29.30932912963921,35.410690220996685,44.58063741626928,57.05596245984059,72.90286539463008,92.15422935388705,114.55518970807606,139.13101542044953,163.85018601636878,185.5863512092501,200.65513001153263,206.1059284034725,21.937439549398597,708.337503948697,145.25205298476908,7.5905262861619045,30.363943591108004
11.10804193771806,11.109036391400178,11.111326701910961,11.116592359363285,11.128662280671135,11.156185142608468,11.218384819806769,11.356821347199203,11.657169527758162,12.282374864263694,13.503366784774947,15.681022474705061,19.145409657764056,24.028813406445238,30.240797826473354,37.59394407187627,45.843558525676706,54.60836215564045,63.338106120167375,71.39077854336432,11.107280564143673,826.2632301463915,92.17366875216189,15.871969317755438,5.971039996277051
94.04142929620222,94.04215368827886,94.04382354453185,94.04766884880573,94.05650780269941,94.0767631218156,94.12294237756764,94.22734921889797,94.46036909647242,94.97082970430176,96.06206738260903,98.32681663735335,102.85710682053545,111.45430493332323,126.52308642641185,150.24582870346927,183.40626170502262,225.2139576617801,274.3151382238498,329.35612969422834,94.04087507079718,95.81069460475693,751.0224336900757,11.862832995145432,24.727491250733785
34.197651368043026,34.20226373390274,34.212853699814836,34.237071202544755,34.29207199900696,34.41552081080254,34.687150959781704,35.26564052434569,36.435766917509234,38.62800932557386,42.32692242065439,47.81857292461921,54.93535980119733,63.09189195120277,71.58502269777125,79.80659148274619,87.27528682855822,93.64620699986966,98.7435399084201,102.57056631854654,34.19411171089713,46.040284081499934,109.98787335882105,9.339317745795887,3.0373798342558604
449.3450355968418,449.33972791235186,449.32739367211616,449.29859645565136,449.230848363479,449.06957601753203,448.67924428967314,447.71577534430236,445.3009085346192,439.2743200179357,424.8921518447901,393.918355841135,337.41863473389185,254.8885515973648,162.5410515891354,86.42588324510928,42.26113788315678,25.1295429622229,20.727013382157395,19.764445719343087,449.3490712449502,619.899867722493,19.07647720787441,11.52668672724194,7.21163557450129
221.0335700084984,221.01898880118998,220.98543447574696,220.90839954170772,220.7322586227162,220.33234138272906,219.4353265149637,217.46467394673402,213.2839212925444,204.90795946170266,189.5755761632123,165.0466602104901,132.5301946800949,98.86317490098817,73.67845898401669,62.6825436220997,64.59767519416053,74.58500150987962,88.59216205887324,104.48839245600122,221.04474062314472,36.514685773345036,208.37483521127038,14.81289767145077,38.89507961204754
17.254540758129743,18.204588458741345,20.074722240181536,23.455563741540768,28.95806589022265,37.009056188059716,47.86070751237395,61.83055308533421,79.40770636526065,101.11061024084742,127.24656384284971,157.56760643069538,190.7203172635646,223.4807795760483,250.0680042597262,262.3850665241198,252.39642480652128,216.96035111298926,162.7373121857571,105.90748521507561,16.42411177233008,679.2406834214725,28.868750146182872,1.7108385673474158,28.6329185307912
55.223134148139785,55.2687071439132,55.37267897366028,55.60785071633169,56.13203056982241,57.27200628979676,59.65396564748469,64.33165497213328,72.73466829127538,86.20485060879508,105.29567414163124,129.61103777694694,158.37664134975793,190.79472254697185,225.81367167576383,261.87199721011666,296.9199332683399,328.72243245673053,355.3883217961768,375.9114751066292,55.18798883051137,456.64581964797344,413.5261176757514,7.025638963631591,47.73917096334776
38.18048584825447,38.18114893901622,38.182676266233145,38.18618842956302,38.1942416318843,38.21261504630684,38.254171803273024,38.34676629757766,38.54785286489705,38.96601613483994,39.77534510765503,41.17079631428207,43.179155254289384,45.35594645098089,46.738746222590436,46.422535242967385,44.301097912970725,41.15379651073451,38.0604731153468,35.73404438015153,38.17997821722532,107.18012481609675,32.503503929176986,18.784827830930304,9.901175243936871
12.298068149468616,12.29864745939329,12.299982396043452,12.303054505668023,12.310108169374118,12.326239178537522,12.362876218551396,12.445113289733404,12.626081324710384,13.011553070949358,13.791632512212216,15.25612410505732,17.74821828752001,21.555932254790466,26.87707126438989,33.976093307067515,43.36310530199309,55.77378939203717,72.02526446553125,92.9469166196646,12.29762480508934,74.16416646095112,965.4974433772787,17.941868058843365,37.93318493393356
604.7643423985344,604.766485181121,604.771328772192,604.7821055851255,604.80542401979,604.8534288545508,604.9436046466745,605.0845402046825,605.2172970784998,605.0644620626224,603.8547771343314,599.9199904167183,590.1135929112004,569.0928946918052,529.3347628851756,464.1591756133869,375.1777296110963,278.48376491934,198.07335384320504,148.21474182647893,604.7626783536515,612.1999353459146,109.07286498539604,7.002651984785067,39.056596741327425
210.52547195475654,210.51415735214556,210.4881118055692,210.42828229394567,210.29134829878404,209.97991995081233,209.27932335174015,207.73230747111327,204.42134421759013,197.68767872082663,185.04431954791596,163.9328194235929,133.84233316863944,98.5027665436259,65.1000426131543,40.12068209212788,25.648292058263024,19.24776419758652,16.971678515634864,16.17470867694624,210.53413791833387,55.887599714967614,15.450172623456146,15.189002615631495,14.598104764297505
747.4927281211973,747.4492783950731,747.3492227908348,747.1192364703655,746.5922727095035,745.3915023991782,742.6813719694953,736.6641045147461,723.6702863182144,696.8770576219026,645.581975773047,557.9383009202766,430.7768336087539,282.48316257151424,150.93455534322413,67.01243704333774,30.7712708724398,20.65155695396993,18.622581941836415,18.10673320527235,747.5259973127509,30.334800982314963,17.60012956085034,16.791140770373218,9.357647197975714
22.876728703867016,22.93460947822787,23.064864589300626,23.352715517763187,23.96997872898935,25.231507890259103,27.629903451785843,31.760075424147054,38.0856433102215,46.74597810281283,57.71149339921716,71.14982160076643,87.60051706619058,107.9003349503281,132.93111907445976,163.25131729794424,198.83766373695326,239.06623462680952,282.76754589575177,328.24166656728374,22.831614148855888,158.03947672362418,561.2082951738438,4.732258648576892,16.89553629920455
359.2253824324127,359.80010732880174,361.0469846876325,363.63234750886505,368.59308219348003,376.92440767770603,387.93276641259604,396.284431997295,390.8197335328353,360.14041253521367,303.1447109137636,233.67950919771494,172.5505506090721,133.03631757679747,113.94980553170092,106.4049490777196,103.4007877535519,101.99926274820308,101.26584054771206,100.8636647453344,358.76467655871056,878.3201618909881,100.34191205042653,3.7340525484737648,2.668941809993674
28.753657277640794,28.70236618651146,28.590623081187243,28.356751049491304,27.897864910149817,27.08216735304026,25.822791115673006,24.20565751703394,22.54303587674655,21.235692832541886,20.58480684569604,20.790443897251045,22.114874422952994,24.983731781580552,29.86441808259806,37.00899598039679,46.38296539236127,57.8731498692264,71.41580340145595,86.89282486448428,28.794666971007267,18.350353528904733,226.62997309479923,3.314817587942091,26.303836717790382
244.63483089605432,244.6299901197603,244.6188419387836,244.5932132981936,244.5344762196207,244.4005749067854,244.09811583399238,243.42555558426577,241.9689725553569,238.94773964350503,233.09086192585988,222.8038990875132,206.92536129109743,185.67819620456294,160.46789839654951,132.44986821625758,102.47789629954198,73.32423781733829,49.99967909814714,35.771440011382055,244.63853722533625,145.2891618647095,25.09292585343624,16.27836599746299,36.33954222155848
300.5761143305475,300.56386944495495,300.535659200298,300.47076407624303,300.32186553832963,299.98176296298243,299.2109729268233,297.4874403411521,293.7208771101068,285.7997294826389,270.15241124782455,242.12398205246467,198.65773446516607,143.33382213850868,88.58290723842799,48.5663300178808,27.987607842572686,20.73859734168485,18.81243156822194,18.237590733873503,300.5854869101571,18.28586474565426,17.68103188366833,18.623688469123646,21.08375330359715
39.98573549605631,39.98666266462105,39.98879973788841,39.99372000748295,40.005025860141984,40.03091592560065,40.08985411582141,40.222672639900225,40.516890498389145,41.150387680683735,42.454002586372006,44.960203574289714,49.35015687430659,56.22872375399224,65.85945399747567,78.11038138664962,92.56361198805541,108.58999305267038,125.40367013271326,142.12558278705893,39.985026074702645,94.8785613214596,211.7036888687648,19.15684188389243,15.74941889033864
707.2531063577651,707.1638997824061,706.9588208090096,706.4888072516308,705.4173362974809,702.9972135325472,697.6170212048468,685.9746368565151,661.8890725754081,615.5565837327697,535.9112521364478,419.70290578084916,284.12410505213103,165.76858251356225,95.00910236838706,71.61582144141573,73.6020782258098,82.77399264577139,92.54054919269186,101.47820007673181,707.3214989721631,11.21292669061128,128.9424995201976,13.045527121940617,7.083075380036158
19.086028316697536,19.08811335846205,19.092907794417545,19.10390041209421,19.128977821277843,19.185693717232454,19.312084301192346,19.586857290539545,20.160608341017767,21.285950217810054,23.303124577306736,26.526445383875558,31.08615275524474,36.94902035105588,44.204867398241845,53.36384235214434,65.434099362896,81.72414426501211,103.43339258373759,131.38115837248887,19.084430037069396,68.90149396184472,855.9804075863449,12.324808511453083,46.785114636810135
385.38512076442424,364.4262820811421,328.7540019689186,277.1204374300922,216.66648468464854,162.01303262324862,125.71188333302939,110.08449044946053,110.01569259985041,120.54964855469069,139.11072429008982,163.58365981678224,191.61325024846946,221.14154767127246,250.4462799086966,277.9410744300875,302.25630190012765,322.4612107390055,338.2148368469506,349.7539783529167,406.18308261083257,86.05244276168949,371.1307151684022,1.338898895562767,7.238911844755277
455.8797257582048,455.8702111562248,455.84834693829697,455.79827266536046,455.6842559812793,455.42722139691074,454.85745571200124,453.62909005325383,451.0948756229379,446.1956574981059,437.4992631692691,423.41182341248924,402.0727199508474,370.4276446744636,323.8688455049636,259.6252680994279,183.72841871230185,113.04443296685918,64.3828157072706,40.80794741499699,455.88702273499945,392.31433436227314,29.193185301288793,11.084622221382016,31.088759393600526
543.7179838752744,543.5485788042397,543.1614774684105,542.2835408618473,540.317953755719,536.0129631442959,526.9245958846567,508.8497300269051,476.0819231956207,424.1490682575313,355.2957035035523,281.43565098992343,217.565517662336,170.47263897470333,136.67363698574707,110.88841880073784,91.83193530000909,79.75031929942946,73.29350087493196,70.15982826991217,543.8484655859346,160.77344385110433,66.85642324664458,8.109496824736471,22.442340145928476
201.4328541468597,201.59317544638765,201.95609545262622,202.76602935820708,204.5305045986035,208.22373552449568,215.47347685711716,228.3771145255876,248.34875191072848,273.998260375839,299.67793222352486,316.3929638898553,314.59325581505766,288.3390629754479,240.38609114876704,183.8308891976753,135.5783510702198,105.30287175490135,91.04205972001328,85.457726735021,201.30847141968687,543.2268948885325,80.87117705015048,5.708951696075804,13.359793423883895
311.49847982119195,312.7197715584508,315.2371904855395,320.06635403287,328.39891665352974,340.86628320640716,356.5925456108254,373.15364507907873,387.7474827927308,398.16339627774835,402.5321618413615,398.26103449001846,380.9378487723596,344.41479225368494,284.2142743955078,204.7792259652927,123.74276361457015,62.86751993805922,30.997365920963205,19.953259924601525,310.4763759842963,429.6724684312133,16.238883259765096,2.264618282148385,30.532815860309686
19.702637461183677,19.827699573156284,20.10525557387157,20.704676730823632,21.94378941824385,24.34097716677411,28.57237799063511,35.26144750208009,44.74874503184236,57.14849407810661,72.59494746320384,91.25149871296708,113.0421269823699,137.2746105314031,162.16095943951007,184.2979158191031,198.5220429849622,198.96289043486038,181.89473389196647,149.38952946709347,19.604081005701197,445.9933476543383,41.75123705958203,3.73356672645171,46.20658267939761
21.46904681941361,21.514989204328476,21.614110549148553,21.818109106322957,22.206952918669717,22.864302314145867,23.792330682192574,24.795246391172064,25.48334948093385,25.503810146904378,24.811638492037748,23.696538550551338,22.559496153888816,21.669089082002163,21.08475141104539,20.738924824570223,20.542763885322042,20.432338245143676,20.36993922867093,20.33451248388801,21.43203675864385,37.10566033041415,20.287418603877317,3.1943112096417443,3.0151047841491216
12.906452942644751,12.907076308944605,12.908509157343968,12.911792180786776,12.919272991135072,12.93615731194139,12.973649277920286,13.054645159634536,13.221899852526189,13.543495139210112,14.099530714506498,14.930345650010606,15.963798102755094,16.99645561492425,17.763331176638605,18.032386952351395,17.68939544564258,16.81783742531824,15.696685311935916,14.653364348489388,12.905974965020459,22.35027864198878,12.786858675917339,12.231732506108454,34.67429728637631
61.27139169150315,61.270807713093745,61.269462625306105,61.266369592802874,61.25927766232306,61.24309814404242,61.2065054228116,61.124971966765294,60.94786403981126,60.5791507143768,59.86277443128514,58.61338669759291,56.75920858087204,54.587852410895124,52.87396904768249,52.64469926123332,54.69479976239794,59.16359657747213,65.41906371627617,72.4140264124194,61.271838762115884,43.24960983094077,102.10628471458902,17.625093902457564,42.854318087465884
12.221731398485188,12.228358001374405,12.243371237669473,12.276925839535435,12.350216174048189,12.504332739010017,12.809413673999936,13.3610421275343,14.241918138918013,15.452003415857153,16.87607010173023,18.348945992785275,19.75368381189761,21.06102667126099,22.31123919921282,23.56266222548994,24.826260200777643,26.038406845100987,27.10373688147899,27.957581443741454,12.216593522584457,23.06730293984054,29.75018989777053,5.738363940812024,29.41916728365309
67.99519456113843,67.98568617888523,67.96387121901233,67.91404950585668,67.80116280109895,67.54885455338342,66.99796024372772,65.84160474016663,63.56692167694996,59.531739808837116,53.41595841909819,46.048237477247596,39.701702452218676,36.710670040099416,37.47033418485084,40.4390782900694,43.93573000129385,47.13077070055269,49.76556069762839,51.79014319538287,68.00249566030404,12.54608541279546,55.87638189288905,10.951306025635107,6.880251339378367
460.46611135898746,455.59715262493904,445.2166396708433,424.2551863568667,385.42299486517345,322.23919368334634,236.58995074052902,145.1771859566078,72.59392691874223,32.218684560006864,17.512195507595038,14.261528131964326,14.091993052579994,14.910923841355554,16.771482470528326,20.117517387906332,25.372411451628864,32.80950243396239,42.676572968186065,55.39346147087798,464.4266231126684,12.703509974789727,707.4304317137763,2.8831496900176345,42.49159767669213
638.7204298648207,638.7291090979428,638.7490896790479,638.794993232478,638.90007760362,639.1391591705644,639.6773268079995,640.8667664034948,643.4155039668235,648.6040481231489,658.3325646075641,674.4042168737916,696.4039867493258,718.9832704363957,731.4991477783008,721.9195913783251,683.543793069039,621.1636886846495,550.967547145237,491.0919921398219,638.7137827392842,910.2094940880778,401.83870036276073,15.810073274655249,32.83919724778629
361.34470358774587,361.2677365359331,361.0911203048917,360.6876307370049,359.77288508544376,357.7263158823115,353.24958405773805,343.8203682510176,325.14859583715264,291.58228780452157,239.27972103433427,172.35937067512424,105.91170275886432,57.67053782181483,34.168756286025655,28.536753246065473,31.184926234668467,37.12955642271362,44.75515959551785,53.43633946584265,361.4037954183439,18.58251178167695,118.06905082518595,10.770234533617876,43.16346291788276
84.2426061784816,84.225892135738,84.18812718685544,84.10413533940387,83.92233909758161,83.54666283155474,82.82866333493186,81.62475464740251,80.01501104359969,78.68626596385504,79.13039838420418,83.11581309076794,91.5285530079701,103.64610033223869,117.70990222146936,132.05309432846428,145.52807637467535,157.37453801862492,167.13943067428474,174.6867191258499,84.25559137671466,58.90863942086615,190.16322869629047,6.062803032516075,8.70888372578993
90.30748161212553,90.29915874402303,90.28013143532861,90.23694163338841,90.1400994220611,89.9274150550387,89.47611095397544,88.5696874413181,86.89385453968455,84.12824511043301,80.13870310334917,75.05917976473566,69.04792467335552,62.045055043939044,54.10655847389344,46.03171487597421,39.204937791332526,34.54835350110236,31.923924976193547,30.603224731861552,90.31388988238332,68.19911471881363,29.18366833689384,7.982724392187432,19.586837591659876
45.18935291860604,45.19541206911494,45.209202062021916,45.24026245287264,45.30899515874962,45.45664919444274,45.75890844845382,46.33301687353827,47.31176801141549,48.76252712287464,50.60611715004059,52.66756837634696,54.87729088456972,57.470872096830696,61.088881467203485,66.74139859529353,75.50408354626674,87.91422899507853,103.54792635781924,121.3111183870995,45.184671457269474,57.402150030760005,235.22674063255008,6.64065301685442,47.54518048233634
680.2075949696565,680.0962389454237,679.8405875435287,679.2560496332651,677.9289325388509,674.9523514046434,668.413551842501,654.542500491938,626.752490262406,575.8634327579715,494.3115593521215,385.54400218161464,270.58027407946315,177.93192474724316,121.6722774225725,93.73985041204901,78.50075443945946,67.24165971527293,58.46269512003698,52.5421976150792,680.2930577164319,91.58426335917753,45.365156141843094,11.17326100677006,42.73090346113398
201.92456329211134,201.9333383466105,201.95350911550952,201.99972816973263,202.10505313725298,202.34279464267075,202.87070140072206,204.01061552707526,206.35934084755002,210.8412987556793,218.41296855486965,229.00118278786087,239.9050188562624,245.43429201921975,239.56851597399003,220.3539253509358,192.25123415096627,163.8366050363707,142.2653011031355,129.39627863494002,201.91783505400565,406.2409095528871,116.2638103526246,13.025434956084794,15.831469480758162
294.9660477480246,294.9533671341974,294.92416624914,294.8570452126184,294.7032509982543,294.3528052951834,293.5618631390906,291.8058965294495,288.01527483712425,280.2074651317467,265.3080539581205,240.0816323383645,204.35217085653028,165.17502011492192,135.7374569484629,125.73560235296773,133.43978947087757,150.0446195409514,168.63793638528836,186.29792654708274,294.97575719174444,25.398565365691535,245.24279531413305,17.35366229819199,8.340936190474109
167.61910994784495,165.53086985297844,161.14932929437066,152.52526913929805,137.15912383675388,113.4972956917299,83.62365286492799,54.2708635192694,32.868936792186815,21.757893064914782,17.729433983005634,16.699105471111523,16.705562771455305,17.398537701259954,19.026707991192552,22.056980639039637,26.955076976634814,33.97784677350393,43.185963491019805,54.64939220467369,169.339971008768,15.494996998883117,282.7686487745373,2.6053711576468843,46.92511148963005
18.831369086900903,18.83510463649681,18.843695657170485,18.863398388202555,18.90836754091897,19.010156215326788,19.23732422861455,19.732469627196153,20.77114670525252,22.825135852741703,26.56061036616983,32.67916753788284,41.67268906533829,53.79845358606697,69.32750956439122,88.6577218574396,112.14229834190306,139.85507427004887,171.39774774867007,205.76346193856475,18.828505956270373,827.485689451493,399.73148057782083,12.279958084860729,39.56595702221825
389.25533274181214,389.2610176417267,389.27398000753425,389.30326097758933,389.36831401019566,389.5085699182123,389.79455932856035,390.3165738769176,391.05044528425503,391.31655931917084,388.3853285349995,375.50069398065494,342.31285736630764,282.1185355589986,202.4072493834753,125.0525646549379,71.0170594760454,44.74385661144396,35.96244882262931,33.64046557985091,389.25094712486236,779.9273059326999,32.119347027638426,12.211442011807874,6.562361483091259
170.7206064588185,170.69731283457966,170.6438043137263,170.52133593648253,170.24280397718843,169.61622228908323,168.23281891281303,165.27353089259424,159.26520408609468,148.04022337484918,129.55323385809177,104.1049635822325,76.56245442893558,54.90754270051008,44.65355718023969,45.15085440558657,52.011464153356584,61.55686365998889,72.11980238307834,82.9844599355621,170.7384757752159,22.008102911825276,134.86561058889063,11.876179766643144,24.367287343098912
110.99839105273216,111.01608158853372,111.0566880302355,111.14950425553114,111.36012399115592,111.83215066434295,112.86797270750226,115.06315987355956,119.4641064841235,127.58158822280194,140.93722882355,160.08870422415765,183.99733119747896,210.67169193538945,238.31708560763505,265.7112866626688,291.94558140759824,316.14083096999866,337.39500455259287,354.98895866416103,110.98481207941099,337.16833399085635,396.72487595800243,10.350911095933153,30.78048519308539
720.7296473817518,711.1870996702838,691.0991909139975,651.3586596239791,580.0287167024256,469.16474714075713,327.8811103049927,188.4114600951417,87.71832070695302,37.76903842953777,21.80505543827951,18.510380942507368,17.858855604800624,17.61027086535114,17.468152998895675,17.373242874421408,17.303342285546705,17.25092142364622,17.213444013425487,17.188610116337827,728.571991064327,17.356700798829696,17.14774954867663,2.6664712263045995,33.577437681945334
68.77337249323475,68.8152191908618,68.91076162554914,69.12714504593735,69.61048864424589,70.66535428273669,72.88148052913554,77.2668983394336,85.21600329178517,98.04531805459472,116.17746816705639,138.77457378367083,164.27140209428086,190.90063434895467,216.57290037662654,238.6796428068394,254.39720072336297,261.6536095821078,260.395580049262,253.07783676668026,68.74111964481877,353.70633014458434,220.02033754397203,7.339117408236525,45.121594273353715
334.83360138279517,334.59876220342863,334.06425523191854,332.86025062201406,330.19598800009265,324.47512095267183,312.78720183490447,290.733427200335,253.8544893954582,201.91244873422238,143.60157807151182,94.24437786030964,64.61878518416478,53.10747124014529,50.88809094218982,51.294461848948686,51.98366975047861,52.527463544147054,52.901589210263126,53.142511015244395,335.0150320271847,34.75920875824258,53.50372700994012,6.974359623880995,9.565359133999983
19.75962976192552,19.772171604848896,19.800886138211396,19.86623084032343,20.01339599405744,20.339052161990374,21.039008313957943,22.475285247951657,25.22464421039747,30.013417027081832,37.48025937334265,47.95914901129025,61.56863775906527,78.40413131719775,98.3974853198336,120.88592935906476,144.14230006633528,165.06246728622597,179.33901920094345,182.56830630648582,19.749983861550586,745.1692528546021,75.12908064315799,8.283076632770786,37.02491401651414
127.66365390547163,127.69471927194756,127.76601009264495,127.92890033092964,128.29828795971451,129.12520322988118,130.93640294999003,134.76328429735088,142.40040789623814,156.39698050960376,179.24079320078658,211.68607064770447,251.61388179973795,294.70141377892236,335.73461590065847,369.4272006354156,391.5881311701844,400.7822991972693,399.18346713351735,391.5349874027884,127.63980455073902,745.2122299996253,363.58251363270097,10.108021718366267,20.065254727079658
936.8794593333788,932.6223391797943,923.3807632222776,904.1547602545215,866.8050060556996,801.4717279691267,703.102566065492,581.4611807781101,462.6845102164114,373.3265817358514,321.80263928351064,298.858230196509,292.2952223652817,296.30438089208144,310.963484170284,338.6840573154618,380.6258075303705,434.24854326434365,494.08197068380537,554.5056004128448,940.2927549711578,272.59662339650686,798.7103643111128,3.251092967123786,42.82561660115756
187.98647558233586,187.97452635129687,187.9470529794501,187.88407580690676,187.7404634021192,187.41591587863942,186.69381041831608,185.12934970688755,181.88839702838743,175.65104756738828,164.97129132878413,149.6596290611591,132.7258631557072,120.04310587040669,115.92645886799166,119.36234031919628,126.07496810546928,132.78694468903063,138.2854680304301,142.39104495292094,187.99563600515472,17.532480182318274,150.14677206374333,14.035830937003528,2.590528922652936
81.04454246866287,81.06588474661527,81.11483261364918,81.22655409232544,81.47944397998678,82.04379685640394,83.27336681081847,85.8485460727336,90.91522582221812,99.99811622099025,114.3370157719174,133.6978684872872,155.5981961897309,175.5995398346917,188.01641867551237,187.0613467582565,169.45665138647752,137.73196259925248,100.99396767641363,70.43924375784592,81.0281500538642,447.50616469934783,38.96889137073071,9.712413554172471,23.231078099258873
40.50220117587979,40.92349084429571,41.84278382220828,43.7743924138226,47.602134531128165,54.57588549897591,65.99272935264493,82.66943050865939,104.81452205101101,132.49594868500162,165.92931573704698,205.20888306040587,249.88108507077877,298.5514913323234,348.4890245364499,395.3333184166811,433.3008252474267,456.52404046186166,461.69253295951796,450.5920578378411,40.16564846001757,686.8846181216088,365.24818866501073,3.1011798089260996,49.85766357620351
569.3408385347395,564.4160126795547,553.8411300490458,532.2362704974188,491.4699089302134,423.2952108555676,327.24797711376965,219.2941431687289,127.46798733165133,71.27394799043157,47.65018511315475,40.969107251732225,39.90849856455384,40.920416492909226,43.948372459597294,49.89125017190679,59.77588607028292,74.18752158493345,93.12368251587515,116.4080366304205,573.323902832462,36.96722711913863,471.8382661502146,3.0219711055562746,49.95702706276346
214.4669701292152,214.46112556189468,214.4476546553029,214.41664210885628,214.34538964379223,214.18225942549648,213.81105095862563,212.97520935693174,211.1268247037242,207.16197933380846,199.0744576181182,183.8478813306834,158.45464615242201,122.78657250526634,82.80316715074204,48.844226525413774,28.030953191088912,19.17662239141626,16.49949414249616,15.761092683048162,214.471442215302,199.64113539764398,15.166363263745055,18.04363457903588,3.3919761538145323
30.300089903384702,30.28113588313263,30.238614689404287,30.14516492683783,29.946738956123543,29.548364212048494,28.81531208933011,27.627357369684137,26.003235375913466,24.198050892863098,22.613492587377824,21.57744230265915,21.259659459538792,21.811436381899004,23.554723736978882,27.027900562260285,32.81038130023478,41.252074507506606,52.440066908841736,66.44812679277959,30.314898333083946,19.321629511162293,357.71395366133953,4.76588031704506,45.71063490228249
200.52282103647994,194.94260626914277,183.95102360343648,164.3485389890647,134.14167981999213,96.02463005092521,58.72356409975234,31.856048420700688,18.308930546073015,13.664603040685506,12.46353811098379,12.088489689046867,11.876875335693711,11.688948175563638,11.474507599319395,11.22316504183408,10.960788239463795,10.72813752441283,10.5514562059424,10.432541475175583,205.3705086076594,11.812053925766364,10.253205652127129,1.9815004232735796,31.08440852709093
392.9183902782172,383.69427801868045,365.2583288835874,331.63458372886976,278.1176752781398,207.57567302309835,134.5948769630598,78.2547946137451,47.28846575364389,35.560764293632644,32.43565319276183,31.989520269442096,32.769903624752146,34.99428064294813,39.437026562600636,47.04595763626122,58.51329045497863,74.05666568508775,93.70379392546323,117.60664055689062,400.8331407986053,29.99892147944238,499.8246676065526,2.0874068629119473,40.44626497480046
717.1036545577281,717.0844052878034,717.0400674169595,716.9381095487663,716.704321287994,716.1709066495173,714.9642766842286,712.2747265674058,706.4276216966895,694.231419838253,670.4246642100131,628.4186683505291,564.1974322336653,482.72191151641437,399.89900994475914,333.73089711409216,292.00178955579776,270.26289059745875,259.91644629506976,254.88192628480766,717.1183908611606,350.11990197912155,249.02420824118008,16.921624154452278,3.9272623782591882
25.325589478987496,25.32523489275821,25.32441899549796,25.322546152101634,25.31826516933397,25.30855073982301,25.286783166294097,25.23905407652245,25.138189237398663,24.93779359131476,24.578031805075,24.03038119919347,23.403158858817527,23.056251624947883,23.588134933136963,25.62589053958546,29.518333836293927,35.14904033928693,42.073421554469306,49.82331508089395,25.325861145894535,17.77654508378285,102.10851975987993,15.158574438248046,32.24056853966714
502.7881748057889,501.48983160897893,498.5851142319245,492.2315583163092,478.85051698505356,452.3583637818511,404.7522548136668,330.63745168452715,235.99625705275884,142.47070072446718,75.43110511668675,44.14279392072132,38.615896487171256,44.973417541753804,56.14422352568033,70.26728809783674,87.06676822970405,106.44236721960476,128.09163411321987,151.4083543714043,503.80468237243906,20.437415993960126,294.60640453908303,4.667788326509178,14.996420063254412
267.20982192091066,272.2709682190826,282.53466630010007,301.78645707207824,334.17073536737604,381.7870418360308,442.574370057383,511.1838614720005,581.6402556815086,648.3931239484411,705.7627852953462,747.2008261056365,764.5012293602115,747.4672518236263,686.5549487619892,581.3223165375564,450.3641551489326,328.10940336024726,243.02355152723825,198.88064725580261,262.91138593840833,912.8713344783426,167.1426224635539,2.035505984834616,31.582830556521575
12.196211279506173,12.250823131065426,12.37316853818473,12.641523631034083,13.210139311991092,14.351600265873154,16.470049726186232,20.021617061865804,25.350130457966017,32.61709218666465,41.935806693928754,53.489421508476326,67.46657468027634,83.93364045341922,102.73562845061083,123.42835710619308,145.25574072831162,167.1983579702104,188.10629906902184,206.89816592361396,12.153492663469041,586.5316102436284,262.5164787269432,4.289429082027562,6.402608279561507
23.286077092827618,23.28816919602786,23.29298774568649,23.30406712598276,23.329467413979213,23.387403895457158,23.51840138258791,23.81021181119538,24.444261045189787,25.76747370119996,28.36279158941422,33.0244817418601,40.523657471176136,51.26604095108452,65.20979613301857,82.04831273092171,101.1522805048494,121.18239134796652,139.76597242758376,153.58018312182134,23.284475402717714,912.1249996800515,82.62686684534721,15.89753801848675,32.547600421173286
139.5020586101202,139.39995736538057,139.1677941366794,138.64570384282518,137.49366548040132,135.03155942206882,130.039466901577,120.7291327912021,105.4168136512252,84.30972030693155,61.20777515634806,42.24782264024897,31.633672167986646,29.231068529121202,32.71992594264188,40.47618080284573,51.958052241611256,67.17595978520659,86.5734375242404,110.88448442137351,139.58099823256364,19.51014554957894,779.9179343178893,6.725510017779641,29.744826358762026
250.8055681188367,250.64870845944134,250.3021465987398,249.55978635555303,248.04821582780374,245.20648072526114,240.4604688629604,233.72340659806565,225.945786989611,219.0249687891839,215.05866752204778,215.9633908239024,223.93300876973927,241.83260374000133,272.2905216559191,315.6365126176237,368.98760603665244,427.8829162155233,488.15712276030587,546.2394110962603,250.92959703513338,198.82285716348267,760.656917931578,3.820340808481102,26.400931445453217
64.33430841825448,64.403962652523,64.55686602982237,64.88090806116729,65.52945028393844,66.7168891035479,68.6250942767447,71.18855381392474,73.89214608867599,75.79325744486347,75.70727620707224,72.38462422985816,64.91564088118119,53.647088758857095,40.89737045191214,30.02198996237812,23.093743479420958,19.75306073022918,18.41544654294043,17.872971054685607,64.27895111824165,88.78456249740451,17.315500626010504,3.5477975875825414,15.347626197500354
40.68407117307576,40.68592914371689,40.69020352162784,40.70001205170569,40.72242103540052,40.77323010461665,40.8869463292064,41.13595877466772,41.66209068642829,42.71324327072897,44.6490840683009,47.85687012967939,52.59630925930327,58.959735028286076,67.02464959019545,76.8809910774266,88.36140972578488,100.86582643325777,113.54180720999841,125.555886580798,40.6826474830403,71.74744291059244,166.71516019733943,13.057953230946996,21.76692303610737
65.68942929417906,65.67563631821046,65.64440966787133,65.57472879111221,65.42309607866527,65.10718584493753,64.49684231591108,63.46357207575927,62.0948579140462,61.10598402459022,62.03671691624353,66.47932670703658,74.69867526373103,85.41325293202905,96.99209271624814,108.29335513000797,118.5921836548234,127.40316656445313,134.47436681205897,139.79944502383904,65.70012848173322,27.24313317456012,150.18013722342985,7.02377731502752,3.7308720453134576
68.67641510378996,68.67796691486406,68.68153132115818,68.68968816109718,68.7082343633264,68.74993518180582,68.84192124799556,69.03835018392581,69.43575912008707,70.1724382098098,71.3624473911841,72.91148448990252,74.27766110171314,74.40995661610445,72.03773453177914,66.29906627607699,57.56054506189088,47.75535843087057,39.39748535858055,33.900913850662974,68.67522457997751,88.7698222330909,28.260883606890697,11.876700729320198,29.157051220732207
253.4931266613208,253.4642645164464,253.39851318662087,253.25017019378868,252.92100002653643,252.21073620252554,250.74713970485556,247.9431196701356,243.12412108863057,235.98895627899358,227.19858367496178,218.34128431462395,210.99606827270026,205.85785041608466,202.74790207739196,201.13846064007234,200.5230189578069,200.49547799585372,200.73880905018154,201.03988495003043,253.5154094432399,197.65006631961054,201.7744225262945,7.008068884656819,39.796746655325784
125.38120958282025,125.36011188310135,125.31193389092465,125.20279111843277,124.95890939423452,124.42652376747573,123.30874497540466,121.1053792836249,117.16611865775758,111.05550418082068,103.2359346353855,95.44686558620916,90.06188211995418,88.9203575972008,92.72696982632172,101.03303183970617,112.3954696984665,124.94495879778205,137.1408571611018,148.01770688962088,125.39746794265392,72.91827570439425,178.65902594950487,7.852489354554831,26.611483741124395
297.47015047578617,297.498721746033,297.5643119988413,297.71426816440027,298.05467869186407,298.8180631516961,300.4949410980249,304.0541298270372,311.2040996514999,324.4178828965078,346.15860819801634,377.15021371488115,415.17588730370625,456.27911829685723,497.16964638939965,536.0915119215514,572.047903834618,603.9749077812536,630.7490841190142,651.7300267243284,297.44822179159394,592.6602139261745,695.2074133856694,10.569025578478884,26.973205507547316
397.80911720912104,397.7303070493919,397.54959744578235,397.13729703729587,396.2047038271033,394.1264269934388,389.611182439885,380.2109877618392,361.9604588778458,330.22178537844616,283.4623696556018,229.27992827819028,185.29214544431989,167.9171779884398,179.01093914175237,207.85682728391666,243.86759496256772,281.90778336320636,319.51149844061325,354.68063825177626,397.86965884068076,42.55017822353274,472.8950027445599,10.388691283831045,7.561122768092883
13.950349489554949,13.96974666359266,14.013895606478677,14.113353069544493,14.333539037061396,14.807127796847908,15.779805924509668,17.643385568195136,20.889052737035772,25.93325714853588,32.93906207223561,41.83300464494652,52.38750393386429,64.0714741030762,75.73275730593392,85.37328762831609,90.26298027106758,87.70004285618096,76.5456566723244,58.857538605741304,13.935363259363028,483.04369977153755,12.91623190027311,6.331617286539462,18.0382419440742
22.88705052459009,23.602797735798294,24.840518290696245,26.706805518500538,29.109679886598038,31.759772687727295,34.33005959251138,36.59610728874154,38.462686889076096,39.94581796727962,41.16456146722646,42.35524980252367,43.92148727540254,46.51926554597752,51.10762265929133,58.79260323373249,70.36192089229111,85.85821234487213,104.7330338109464,126.31544630472895,22.18139677202581,42.441110560671866,305.7631426600589,1.2789740276413446,41.70432437699295
516.4791720579209,516.4121179619004,516.2580049065193,515.9049536981186,515.1007271313089,513.2865778442207,509.26229092394755,500.58483220247814,482.7314609184607,448.6535223719242,390.61118077448066,306.510810488665,207.97656510701228,119.04686393346293,60.05744602847602,32.606806769213165,23.8216176144295,21.618830515021955,20.94924576732751,20.647948629034204,516.5305908595407,55.52942115781223,20.28737225185214,12.415967750956536,7.744282681514928
53.68680458974715,53.69145993508145,53.70218150694854,53.72683118173429,53.7833318940531,53.91216536398789,54.20330592696565,54.85125800575877,56.25703551405246,59.18400775937056,64.90615458817284,75.14444829329655,91.56653500614824,115.13138995112091,146.11277585679989,184.78702632784672,231.69726924965505,287.2748712668348,351.40737472652796,423.1431236914947,53.683240343806276,825.7685944390116,979.3297443582973,15.669992935737126,16.926152476196776
237.30959151785788,237.29902610115764,237.27469988565178,237.21879893014312,237.09077355364437,236.79928317185104,236.14231165269786,234.68715333662578,231.55765715618153,225.14801194374257,213.00596122613797,192.5692276602661,163.43586078104346,129.88888902673057,99.8311854268558,79.29808011943916,68.49348061007666,63.76606711501063,61.746385998410545,60.78824524865297,237.31768233691798,257.52104793771605,59.660019410871264,13.176884057137029,2.5149269588324596
26.249848867731338,26.327676599262926,26.501341363100646,26.87968274011177,27.672197990314434,29.233122354108993,32.0421531776132,36.52838434638321,42.77722671485451,50.413400464461816,58.80592243136891,67.2583603609021,74.95060360156232,80.79498192825447,83.37520065838665,81.14644383333224,73.19442341990502,60.45521904555122,46.192376872634796,34.40415731227806,26.188783005741183,112.24748161055378,21.25703112856158,4.152230489654139,42.14260594641142
951.1682295635525,951.143420226234,951.086256042553,950.9547250920693,950.65281490333,949.9627441317901,948.3969732729605,944.8888727002718,937.1972133915109,920.9372944930749,888.5710630592271,830.0237694516844,738.3980529343021,621.761113684357,509.51875721558554,435.74373599216335,410.5108903353711,416.3030065126351,431.502085128216,445.66137390083435,951.1872174350008,129.40136455668397,476.5840041192462,19.816111622199177,8.796602651301185
78.79278672829135,78.79165737600661,78.78905630102062,78.78307582991214,78.76936603067206,78.73809795158269,78.66740924162082,78.50996748938906,78.16787945367373,77.45347142117869,76.04808303929975,73.5012921207673,69.31809076357128,63.09859737285669,54.67619363013519,44.440282744002616,33.82362015243106,24.99250143577258,19.347618324356034,16.570482032486197,78.79365136253833,60.97410463257935,14.457678643770064,15.351273283100145,22.821393311484464
86.8247982131719,86.82216404414434,86.81609577663038,86.80213801162826,86.77011955775122,86.69701281922886,86.53143408104489,86.16159341002202,85.3548138699955,83.66303727876223,80.33549432460677,74.40853485504434,65.26730126599543,53.638507621941734,41.949244772739796,32.927407098372235,27.60835661525718,25.106133723224715,24.038712638052267,23.553943066674584,86.82681459015566,20.01455541951663,23.006645700621,18.234968820968085,4.143156270765386
29.222267739713676,29.223088085368747,29.22497443207055,29.229299462559997,29.239166349984362,29.26148284369921,29.311222001872878,29.419397512894015,29.645524721285003,30.09037535818891,30.894107297218774,32.20377014558353,34.137465556157295,36.82016222226518,40.46499335108844,45.31028600707063,51.364734051895226,58.25328386648194,65.38037429707224,72.18566327722506,29.22163890907781,38.38120986868529,95.58617537061477,12.142458287281123,25.677918840831996
14.73159555583462,14.732441880781838,14.73438899137996,14.73885742689769,14.749067592070206,14.772223118668428,14.824069041279948,14.937680841553753,15.17802598497834,15.65925049243917,16.54895563601997,18.034381617512967,20.26459456326274,23.369433268816998,27.614645191726012,33.53167783055167,41.81620290607798,53.0648999289699,67.66034256599617,85.91071843986897,14.730947072304607,30.713895910539094,486.6052267927902,13.114185309090722,33.15915440644517
219.00308503019892,219.0317021798263,219.09707568604375,219.24526846895068,219.57677163039807,220.3017651888274,221.82850279853307,224.85188000107684,230.29105990297384,238.77777601396048,249.58034462782823,259.6306643463555,263.60402020497173,254.94549035891663,227.7877362228284,180.98091503499285,122.81857635000334,69.5966412815335,34.7790481969777,19.261258589021338,218.9810383278818,335.5877026607163,13.068235838126874,7.965559313719635,27.897316892560575
47.52688826996192,47.530663378628915,47.5393568750721,47.55934051821121,47.60513263059839,47.70949504662148,47.945125554046406,48.46872145198028,49.60161532862972,51.94921600444864,56.500488436592086,64.52419576850207,77.05846528121762,94.21308991573576,114.9619701598241,137.42029078110215,158.83036164305827,175.41470871280052,183.03645100754576,178.95818129744492,47.52399774418913,488.6048196373822,92.28795384634942,15.603924199728203,42.89674481029611
102.2348915936412,102.23986544686458,102.25132254547039,102.27767114263563,102.33809718231977,102.47600213030032,102.78809857459501,103.48432123138424,105.00012214247045,108.17024700392808,114.38890502974438,125.46616083208013,142.72079111163197,165.40991174473953,189.91460284570064,210.86812620245527,223.2125450022395,223.9879568219182,213.79704739032042,197.0757203919532,102.23108399470564,659.3325062360586,149.36466909664819,17.155211677840715,18.348358188393163
99.45952380381159,99.4632312453033,99.47171253888399,99.49098539959255,99.53427903433695,99.62963570616658,99.8328240582265,100.24290090157801,101.00252752005463,102.23977803129918,103.91633012218811,105.65330920183115,106.68959924561337,105.94968087004341,102.05422632334641,93.45525600284779,79.2796468404,60.902458682179734,42.51242106344342,28.73890216725114,99.45667067219794,115.56387131735441,16.216586083140278,8.572497627329273,46.032208282480454
182.35795018774877,181.96107611453291,181.07380169405835,179.13542014919526,175.061548511083,167.02409324152774,152.6632086170565,130.5079345205764,102.60745995033737,75.58488292270391,56.695124025988235,47.94607834451935,45.76627246357427,45.920704600355435,46.435235734991494,46.856842025099496,47.14710218583471,47.33331319742396,47.44778681054831,47.51630778271584,182.66884413972977,22.647129573455658,47.611434998976364,4.640457183591296,3.191510326331482
715.9392484439717,715.8430542784679,715.6219797659895,715.1155786310704,713.9622279457236,711.3613124986085,705.5947892795015,693.1721220795229,667.6553267778974,619.0938087116847,536.8266019615858,418.78913922752406,282.90004358143153,163.8566712163415,88.45679317262034,55.49236222145248,45.55920712572549,43.03004770543373,42.159356158703645,41.73721875062961,716.0130157230973,78.77976056282945,41.216408418376325,12.371066639596995,2.3510939020647506
35.9795888828854,35.98088634048808,35.98387683953627,35.99076170045491,36.00658065480071,36.04280085033763,36.125235828170645,36.31092334743881,36.721910719268756,37.605355257635175,39.41706560539265,42.874980643599734,48.84253212006022,57.931902034575025,70.07671277773117,84.57234021932024,100.47581832618066,116.79516715031592,132.48578606551052,146.55600010514195,35.97859611784449,254.72227881846663,185.15674872078037,19.654313003308175,31.777170063586112
90.1640290840725,90.16987411560692,90.18332959531509,90.21424063188536,90.2849974130673,90.44595954172763,90.80823790218898,91.6089739052641,93.32626108418789,96.83495541284,103.4941048605459,114.89614750319484,132.103058607349,154.93939063367878,182.35939476674548,213.59448837521126,248.718324784605,288.26574492241383,332.34337982889514,379.82226395165435,90.15955245833526,333.3228805957275,640.7015046793063,14.69322298764868,48.23413873037022
366.45012682584456,366.4551187159691,366.46659759661355,366.4929170535664,366.55296000464904,366.6887376768086,366.9911186065637,367.6469058077898,369.00536787139714,371.60457479209856,375.9278948278638,381.4138556268095,384.44847184965136,376.6177093924625,346.4536220461803,286.8015906294134,204.32698084487382,120.99942271964443,60.430762234330416,30.11544068630093,366.44630041062777,541.5055055713483,16.91251295856352,14.915856556881966,23.124257577313692
127.70639832755464,127.70834026353751,127.71281761929754,127.7231312339703,127.74685089795214,127.80125172330457,127.92542487207663,128.20654568509443,128.8342319418214,130.20400634091283,133.0862678104712,138.82900618352977,149.44767979871844,167.38011184298477,194.86699628184624,233.20125451020664,282.18269134389095,340.2537235236189,405.1991388252642,474.4437300808464,127.70491278713078,203.3315723168968,870.2223505738899,19.706983547200867,15.834955783419453
293.37359764662773,293.29533376338645,293.10853256265267,292.6565581960953,291.55230243714453,288.87168165687905,282.6143301574057,269.20549713997787,244.13690083011022,205.1589169780168,156.8450194421527,110.80455405937192,78.04915815211632,60.89768737627716,54.02215544242375,51.5223807576792,50.47607273341845,49.9552704575317,49.67491397165813,49.51945054535068,293.4316764552143,316.2037935057887,49.31575911975722,3.3535257224201995,3.9654540937145484
358.6118356792911,358.5455932925247,358.3937457442775,358.047469583564,357.2648796589318,355.5232944519577,351.74765553316604,343.91065464374947,328.7427875946093,302.37100776485534,263.0518350516539,215.23909301491722,170.0966458015543,139.0432738133068,126.6505278794437,131.2296241470368,150.17432151152803,181.99851383748538,225.16935761854342,278.03238542602116,358.6627343101229,95.3672992079574,935.5787283800639,9.834495667679407,48.94001499554433
66.55892145685155,66.56976629743762,66.59468795978616,66.65176653248055,66.78173702595832,67.07474016663026,67.72412895138237,69.12300163728705,72.00051581162099,77.51288387177826,87.04952988912466,101.51939206003763,120.44470772917975,141.69982291287755,161.81916421011482,176.01482693523656,178.43860677911385,164.20013800622564,133.15199283692715,92.66372682911847,66.55060445810571,386.69121090791566,14.778778653755694,11.553772492617515,40.49886977531476
706.834550635032,706.6533792187995,706.2383375139013,705.2928636799026,703.1597959197767,698.4259484885681,688.204875703936,667.0972107418191,626.4209684718934,555.6107047258208,448.5193075439704,313.9732169228908,180.64321867191904,82.54742286887506,32.558126970814556,16.17438347936229,12.826330974588132,12.251672841564414,12.067411917674008,11.974505713989629,706.9738244543398,441.73944504152945,11.856089099377717,8.08134448482795,4.337526671064861
16.54217242969524,16.54356344840567,16.546767042503163,16.55413227761057,16.571014241168808,16.609507644318445,16.696491674480683,16.89006296024995,17.309957250553285,18.18391928249279,19.891275724647258,22.941622549323572,27.81975913117491,34.781422416745606,43.855924031833695,55.059484175773946,68.48959440783321,84.222441904391,102.18552403735761,122.0683653599853,16.541107428043457,224.18742944170054,267.00315466637505,15.7006929722809,43.54191430667181
301.2695800274899,301.3520097949792,301.5382259880254,301.9523599574497,302.84928308598865,304.70860408045013,308.3031663151282,314.55691892835415,323.93459483724035,335.493962651504,346.4457946972675,352.64451927804197,349.02378726461404,329.5038239156562,288.1939345340244,224.2598230741191,148.2791858606346,80.67258764075035,37.691440026895464,19.259402829019336,301.20552715436247,399.7083162651169,12.529317644298326,5.456167858384673,31.851093122011797
520.2561184295736,520.203891854295,520.0837760512953,519.8082833674235,519.179449002072,517.7559638214692,514.579420812314,507.66167254994656,493.1996813678492,464.9147089796753,415.0715634899507,339.78972171086446,247.94485771595163,163.1967481130834,108.69578236427918,87.94735222826438,86.82612931901622,91.38662244891742,96.003533340447,99.62747708732627,520.2961463592362,10.209400711241592,106.96918433812779,13.868460587923547,3.421149878173434
63.57762509882136,63.689533565192455,63.94303615553576,64.50951234797583,65.74669886103777,68.34946060654075,73.51421931124501,82.92880786137215,98.29773066086003,120.50351818347482,149.26599034413013,183.6919233485339,222.6353135160821,264.197803656892,304.9763394362185,339.67263304090653,361.6615818478961,365.2495265471131,349.25113630234677,319.3156063343274,63.49084616462494,618.4004013417398,220.4071189437246,5.515508903851349,42.93349422233181
49.6725286771216,49.68049833686764,49.698821326496265,49.74082084773305,49.83658965942193,50.05300802565065,50.53461165365122,51.57903597370483,53.75048614285021,57.97709689520354,65.44883368702571,77.07454021979997,92.64114155272657,110.40153264619175,127.35558770133645,139.6315605757773,143.07738434403217,134.8182433042584,115.51942501141744,90.52948514590676,49.66641885988128,508.9666689046561,39.6175214957652,12.216084766779831,21.053123251896036
35.940158731779015,36.539567228247556,37.819682561422695,40.419797071984675,45.321558358973626,53.68075020665897,66.37258666395206,83.64213466550419,105.29040478524098,130.93432010119488,159.66587248357993,189.2698180073746,215.44341854330077,231.56784795563055,230.03379129884095,205.8922693841338,161.69950202588976,109.51037715518186,65.5052821043111,39.25485753624354,35.45276414836447,593.0825201922954,23.723969874454625,2.6114202334794987,18.4124930501917
272.49477262191215,272.55965401922305,272.70736984438275,273.04029169009004,273.77782571516946,275.3653855928642,278.6270671598813,284.8642856482486,295.63568035593323,312.00738426945844,333.83986828763364,360.39553522288213,392.18376470435066,431.8889899213858,482.79476584149523,545.5973519941083,616.7133073115505,690.0144791949447,759.6510383408166,821.3179287923267,272.44465703047973,411.9677427797652,994.2297176967629,6.630879083212133,21.581213654301543
18.77913028129545,18.780988739748192,18.78526695118495,18.79509510723682,18.817591878916865,18.868768283802712,18.983952456093583,19.238571656834523,19.784906899362554,20.902992999810103,23.035277589729674,26.73312434496627,32.482968840302796,40.588077297902146,51.346140865560244,65.34966524949895,83.52726616206105,106.94552723358295,136.633895936688,173.54310882741635,18.777706906785337,141.1704695547,988.9175278720264,14.316739192292511,30.570216339841842
61.232068392675366,61.63037949153676,62.510040071946875,64.39435128539328,68.23874885727433,75.52788504584754,88.02750434019104,107.03655984906173,132.69345919548894,164.123180226968,199.8591131271374,237.41419188691867,272.30427689280816,297.6217599544383,305.2497482557893,289.4370806934204,251.58038463043076,202.34912592435145,157.1377749646213,126.54422970801289,60.91695490423684,677.0137989040186,98.59007392569508,3.5529713529481683,19.538166233558407
13.626074133771361,13.62760177715663,13.631104025857628,13.639092375254611,13.65715339108563,13.697376588151227,13.784703656818555,13.966494765202459,14.32049474089864,14.944125011747625,15.900300030046996,17.130288463938008,18.41445343112886,19.43313144242685,19.85962847252909,19.446661290367004,18.158708099189827,16.290254030584506,14.375082060985862,12.873230096679206,13.624900446775252,25.34883913640619,10.847697402293067,9.612318413503106,32.45793271768626
48.595026125359915,48.596033925278654,48.598355237742446,48.603693242171204,48.61593334036133,48.64386195352417,48.707051172732726,48.84799004776784,49.15501558862499,49.79930659479565,51.07857526734089,53.43965445411812,57.461952949033254,63.88007139114391,73.74790703195129,88.51592888978837,109.61025896706298,137.8247802002048,173.35547689087653,216.2845979545368,48.59425460022786,69.30483645409385,828.740466878217,15.287299309923394,27.96111857335766
37.100592585525526,37.1337306025357,37.209384647612346,37.38070740226091,37.7633458709161,38.5983430860779,40.3528832121636,43.82933443573339,50.15913266127026,60.50100191558245,75.52881163681343,95.25151251038915,119.32704220995197,147.11449152280002,177.06138496340657,205.8449350407581,227.81128378758962,235.517841540276,222.3481746979171,187.0618029857644,37.07505041202359,622.2911111645294,29.525294199820404,7.181511879816864,45.63511109230153
114.57880642664537,114.58575433839128,114.601734990196,114.63839228268007,114.72208482028071,114.91161811505272,115.33489699325929,116.25808682999701,118.19393387147441,122.00424379053139,128.81125121742005,139.39879106871754,153.1193601077279,167.3069723349561,178.29025464478633,183.3557125661274,182.07888298158875,176.32730624738883,169.06403600096732,162.71284495442603,114.57348164205635,305.2361020356395,151.8761531168157,13.415344971180408,16.370397992711627
30.391122342647417,30.391361341738307,30.39191157222631,30.39317578214056,30.396070259149642,30.402656959942117,30.417487472523163,30.450271671091976,30.52048799378306,30.66297111412112,30.926849742641096,31.345416262897473,31.84808821796143,32.1476211550556,31.773942373856666,30.39203141129563,28.161094756424596,25.69605116944897,23.629858146614012,22.236001002168564,30.390939308603553,44.155488554099165,20.458939975442085,17.61197294052534,15.595852796005476
132.7541408694695,132.78170281378237,132.84488247779163,132.98895803830058,133.3145818972061,134.03935678562462,135.6116451341384,138.88209337401568,145.2515240274278,156.5184264568791,174.06898093534997,197.6900661435247,225.2894251068896,254.02033295982807,281.40012966674794,305.586499053931,325.41700869076647,340.5085696822623,351.2096210140552,358.3392958557651,132.73296286684663,383.66205642770257,369.52873793116294,9.329338913099665,24.86035081216283
975.872200003837,975.8412258193537,975.7698721607135,975.605753041574,975.2292839990916,974.3697536954617,972.4232088009376,968.0761287766101,958.5962504066965,938.7283834753925,899.6896315996344,830.2886146533086,723.6879170740413,589.4082012949265,457.9739731225875,364.26771095720574,322.29580607651087,320.1140211982063,336.8196619485162,357.8784638917682,975.8959100042712,223.45750941842616,425.8698416710431,18.148525415165405,39.80431213900828
23.463524004184674,23.465960027263055,23.47156460272099,23.484426956417654,23.513818175245195,23.580478349331276,23.72974068772663,24.056804283210354,24.748315925974396,26.129763263967746,28.665320404747746,32.81120122976431,38.70795549048842,45.95063310437494,53.64638848511381,60.519091114253364,64.89016244869981,64.92629862619282,59.507191691905035,49.35965118558638,23.461657465547127,133.15009096510468,15.98778556296829,13.40552040471597,47.85677255301493
106.03711847565121,106.03513624117662,106.0305666229739,106.02004310347196,105.99585126472412,105.94041013642433,105.81403423985645,105.5286184954789,104.89412340648423,103.52059913972242,100.67412969961234,95.16812673754487,85.56559488805362,71.09727336343965,53.13345296170473,35.612498591015296,22.775985999773866,15.952431095685284,13.304840677105403,12.444079824880362,106.03863500763651,73.44208294872742,11.794662082208445,19.235715924255185,6.944128838247622
12.084074090789114,12.086073053928894,12.090656553150627,12.101113978665603,12.124768535568277,12.177492249110397,12.292122237945376,12.531341892902853,12.999171566187961,13.829475290302549,15.119199404602258,16.817506200380166,18.671360471930523,20.29544226888665,21.287447591119093,21.34245624039089,20.407493469178903,18.787020364765528,17.02456905278798,15.59173522864588,12.082538470884396,31.05512080581338,13.5226207400531,9.647239005823485,26.772214460341395
42.17432944596949,42.16276374048851,42.13633065740999,42.07636295975922,41.94203605742197,41.647604335131575,41.02531653570289,39.78606552533712,37.53791377402061,33.98422198319917,29.331046184928006,24.51993719686963,20.73088860009075,18.491023579439208,17.4669983146323,17.059591480959444,16.89024033921585,16.810314118480925,16.769132087606557,16.74693255291672,42.18323652156705,12.64506206041563,16.718631924318583,8.305583181808633,4.905365639673734
249.0280350753764,248.93029218565042,248.70680050347917,248.19936878484302,247.06116951173584,244.5605452247724,239.25502131242692,228.62399376110562,209.15737171899838,177.9888322918103,136.56260334812964,93.24588400855643,59.44120233772503,40.923767726529064,34.62481505354589,34.140387230783716,35.32157536926161,36.66684519873084,37.793063124074365,38.63422440207697,249.10328297726508,25.94424775876073,40.19232574724617,8.488389766383852,21.997262387319097
10.519393151591148,10.917290848481654,11.53248569662546,12.343792849881188,13.252766207404147,14.137279277160596,14.913565076007389,15.555736835718026,16.09148441032553,16.6038144826676,17.251043709584643,18.309147696892666,20.220381185352927,23.585279277082044,29.019317859397354,36.945956275179455,47.59581496115605,61.24522139600602,78.3432608569615,99.41454821080015,10.076771609070255,16.75485763438516,531.5316473443118,1.0234281877262545,26.392033079018006
95.27852616240314,95.27595292573791,95.27002866146786,95.25641667398867,95.22524936893907,95.15431470021962,94.99454353916212,94.64103130157967,93.88198741226421,92.33085720409481,89.40026038270352,84.47852977678426,77.46582621714077,69.38419231949139,62.2125136019563,57.72511880011751,56.47341436726927,57.8055010938336,60.532212630473985,63.57754124589715,95.2804968193557,46.364792663359154,72.8876654573847,15.831041613005102,42.37777789831791
33.167440690519264,33.168919872604405,33.17231298432645,33.18006016087927,33.19760609406679,33.23679659542916,33.32229655521582,33.501681490656445,33.85517007469368,34.48824535681136,35.47835896997885,36.77683462908779,38.1518313692077,39.25716460851136,39.76088835535599,39.44042713076509,38.277293079766224,36.53851865352728,34.69378439626619,33.15556425103359,33.166304740673056,44.15510094215538,30.5467989174105,10.117404610470238,34.79640116762302
28.82819668001197,29.081786822094138,29.585941480612348,30.502755817692083,31.97585552782936,34.00752883782216,36.39307614721115,38.835228681134716,41.14480167464373,43.363271212526044,45.825611622564296,49.2460184222446,54.79744630461326,64.00948535902741,78.30883683732414,98.46895160441387,124.65041937385752,156.96148001311116,195.6482686122339,240.77893704943085,28.609202446777218,45.8639530416945,725.7202394263678,1.9228165070922034,24.11694105149918
263.86290060656904,262.5323266817202,259.61334631890077,253.43538628501923,241.10542997710283,218.66739331511536,183.06672706288435,136.335823117812,88.23274473469976,51.30231233664114,31.09086394823413,23.370743560455082,21.060424190136786,20.14937901948724,19.39976387273498,18.478563642521607,17.301438345835777,15.980116559138025,14.755393070387498,13.823176072718411,264.92081546179173,19.994383745242434,12.437928044288512,3.6259020611320842,46.10351328947278
10.470334940216253,10.513587319912606,10.607497963704118,10.803084471422737,11.184598576787968,11.860265960085796,12.9116275623855,14.316569603123687,15.927717426871418,17.545333916763635,18.99385599749367,20.13156309800847,20.825926886292955,20.9357219213107,20.332521477934158,18.998849032760905,17.15863468734172,15.261061476213687,13.73413185864359,12.740083508636024,10.435651410976025,23.803671577979596,11.549602189668143,3.101959883681862,31.76716575815822
30.429406430579014,30.430840185872366,30.434143243699523,30.441741307662348,30.45917347178371,30.49898648788423,30.5892041414293,30.790915536343736,31.231828605986696,32.160491916156275,34.00547903543144,37.36889782627299,42.83786482567687,50.63503185906406,60.44792689491797,71.66834719076567,83.67916925890144,95.87935316646784,107.63986004442467,118.35382917317543,30.428308972316476,137.5384421277459,151.49237196509537,17.139271328705803,2.227586859769948
509.0092131199906,508.98889608357194,508.94212196542315,508.83465464915304,508.5886030870278,508.02866744018974,506.767710924992,503.9784801394455,497.99193364629156,485.7631976154782,462.65721442487455,423.76278334199395,367.7928407659582,301.08695578872766,235.27662198007386,178.30986648390638,129.9527935450456,88.08080382504085,55.25234430484767,35.09723416376289,509.024772736859,173.07652736239882,21.158602135706722,15.685810374570396,43.06359400594812
32.25418504520944,32.25991211295393,32.273083915776354,32.303294969701305,32.37225867178571,32.52839942374891,32.87701181984728,33.63733390113601,35.233564750084504,38.39229228898288,44.134013055906635,53.49809796324097,67.08360846948251,84.8858282709593,106.54425957068406,131.329098588344,157.5907199569655,182.18207855219504,200.415607805753,207.04796817918353,32.24979568149388,687.9982947445662,81.08020920470099,12.465064632333108,49.263177613646896
52.85593518958369,52.859369334121396,52.86727843018565,52.88546212331439,52.927142122131016,53.022181359481735,53.236946655724964,53.71485147954043,54.751158250333276,56.90526717917588,61.09595714468338,68.4949953351562,79.97435257208556,95.24781248041428,112.44733222846637,128.43314334883314,139.27525892622378,141.01607406943182,131.36006652212785,111.77014594916707,52.853305933578596,422.9788885021476,43.3309524866619,16.18505692258833,30.83522810540684
27.26451545055652,27.483454513104014,27.94256436480257,28.846792642283063,30.46630480483347,33.00521442965346,36.365516507938814,40.02509726172181,43.24237174063928,45.42662479561133,46.37755097148889,46.30598975465978,45.66570317790473,44.89934250043112,44.26499051753966,43.82930819483454,43.558502341322516,43.39801574533051,43.304798591211934,43.2510815969333,27.083911776488936,67.30575302852333,43.17886961792004,2.4840594685269135,3.432068964785479
49.310278679036756,49.30733610896648,49.30056460007099,49.28501815759773,49.24947018233707,49.168756897835195,48.98770145268886,48.58987690380974,47.745625728476554,46.053123133252484,42.95070326737624,37.972092241298284,31.32460898662931,24.319064374469804,18.814627551018415,15.901398000020102,15.28972759081821,15.968740350787002,17.083546001718176,18.197859750276105,49.312532958037345,10.916119860441919,21.427697917405432,14.778483096166507,35.98837931281222
300.0029212367423,299.971144520539,299.8981541516574,299.73111674302584,299.35130557873504,298.49724956682337,296.6131969729723,292.5900215818724,284.45339003200934,269.389530714764,245.11712086240158,213.47024967126578,183.82278536875623,169.92865362996037,179.5788923239046,209.12168120129977,249.94201758812227,296.1320337849501,344.7188986416044,393.32500502101,300.027299444108,43.08304021053779,602.6135798437791,12.282780412540504,8.049264403838073
19.3876401473292,19.392738027996195,19.404445913829083,19.431232423531323,19.492116041931542,19.62894963716059,19.930673877214563,20.57535967521256,21.885498236797126,24.35558552633843,28.560863576893418,34.9058610472819,43.40661220338801,53.741103801254496,65.34622321451927,77.22195606350675,87.60896311736064,93.95769790046305,93.56174905221917,84.97356922127565,19.383728710896552,243.32730936542566,22.176237948360164,10.638561330058822,49.605174844578116
10.18667372847056,10.18720051403799,10.188414526622465,10.191208803151888,10.197626403595129,10.212310467783237,10.24569338342196,10.320763343899008,10.486548003096976,10.842147640785843,11.571400712086044,12.972745825666454,15.442489395163202,19.377147822104206,25.070902668059944,32.77069312268772,42.85040041144519,55.88653726532449,72.62321718297636,93.93557633158579,10.186270608607085,10.793433094425247,968.6550876846633,12.108137848549145,8.09167882488863
623.1598088420363,623.1505039293424,623.1290694527868,623.0797711610248,622.9666949925987,622.7085392796608,622.1238248308686,620.8168889864112,617.9575445816502,611.9047851122731,599.6869824891048,576.5471438551209,536.1745131074955,472.9929328203841,387.9137306413972,294.2953207626328,214.03163330474854,162.07114686504946,136.61440541517283,126.37419270214548,623.166931745664,576.448615250233,118.1410499491015,12.814048567354375,15.112985192042064
12.62062792458074,12.622204708681103,12.625833156075718,12.634163266096518,12.653209665786143,12.69645330439839,12.793460350515772,13.006694820073626,13.459973181970343,14.373752022182167,16.076383916435184,18.929970752300417,23.156059392373905,28.704642320862835,35.300427472552975,42.502836308120024,49.618395224542155,55.63535575016824,59.39557670413294,60.03939438104533,12.619419940312767,154.57356301067992,38.86067916010593,13.608799886546686,42.13976848844486
10.872755229208302,10.873361081252915,10.874756890962958,10.877967926069672,10.885335910879439,10.90216718353339,10.940321349189048,11.025678270304516,11.212426417054534,11.606244857111427,12.38958670846789,13.817294381640416,16.126261251260992,19.357875789713724,23.245074521919854,27.297258653688623,30.950051078514143,33.656874815791326,35.02267398477785,34.995522294917066,10.872291498981067,155.39160390664827,29.010891805065558,17.603881460172225,14.175896314967767
166.5462252532087,166.54348607718833,166.53718342716752,166.5227165945519,166.4896495638195,166.41461603458092,166.24646879767226,165.87755005096412,165.09605163352882,163.5309538708916,160.65124412644016,155.93668340567456,149.22363467158317,140.8451248583427,131.1687727022634,120.06867768602291,107.36213032344078,93.9553743580319,81.97308481994325,73.2334058912736,166.54832391953104,127.96219471455116,61.99162205406072,13.874794508396088,36.83694246634083
136.1266232412401,136.15413870010357,136.21718272725101,136.3608348163635,136.68506215401445,137.40509398499506,138.96135933390374,142.18029635383442,148.40097750952276,159.31170189629398,176.2414553390759,199.34214705454272,227.87675050757068,261.71947910450075,302.3044212945613,351.8120899224855,411.201232182239,478.8494201920706,551.0486821301332,623.4033534173304,136.10547346019845,328.7338865741643,926.4759539522562,8.966175370115298,26.69998649050548
10.595337870738101,10.600892654421125,10.613619170305732,10.642615119674517,10.70805073827478,10.853341357872045,11.167327282576244,11.81692734764718,13.074342007205749,15.291645945008554,18.777956228982124,23.65303953397722,29.853652452436386,37.26193245451112,45.73030549343917,54.999123996037774,64.65139585110083,74.14572036891111,82.9102062687017,90.46707284126325,10.59106798649813,390.8922973565358,109.76405281258971,8.751267176850739,6.515454228290999
599.6744682760332,597.2334562471062,591.8491430574454,580.349109732016,557.055878681926,513.6838186951695,442.5213581720369,344.72701252991544,237.92808945960377,149.63577834914707,96.69584585802176,74.39284725659945,67.94446987137417,67.5025768484212,70.27295818416064,76.4431095597298,86.59631496951636,100.58799031589626,117.35078583384194,135.48626617944757,601.6069480573744,61.66155604797865,231.82656294274932,3.8381089709948646,48.15438221796956
22.745132155405205,22.745470522335005,22.74625097210777,22.748049972837553,22.752192319593025,22.76171245081578,22.783520817469356,22.83319948417285,22.945293856928316,23.194242487071264,23.733119397693702,24.854081357180203,27.053971670590236,31.04210831379519,37.596287444185464,47.29303489455853,60.401948160123005,77.12260173212415,97.80152517333693,122.84274697193392,22.744873389153582,25.06593942452722,522.3549578697314,18.339072138696693,12.183075561118468
87.03979045641613,87.07001488695408,87.13916769487935,87.29635419088852,87.64964646514211,88.42870206258921,90.09308254255541,93.47301799258224,99.82976035176017,110.58017147217771,126.56473985130815,147.461375107371,172.243766403114,200.26698846192085,231.7194464914469,267.17096898880305,306.6589429319415,348.9696779440804,391.76308242966434,432.35497517074833,87.01653312916831,293.0824471605758,571.1253899926483,8.202001205708799,26.816935368772604
304.3919505950561,304.3922675096288,304.39300717358907,304.3947467827948,304.39888898124775,304.4089391460017,304.43396429687135,304.4981776322556,304.66695507113593,305.1105505825495,306.22504785738045,308.7476516243653,313.5977672934392,321.19156306520495,330.7369788323828,340.528764159151,349.0454310980268,355.602743613049,360.2274908439299,363.28591433667776,304.3917104455415,289.9158459760314,368.0613884171314,11.828742554189,7.02152464662921
642.0506047608503,641.3608848902473,639.8800950646321,636.8525771087778,631.1175670187649,621.3980508866287,607.1752915304328,589.5761218055635,570.8677216384809,552.4685108923909,533.6055173361956,512.2268366998804,487.5105860046042,461.64602190244887,438.67717316335484,421.4697920374039,410.2438698793713,403.53935554287347,399.69472612784926,397.5142168890252,642.6086715556934,538.4496247599036,394.6343381455451,2.8973870660538603,11.811073619908601
306.92590932899566,306.77250888169624,306.4220483600272,305.62749033937627,303.84969038001157,299.96041311358323,291.76701114821486,275.5380231312313,246.35342872646856,200.866375658168,142.67564286023438,84.9705644034972,43.22140262430855,23.00038183964051,18.140139220073024,20.352803181243928,25.72663165721957,33.45773282801946,43.68404433018321,56.90648494208068,307.0440813312322,11.124492028649987,908.7601350546392,8.165748926757933,36.527001617159534
595.8013173554496,595.72846640501,595.561025404398,595.1774228135645,594.3035289054471,592.3319505699516,587.9574621530297,578.5217222454462,559.099928254951,522.0150159843397,458.86561622722166,367.5349898571792,261.01849699654235,165.4408304802809,101.69770366535136,70.06161649885155,56.92291447271316,50.91681174849134,47.622810905261986,45.76722233898454,595.8571800997346,61.554495515941014,43.47754138944979,12.566081449066688,29.887489939906434
65.81696695436895,65.8284007080534,65.8546487355572,65.91465874060053,66.05089154575974,66.35645619445856,67.02810121339606,68.45653031219132,71.34279511838358,76.7609327594151,86.02211674231285,100.34595799180865,120.68810112834689,147.85416236119656,182.40610774404917,224.3514174498414,273.1284819387953,327.6896684615207,386.3758234223642,446.82097565217936,65.80819139360214,159.7899687203087,742.6133274930257,9.885164875905334,11.443624676030304
56.81610282383681,56.82598763314287,56.84795431411224,56.89546893082447,56.99376116877552,57.18315967939065,57.51105881010082,57.99952952779461,58.59742043368429,59.16309554392123,59.496592424194944,59.35558948654469,58.399576118536686,56.11876949946362,51.917042540329035,45.54208228016074,37.714747450685465,30.159162505077976,24.528406066208554,21.265699086480005,56.808322583064545,61.40644636632358,18.290155005470982,4.094558510536543,34.858979522896504
48.24431909693788,48.86128849272162,50.19625380063961,52.96388953969514,58.339693872576646,67.87281843686922,82.99655219054647,104.43822376431683,132.26981433070037,166.47149043224425,206.99265274506897,253.13810844489657,302.7092808101505,350.96647160732135,389.57794060783687,406.58050562548243,389.42347075726826,332.44145019255393,245.3565959616096,153.66542594016005,47.74803553647587,812.4502632075187,30.703896308403852,2.879565596991624,38.16821902401238
576.965143975806,575.4002563169515,571.9054121007083,564.2838880270891,548.3113240859715,516.9344523346249,461.2041369641594,375.8122766691406,268.8341763735719,165.0002136802243,90.78284049257132,53.423875113180884,40.16868727106248,35.87066395481679,33.41739278098498,31.20972927077571,29.251036858827433,27.746897291344908,26.747382019721044,26.148078524358766,578.1920338954902,35.993718329503565,25.361573993550035,4.529556562550656,27.056590465592592
86.454813635374,86.44338209226686,86.41716375671382,86.35732026687316,86.22185876851263,85.91957915986347,85.26121193186208,83.88399737827515,81.18439463853312,76.39467944995265,69.02412490735588,59.599928754779434,49.88191786682301,41.78370221497197,35.924188444351955,31.475633145951953,27.29262287052054,22.96435564085727,18.954727662699895,15.943565826749392,86.46359375388143,33.02780255902415,12.312499729909272,10.148335466199333,48.047952686509205
201.76719104338255,201.65464228172948,201.3997662124476,200.83057474806773,199.58914565398422,196.98562923653355,191.85779264334283,182.67475028692246,168.27351684391044,149.1048265690754,127.54046579568866,106.04132683766447,85.17082282411506,64.52413304048721,45.42749927849397,30.926873262094034,22.586922253948046,18.9828384495772,17.67644081259067,17.170528029820446,201.85448410436845,97.95195609584461,16.648846456599237,5.7962895204421585,16.14914957957805
338.54065016506826,338.5444384242259,338.55316930209676,338.57326731087403,338.6194348839116,338.7251014400217,338.96542482950787,339.50610013306476,340.7002181002161,343.257283072673,348.4655880073111,358.28559037441573,374.863654393281,399.1499273184318,429.5606628658219,462.5571199618472,494.8540870929352,524.6968556409386,551.3855808996027,574.3999874404542,338.5377513698445,566.7892368390811,635.746103611459,19.706803556764328,49.15360078901756
804.8170437415197,804.0950395477512,802.4531707947452,798.7604143419941,790.6102406225991,773.18640828695,737.8453371817375,671.9221693575134,563.5863496845379,414.77762639410645,253.39927046762284,123.0100017216397,49.31227786916463,22.341950281273853,16.6292247863729,16.283035035037415,16.757396676127655,17.31181116203993,17.794757340616798,18.16442192818363,805.3752247245054,13.920161726638488,18.861970959124438,6.784864003044625,28.539116195094152
15.632796239997935,15.636592560047216,15.645316597488593,15.66529755904178,15.710796014689427,15.813373132867735,16.040758385118092,16.530841834620166,17.54052165877086,19.483062776203862,22.88171412754033,28.180815542925984,35.54165941919647,44.875735176706996,56.034187930157934,68.82880031240165,82.90737920731075,97.68632359657165,112.38881310909039,126.16685255676116,15.629884812438661,491.5796721566187,171.20338931370313,11.304923643741894,9.934943521629975
32.09956526417654,32.09842839637163,32.09581650215531,32.0898370712565,32.07623240278525,32.045606431862545,31.977911897209722,31.832846858065736,31.537582775480132,30.984542864353855,30.07445489822378,28.844388521004614,27.63774232248288,27.152046170829973,28.286909841829548,31.92302143542827,38.70994377333829,48.91031967813198,62.543357583294416,79.75278056808153,32.1004373014114,20.923004572525567,505.6689831536861,12.100329341163146,37.2862125209424
39.09047525965411,39.09108935239031,39.092503215042896,39.09575204684576,39.103191889549535,39.120128633494,39.158293951296244,39.24281398035739,39.42461712275261,39.797563765861796,40.50824383835376,41.72547183946482,43.53986135485726,45.853562960036534,48.41178820703947,50.98147496863524,53.46309770899927,55.82893169198782,58.01418992358575,59.90473287222718,39.09000498534865,55.27201202696425,64.52231318433469,15.440284463136663,39.07294340837927
25.920554183848186,25.92189749367836,25.92499232325209,25.932111945720507,25.94844857509994,25.985767752107442,26.070364563125416,26.2596116418239,26.673574842309154,27.545982265299283,29.277881629242987,32.41714166805929,37.42243904530784,44.192778778407586,51.731972437576005,58.332921031979915,62.041383624595326,61.167566286996795,55.091423945493105,45.11072244205666,25.91952599172818,763.97247802766,17.43053330058877,18.026319566048976,6.818990991190846
33.824658478074106,33.84023982946656,33.875941432212336,33.957296359127135,34.140939358017306,34.54886340134173,35.43096807664018,37.257335479095794,40.794390535216806,47.02465830448626,56.75975593545344,70.11971321085827,86.37024842929753,104.05928010458913,120.85337806595479,133.24566241307906,136.96127869725845,128.56110010545865,107.96719198961316,80.25316064814824,33.81268217237707,493.1250585698936,22.85515361810772,8.857790694889427,23.593246397318058
30.941137731994246,30.942844299578113,30.94677657462509,30.955824914386508,30.97659595084512,31.024080359732434,31.131861912052987,31.37354045247676,31.904435793445863,33.032011656704874,35.30347741135699,39.53843864139541,46.67247248649914,57.40830574915135,72.03300419175812,90.67161606020818,113.5536212936932,140.91266937100443,172.75520078314054,208.69593142241013,30.93983163307412,263.3239751950849,504.27716058715555,17.616927657255864,18.287462995354925
115.04084162530917,114.75535523593041,114.1221731720387,112.75722342863227,109.95000313510147,104.59406276586105,95.47285531756187,82.23576212638915,66.60995576856155,52.15502097278658,41.88793649899574,36.239568043547294,33.661050705937726,32.525515196814496,31.967268825780366,31.647092684127955,31.432617288112525,31.27029560110347,31.14317884283956,31.048048445712453,115.2658848624582,31.391553442612242,30.87400734206387,4.063827194186558,47.120912518760704
596.9707836101493,596.9267756344353,596.825795145524,596.5951160623588,596.0721993209917,594.9023950722633,592.3434583583231,586.9501369805253,576.2402706325396,556.8078436146985,525.7054269563432,483.00006369826866,432.67582424358477,379.20325291194433,323.596537228243,265.55391318074237,209.48179593509406,164.33209978873742,135.64929070904196,121.09675341091457,597.0045721935589,358.6884783430893,108.4733474585659,10.321550394725566,27.427791976759902
118.17589279674281,117.96869283891158,117.51610180583246,116.56472083792086,114.68482350637296,111.30647028258217,106.00407565799242,99.02239990155064,91.5205663668359,84.96301625144348,80.14228358829428,76.8597194077285,74.31917407688354,71.52903759853189,67.41553509011088,60.98054255231558,51.905622417705956,41.336440045656374,31.675549299982407,24.925966316205248,118.34121590543549,73.98201732676225,18.344659950714153,3.3876132045021836,47.7079863605928
92.07001879321501,92.08569115749773,92.1216948685275,92.20410802953315,92.39157988133431,92.81347585211475,93.74566363743861,95.74283461147856,99.81136662527258,107.46948579210462,120.29469772156887,138.58997861376616,159.7882628647982,178.24461011779593,186.85811376517168,179.48069729268747,153.98178020803687,115.30886573993553,75.08073172373403,45.12209217477366,92.05799655511393,806.1410743540346,21.239962978031016,11.533914488758738,11.970428160873883
32.08941045390488,32.08868899575209,32.08702694731802,32.083203855426994,32.07443316769533,32.054404599946395,32.009031594096534,31.9076463990397,31.686346732107797,31.221874095894005,30.30729655522283,28.67712955712213,26.16738648264026,23.00613665894697,19.928032507137218,17.752987853282626,16.750789362871707,16.56355302591131,16.698281548495622,16.88065576584406,32.08996269724646,11.484422398459605,17.294444679442154,18.420119744954718,17.433583591151923
164.52545717521537,164.51295711770726,164.48425147177903,164.41858501609735,164.269370186052,163.9341918326822,163.19591549919238,161.6222490596418,158.44190606190085,152.52356875201573,142.7478044433671,128.9404265495036,112.69947325015659,96.89452810800054,84.03045720381301,75.11004975941262,69.70708956218897,66.72638194346662,65.14120440937734,64.29174941539074,164.5350486036708,85.11934322519753,63.226987571289534,11.105835735575294,10.987469341536393
948.7814848971123,948.6631724960693,948.3918451481841,947.7726282808034,946.371305048319,943.2454549773128,936.4410012014907,922.2157556716908,894.3373400166097,844.7891020506524,767.978992837174,667.7942468172284,560.2316273006353,465.45274410250397,396.1583724674291,353.2464162118673,329.842704690437,317.84726873204386,311.6731610760057,308.38600918924067,948.8723620088222,433.1274787660336,304.2490742520509,9.906426643265096,9.338101862064127
693.6322268317067,693.212977179977,692.2569091687485,690.096180194935,685.2877479844643,674.864185712353,653.2339745217713,611.4043990958309,538.840954327793,431.26631174966167,302.09559556926706,182.8354649365727,101.93656903763781,62.470648431046016,46.84883819997788,38.37486197556666,30.65108618283341,23.514419770961126,18.21348166310497,15.172556228252347,693.9556508375724,48.16972143081281,12.595441043062777,7.505669859401944,40.13393746380245
176.06320802552543,176.193896827456,176.48831289782606,177.14002531979594,178.54081156942996,181.41088211138543,186.86982611494298,196.19353351163926,210.03025541179522,227.52568422281055,246.47686424506344,264.58640685177966,280.45999694003865,293.76391722022856,305.04031364499383,315.41982467263904,326.089235479963,337.5459642106574,349.19598414442913,359.82827599847053,175.96143293385714,317.4513435573054,386.6079387300531,5.027137610530309,46.34159917247265
75.15937983366834,75.16028000980093,75.16235339437326,75.16712110634317,75.17805261383728,75.20299013503995,75.25938009482151,75.38495589444032,75.65729275937666,76.2215528154542,77.30248690071768,79.11055703189419,81.46957764425926,83.13884838473388,81.49850338140794,73.76246784804286,59.47735121612274,41.91379255018501,26.409472428869705,16.617895681799354,75.1586906934221,189.68251465520166,10.106890143411661,19.87400146981238,15.483026526279446
13.352844755912507,13.409300653442532,13.534789457535954,13.806440416578429,14.369789898937023,15.463164474364717,17.393654691987095,20.415896270109847,24.570331826228173,29.658470095069745,35.364252448814185,41.29527429087753,46.88273895444077,51.27757499933767,53.36922421717608,52.08635648303097,47.074569398201845,39.378525711419115,31.28190332555448,24.998300560127007,13.308411259836635,82.51332405918748,18.115908328401556,3.8942074929939383,32.349575025450086
61.07810072170116,61.08374540874248,61.09673986323723,61.126592484249066,61.19492916552046,61.35039581511612,61.70034003127687,62.473918233717846,64.13316644897927,67.52291740729362,73.94935282569733,84.90564579962741,101.21474039091589,122.03469004333061,144.64441936098143,164.89569641548263,177.6347715897475,177.68620795409873,162.2302278189395,133.71504211445063,61.07377758191154,697.7581217954965,43.482348173612436,14.79742243929412,24.132772647435566
208.88149400172193,208.87983631845935,208.8760155776992,208.86721945256764,208.84700969906075,208.80073829980537,208.69543552807673,208.45826342482502,207.93338485148755,206.80512358661505,204.4901749162663,200.06294830595758,192.3834270851338,180.58209405012917,164.72214099865636,146.20935413935806,127.71721120212196,112.27336243133388,101.60170303775475,95.34695096897066,208.88276240775912,158.26712506308778,88.2201812111234,19.051160797864306,18.450254852237883
23.487301591885164,24.484069694282418,26.451019789963773,30.010181731396266,35.774182371372554,44.0554701716658,54.792743121930265,67.79986995659934,82.94532143167831,100.09406115445078,119.05978491974673,139.70929471187407,162.18637678350603,187.10519060264642,215.40635443188165,247.67059096147506,283.31255854591905,320.48495397913695,356.77620519632933,389.9599160107732,22.618875102750778,227.08482939597974,492.05666934242834,1.7648210588585513,23.58236904428867
609.4689463037089,609.425431131115,609.3255284331073,609.0971024264712,608.5784820820402,607.4152315923906,604.8596698135751,599.4375169834925,588.5702753282798,568.6537225503663,536.6922910994173,494.0537574606807,449.6030067489148,417.29864773753286,409.0587389621254,429.68444446213744,476.3632938709844,540.7157780308098,612.7952365325017,684.7523026197224,609.5023429116457,315.67285480451,962.9759324690648,11.096862420347632,33.67979450245526
40.27103778072594,40.27494377838547,40.283936883833746,40.30460200075366,40.35192692434303,40.45966940445412,40.70249308825282,41.24042612405509,42.398452254821954,44.77869484039506,49.33651496810313,57.23254845684414,69.29089342105522,85.3419048183111,104.07569926487658,123.29436284766678,139.92098951074405,150.07324191942513,150.03664809282844,138.27632595905771,40.26804657691724,785.3643786721882,54.03448008901696,15.031703541045943,21.350729797715932
132.93629474326667,132.93857785629731,132.94383725035354,132.95593388172873,132.98368045934723,133.04702314929756,133.1904460285242,133.51063075780408,134.20840432887402,135.66880209010563,138.52988069956166,143.5809212783022,151.20280901664262,160.33348389610705,167.89297096668616,169.94891307635163,164.2309930917241,151.9137961597852,137.06936078677518,124.08920040833928,132.93454705002765,275.1471825236685,104.20014024821508,18.234640211280663,22.12644742053489
196.82058443926485,196.7775048589996,196.6788351663038,196.4541498133284,195.9476152315246,194.8251467245579,192.40912203519824,187.45342351976097,178.04244712821404,162.1472777523446,139.41780625332288,113.29850431946775,90.30897815539936,75.43001537515913,68.55217614061388,66.26486853929634,65.66357625166901,65.51907139474338,65.49004653241701,65.49038250116931,196.85370644630834,48.386573278217476,65.51086539281295,9.360952056437496,8.038736878989692
15.257747108093493,15.25972144605601,15.264264873360835,15.274696141988974,15.298549021673935,15.352714605022074,15.474258920036451,15.741573518254166,16.310371257345953,17.459146196701976,19.607272404111818,23.232984355668844,28.679087397817298,36.03181722688605,45.2441824196639,56.29826729374021,69.17168768908707,83.71733201185762,99.58862376762934,116.21905765804867,15.256234590990701,216.26181637527847,204.66118137035087,13.59528456999181,2.9487893764492004
44.98740791634641,44.98704109537216,44.98619768620396,44.98426427685602,44.979855313998904,44.96989289579901,44.94774220440424,44.899877513754966,44.80160720399169,44.61807618615193,44.3349430171903,44.07657916874065,44.36560181498619,46.38409687406838,51.760874502494474,61.671959137633635,76.15816266320587,94.58416108574342,116.43055186594435,141.3361698470576,44.9876891183786,24.866788154191187,360.00028541812037,17.351977626526473,13.840658106855072
215.77423573853255,214.7104197512962,212.37604072199574,207.4332330503296,197.56143324086074,179.57702127207392,150.99670142880873,113.40026760664384,74.60773472215098,44.81031099825151,28.73347961294877,23.282556413797835,22.927731114083485,24.38427681522367,26.42571668705162,28.527514024942718,30.414635016995362,31.964771882672267,33.14942615357808,33.99829376612311,216.61988338274662,18.143689578965972,35.50626999609882,3.634435428434971,15.608996796763002
223.62051632849293,223.64639033301094,223.70582438984016,223.84184792815583,224.1511860002423,224.84701439956467,226.38331988717712,229.6711195210913,236.35919136278505,248.93264399459449,270.00893124916036,300.3129671175286,336.3216909758398,369.788758794376,389.2205290115707,382.0211853464803,339.11098906946927,263.08340555421154,173.1172859554067,96.74888913999729,223.60066699141836,661.6888559170098,25.412349279076174,11.299501664063664,35.66677285968475
805.0317477070996,804.9545402659672,804.7770252562168,804.370099578845,803.4421053260504,801.3446776634092,796.6763703059279,786.5526215980706,765.523606556049,724.7507122641441,653.5423600854775,546.1815769602238,412.00396126945884,276.65468959336545,167.03759571680655,95.12735996647666,57.007802653822296,41.07514132093593,35.706445648072645,33.93249484723299,805.0909355235312,166.0049223180944,32.37530452005271,12.88408498136479,17.383575760544776
846.5334124152789,795.3231331152255,705.539062665936,570.4523897812801,405.1545783518041,249.18257526304353,141.25343642455107,88.98179438692046,71.73288937316124,67.87856389176443,68.22534065154082,71.23515043367763,77.48863011571336,87.69065829699719,101.77025089308586,118.69007266232143,137.03648723936828,155.53868693061486,173.11314982536328,188.84259704498754,895.8943163392878,63.00170028641335,234.88508564541047,1.4413240645884111,21.202949414468257
562.6091273717587,562.5948197349859,562.5618541526353,562.4860073838436,562.3119310946157,561.9141209562605,561.0117602686033,558.990962409659,554.5630701479873,545.2081842195307,526.5800292953106,492.7411587011434,438.9410080050939,367.26129834896585,289.78417049972137,222.06604687117266,171.78919861031983,136.62893027756274,112.04363661151194,95.95401436580954,562.6200780570507,166.1326103167589,77.24773830208117,18.782812489278793,42.991250055067
44.101728932320334,44.104944258158454,44.11233929856605,44.12930080251005,44.168019437212095,44.25567993097566,44.45137042735912,44.87795223893377,45.77205679266648,47.53285511477832,50.691878153973335,55.67991139361868,62.420897225536585,70.14416009785708,77.72505816245697,84.20547196681417,89.06144876079539,92.23503463441091,94.02731441760206,94.89585001765582,44.09926464254288,122.7712857412817,95.42199939789508,13.011847502182384,18.03734081402027
30.7916858835868,30.793859507949694,30.798867326249372,30.81038793680956,30.836823853434407,30.897217660708275,31.034141535775003,31.340558397005726,32.01145056589521,33.42884583608464,36.26131639399676,41.48399992050056,50.1665678486704,63.07214925769822,80.52147662549834,102.75643286233152,130.24202162160265,163.5344327615192,203.00881325473006,248.63819978586912,30.79002216430969,668.8730078740977,704.2859084557728,17.023134829477602,48.953812676698945
309.02084396476806,309.02521988872377,309.0352582612394,309.0581795177579,309.1100982176224,309.22608821355345,309.47923355587443,310.01071372855887,311.0593645267126,312.9421857880375,315.90320566260584,319.8404487641742,324.1777583738156,328.1395012924232,331.1845240451414,333.1795996192557,334.2961305166512,334.8267473635496,335.03841991400435,335.106567821731,309.01748353868595,338.3252856165686,335.1044414069836,10.131544987903824,23.90970533668504
30.26071855701311,30.299099298775246,30.38621600417066,30.58154628968726,31.010537696185885,31.921062678656735,33.75162204263915,37.145845490286874,42.78496479583195,51.00952470045914,61.538652248345386,73.58570496764997,86.0323372191861,97.27132711797645,105.02619303080932,106.70936003581745,100.61974077859134,87.52969439278905,71.21232888058057,56.664571284793624,30.231002715953224,194.8221755412735,37.90009269935016,5.898359784344734,30.126145956610628
66.06338882432827,66.06260910440905,66.06081593739478,66.05670369582603,66.04731951640605,66.0260885493361,65.9787752494731,65.87609968267839,65.66351199583644,65.25913871405979,64.60465829040719,63.87298692828614,63.912355726822405,66.62234878026031,74.4167134470838,88.67119495476447,108.9454496641504,134.02566683044714,163.00349322687765,195.14092854347007,66.06398644924936,27.397643959614143,428.6590858969829,17.350828466593143,10.049576944533486
10.352225250497009,10.352837177200053,10.354247202315637,10.357491826415833,10.364940452995764,10.381970287700588,10.420632078464426,10.507354065617982,10.697995087695018,11.103533628834779,11.923272419557739,13.462741152373473,16.092937497617957,20.14509450746521,25.8434822939247,33.373833443464044,42.999274863581114,55.08283246124039,70.02484576866387,88.18496154798734,10.35175692620948,47.0175437191739,393.56971415511134,16.944303458452165,8.639795365570363
353.7210311002942,353.7094091806228,353.6826280297284,353.62099586421294,353.47948597518285,353.1558710239175,352.4209229079501,350.771679973617,347.1457615528254,339.44454143764693,323.99102763404386,295.65399909673573,250.2846176593598,190.29030458297504,128.65336839817255,82.64846282967835,59.91586389292701,54.03863990914164,54.66653978722832,56.317728564937056,353.72992529426995,17.037596733395908,60.27332918719569,19.973580785226403,11.244359515083671
20.320632860634372,20.32124821032159,20.322666298043565,20.325930174475033,20.333425768295335,20.350573808911992,20.38954526389971,20.477112998607634,20.670125640749283,21.082212473854966,21.918401414865805,23.490285091626227,26.15174633042505,30.132711395905766,35.422144165884106,41.90207785893662,49.59753599706609,58.716981671048885,69.44488056350579,81.69331236601934,20.320161961168175,70.08106048915653,173.51501093220173,18.72511486585181,49.07941498558564
13.783397554408495,13.786473108295223,13.793456964251073,13.809126671530622,13.843576791734243,13.916796643944334,14.064180936913603,14.337280557364016,14.787961202417153,15.432655904651842,16.23081301888653,17.127329977866623,18.144901988467595,19.466805276580523,21.48746029986112,24.80498282701663,30.083069903560354,37.806214553403336,48.1852344290931,61.35373514741617,13.781017149982283,18.879697637477413,381.4836662684642,6.142010893146349,44.47275485630531
211.78700424142866,211.16109779111088,209.76699514013936,206.74042079836656,200.4445658025306,188.22230169806187,166.89764965776487,135.03431148752313,96.4106948183229,60.45868614398594,36.24675132493081,25.652634795788657,24.33404467836513,27.93122237760477,34.74018338415755,44.420400826804666,56.99135109610978,72.72882038307293,92.04487590905912,115.3006216717461,212.2787464950624,16.73746202864725,462.4433832608494,4.350771220153441,22.327778944623383
127.16417795900982,127.16224146135161,127.15778789628666,127.14757409643424,127.12426301109537,127.07150407297141,126.95380571420978,126.69758814797429,126.1621455705738,125.1147318429578,123.26510888280738,120.45338159760787,116.98687288512804,113.84195140778513,112.44262465016877,114.23039077076405,120.32438643150113,131.079414561209,145.59618947573904,161.95104916378378,127.16566219271026,100.35344784923299,235.6816832328721,13.401047962515849,49.61801626534663
997.2848567485752,997.2111349759737,997.0414836821128,996.6519836152332,995.7613489070786,993.7390574141381,989.2024249443886,979.2334407199412,958.0748311642129,915.6499868242361,837.8683195017388,713.018835248711,546.1764166541736,369.3783024685789,226.07836365072205,137.12358258162953,89.45612392167868,60.23538253842946,39.14465284089306,25.74056794011551,997.3413341233381,107.87450236097102,15.502372705737445,14.829022680405648,48.87987575439628
43.741195442487346,44.23655249999606,45.229513023877224,47.05778010765921,50.046455445786684,54.257810639947905,59.31475485051595,64.5622163227619,69.40965926733908,73.49699213163329,76.66887810920244,78.9043888644849,80.24462441389298,80.72623212722175,80.36069662977644,79.20484370450677,77.48322949654671,75.59727035606588,73.94151139530652,72.71415325626634,43.316441866619755,83.64072173314172,70.72188856890634,1.9769639365816578,34.26869269872535
50.89743815535033,50.900581653005624,50.907822885942224,50.924477197485785,50.962675959789976,51.04987397687985,51.24730007402349,51.68808646909508,52.64938473406654,54.66709674569599,58.65707398014231,65.89592420234641,77.64884482073015,94.55363156388546,116.4348672009492,142.80589735592287,173.2323927058648,207.13236400121292,243.50327913164247,280.8700182655916,50.89503180962933,375.7748838744251,461.5727385479102,16.603384945359064,21.999967905914247
43.97186726301791,43.98288768138359,44.00818835399645,44.06603805946851,44.19738561916093,44.492045819971466,45.13978916873575,46.51682553827854,49.29302998619578,54.46581375962222,63.13409407436416,75.97521674578903,92.89872868797696,113.3570184149589,136.84241417882336,162.95013666035737,191.21802797705058,221.01279545445038,251.42637535042113,281.22094126767325,43.96340935098576,314.5151422892633,400.66265788265275,10.333891481435957,44.86548893774255
19.487351566348824,19.597618189476574,19.843208222728297,20.376704767135653,21.489782487877875,23.672803176209552,27.59712365922718,33.93138903069374,43.08876121956297,55.215446030723655,70.41136384318777,88.73600786966514,109.85579910916451,132.5179730481498,153.98445982232985,169.72154254458994,173.97993818140174,161.91871270669827,133.09882724060193,94.21793350745563,19.400699646652942,572.9774883022982,15.566481718408394,3.916984919037664,27.6243206371501
13.646846478240759,13.646656175936585,13.646220080134544,13.64522611990011,13.642981712125076,13.637993943068121,13.62720306515699,13.604861505574096,13.56168915887119,13.486290304139443,13.37108013203319,13.219568924009828,13.043806778690472,12.8479146072701,12.61372853857722,12.307541158971278,11.910831667355955,11.453690559722965,11.010450464387844,10.650904122075389,13.646992735709023,12.753054122897018,10.023917608735605,9.290016534191,39.18194630202703
11.781065547278908,11.83320872364117,11.949859042234156,12.20512348432375,12.743971729427535,13.819544771647674,15.800221428352494,19.090912657832085,23.99042812108679,30.659814818926115,39.283840851052304,50.206278027800174,63.89317001516313,80.82940471687199,101.42630390008529,125.93476833042008,154.3485729223445,186.29767534895035,220.9602414146995,257.04184199931075,11.74023257912547,201.61145920461797,442.84794614433014,4.192016122979551,9.049459271427404
526.7388807253604,526.7284662723703,526.7044645682039,526.6492167204068,526.5223166505433,526.2319152722442,525.5716001532147,524.0866163925909,520.8088747570987,513.7957830449033,499.5269536420665,472.6732462263571,427.59265371580204,362.90758680608167,287.0102938295207,217.00363559478689,167.60183965296267,140.95520734727603,129.28535468975946,124.43925627920203,526.7468500952816,442.8424245990504,119.64196369326483,16.564797706585626,6.452291716375749
61.515376914225726,61.51919670516791,61.52799057363158,61.54819481466333,61.59445195899366,61.699713580930805,61.936743905362505,62.46102307250516,63.58634112947493,65.88612801296325,70.239067203068,77.59983807109043,88.28113084819665,101.05476879920147,112.94849924953938,120.02314950192775,118.67093194708211,107.34870606165208,88.24355406715055,67.12886481459881,61.51245153658569,298.9476282426713,32.72682835104151,15.294249374237502,26.200573010759065
316.30764125340704,315.9126587769042,315.0233244179197,313.0567489642091,308.83846505422514,300.23239236160083,284.01372982476715,256.87010982121484,218.3255746744872,173.8048279453882,133.02508557800186,103.11210419375385,84.19601509233775,72.45102419283265,64.91028027454908,60.253552373822686,57.602899221439145,56.168312268332215,55.395323104731744,54.971830888233114,316.6153569944126,84.98832611972138,54.42628361562191,5.164595113094014,12.002208388880721
317.63308784878774,316.64901267886916,314.45734322455417,309.69999742849313,299.80644233684376,280.6086726625674,247.13945850616568,197.19256191909574,136.75840564251135,80.5776225359761,42.43909169233115,24.338594071625266,18.289968194201776,16.503398126587058,15.772048401372444,15.37610245412634,15.152028545771259,15.025268182386299,14.953504455642815,14.912884521481033,318.4062772896151,17.291023302108325,14.858148692424853,4.349535935420473,10.41663254978825
441.2211881956264,439.2259302006119,434.84941622179224,425.5884721128183,407.10929779823675,373.4805009595091,320.0769129373815,249.7428449088285,176.69161747328678,119.48556252170471,87.11593423060219,74.87352378031613,73.8445906454541,79.55689683130032,91.96950684456044,112.27914568090245,141.03320341926127,178.10738337423209,223.49235304926714,277.38943436065415,442.8077829733422,62.66329780815312,956.7025129606425,3.607013898021635,33.369911633294876
78.96916219064303,78.96880969256797,78.96799766256146,78.96612993999965,78.96184568504889,78.95206459996157,78.92991674902642,78.88047527386817,78.77278416456916,78.54788718554236,78.11066438528381,77.35801120872053,76.31368599713358,75.42135825645548,75.86594004787204,79.59308916891807,88.8162076468531,105.12493793260357,128.75170581981396,158.83913368997972,78.96943201986377,61.071185906464756,562.5594158663615,19.536317270739595,43.89723002116058
24.245355133367962,24.247319472794707,24.251789052211578,24.26185242155438,24.28410838698849,24.331882463186673,24.429615508705545,24.615384673423527,24.934013008417065,25.416739705811555,26.069270746957255,26.911915401659332,28.076293771122828,29.904715948443638,32.98612882408988,38.041643878025305,45.611070963321055,55.761759568417645,68.17184153354371,82.43018535193102,24.243837147365028,27.643679072837465,205.1860155859164,6.492588051125642,37.266806277467836
135.7850185745339,135.7893303816788,135.79926611545534,135.8221305094893,135.87462429192712,135.99465663803727,136.26720669477618,136.8786607216767,138.22264868236616,141.0778595589002,146.82060038914184,157.45177589401146,174.9989601371101,200.20140243900002,231.62467652442115,266.4405825610171,301.8439567931448,335.5480111218485,365.72846234268434,391.11377900022535,135.78171870829163,126.42050970134947,454.03972261188346,14.50012266311088,3.2757327198700015
12.572470727771666,12.591253156742665,12.633914716893193,12.729682739211,12.940444447429,13.389365411305608,14.29735729314078,15.998228029901252,18.872851699486855,23.186798936904076,28.974700034241124,36.11498547033256,44.4357754019746,53.657936637924415,63.28199149949492,72.57734592046471,80.71581501849901,87.01577819479901,91.18960510549375,93.4420574962147,12.557936257155946,159.63087894072152,93.83916857829877,5.943508451516837,22.09549219111048
327.9787510249883,328.0033207768045,328.0594325680981,328.1865641554428,328.470670503675,329.09076179303975,330.39099853695274,332.9407706990828,337.4203650564357,343.9937645813798,350.98856992859527,353.71406072584773,345.2331685087341,319.9882244902653,278.7711484925889,230.82548868805281,188.99897708062778,161.0776795213811,146.25388667561936,139.3676617809447,327.9598185553174,450.01083377768924,132.5702684703361,8.322020136284957,14.993444551765137
110.61815623813428,110.61466033423363,110.6066269928166,110.58822961362253,110.54634596950196,110.45196863324044,110.24305424236717,109.79451249839629,108.88021261532595,107.17170854526154,104.40539818679737,100.87162690875647,97.95867982475124,97.72084223792893,101.1448945315522,107.1541344911894,113.78883595024185,119.71078040688289,124.42520503524887,127.89924077641524,110.62083734464157,42.608793512631564,134.3353385293665,13.856395267683116,5.171802124130952
10.049984455525895,10.05090474578719,10.053023248530229,10.057889909226715,10.06902950830199,10.094369931554779,10.151407600684921,10.277532459933852,10.54847519314378,11.104935567129198,12.176125689734517,14.073322792101177,17.138365980566572,21.687203266900447,28.003502837344946,36.38538974872487,47.220241760168015,61.02444000238927,78.41086057245111,100.02601913888653,10.049279607512736,26.579957223915184,615.2094465427783,13.279524501342625,10.254096892977097
603.2768536175851,603.2564163420774,603.2093299281295,603.1010029590527,602.8524165928607,602.2844728178509,600.9967568899003,598.1151833484454,591.8097299912082,578.5200716672115,552.1708355147197,504.6840107675508,430.30570492797267,334.07808128836257,236.17243569922357,160.99159209646746,118.5959315766512,100.82500827045249,94.54334461200966,92.11445510958112,603.2924963201747,87.07868872152353,89.57431864625967,18.77529693301045,4.855361224800321
26.939120883056237,26.94129591159668,26.946299556770356,26.957780925664412,26.98400887259211,27.043463038206646,27.176457473892455,27.467310552771597,28.079837377426692,29.29320830008222,31.479081187100583,34.90732144109782,39.35758045658506,43.854870682206865,46.95538584032961,47.43980963134295,44.92535774369369,40.16241520347633,34.774780236128144,30.350564409701292,26.937454209591763,148.4371647059462,24.602147569078426,13.911013174970199,12.27642988816257
15.800433676702074,15.816940082907331,15.853914483054263,15.934994267373982,16.106696735798998,16.45094407689463,17.08811619379621,18.151011332495827,19.73529123278904,21.891840128599924,24.695236965385583,28.268963165348744,32.663934521294806,37.7254537002338,43.12621558910487,48.498257600543916,53.513384729799085,57.913041511572466,61.53521439035337,64.33226720251547,15.787520998209816,25.940020757863707,70.05966696756013,4.346627684288517,8.46521719632067
514.7391973265401,502.2599780715987,477.433021526735,432.4708050789022,361.6184740409459,269.43067242198816,175.5065844397564,104.17429102116847,65.53288305347229,50.95311272170687,46.89538999006669,45.98480976754655,46.14385483923013,46.91864202931663,48.047065493067464,49.249387630867034,50.30721391267684,51.123459738406325,51.69817165456874,52.07725201894823,525.4891730448611,43.731503342960664,52.66442817683701,2.050137780523325,19.153741928098597
33.85539230011577,33.85676684577158,33.85993381231439,33.86722008233817,33.88394190145572,33.92215222862786,34.0088139313506,34.20285751560742,34.62800402570969,35.5266079735439,37.320064635563,40.603075959555305,45.933782568426174,53.388664433436844,62.205476615188324,70.85250823766538,77.30361216026841,79.36546661730293,75.46282249619533,65.83994805300928,33.854340243351984,166.32982656862092,25.750199337096095,17.87894360819397,46.62399780413865
15.836647518958632,15.836701589590925,15.8368259769343,15.837111389745711,15.837763367518876,15.839241280861051,15.842547639220511,15.849782493694919,15.865048437877958,15.895468903930245,15.951172436305633,16.042152264494888,16.171520212906312,16.329752777114166,16.496167871881976,16.647821656844584,16.769474144759382,16.8574007544389,16.916156296393904,16.95329982865256,15.836606085349148,16.39856752832077,17.007985472442314,12.771815869895928,7.854510282061899
506.6955317240476,506.6688339491678,506.607539522805,506.46738520174546,506.1491540233986,505.43526709359,503.8664489938518,500.53568763674076,493.8498338365832,481.55063569168306,461.62705986323283,434.4011699087995,404.14330076528915,377.5018673175806,359.60813069147775,352.08470024250147,354.0699527389869,363.50027683397155,377.3358300004476,392.1274081719875,506.7160211486352,322.5098846120912,436.1317624556888,10.995150010834397,49.84050615291937
12.256369405033565,12.256798530919124,12.257787489443155,12.260063791905377,12.265291834262399,12.277254024075566,12.304446556985965,12.365572220745118,12.500388798956152,12.788490219613184,13.373709328922658,14.474253240009052,16.332502127369455,19.07808319372436,22.600162623793143,26.582506347738573,30.64802144755687,34.444522758040925,37.68259099655822,40.18776889380077,12.256041021356774,63.464363443236905,44.450160952586984,19.02426447554018,29.68932600788446
409.54841519792126,409.4542463540193,409.2382341100688,408.7450472581971,407.62814552086326,405.1338776120064,399.6948252434569,388.2980444642702,365.9187812954406,326.2079995578578,265.5112314022665,189.96638882079029,118.0006133068186,69.64419422718152,51.17334044715756,54.103409103365095,67.7664779083247,87.31358882282683,112.22118482571983,143.25709161475555,409.6207334722935,21.912018570758814,906.2922950449893,10.474151390649988,25.696259660990997
874.4215450241641,874.293943567087,874.0007699969585,873.3295409847084,871.8020698542517,868.3624617191454,860.7553322717612,844.4358169961087,811.1445520958937,748.4758264420896,644.0442211838903,497.6461913941425,334.1698965742373,196.23591919005605,112.59270803092613,77.62004968151223,67.33119623976916,64.57873649570774,63.54409775553688,63.026283993643005,874.5194180205416,57.738397014190966,62.380672028302016,12.110301353293796,8.146525306293773
43.86978070615865,43.86901675632783,43.86725697176806,43.86320967646194,43.85392705748598,43.832738898855254,43.784774857385166,43.6777305588799,43.44451449435442,42.95626423631401,41.997162625815754,40.28601543901223,37.615693852954664,34.085680577125956,30.172467380800143,26.44480619608236,23.241213447382748,20.68509735760162,18.82795188985149,17.63125912469943,43.870365513952194,24.345384886986853,16.090404357700553,17.456747520289383,30.28789597411885
52.161648722449826,52.162546171988296,52.16461013790542,52.16934367713464,52.18014734126302,52.2046002957962,52.2591610454078,52.37799257869203,52.626675445563365,53.11508436268477,53.98717912512717,55.35330332977953,57.17800521141321,59.24468498779158,61.28874688778946,63.16875028816444,64.897741927439,66.54112093753952,68.10025615815606,69.49099954828904,52.16096087142707,65.66572668787263,72.9521351678503,13.029834460749479,46.484930791471676
733.6073612110658,733.3973415018294,732.9161559843797,731.819813194986,729.3458183350518,723.8545048278784,712.0023823219508,687.5827255431666,640.8863431638981,561.2181717343735,445.77529957106043,311.05684342041764,190.65514872526853,111.67219368736289,74.30760270523763,60.28508703201169,54.331176211288835,50.82536117565098,48.608950072289645,47.28683510089138,733.7687962693933,60.67139198160554,45.55383235526246,9.569883503519845,29.260843060567645
83.90154722157128,83.93513231610919,84.01170962709786,84.18473890358754,84.56969661437628,85.40411098146554,87.13697092818595,90.50107225662433,96.41245242183119,105.49119593111759,117.34471886885285,130.33307858069745,142.16672177192095,150.6817892279508,154.4285198138774,153.2720564127191,148.6234517401436,142.7509238827497,137.56193077493637,133.86947498983943,83.87563534428108,207.73363452849708,128.46891219257958,7.093595387187445,18.595078676606363
57.169913642819665,57.16681396222811,57.159681015182485,57.14330519300977,57.10586249993552,57.02085389308613,56.830189022281054,56.41134583317053,55.52282384024122,53.742627927168826,50.48231594806241,45.25624899691789,38.2857207300201,30.935796358184078,25.106974638058617,21.835843519356793,20.696348037407745,20.610630203632404,20.818725154259702,21.03577950136603,57.17228831039696,15.462493728818655,21.48450068509091,14.739162240762337,20.67664215305984
26.882252568040155,26.91323370070524,26.98354957227077,27.14118976444662,27.4873321210588,28.221762762338727,29.697541100570774,32.43214213566968,36.97330418071311,43.60423350218676,52.15651233335697,62.20336017095721,73.39088070154031,85.58297166703741,98.93283039490701,113.96660012325204,131.46542277558206,151.96951943055112,175.1966510416321,199.9681792310855,26.858264418353304,133.458064200224,324.39868491312563,5.891024884562057,41.685914332339735
703.9918499483274,689.9234774439404,662.0575488952162,611.8911910833489,533.3500052484522,431.52149512992474,327.0158539273842,244.92569944836043,196.28453248365167,173.92585852727768,164.99260520285804,161.39646822579175,160.1304246917765,160.44978189869528,162.45179194283344,166.5413718423572,172.9156954927097,181.04750764781772,189.70684454219167,197.62365916162594,716.1594372523557,156.59902657751783,217.71849220769863,1.9989438161380522,47.38495476905151
69.69596333849465,78.11140817344739,92.1095448510651,112.66896234461814,139.45148828753872,171.0562504632798,205.23848424745674,238.37120552882146,265.05424952082944,279.02325344968426,275.67716385942936,255.30223505963679,224.5662466606061,193.7723851327373,170.84671221491854,157.4496899045492,150.75495038982376,147.5190598227209,145.8735376185288,144.9903812169719,60.94940475052644,704.3699197941247,143.86496669281357,1.0877571780232245,3.8500159675249144
229.5246140585522,229.51885522436132,229.50559836982265,229.4751444513491,229.40543755393344,229.2468794017323,228.89008417392046,228.10181846810084,226.4130219805411,222.97112503609713,216.4780100796934,205.51473328440716,189.44929485566152,169.1956165703001,146.39111202546374,121.50333832348119,93.9172163727568,64.96189776474907,39.62596517439786,22.932163256580452,229.52902471508338,133.4553620021375,11.299646948979433,15.125739263225322,42.902976179320724
98.36286740207265,98.36174724230221,98.35916548489136,98.35322199050148,98.33956722588493,98.30830660118396,98.23717114965314,98.07694866612952,97.72215998159493,96.95769795573344,95.37756968843304,92.2978456515328,86.73786417581644,77.6138273120666,64.37582866275073,48.137011433984334,32.22457625455969,20.435178711744044,14.098553283626003,11.62927478614641,98.36372452884834,85.41121123097413,10.255249190293897,15.946344537378387,17.874371203813062
571.7145693956909,571.1232744735381,569.7829894704614,566.7852478364522,560.2312046710675,546.4382738088066,519.1631134959209,470.2374763769798,394.2605817960141,297.5802572936366,202.57059424235547,135.3236317306916,105.1598134752922,100.86816977591417,106.54066239602088,113.67360092380295,119.89118500555048,124.77473144185313,128.35258008322228,130.82020151878214,572.1728410179594,55.7341234370217,134.94469661334006,6.136493975787223,9.708239004076097
354.65645082588867,354.64797511365543,354.62844487473774,354.5835030227146,354.4803290597218,354.2444397024606,353.7089384759969,352.5080694448054,349.87076329642565,344.2782581989846,333.07885826590484,312.5745520830828,279.6844226722771,235.63836645138036,188.5967009174869,150.0052842418226,126.45736821993529,116.2604224584828,113.67770774470773,114.06919597447805,354.66293747224597,98.44211995772311,118.29757648562375,19.342903116152975,48.25183578666338
514.3611954090949,514.3363706298074,514.2791922304225,514.1477141903234,513.8462670151515,513.158606428717,511.60358212818096,508.13968437599715,500.6186647666128,484.9720196315853,454.6024132367152,401.67982473918187,322.9418016461681,228.68188196160725,143.82640335947798,91.65965630691034,75.04350188425877,79.3512064433171,90.47795250468516,102.57670852468272,514.3802005129907,23.72567546401647,154.36377422054753,17.68480106845521,19.97426894954901
15.932544612769597,15.93602833369689,15.944036977290466,15.962391255007837,16.004232147428592,16.098743684413094,16.308930100720772,16.764392260397997,17.710905560069058,19.55614091203761,22.845501022138073,28.09897193541304,35.602612092607224,45.40547937589938,57.48237814934045,71.70497993438306,87.57018620033202,103.91814006350724,118.82266941847786,129.83432773895458,15.929873676528143,418.72202390889424,91.94478523788227,11.723460926824393,49.14292622325653
163.81868631254028,163.78953848366444,163.72279902688408,163.5709046148627,163.2287775471276,162.47173271724472,160.84586494404417,157.52088384606543,151.2251303650262,140.5879796227084,125.1949511500957,106.77451089433097,88.89314372900121,74.81283064035308,65.65437608509919,60.5300540471825,57.891288513591334,56.54426010584331,55.83428949591294,55.44749350049065,163.84110222835926,70.78785804996913,54.95013145352442,8.934766560426867,7.683155992576101
388.62882062131973,388.6680693200659,388.7573992042563,388.9586151117618,389.40388772977195,390.3602558804711,392.31613318376935,396.01839798671404,402.2631217392661,411.237605848836,421.68971186005285,430.7480498829112,434.46377177989973,427.95871072254147,405.00152886331574,359.05505562219275,288.37569071440987,203.2468506081249,125.36107967004557,73.39946139441798,388.59849727609463,473.6240164134961,37.050516716606296,6.772135749788938,43.968044304071036
11.168014598895107,11.16919833472261,11.171922833990486,11.17817976482141,11.192494195101942,11.22502645310987,11.298128149107423,11.459267474383394,11.803359399578708,12.501824179648425,13.8158134695309,16.04383430224754,19.382700634634496,23.815574539406448,29.173492774526025,35.2666209485463,41.898174878121814,48.813158692568315,55.688954305905035,62.17275325668631,11.167107864307793,109.87904788067179,84.5963118249424,14.112408621990735,9.842801607173815
212.2785011095622,206.88207083973637,196.58616792540656,179.05404633231186,153.6213374678445,123.63585102455524,95.98530784569239,76.50724355646449,66.05485615698507,61.73766473626284,60.69632176868339,61.79456526984882,65.15891561097379,71.34503337203915,80.58689761768949,92.31463131743563,105.3635192927523,118.5584409154974,130.9801465555537,141.9509219094834,217.10082888916017,56.68498235042893,172.75457455024426,1.7618051875827425,24.16290546485645
110.62891587829718,110.42284013654928,109.96198753280481,108.95460300058335,106.83490105508278,102.64238008426352,95.10977892185011,83.343497146912,68.11094889006918,52.44180226631742,39.957370029041385,32.1687798061086,27.93833463768675,25.373553697660398,23.414991567865286,21.84832784951628,20.717011223109452,19.99440373718727,19.570624377674875,19.331388609763806,110.79031265366693,26.831985199769374,19.021611544638404,4.5810117572337266,18.518771747040706
15.618821485477904,15.620135140617567,15.623161214821208,15.630120936236638,15.646083831892092,15.68252276374401,15.76502434277484,15.949227435251842,16.35100395378598,17.194711571459756,18.865549948896636,21.908883988419475,26.89703089557668,34.212129949188444,43.99147311223437,56.28192458781284,71.05405291573115,87.93184138146094,105.83823041447019,122.72545568217384,15.61781588101231,784.5842603827163,64.56365720389019,16.37042244762823,48.77202190922464
14.505080361836693,14.507241404130331,14.512213452484966,14.523624689749187,14.549702246027273,14.608856825772934,14.741358939449025,15.031919877595985,15.647353663299262,16.882163268842174,19.17268697933571,23.012883091399864,28.786271513088135,36.71521650945065,47.046001703308,60.21573587722388,76.80332110542668,97.40032031408016,122.51496418483872,152.48322102513757,14.503424550240629,201.06613782611137,553.1184860465236,13.050454245367838,22.59325382515581
72.80204829267356,72.80005125178835,72.79544925743608,72.78485823608277,72.76053950144363,72.70492033657199,72.57858467175528,72.29499931810344,71.67119435151419,70.34499725856932,67.67912948494117,62.77492807170637,54.87697595352736,44.33077282633525,33.36607667489249,25.26568317153656,22.123977911182564,23.669993533157047,28.32761746194779,34.77869764809052,72.80357659678901,11.797711506613705,117.27393632335668,19.877316938950102,48.01796124665284
12.045210207445004,12.045787290550827,12.04711687296394,12.050175764499398,12.05719548091809,12.073234459032353,12.10960519727541,12.191018868468324,12.36930102014333,12.745763386734092,13.495818609975581,14.864779837851312,17.078294073798915,20.1659648863007,23.861406244987847,27.72866532333056,31.354870140231306,34.42530785267081,36.75376242344019,38.31701757096038,12.044768510911862,257.9847337007268,40.13559756249849,18.156793914716598,4.16550779404537
740.4850448230835,735.9912440687169,726.8886250022739,709.9073179757823,681.8314295432202,642.3667181883657,596.759476561459,554.0039995255939,520.9713351971491,498.6866754237792,483.6756827147096,470.8385751645031,454.39500901514504,427.2010168525695,380.90094961547027,309.9054853831938,219.53187176357756,129.94681885193415,64.68300593633114,31.724633657127356,744.300317107584,473.0984090320076,17.179430566492695,2.1366624090286845,42.06596788769292
20.49130595115102,20.49464729330902,20.502329017754636,20.519935625026637,20.560078317404834,20.650778240267336,20.8525814291923,21.290225848483193,22.200949316568337,23.980553996416667,27.165951411261002,32.29272422801218,39.73068752277659,49.7614232701801,62.85732327745798,79.75430237168858,101.24368623836389,127.98947868759532,160.48790119482558,199.01697519468956,20.48874427510985,117.43466303139463,678.4060554195146,11.781514157437144,21.06719847069556
77.59351547421267,77.5457282086564,77.43702508091424,77.19241427055847,76.65208859005533,75.49544242099984,73.14507493633752,68.7521626460221,61.532293886221126,51.70384494587594,41.498527782704336,34.68180934221127,34.16601246117058,40.185903915780315,51.26494556159605,66.41535011318865,85.82937884312432,110.28795639792767,140.69663734004212,177.907460450617,77.6304510840964,13.373169261163302,865.9735807978408,6.902429516540573,11.089447600296984
37.33497299395148,37.337358356919516,37.34285431129164,37.35549913300339,37.38451965932194,37.45083737892819,37.601265667013266,37.938175265887004,38.67676232907899,40.2399749871646,43.37017939063073,49.14665506309582,58.70760536517369,72.66055892597234,90.66220452835113,111.50092972662472,133.0960009034457,152.05707900608175,163.51456115496555,162.08748876827894,37.33314728629558,848.6847331265534,15.437327117691463,17.478757769522446,35.9765069312695
457.1324625363782,457.137556503517,457.14929004987493,457.1762734379304,457.23815103647723,457.3793496333925,457.69880906942603,458.4110007462872,459.95918935705373,463.184577729278,469.44936660105884,480.33238980569433,496.2781693474082,514.4730527142002,528.6949971894313,533.450660620776,528.4308572579184,517.9049199910089,506.8089386768385,498.0101430092182,457.12856293114424,894.9423926735288,483.40296629750344,18.924264674279204,8.092892325964149
390.4524333107571,390.4418665839758,390.41752423923475,390.3615336411984,390.23309301950997,389.93982493913535,389.27558871490834,387.79185860218837,384.55484296597814,377.7651557357407,364.4018750443321,340.56213991726094,303.6606097846768,256.34998524348094,208.0498655492691,169.68825882190467,145.9332848582224,133.89015584709375,128.2695921902175,125.51835250075163,390.46052180975,123.41029434916456,122.17748757129999,18.079509950089758,48.64658329504214
256.79906269417967,256.7351479555941,256.58901613905516,256.2572687164725,255.5132835012846,253.87919463865296,250.4131980651405,243.46816707899066,230.7341331177591,210.2324313522115,182.52591490805438,152.27625120192067,126.10883678294672,107.9391437879095,97.12043327640237,90.91258694666382,87.20769610412293,84.9611458844436,83.62640743552217,82.85104663443255,256.84827071210094,92.44358493453488,81.81024924664949,8.340487687240454,19.35675341948781
60.673389304047284,60.67057498286387,60.664095876935754,60.649209842165654,60.61512852984165,60.53757436955881,60.362943040526474,59.976740741191705,59.14821110543221,57.45755464919461,54.271218661448316,48.941468772209184,41.39234693076787,32.74445461498077,25.010094618813845,19.69647945424608,16.8396228337105,15.530031389880975,14.93535540104235,14.640704120001395,60.67554464047135,15.11842223952445,14.284734422495719,15.817527033573922,23.411498860170852
725.0857118258918,723.0105662588167,718.4138144980665,708.5250267792325,688.2541098986272,649.7686434950436,584.6540377906707,490.7841270770224,380.1059478069449,275.4510788762883,193.54345408778875,133.61072204269328,86.65238221057211,50.07863421178331,26.92584151567746,16.46581698431089,13.188637901719972,12.341637618791765,12.05831193381664,11.923968738598433,726.723120022129,167.66484708658922,11.758501106449437,3.99294348503211,11.879350064624363
894.2482948000343,894.2108254214036,894.1244998027989,893.9259066722708,893.4702097037516,892.4292025770646,890.0693779607761,884.7906070149556,873.2470109177838,848.9452311315737,800.8639603273575,714.5540011615311,580.4007456752514,409.49270292376485,241.1074564269427,120.63057548497181,63.461881586659274,49.84093178888088,53.50934970466119,61.300311176714786,894.2769743570107,27.378424462051154,107.52547074764223,18.787361701163725,48.90525103588915
29.44897076656217,29.154931190862108,28.556537292926304,27.432980644659356,25.561807319260797,22.920080118363536,19.890004524565974,17.155904121954233,15.267117420878906,14.343229097789465,14.206790750143789,14.641075138902663,15.455001057987785,16.444422506814718,17.42003429812469,18.261833831158803,18.923316563938975,19.406214226191032,19.73756296353362,19.953476169666036,29.697566997277782,12.538202725375474,20.286338368357487,2.203241095348604,11.365963572432147
137.1422257735181,137.1553093091016,137.18538989789502,137.2543408802475,137.4115670465057,137.76685840190072,138.55737027049426,140.27059043884626,143.82488054643352,150.6986949982734,162.63548322306835,180.38300672440914,201.7330801953957,220.87980114162926,230.72910527051624,226.58621940615035,208.79432616025173,183.16286999940831,158.15809901558794,139.9112678944681,137.13219557743952,668.1863394673916,118.69646017157847,12.893801577282535,11.689628077257973
399.1738219400613,399.1675910962003,399.1532371270043,399.1202207163227,399.04448081159353,398.8715405108858,398.4798373847685,397.60494119495,395.69695240670245,391.7006886527434,383.8718847777259,370.09897525438265,349.6119912254175,326.1363163026168,309.2464185620854,309.3149855035385,328.9831138041832,361.4770413118137,397.6321906785601,431.5965091388666,399.17859142791815,172.0195538761264,534.9013061575699,19.0280190331099,18.699237236316428
15.176235731762045,15.176507318195574,15.177133306535977,15.178574530168143,15.181886134422943,15.189469397811157,15.206731785458077,15.245630599508916,15.33179350784529,15.517320020116541,15.89924724771399,16.634653667266548,17.92884311892186,19.979937217963442,22.917232540635887,26.785266883884148,31.53303341498066,36.981144392815196,42.84212617487901,48.785166671756656,15.176027926955651,28.30465826603688,75.1074697168741,18.968179384664992,20.15887147392393
347.8621815984075,347.7177315016338,347.3886661465524,346.6462967828231,344.9992054441553,341.4463093666895,334.1307656121149,320.14300723172363,296.22144272459343,261.2078920706975,219.1075188025074,178.4522453365924,146.24037798662272,122.6489409272337,102.66815313050282,82.03094386334607,61.04797272857752,43.505593645285444,32.33532723986002,26.9692760741018,347.9737050519234,120.49066029485124,23.20692190902425,7.093948260115581,33.353210481095296
221.66085806215787,221.649010915323,221.6217424945059,221.5591159256063,221.4158278366915,221.09013475369304,220.35816095767228,218.74448741110953,215.29994918565782,208.32296703773147,195.2980472888892,173.709209321609,143.20331440399133,107.77098978617475,74.91658844509791,51.21109806340522,38.151886162009305,32.552086385921456,30.440709126866665,29.577000128183755,221.66993267198822,74.04905041502738,28.6609911696695,14.716228810740851,10.105905997410309
746.8937864355986,746.7134160386856,746.2996745126941,745.3550707330289,743.2159676763599,738.4393132082495,728.0246467247007,706.2066650383442,663.375728456354,587.3936439291406,471.2320062437977,326.3187940436809,186.79942473652522,88.62997812149013,40.70753658966623,24.735210043182065,20.300271196985022,18.547802624214,17.58679132499151,17.052154623539764,747.032306175567,23.757851207579108,16.39172750102932,10.455306344942198,26.938380709265314
103.8417036671309,103.83733960781295,103.8273368747911,103.80453077350502,103.75300783844554,103.6384372640855,103.39048767611966,102.87796990087544,101.89659016661054,100.23914324333403,97.96895642636319,95.9135188721138,96.04536143993651,101.27771378727925,114.62809994634254,138.08812420387108,171.9382270656304,215.41112749541247,267.91885488553316,329.1561085764471,103.84505712131912,74.7024729059044,976.4045300291381,10.239331640741055,24.941435875511885
69.6771249432293,69.58598791024652,69.3805356193167,68.92528655150993,67.94547368628736,65.93579090757449,62.118773527206855,55.66661950603618,46.417554529314025,35.727736945662166,26.22591516495919,20.06151646881556,17.53277967265585,17.723187383588566,19.907613138134273,23.90383885186975,29.640046909547827,36.95849889981113,45.72554126880908,55.8437021443552,69.74805886827703,13.60352657620148,153.43105182625894,5.331387672240466,32.60523105099439
12.638280623373973,12.639081825282624,12.640928113388755,12.645177136557777,12.65493356029879,12.677247585261583,12.727935641613813,12.841742327281223,13.092287782253845,13.626301481501127,14.70784917999604,16.739437754236416,20.19247953744562,25.431235496002106,32.592046141906565,41.666767073451354,52.592624333602195,65.12738043325582,78.6241287736415,91.8811404024439,12.637667474057656,917.8552629862514,86.69821539889253,18.038352060223268,24.82693631518087
13.20357587444026,13.204764314257305,13.207501522387663,13.213795170276237,13.22822356021242,13.261132829121552,13.335538735580501,13.501272525243289,13.861340215683935,14.612677796216389,16.086277004593338,18.734197539258822,23.001324496559114,29.145635569023305,37.22290526939542,47.24697075708387,59.24617637037007,73.15227349208166,88.68568762002813,105.30633600486735,13.202666014419249,440.9883253560044,197.86430746000073,15.853383903904957,22.55215344842592
188.79651517928417,188.86448233407313,189.01971788735545,189.37150781703136,190.15809838898326,191.87744483295933,195.49739602656342,202.67767136049991,215.70065547699525,236.58281430263293,265.3703765769402,299.07664063524214,332.523670460287,359.70433099514685,374.26686455652145,370.51886250376606,346.4707343931782,307.2483313313861,264.3827831110957,229.36759702821848,188.74414506880612,515.7722920761553,182.86512439026728,7.605799061882163,33.80142052957759
220.6982001031736,220.75797262988044,220.8949350340379,221.20705688664273,221.91167098332298,223.4769472321981,226.8615561655246,233.86488479863203,247.39459852545858,271.0492286929497,307.3106321115512,355.01495303670066,408.5175256173558,458.9440486228341,494.81346099165455,502.11447590209264,467.8494796385413,389.1378968785739,282.2251252966872,179.08409167723462,220.65225858831587,834.0151217410928,55.18545696396213,9.076553582768492,40.98190213697884
102.78874133116025,102.91671518027405,103.20533864918333,103.84546334942908,105.22587537137738,108.06984312616629,113.5282747657053,122.98626139288903,137.335587526381,156.06976304059936,177.2139645564569,198.16695917366445,216.2189329494816,228.34405992542733,231.05501235724793,221.18582225656982,198.11463361316186,166.23181968433465,134.24498834007034,110.0618507643376,102.68916665692726,297.2666481429061,83.06516439193103,5.094407694441308,37.76978445348852
18.294294924910893,18.294588561040126,18.295264697467772,18.29681867551842,18.30037860092105,18.308488019578206,18.32678311424373,18.36738495907095,18.455065318457713,18.636303206496144,18.986957624071884,19.606739525888774,20.5935608740567,22.03232533965895,24.063753770479142,27.007540661380723,31.377935657361977,37.67578240279916,46.09996602310005,56.49996154853086,18.294070077634128,24.955560415515535,179.32876829119755,15.198126203649325,44.94501856965512
35.04285567844529,34.98426916879793,34.85477733419469,34.57727691789406,34.01225241382763,32.95230434960541,31.198459062967725,28.783232067461924,26.240051494617425,24.598410275939695,24.994952868079462,28.26473361975785,34.79909187265215,44.652730567154535,57.88961222405868,74.91169400408808,96.43825325368115,123.3159148167459,156.37716067391526,196.30944169650178,35.08916186435858,16.6513142553565,816.7578533830247,3.9340386724207064,11.488015148222697
38.25387332914437,38.25577234786686,38.26014537443337,38.27019711529244,38.293228562686195,38.345710957131836,38.46417875434319,38.72733076562364,39.29641282323252,40.475011920321464,42.75988675221461,46.797993337590306,53.17306795082752,62.18428438237577,74.00378080953499,89.15482768356102,108.65420804526974,133.54329686955464,164.3014010430001,200.70698242054038,38.25241925700899,114.49399466471951,582.976612125062,15.450374431867472,35.991562584446484
22.447928543604487,22.501272938260605,22.619451845859267,22.87383699656878,23.396426480966294,24.395247604131708,26.116862241859263,28.716999438519338,32.11807112383191,36.046779123169586,40.259353862954924,44.711062458050044,49.53954658097211,54.899143782997385,60.741096921234664,66.73198915106263,72.40435957861123,77.36706198532295,81.40369404112651,84.47181369982624,22.405835117372142,51.923655885863,90.53361293888722,3.801093116226131,15.12462570208028
41.36782739310117,41.36736953159155,41.36632069619513,41.363931976208626,41.358546848891514,41.34662384478947,41.321066227693,41.26944455900644,41.17655702077483,41.04789429731206,40.992772858639576,41.39950418194281,43.081955246173266,47.021777218574755,53.62167546438234,62.31076940435191,72.06892254824734,82.03822639395645,91.58575001260829,100.20091471904782,41.36817937592338,17.97017873283375,126.03158086316492,14.395535733959665,5.356718310889338
91.67732458688121,91.68166108298362,91.69164925156059,91.71461647009372,91.76727528142062,91.8874046598286,92.15908635108137,92.76447724867975,94.08027941781188,96.82583845227249,102.19995792314162,111.77948556636397,126.86751318518529,147.4801924988697,172.0239641239916,198.1468354895671,223.6549389095875,246.78645324142565,266.3034762846233,281.6267470001232,91.67400469601775,366.79414159241355,313.31432951082024,16.48638882815633,23.515550392189137
436.6045393555866,435.2902358367162,432.3628965694952,426.00789071154713,412.7889707327651,387.1291182669061,342.3655799105256,275.4911382517322,194.42660448338984,118.85265505619628,67.4067825084714,43.215446662563465,36.02143085535653,35.50435205629168,37.1973126934069,39.79567944782275,42.64983744235366,45.305970884978194,47.52574511894858,49.23757305899545,437.6371340187711,30.30443158450158,52.6770108292497,4.350755951938225,24.439257892571447
60.8168632997426,60.79946037852588,60.75986510210028,60.67073350218099,60.47373305594532,60.05163399869778,59.19277718114475,57.58530470818842,54.94419122648678,51.38320556029147,47.88022446221577,46.28122237907439,48.54268047034393,55.764874500168645,67.81350156193959,83.83278055911671,103.06910959300896,125.05930844183197,149.2873402287052,174.9465590370473,60.830312119947656,30.328730558375682,318.831643945964,6.963088670121285,15.094607847000114
18.277499855926095,18.284940122496888,18.301952015055033,18.340576149708244,18.42721534321685,18.61761504171899,19.022033723884874,19.835364669239574,21.340704699239716,23.82057434754772,27.349967753599365,31.62373201709525,36.02876803371382,39.8824024522385,42.632947384684414,44.017185830067234,44.16061235649411,43.51055871071264,42.5971036446831,41.78876609724317,18.27177176198636,75.44724807806554,40.35796484338844,8.016183985478403,13.327868605786527
335.9916502155086,336.0093204264667,336.04996160591935,336.1431807868184,336.3559877152952,336.83783325820605,337.91361732446126,340.2589396420982,345.17409624104414,354.8437285888815,372.12268117362026,399.06648323401714,434.20655649802916,470.68474320821093,497.23048964528454,500.72255927568136,469.757327593923,401.50608857889733,309.10220715102747,219.04875170921935,335.97810763282763,724.4471274414658,99.05210413819887,13.216970043475818,43.62426927712189
994.5982145486638,994.5635108177665,994.4835647725176,994.2996792066218,993.8778554195303,992.9147234490453,990.7333630462762,985.8611823807396,975.2338209657966,952.9542396526439,909.1632512812282,831.3184658561547,711.9310619119487,562.4359498280896,418.74058753601423,321.8497261051622,287.9466251712479,302.42353027287913,340.62448542624225,385.9359032018084,994.6247792197402,168.66810648986333,601.9479407487063,18.263556684557198,39.98967141476587
83.52059441483152,83.50326791184526,83.4635388832881,83.37289473605566,83.16786097310244,82.7109054006616,81.71781045667367,79.6481460193281,75.61713140424568,68.54309870768718,57.8604703162336,44.64665749522927,31.824627897779926,22.32175966223089,16.878566231653878,14.192077610654309,12.778187895102818,11.93151544545782,11.421460142691828,11.128575808955077,83.53390463279248,14.531418177410169,10.755017239851183,10.066812032375568,25.72709760966165
65.27289000679094,65.27447354342634,65.27812091769063,65.2865080190649,65.30573847304845,65.34961089377954,65.44883964881973,65.6699725964614,66.15061272609563,67.15319206346909,69.11262089762188,72.58826673398646,77.99251764723402,85.16872716194358,93.27819429716844,101.2549988085558,108.31634225653343,114.08000166637433,118.46754248375615,121.60241431228795,65.27167771031061,136.87833147430436,127.15264731574119,16.895647779621164,7.215540956588596
28.20779327849699,28.208963056659655,28.211659505713968,28.217868345141753,28.232137866484774,28.26482563520924,28.339281527921596,28.507232771091154,28.879872166865468,29.684249940239347,31.34562426942092,34.55486512151594,40.2046941200713,49.09628914797487,61.62152615803846,77.85011023718937,97.90724836354248,122.07244693650621,150.56600828639898,183.32147007427773,28.206898268887045,385.48719638357716,496.21939448317477,19.901660058796487,43.89977678658004
601.7581484742141,601.0856894166784,599.5617400421203,596.1543853242861,588.7090911570232,573.0550924689682,542.1433279916675,486.7999956186135,401.0270786991068,291.9211609043348,183.9869456583791,105.13106632066103,64.77481177157892,51.22846085729839,49.01082555766868,50.290724106127755,52.696762538005714,55.3385004237748,57.718358809112374,59.621770923765666,602.2794070249802,42.53004921380665,63.580401782784996,6.093616991590469,31.10237111325035
753.9050285507643,753.2448469637425,751.7445928671992,748.3743161864564,740.9507732672955,725.1334572481019,693.2250708273302,634.2071097914447,538.4196076207224,409.10195777834457,272.13561017566735,165.4294001617984,109.76942415844417,95.05759689284037,98.47255082685797,105.71169245096394,112.44669031541389,117.90704370582421,122.02392816823033,124.9387824432714,754.4156836222917,48.89695029741039,130.01802470961286,6.629692978616216,10.15039874108996
24.565324256690943,24.561754684111698,24.55358791049873,24.535026319293024,24.49331710308597,24.401399896888975,24.205358545370053,23.809084218181702,23.07301169767043,21.867586151622575,20.2107452748788,18.402649175753616,16.97162681132808,16.447248361275236,17.240476083409327,19.720729203099282,24.250819584409697,31.089018343783014,40.42108577416859,52.58146104782155,24.568071063354473,13.058421692895374,791.7481294842273,8.654712561644963,42.03780281610119
230.48398169592704,230.47136957928637,230.44232939156467,230.3755895401688,230.22271538914092,229.8745477816851,229.0894351961153,227.34889607218085,223.59980800776862,215.90059348045213,201.25203832079026,176.44071105421034,140.82259037466832,99.69163344742267,63.29408949802374,39.611670371039,28.564574712198663,24.722994276918257,23.487388022291867,22.989889402871995,230.49363944553764,24.20150215083012,22.43491834299911,16.42777582870035,14.706162109737793
670.7334430091685,670.6922862064902,670.5975240019659,670.379758231116,669.8810075777419,668.7453662553831,666.1855178539251,660.5144756356568,648.314493863941,623.3179031992255,575.9642918058116,496.42633588806467,384.14629651627956,258.9630326343263,156.5285370783389,102.0171202763529,90.82837011625179,101.48915982470248,118.57227245400452,136.84205669894584,670.7649598888538,19.059469545291496,226.68210082685212,16.475003644587744,13.29230664395096
35.69137212941965,35.70725610576609,35.7436724114878,35.82674006838796,36.01457632599651,36.43305449408162,37.342481156864174,39.24064602944915,42.963049021684085,49.64090948136603,60.33949122007881,75.50822962185765,94.78031447287651,117.15441432537123,140.83322350212057,162.64771402235232,177.82764304771126,180.8268175791789,167.6470949015379,139.16035610653034,35.67916868790577,849.2543347733339,33.82168268654621,9.169183948100908,22.760748475633573
32.08174210869687,32.09983290919386,32.1412366354975,32.23539793931518,32.4472295800912,32.9151029141572,33.91753655044431,35.963608768005514,39.84678582697359,46.52029486157469,56.719158789178664,70.6334933874274,88.06495048573169,108.7938307497646,132.5919817753862,158.99831385794644,187.18034501305013,215.93634394870998,243.82141490455768,269.3800847825908,32.067824627272806,356.10836293780585,349.70245925225464,8.188042270251927,42.086037971875214
26.677887712762796,26.678014152501206,26.678306429402447,26.67898272542844,26.68055024830766,26.684193744434168,26.692701287543795,26.71270431567259,26.7601759464066,26.873924650625426,27.14728698239864,27.792661805481995,29.231796955145917,32.10996543977554,37.04596339669355,44.19937663392355,53.18152272450048,63.424116123908505,74.42159602176864,85.66967307060725,26.677791180128775,10.200267268350428,138.78250562213285,19.887477676595193,3.854926871690461
26.276537810366726,26.541474318087683,27.10772115269639,28.25839503554526,30.42469950942281,34.093244753772645,39.55432936268379,46.68658552205477,55.0763170639411,64.35267724155713,74.39991965125824,85.48104766823566,98.38620384195656,114.40785166160356,134.8468948502779,160.19956413423668,189.78027556198342,222.12908249734116,255.5403813657448,288.2429007765858,26.06130431172955,109.1011390982313,416.7556275200572,2.691798096426011,20.971263380426926
311.52390525410266,310.9180287857001,309.5609987088798,306.5869298496113,300.30227490637935,287.7884043455655,265.08258065692587,229.14924499505207,181.93877265374394,132.7610074639699,93.43840114219807,69.2394317526616,56.37123976743794,48.2095867182274,41.122363630547795,34.79150384474815,30.007687925484106,27.054998969765165,25.49666820225997,24.724148414733122,311.9978499899797,55.34602269183644,23.86013194443257,4.714420720535159,21.682341771919724
90.96288449507782,90.97110725499194,90.99003204977842,91.03349045123882,91.13290048269563,91.35877721459872,91.86613022267687,92.98369840057464,95.36705272008778,100.19358989704399,109.2334461735068,124.43103533061671,146.82385661728335,175.57451877031582,208.15272977390225,241.00737997562493,269.6059779767885,288.66022567132813,293.7737547968238,284.07326792803224,90.95658570779176,529.2109670079556,192.53284891075896,14.117637135794528,49.18338423372354
66.63105786246828,66.62905062376531,66.62451990089684,66.61446001195307,66.59274263505583,66.5480311998794,66.46294205821215,66.32054379289862,66.12844886314905,65.96343649207971,66.0207014969277,66.66439754426086,68.52652556513908,72.67801341257369,80.7329488404887,94.56888524829533,115.54732548871999,143.92333593916698,179.24901624590638,221.0828846382256,66.63261854305051,64.0779791065504,702.5770114837732,5.671636153096114,37.0311318225376
322.37183027779844,321.6218782491357,319.9410452740045,316.25335483124667,308.4475957090604,292.8678765746925,264.5221047660911,219.60294269410062,160.88673573325752,101.20140008732085,57.08114271368311,35.92300685650292,32.12341010584538,36.11242112983365,42.384776264877814,49.234639365166174,56.14002884018049,62.728552496916336,68.66277048254821,73.68986618115107,322.9581706689844,15.688303949837412,86.38986819199563,4.810686955109526,10.898013094519312
84.65449645002906,84.65292017423386,84.64928907883905,84.64093763784422,84.6217819528987,84.57805295662689,84.47904624034463,84.25804249855909,83.77650534374015,82.7690254500673,80.79650609469284,77.31829080762344,72.08236423695186,65.846637144467,60.79904880474143,59.852058623609175,65.1569802498177,77.13878300940142,94.79785718883305,116.87391554424546,84.65570307460375,37.91922172132141,390.94970994434016,18.244492936419164,40.53058905384155
34.04906604892196,34.053357265506435,34.06278963070646,34.08282588442067,34.123095376827614,34.197405528087984,34.318701433892535,34.48745087152292,34.68261902200063,34.86952057866408,35.01922874227762,35.11808475662965,35.161249884273126,35.1406484315188,35.03675076251658,34.82131607858054,34.478220994496674,34.03444438069576,33.56532926376563,33.153729104750575,34.04565902255214,35.340182456339086,32.31890963299557,3.5657238250684853,47.30232166897814
63.69195000818572,63.689882803566256,63.68527019116745,63.675250720880776,63.6545581921665,63.61597116359391,63.559814892945205,63.53870633317597,63.80022999333822,65.09658466418179,69.02141411147102,77.76802845090732,92.9240163011547,114.4979501473311,141.53833636455852,173.21348021507532,208.8540700171392,247.49496734158518,287.67827470670545,327.5302319480587,63.69357069051648,28.143554604540363,493.5624382435027,8.584710750498019,3.685606933263996
21.118356355490366,21.166886759663143,21.276390338664278,21.519466618521907,22.04454571104305,23.130042062727334,25.228415974599518,28.92018215409186,34.70269045766593,42.74193735482831,52.895901104676874,64.97455265653748,78.85978215883055,94.46194965079579,111.74058086677748,130.81777096703894,152.03324257386893,175.73995083078438,201.8354538743875,229.41834268016035,21.080608388257897,189.88938184215687,367.96842029190867,5.0077533812855455,46.034988284774826
503.4013403992607,503.2938721768935,503.0797124020002,502.68915822659244,502.06014386191663,501.1918987720312,500.1693732183615,499.08921809462885,497.916223402178,496.3406114691396,493.59038072313535,488.0529431804766,476.5976614149624,453.78372495485377,412.02182547120805,345.0532081521346,255.89174256971822,162.6103994179627,89.87010264983468,49.70035779644019,503.49393107988334,497.46382876837896,28.531348174670963,1.9601837843510963,43.63632989516402
41.05407243260609,41.2627144702457,41.72144954498463,42.69679894190394,44.662626315121585,48.31916818646205,54.41207630578561,63.30933767389778,74.69102619409396,87.77127593790829,101.75369962157214,116.01209518379011,130.13347458133984,144.0819410904759,158.40249808947453,174.1794132223054,192.46309206932034,213.3491913921874,235.5913567192281,257.25454190021634,40.888432097804944,172.91503716252885,331.0806257860674,3.437571911711283,39.4802410169143
753.3800732662933,753.3601556744502,753.314272509883,753.2087374238753,752.9666519076737,752.4139302132588,751.1621515569891,748.366295302365,742.2669662310315,729.4699823691523,704.2456073835643,659.0109065280872,587.9186692585192,493.11877140322355,387.1632236687909,286.2810147920506,202.31493765072787,141.74708290437047,105.77843184744688,88.76154333060151,753.3953197067368,286.252923944486,76.28611476933824,17.656884636282353,27.31796624348283
308.7488303197303,308.8071275160377,308.9395224674945,309.23661710191226,309.8897909027373,311.2771655862425,314.0617132458598,319.1706366248925,327.35769790121583,338.1699282543247,349.0555039379443,356.1358316851889,356.69134057146266,351.075578739907,342.20975409205255,333.38840881609485,326.52507019245155,321.9446084198344,319.145011753176,317.5039509647507,308.70371481267983,437.5340813874232,315.28675260958823,6.469242644914925,7.656507243479892
29.971833568613302,29.975096718085876,29.982598174770004,29.99978954290732,30.03897694949541,30.12748247269055,30.324248579853666,30.750291226928532,31.633877603040393,33.34757510264219,36.36393105817857,41.04394478605819,47.348171490721285,54.79494917166553,62.74350860737722,70.62961013949833,77.99088271232173,84.45965131722352,89.79915984194676,93.93475001909599,29.969331714089734,101.33276052989322,102.4598803979971,12.070242636976214,20.96488820229876
374.79283917506734,374.8024391419016,374.8245321494079,374.8752599686529,374.99127349782975,375.25476822491066,375.84613709503935,377.14655996249246,379.90939433256085,385.4547038624369,395.61632928435165,411.795439502165,432.58368699051164,451.04352473487035,454.4979343205762,428.4638469760626,364.47168110153245,269.67392625908883,169.30835336703095,92.61466770068051,374.78548506206045,670.3590868359264,31.149430215035725,14.993941136335872,34.542648922162144
111.21723317029841,111.21425124439772,111.20738059872951,111.19157221720852,111.15528840104827,111.0723630106476,110.88423511139796,110.46284312530528,109.53927614357967,107.58784483835204,103.70500159866391,96.67925587296651,85.66011699407048,71.57456020462573,58.10270013458326,50.23155350083639,50.970835762802764,59.786365082189185,74.35030342022989,93.00166573762954,111.21951542545365,23.826511878791838,389.46148652557576,19.25189942694782,36.64814394721344
685.0551865464428,685.0666315585515,685.0929258967244,685.1531212328388,685.2900741927953,685.5983215750963,686.2792691585341,687.7358182463798,690.6835925723225,696.1089662971049,704.5617260037021,714.0047293619779,716.3942428806107,695.9438353685347,633.7003587736035,520.3226420786123,371.07063120624355,225.92132514888476,123.88799115732184,74.0204960419162,685.0464076530407,929.7592973755836,50.59427167887723,13.126247505600402,24.748771406627743
940.2433890328643,940.1947329891156,940.0826654251103,939.8249768610334,939.2341738179982,937.8864909732969,934.8391559793167,928.0518555918076,913.3176562529292,882.673515271196,823.2162091400647,719.6359426534148,565.4722968745357,380.3617868792659,211.66943928064802,102.86157484550483,58.25795673354912,50.03738798477184,52.62598008425107,56.34763965235368,940.2806388622423,15.403366467676053,66.79590349687153,17.635241846017486,15.634462905272741
376.3342175133,376.320642437131,376.2893773325601,376.2174936427888,376.0527155986146,375.676959824611,374.82779538550005,372.9383873852659,368.84442580131497,360.3597572501553,344.01080721880936,315.9339471581996,275.44807827285024,230.44923759609605,197.82648417196452,193.04123596171067,218.22805366091632,264.273186097886,322.3014782242816,388.17336177141925,376.34461071043023,58.28627829476532,911.920712096557,17.787066892050444,16.463377167805536
347.0208179760032,346.988814055181,346.9152129137016,346.7464226340842,346.3612165870015,345.48950264019555,343.5452482211607,339.3145091964683,330.4798055885229,313.22211691570055,282.8228417932829,236.76383117724362,179.86340158909064,125.63448489209853,88.32893501812742,72.5163517637036,72.65349060887127,81.01046385968453,92.66244125915864,105.21786579585978,347.04534786977143,47.17512804988937,163.20207658889078,13.511134599472546,41.820579636113834
11.192684402399713,11.193779367119088,11.196296424276813,11.202064515135364,11.215211551061676,11.244900551707733,11.310896895264957,11.453802249585214,11.750445395592997,12.32789594777669,13.356090981012994,15.001721017768965,17.385409247861194,20.637038537553355,25.02292616066729,30.959666815146676,38.8542528061336,48.956942808166076,61.383673889295196,76.19004684155486,11.191844869692726,27.562320743221612,265.3600993910546,11.70694150242121,25.789043753654866
13.349006450426437,13.852257678743426,14.80728355154925,16.44048668794824,18.894091453679238,22.110634015195473,25.86592384664344,29.918920882868065,34.10885205830009,38.40131274474666,42.98381596211612,48.41682691050767,55.74061302438397,66.343778690699,81.47472195556863,101.73359540390912,127.12437777455065,157.48624729878728,192.5892157622327,231.87952744335405,12.894957449948981,49.722363812951095,537.2797394145199,1.5869639036846115,21.02893929751098
775.957239677921,774.9003140926017,772.5083706376935,767.1729341629351,755.5614168252246,731.3107783774312,683.9399102097987,600.5466016505815,474.48629017098494,319.71098239418126,174.01371122700414,74.98909243543619,29.775365329952024,17.4678362068953,16.799618066772155,19.38545515013834,23.934363478873024,30.464646423465524,39.03171374076453,49.79119892988081,776.7773890296628,12.640418972929783,315.799546557972,5.894639707458692,43.59722394337628
310.57086810304116,310.5939404610935,310.6469219410593,310.76810992027464,311.0434414333566,311.66173063498474,313.02287170696997,315.9213411419763,321.76796858987933,332.6056517136377,350.34983504275476,374.8535432131608,401.8367603901087,422.70754963485035,426.2347532233701,400.9971372180222,340.50477876359633,251.54533526284823,157.29078315576112,85.01771072798749,310.5531637171578,590.7589932562331,27.03022002551399,11.094562341553495,39.404957291590435
31.002641805944926,31.002568706239007,31.002400170289395,31.00201196177499,31.001119202874182,30.999071891495348,30.994399586075556,30.983824385968745,30.960218675060155,30.90870699357525,30.800191373796928,30.582864542606174,30.174569192626276,29.457398729451764,28.27023307327374,26.417898773504803,23.779090518173724,20.538719264321294,17.288743756350975,14.70444771976253,31.00269772665991,28.939605762737102,11.333505689944282,19.211790585533596,36.08081024262192
186.70079872465283,186.71505215778578,186.74773985254956,186.82233908468245,186.9911599061875,187.36771875060444,188.18725796200232,189.89940614619263,193.2477616265072,199.161480824715,208.1638203589499,219.30508411831767,229.4867534716529,234.15369909324016,229.1308977198732,212.93649458468101,188.636807346494,163.03783974777585,142.60714074959034,129.72742974192283,186.68985054137576,307.6022057613704,115.67135882384977,10.046542600717796,23.577547573929003
190.9246456604098,190.91521314333696,190.8934963431874,190.84359570681,190.7293282363831,190.46922550221012,189.88324868736171,188.58633560123536,185.8010733685139,180.11178806596055,169.39452964829775,151.5876830293791,127.01818652541323,101.10653843988602,83.31373510043566,80.74196406673188,93.09929772575911,115.54281627822057,144.51397095485507,178.9796984431091,190.93186917300278,25.297054173010117,597.1966873521221,16.423295053166036,18.779053349697627
143.61702963072133,143.61156327019543,143.59897097994735,143.57000886152716,143.5035779690652,143.3519257189044,143.0085585883356,142.24203199979095,140.5715578076534,137.07482512481624,130.21924244669557,118.08255617743384,99.59301920420234,76.70070946224179,55.17893006531821,41.545002753480176,38.53098170620406,44.42702770822062,56.34533272761868,72.82235227309671,143.62121407216293,19.144966021579783,880.4252632493511,18.154961064975385,46.25108031196162
45.97756884245296,45.7466203948787,45.257280043486304,44.2783706438494,42.48782304243734,39.61447948342081,35.74818382748235,31.558070504842448,28.010002579694905,25.736677639524537,24.738239414357885,24.615595196538237,24.9224158116961,25.343878248779458,25.721899372609553,26.007214012279288,26.202757477034922,26.32867416198848,26.40640046568727,26.45304508752094,46.166409066878956,21.79061134648141,26.518217414515536,2.7100264298567076,7.765310244866448
13.976736849031498,14.090208495390122,14.341017269094932,14.879126536275502,15.98042667866617,18.08184426122527,21.732634940264333,27.430810920071586,35.50247689487184,46.2252912084112,60.032472818554986,77.50806140938315,99.21058752975232,125.40651444560174,155.6360875676081,188.046803238455,218.61682008934793,240.7469659245491,246.1065050725918,227.6741700763249,13.887020236576381,954.2147783991069,14.06421078642411,3.518299538076859,41.708220588355346
144.7067259013187,144.71033185523606,144.718639120209,144.73774815673522,144.78158865731706,144.88170975902494,145.1085608018118,145.61562209530186,146.72323536678724,149.05203912903795,153.65752705142467,161.95441037584288,175.05433480340952,192.49437723107613,211.4171216663937,227.38712075540116,236.3009962707451,236.17708845387463,228.19794229430732,216.1971885189226,144.70396573328802,353.8623922107169,182.7359584937721,17.76132633625001,32.646441332707546
110.75320398381079,110.78831196762819,110.86847431649635,111.05004255380433,111.45565956479832,112.34087929014333,114.19954337597916,117.86854263583496,124.46624297515707,134.88088830617937,148.81297483034808,164.15150104180867,177.39296321431988,184.54085007531108,182.04962698919385,168.49077559603063,146.48349247196361,122.42907603893649,102.90362985641674,90.6922483575409,110.72614649451016,266.37863400761904,78.48479054320563,7.575212635189959,24.447317717610197
21.940469421771752,22.05702521991222,22.316458035789445,22.8793925931778,24.05153692353174,26.342095513457775,30.43255208096098,36.95479092584025,46.17555225894398,57.9141665596246,71.68169717229105,86.58431309507095,100.94614812385862,112.09998225547712,116.76555261166716,112.27176851928331,98.41593404640697,78.75593484491607,59.49327134997124,45.75206225627991,21.848831239668343,391.8713017736228,33.22060693466354,3.9170993804039016,13.824907605594886
483.19951803279605,483.17944958266906,483.1332374032084,483.02701985472373,482.7836660920479,482.2292310851029,480.97822807442225,478.2021275949551,472.213679238124,459.89238394709514,436.4135925480481,396.7057526992492,340.3596126425315,277.67736511508656,227.42644517683703,202.5193045900828,199.65142881240172,206.67891012095225,214.99088041794312,221.7775365768593,483.2148846376966,45.75121070439211,235.55902008828392,17.271782982459047,5.731744012402022
338.86046071961965,338.83203752549645,338.7666509749478,338.61661864107884,338.27390136410804,337.49708620940106,335.7596902396839,331.96131843984415,323.96759779510046,308.15659208810825,279.76753348044394,235.54246927569636,178.7483196413381,121.49790591957,77.92715680979046,53.219576127934374,41.930215676306716,36.421614398703866,32.902376361378856,30.507161391189413,338.8822409734747,41.24116574228198,27.117192766442635,14.089127596606472,45.67023789119522
38.911698271037274,38.91657727908518,38.92778777248719,38.95345712110983,39.01188246020549,39.14349723330004,39.434816682947144,40.06092080014501,41.343637644844335,43.78336627130625,47.95053831098592,54.12927872554581,61.88192786386835,69.96759555624908,76.65305593498874,80.07306364319058,78.76879506272809,72.58558205403337,63.26154980500378,53.76847076243147,38.907956121254344,137.29907481504952,37.989906764162434,11.531426128802131,31.849377471408346
166.21538291206033,166.2156003306185,166.21609818112628,166.2172312250439,166.21978215830927,166.225415429944,166.23742508145557,166.26137388594722,166.30292972617784,166.3523345792545,166.32559060205543,165.90649849390587,164.25024686328098,159.64910799963044,149.51158914871178,131.26232533980308,104.63314518680428,74.0496139098387,47.42067971983677,30.483238377447037,166.2152157218843,176.64149808404525,18.62771498863017,14.177268922147672,34.388017106250715
231.7669811313641,231.68051639206828,231.48274154279684,231.0334224545832,230.0245202658602,227.80412321879058,223.08016065155405,213.57581225743309,196.08122333170343,167.93932977299366,130.58172027291374,92.30081019636759,64.51094568527182,52.600934812351426,52.473910774535966,56.97554419570048,62.048941426150236,66.5198677361509,70.13947558029099,72.88256056491812,231.83352808302325,14.065044335540291,78.2848429806173,8.771667508868864,6.162151214873559
27.864829966138487,27.89132121304546,27.95126889089453,28.08498547392245,28.376098555570945,28.98513887129883,30.181937124393468,32.32646975123827,35.72477393691904,40.396868677412854,46.0088322283443,52.119579750712674,58.49379042851512,65.27481658625638,73.08954540519952,83.04073978778257,96.34897947380452,113.64895131359859,134.5369211922102,157.86784497245878,27.844271245261233,76.19478774718984,306.06426068235504,5.504179462708601,41.82799568599575
123.49269860846378,123.50925996013277,123.54727286668304,123.63415414497688,123.83127765133825,124.272933988098,125.24156209097313,127.29185396928322,131.39100696445607,138.902906381627,151.07152841365365,167.88714353280346,187.1387039186764,204.68317647366675,215.50484497260965,214.89238143641245,200.4533680285217,174.652657551687,144.99955407196592,120.0151613161702,123.47998597401543,331.77478038551163,88.12760479624909,10.484690283022244,31.74653069022273
717.6317690648943,717.5465221267591,717.3506060930557,716.9018315868545,715.8797188105137,713.5747194803358,708.4641190753374,697.4538271328984,674.8352404227568,631.77645514698,558.7744710663084,453.80724094789764,332.27264935394174,224.2904708492128,153.75375140055837,121.19226325149725,111.0765807603799,109.51214241017874,110.25209137799482,111.3576941113107,717.6971412318408,96.29975069951246,114.10773273004018,12.43794230702306,37.40072659029084
13.922444080003341,13.923064521790266,13.92449431099844,13.927784985943319,13.935341590686756,13.9526271046203,13.991902799461885,14.080123108747996,14.274461557458272,14.689000204741196,15.529034953799679,17.105343007260817,19.768664236734068,23.74090951612157,28.980229983827765,35.250986057784175,42.27703002707342,49.767514902508054,57.37585689064325,64.70802673736827,13.921969275321779,107.49168655057463,91.87200160681263,18.512014700513838,25.68831586094437
86.64654085666633,86.9294668285759,87.56364644745176,88.95576082489073,91.90807903496219,97.83586512266288,108.80546102478503,126.97552486662093,153.34140227898055,186.7299226743957,223.92170898282632,259.9151085958158,287.6012875413446,298.41291613775417,285.443639185064,248.34598578656932,196.61147344198304,146.47344542413595,111.09949556065254,92.7222048616842,86.4253345558579,840.2334695436591,79.6439749698847,4.436804176119717,12.411973894677839
15.50135388551689,15.501100126100102,15.500516053585748,15.499174643872209,15.49610560370946,15.48913014867059,15.473456194360708,15.438920790728742,15.36531700837395,15.216901213204181,14.943339869900553,14.505652389558673,13.945165896250495,13.466171507441121,13.440551987886677,14.288137939800993,16.30039094330897,19.51113919688919,23.724569971711233,28.68965365966737,15.501548259106945,10.026197575082858,73.095614588034,15.615609044666208,37.20638925439212
11.596090736653757,11.596559258559072,11.597638850193135,11.600123127453273,11.605826277504534,11.618865361022186,11.648465518552646,11.714845307623023,11.860645679306561,12.16998718624575,12.790570648739049,13.932774743864558,15.791254575969807,18.368241853503562,21.333980196327516,24.115330917703897,26.13459353690684,26.998719286354497,26.641088440669467,25.390642433789488,11.595732165538804,138.0275588661719,20.350086090056184,18.88044941052925,10.033519982920605
179.1392676789818,179.092275321158,178.98473578936148,178.74021455541387,178.1903609785772,176.97714434563497,174.38446683711553,169.12749442231453,159.31898246574332,143.16066230366357,120.77997398554422,95.99054315395108,75.10787380939237,62.78290292760663,59.51239436661419,63.320285008845886,72.21097238662286,84.58067341041256,98.96941145931535,114.19816206022116,179.17542174716345,44.92382474538274,191.92106809086275,8.832913332817427,38.462866510706945
28.932760585638807,28.93551187010876,28.94184755396958,28.956410916588244,28.989781009842996,29.065827245104597,29.237504944199852,29.618929605412504,30.444085919302488,32.15414937621992,35.473037546231964,41.34771474330814,50.62819632912824,63.66057643707437,80.23442997464707,99.79316462527773,121.3070773071071,142.839584212806,161.35320607076602,173.1448073942137,28.930653955450676,648.012981120965,100.09659369842907,15.365769806544204,42.7870491872589
993.5186100493733,992.1001482988113,988.8929287004271,981.7500870752896,966.2459150440403,934.0053436744626,871.4580285503001,762.4762514624848,600.0830928118231,404.3253943542585,223.9989745309705,104.34405250876455,51.023723712155856,36.5956946566987,34.878555598367825,35.39174679346888,36.032068226040224,36.536963513394994,36.8912674686585,37.1238122089145,994.6200779883387,28.04731752444541,37.47872664434356,5.758228647905876,14.617823943669567
146.20315554125145,146.2326716781564,146.30047734966007,146.45568291303667,146.80873711173243,147.60329788694546,149.35932078768354,153.12501851100208,160.8195689460723,175.4333832209212,200.5151757153904,238.58287373375993,289.60666780618624,351.462366334656,421.551360246806,497.2272690777387,575.2913002628288,651.8988758711946,723.0418053063825,785.2787566852766,146.1805134821956,970.6106365936898,956.2163696328631,11.008691395883845,32.673306092704344
524.7519057335463,524.7722730961912,524.819032341686,524.9259450008984,525.1686737939687,525.7130808863618,526.9089887175278,529.4459014970355,534.528403408422,543.832710227552,558.7062546152224,578.24208505193,597.2044914383449,605.696954016497,590.648607009495,538.6308200158048,442.79882880171726,314.31727205988466,185.79567570450484,92.59088744832485,524.7362742811208,734.2888217754737,25.56944224168466,11.042292849906605,41.97617862375259
40.40258057013504,40.40318264156916,40.4045704427794,40.407765870622185,40.41510930988625,40.431929326084116,40.47023446609825,40.55661246284494,40.74816544912428,41.161345673413024,42.013991437683934,43.66044031192586,46.56607702448173,51.19230595240715,57.9393366360446,67.38719526870685,80.66000252605846,99.33203250764308,124.78873354359118,157.78458656979285,40.40211991125643,75.7910781302045,935.9274889047865,19.71588723769655,45.49312691672872
395.22154311901727,395.1550326212239,395.0023101874902,394.65300668173103,393.8595311900038,392.0782099162762,388.1590159969822,379.8238454728767,363.05777008064257,332.1759123367473,282.3124833122199,215.3011140132599,144.27155206139108,87.88084828721867,56.0752103758083,44.13709364101828,41.57546273035399,41.696873510212015,42.26324031397962,42.77966566133705,395.27258110288653,34.53512254841852,43.822802557972174,11.398373982892618,28.917313978976583
102.5683641267121,102.57076568869816,102.57629218056394,102.58898006643489,102.61799092422766,102.68385699371852,102.83158279905422,103.15603202417796,103.84374349407675,105.21779261815281,107.71257484004755,111.60865797390902,116.41017187184109,120.26990077104307,120.4367437559144,114.99406036096116,104.54490825272686,92.15592819809343,81.38135523943966,74.08412766252522,102.56652430118056,187.64653953852874,65.56107186234009,15.234308988995126,18.010396470961055
45.850620586749265,45.84941043988471,45.84662332988896,45.84021533416687,45.82552646908482,45.792030465011344,45.71633196822695,45.547883226660794,45.18274071479233,44.42497349445854,42.9588595663711,40.4111626672523,36.61607136007288,32.007950898926744,27.66304025311984,24.640979638048325,23.220855335113583,22.905978272817986,23.05070666680317,23.283246270771667,45.85154708859302,17.966021860591766,23.846487607211294,17.159896699505794,23.421552251861193
30.689901826366565,32.97907320014604,37.19669645559391,44.18081849069922,54.449076737174586,68.0210267905546,84.67336228134278,104.17014231097531,126.10642718211206,149.59617660181527,172.9944457039164,193.70002297542655,208.26152636416012,213.23714156142586,206.99832812990445,191.5096998373399,172.1487248627474,154.8661139401155,142.88740167192856,135.99170875627598,28.558511848654234,330.12787777662453,128.2219128831683,1.4019642170425763,17.185349952162326
23.013997256352,23.51700038327349,24.558962916128117,26.5766942698822,30.122292089114186,35.615184289143784,42.99163656165944,51.57610700507481,60.22488450373617,67.44079003355913,71.53472200520397,71.16654611539857,66.17852003050766,58.11597116699478,49.687430309034774,43.20403024955998,39.33998920426038,37.41030098636828,36.494286468671355,36.03694744348593,22.59450453107943,204.9961581417682,35.486411250502066,2.233988804988929,4.6368794814881245
145.24745395168503,144.67684976734873,143.4152266719876,140.70988115291357,135.19496155592057,124.82435253633788,107.56694629282865,83.4131974677448,56.4803362367586,33.78332488126871,20.08978440134355,14.635812329850836,13.76142454937687,15.01528899902388,17.85836223043883,22.4503657633212,28.955547586720655,37.540538173386395,48.52594851329596,62.37852863231687,145.6983373871226,11.0521535849418,498.407106754683,3.9525452658882365,31.11518408938063
77.51319616709843,77.51310021058009,77.51287887059993,77.5123686044657,77.51119342798638,77.50849153568605,77.50229755959555,77.48816710137028,77.4561848209094,77.38467563864849,77.22754709495821,76.88986321178308,76.18224408534498,74.74177211651713,71.92980435538225,66.82246746796153,58.582759149450126,47.395398083303334,35.254083455574474,25.151844577191632,77.51326954629013,76.86047117276492,13.918559320083956,16.252292754032098,44.866519268156125
10.521421621248786,10.522720463791737,10.52570793340146,10.532561021034944,10.548208964516451,10.583655931284468,10.662881817755427,10.836067940739136,11.201514272913249,11.933006712590746,13.295791298398559,15.626681713087141,19.281466568509643,24.590346545861486,31.853232791804324,41.39706552009985,53.66478397203388,69.23472133224537,88.76644639771317,112.93072634854447,10.52042621455959,22.761891633737747,642.404208756606,11.440378643201106,9.201899755914086
25.44670699786239,25.45058125433704,25.45949079064865,25.47992205797526,25.526546112310523,25.63204866172187,25.867374955447893,26.379773446657655,27.452512504369622,29.565542047286705,33.37814234797409,39.52624831739498,48.30662454135904,59.60553592201944,73.186333994056,88.90807063627382,106.66938305429521,126.28272364658885,147.36589108170668,169.24998714273255,25.443737432918287,208.91637830896067,281.60064453360064,12.38910936301877,47.75112223580123
97.28386165098844,97.25874987250049,97.20142695903037,97.07165239833147,96.7820019367861,96.15098236060568,94.83084281893841,92.24512388922592,87.67539818747608,80.737609731693,72.22133433911631,64.4327007877269,60.04465935263863,60.192893351104615,63.84422114262713,69.01015333552836,74.19159928193692,78.69375868044993,82.28692203875931,84.96313550399157,97.30321887026462,39.86059932741981,90.04628913081709,7.833659579665608,12.771962848384943
13.05579612372204,13.788528614113634,15.103427389120627,17.196678545305115,20.105488790391643,23.664819756318074,27.620100810354543,31.744358508007675,35.86793967564077,39.90753484274081,43.95256278753116,48.38908367992113,53.99195887084815,61.836576524487,72.88570968566783,87.4431348246872,105.03721895834119,124.82748293168925,145.91083310776102,167.3013510312759,12.357382756395108,50.63198886195735,264.73947020669715,1.3503182546286823,23.080568633884866
194.09627025612207,194.09532912243077,194.09316261514914,194.0881856305513,194.07679363202513,194.0508817192598,193.9925827129097,193.86385918783208,193.58862088007635,193.03110669408485,191.9987090951642,190.34863354652245,188.29861748862027,186.86780796842885,188.0342423565485,194.20142151008548,207.02648896368797,226.17307276571927,249.13869365144922,272.6703616043975,194.09699106028773,166.26782601997883,357.5171435402482,16.399874597536154,36.161879404130616
16.072352473771225,16.095465779510675,16.147896167653837,16.265335131767554,16.52285104455167,17.06819400049028,18.16174710896254,20.18680362761022,23.565946017750534,28.585622572893545,35.297957706960304,43.62058528565424,53.452967481589496,64.65067225967086,76.9475232388576,89.91619429729856,102.98100256165091,115.48293695072252,126.78747316824936,136.40620138862963,16.054448535098278,89.13430612187173,160.9948244933254,5.66575473737958,4.042487247045273
28.044864772176123,28.10029444614061,28.22428452868343,28.495502693614966,29.06727665234382,30.20409119348868,32.27503334310977,35.6240147530777,40.320415394962794,46.021364108363045,52.146597931409936,58.14321112497634,63.56754011784959,68.06120789689636,71.34506138564605,73.24435794508378,73.75429457717566,73.12533954198712,71.84833750761098,70.45944901261024,28.00145778494382,81.24353344116449,67.27607376922701,4.3566726452160704,41.57194604880765
659.639991944056,608.9770583993054,523.381337920381,401.17551488273745,261.7255605560712,141.43306264546572,67.29545478550642,36.50922482329963,28.17312227045136,26.480433029905385,26.116140304332816,26.22177410169843,26.85470047390129,28.370963050781143,31.42128150049257,36.89252051871483,45.641748002086274,58.19742786498921,74.83869588880475,95.96434280490098,710.1880125771721,25.275318567801595,723.0125422120913,1.3393582243284357,46.39819868993338
801.3912328156134,801.3599051202168,801.2877202761651,801.1216219249555,800.7403435107465,799.8687655448712,797.8907600620664,793.4574274566744,783.730442798508,763.1401127050096,722.0410985627359,647.2663789224657,528.8009739565703,374.0666445316208,216.98079697721175,100.7257665743308,43.430655377372545,28.952269007696145,32.436395747127904,41.22009164163387,801.4152091586506,10.570699475541891,335.7674508719197,19.433829878827027,45.48330650325336
873.786444163133,873.7469732273582,873.6560671254425,873.4470603137521,872.9679612396124,871.8754438443517,869.4064478971138,863.9123123467145,852.0026729428969,827.2853030007742,779.4493200324574,696.2435030217049,571.9038918078147,419.3667532115066,270.7486872766882,156.34242509593912,84.018460976494,44.03560022702743,24.8868448095468,17.675500980302786,873.8166635713773,126.08023551409106,14.332180853832023,17.145994758295686,31.463756278832555
169.33987210881824,168.98696659617485,168.20618766961357,166.5299409323261,163.10494574953395,156.63414054738388,145.76050276882944,130.22297001712326,112.12539326374605,95.44772458384715,83.4461839937259,76.73995986583758,74.09694113091004,74.31931240126448,77.03491879203655,82.28472926912546,89.78560398540608,98.6131818358539,107.57841037812335,115.75237072991968,169.61860549657777,68.31360743482874,139.21433366989245,3.918015802636176,37.50896127517522
14.130271077047281,14.135182159583165,14.146454667279421,14.172219897109782,14.230684287952014,14.361709686791343,14.64928286337335,15.259226980552404,16.48549117317918,18.766035489272348,22.5990646786801,28.366690286269428,36.26485149701382,46.47595811029722,59.34924310449349,75.38245965375069,95.11058526420574,118.99255475337051,147.29168288108076,179.95113426579903,14.126501330122492,288.1121239643886,498.83491702621586,9.976904873725275,26.47185757073837
42.13532533975497,42.16277757671227,42.22557973685534,42.368300939839315,42.68897244116108,43.39573738341764,44.904704615439385,47.96754277116079,53.73180485964185,63.52189333312445,78.25261750895874,97.94321775406766,121.90069381643181,149.1237503351783,178.24232682348833,207.31891297497722,234.0168619672893,256.1625013737405,272.44802903826366,282.87006975509496,42.1141990867581,868.7947091437358,292.5829060079093,8.010782512706555,10.390754539184243
27.490423450276804,27.492262563954306,27.49649820143106,27.506236396652273,27.528558501258548,27.579461055697617,27.694509606867076,27.95065409854435,28.506906793041665,29.667898406492256,31.951312287207767,36.09374817121706,42.92479116946401,53.181045692638364,67.45289389635207,86.26753959901951,110.1782447630809,139.8127573108607,175.79487018464883,218.54242554880454,27.489015388438705,84.69242578246069,767.603242535451,14.948780569457444,12.331699912599191
523.2031786748536,522.5022979092026,520.9192098056188,517.3997074234866,509.78279750169975,494.0190258653595,463.6608001107834,411.31331757629516,334.3203461354751,242.73058413152899,159.0922402625216,103.5740294286984,79.2688822808139,75.992008092748,84.29095067200205,100.51591175993906,123.4389644619273,151.97885168385136,185.23450021180963,222.40534157279126,523.747866462913,57.069102942822504,505.17792590684496,5.592292361641488,31.695709372943245
713.3947951874686,713.3711001220983,713.3165015635676,713.1908666545214,712.9024607298243,712.2431395612213,710.7466757184224,707.3920371335295,700.029850326059,684.4404146171294,653.3175876192296,596.7284971846402,507.3673622311592,391.8422200310676,277.7183514191639,199.107833260059,168.6604505685084,171.1336269428707,185.19284388208212,199.93257048449732,713.4129297903316,32.79351869382295,243.13819102342993,19.75893977918573,9.228717787664168
15.299246232155177,15.63236048432938,16.332325139156637,17.719296573838502,20.245016601024403,24.37358241283905,30.381387363768177,38.29786311180236,48.061163515742365,59.59998541319054,72.68731424316972,86.70175998235966,100.38125971887018,111.648813738882,117.78261178152619,116.3146532219831,106.6220370098561,91.17161477259596,74.8584431135048,62.19844882006629,15.024657525263788,223.0439177777889,47.80484291966718,2.353645069965231,24.814669658413
321.7551540546215,321.7398196910434,321.7045048846602,321.623318840742,321.43725094828505,321.01307716457103,320.05498382556897,317.9249378533131,313.31500936433036,303.77418408808694,285.39980926613396,253.71648180196928,207.1210746957127,151.70862870660815,101.12006384121645,67.39919388541807,51.83902499408259,47.15797238602056,46.33741551041089,46.35357488659798,321.7668947272098,37.17447131567577,46.78361263297414,17.06828861229247,26.963451788551428
484.6615273015312,484.6245715830106,484.5396271296752,484.34500172995087,483.90154750880276,482.90082958682194,480.6797810218708,475.8881994028241,466.0331204775868,447.2949330287421,415.8629107697806,372.4378683857228,328.142185886946,302.98921622140676,311.7326196994183,351.7788471343048,409.4095743195711,473.17752270019,537.0915453063699,597.3813178295385,484.68986389930774,78.12301295464927,805.2863230590395,13.365097204636998,7.563145535323972
587.4820843447318,585.4409048867578,580.9308210587042,571.2701204041604,551.6086623548792,514.7168777169286,453.4633219273642,367.77167687843644,271.65961150175315,188.80210494937234,135.31592664143113,108.84240294655376,96.38815177739423,87.19955787119449,76.2217476046535,62.28111176128607,47.1680396793796,34.332120243788836,26.102786900181968,22.104971052362202,589.0958678759732,95.17664278999806,19.198970263324945,3.9011125429869935,35.001628885273846
12.439819046056737,12.442392798071353,12.44829229772353,12.461744522474467,12.49214341335375,12.55978715413735,12.706452636464888,13.011195439140508,13.603319106781015,14.645232184741225,16.248675054778992,18.34724510910164,20.648686721719137,22.730077485432293,24.173516222998458,24.69061961483309,24.257741812083246,23.166889285926054,21.88449465283268,20.79657411031755,12.437841365994862,37.42721653729113,19.03597741833246,9.380471162728401,21.888981055729342
110.59274013506773,110.58402050219149,110.56397391650749,110.51802639483739,110.41326723388742,110.17658620042795,109.65014119285165,108.50967349295877,106.14435206552254,101.56724503223876,93.586209982671,81.5366648351752,66.31387209980656,50.43229718137895,36.510151974614885,25.905009657171775,18.84607314163273,14.892083488184923,13.0574830071469,12.291315659803942,110.59942507003319,36.24704927568639,11.590099884195633,12.67333602416853,19.938464138352863
200.55101633031566,200.28619981978397,199.68752457814298,198.35453852184426,195.46232924391575,189.45164462699339,177.79987764061227,157.51197643715633,127.27132556315186,90.68106733744301,56.539567158164914,33.04508439291365,21.41016898012964,16.92129375956759,14.921425804924695,13.523553650112035,12.438518624596128,11.689080484955042,11.233083105395508,10.976246299340517,200.75667654519899,16.494301986995666,10.655030828000438,5.717590709820563,23.914271503714506
61.40574442334724,61.417733490108496,61.4452741307539,61.50830939699902,61.651680183328075,61.97426350592074,62.68686692551111,64.21364764447388,67.32765732601952,73.21868619019985,83.2415419320966,98.15905494737332,117.3117381697823,138.50004495468835,158.3442837931174,172.44217428645402,176.00524916690284,165.89247633608497,143.30195100916984,114.74802080704109,61.39654723216881,417.4506201346966,56.97381333951165,11.078382412458499,30.488748437225226
11.06096594971285,11.065281880363976,11.075170885059425,11.097704916458452,11.148568409050855,11.261535720947386,11.505733339373315,12.010868886774249,12.986815082606327,14.695958866492443,17.33324019093812,20.87089810254306,25.04385502701838,29.49623347654127,33.886645652351284,37.90342284916625,41.29620663009784,43.93097276729186,45.81383006870075,47.0615699026037,11.057648571333132,107.21776592882296,48.93983702810269,9.004322425981838,6.813795127772012
367.84172749985703,367.86366829125615,367.91410397987596,368.02967826142657,368.29308095955577,368.88777850072637,370.2090072182284,373.0655708343206,378.97023887094866,390.3320281862433,409.94857897578447,438.98160317415875,473.82718068764643,504.4811014341294,516.0573455539719,492.3694172094536,422.6145233318575,312.3381504591621,189.42615712563153,90.884895048413,367.82490484865406,767.023202560102,11.079945935443183,12.42608249341561,38.664515229841186
37.12194402934346,37.12367914430664,37.1276778087067,37.136881358040846,37.15801842901421,37.2063780978625,37.31629597896028,37.56333153471888,38.108044752906,39.27182327478747,41.636243423400245,46.09064888809481,53.65938300167907,65.02899418362422,80.13493120257,98.27512830066604,118.41631314312083,139.14609596843644,158.57202644313432,174.62226430044169,37.12061623682149,375.93362261774365,183.9543666921033,18.65409001315033,49.08823094498109
12.19798549869788,12.254750293002692,12.380697862642126,12.652538818036827,13.213704302421313,14.295738459378848,16.19094099509638,19.13677870506998,23.181665723866104,28.199972830840093,34.04398787051103,40.63113920420031,47.93264941910669,55.944453599160056,64.62763290451537,73.8083403842245,83.11984848512014,92.06192648551945,100.13773432002367,106.97760207553979,12.153244299444523,77.60246597370374,124.15824786817326,3.788121430945397,18.141719860513362
944.65998024423,944.6049281567399,944.478150010362,944.1867207125573,943.5188984655937,941.9968642896782,938.5605050002473,930.9265600110015,914.4267474482546,880.3567726360765,815.0039075430442,703.0955138168811,540.5242055852216,351.4507896436137,185.98721500979627,84.81391989797896,46.88904406274071,42.45071532072643,47.51054378690014,53.78164634616053,944.7021320903993,10.776082625720411,80.35554723325426,17.010437812645726,17.547260610525846
91.57164021748049,92.14495181724891,93.40538004004897,96.08431647695411,101.47705411888847,111.46978142847904,127.94436458459086,151.3472275086303,179.36017207477911,207.03627691070403,228.00914758092608,235.85931235140933,226.31689192139604,200.34676236366175,165.59055739584312,133.14232720402933,110.77236304139299,98.98255020452137,93.77767331753718,91.50248402376833,91.11649504775787,903.8398630252163,89.07455737463354,3.487504930783482,4.482631599986771
770.1437424336506,760.8748361249852,741.2883135917531,702.2993312263094,631.64364087868,520.2686220546937,375.5251837043505,228.82896709720455,119.08459179416786,61.907220429061454,42.56850456917164,39.186657999988824,40.70457833753437,44.60368737180795,50.445291530543386,57.63285120540195,65.37825666359231,73.00200389841825,80.00454458110516,86.03768229187904,777.7376882805721,34.010954985103844,101.88912042325194,2.7233335557094036,22.33544578642904
724.1873698448533,723.4130082646436,721.6598434893083,717.7465567772105,709.2198612859921,691.3750007640356,656.3930042437518,594.434194212308,499.79939371903134,381.539924717341,266.90902423955055,185.71686193137987,148.82253835060692,146.98587930179917,167.2924524931584,202.4962232928325,248.94192189206836,304.28232206812123,366.8989027921099,435.0091568893374,724.7880737597704,101.11742166679139,875.5285320584525,5.917877107510593,26.218171505788984
523.6570818333369,523.6340835104484,523.5811140408564,523.4593224923976,523.1801169721117,522.5433217783846,521.1038033137462,517.8989324734155,510.94596795312816,496.4961317170539,468.47175553485636,419.5768299437233,346.23281231975784,255.99068996260615,168.4015924586161,102.88983275045615,65.19791494686405,47.98519290519255,41.218002725922304,38.59656328638988,523.6746891891645,78.79609753609735,36.22219357368356,17.25403190493975,20.714694505885234
115.25830553954836,115.33567875739327,115.5114259484514,115.90590509291188,116.77347398260031,118.61670027308547,122.3143251745164,129.07542332295577,139.77458695087742,153.34909201777478,165.28143857383313,168.51624242608523,157.20214316165647,130.6793120768574,95.31724659709003,62.104162265512095,39.75366507182345,29.172168296695503,25.56530151412406,24.47897981304014,115.19843579418352,897.540661886686,23.60296647412995,6.726612097683528,3.4913408033523172
60.70110127999255,60.61569951752121,60.425001474620444,60.009201742701265,59.13785313165441,57.425178351254765,54.37500733041404,49.66143357345416,43.62286764698078,37.45811329445765,32.6073860166091,29.86173850181263,29.252417639420123,30.68567822298515,34.40037643303001,40.800832757957906,50.024483361782515,61.83383201318666,75.89119303298168,91.89713608723476,60.768066710405385,25.14009191427455,229.1236245220595,4.445107716551195,34.39101211548174
33.64792202914683,33.64866974833047,33.65039068941635,33.654342827869186,33.663384060035995,33.68393021166394,33.730089307876284,33.83178858341248,34.048678594866516,34.48747366890861,35.30585733550382,36.664157405069204,38.60252243558787,40.93170346879626,43.29363857570118,45.3593766730541,46.959594372302305,48.08168141269558,48.807615274014175,49.24994880178135,33.64734927657009,51.33761258005652,49.85644454869938,14.618283253108578,24.39244463064047
52.88841963084299,53.00778592993613,53.27725015342836,53.875883217320926,55.1707037403186,57.852976907183205,63.05358940414272,72.23847062236814,86.68159034397229,106.80481609287813,132.1516517235621,161.92297001325653,195.05795381151293,229.67706092060868,262.450072853785,288.27915791654254,300.89078379962996,295.1571950755117,270.8120226146596,234.73849869489456,52.79560825270693,507.2773110268628,139.28400666887097,5.062785604281958,45.20438135089677
48.2765362079195,48.05870139079495,47.58435496167606,46.59260123476963,44.651164188393416,41.21855720428478,35.983829728561226,29.44491465070288,23.104646276714718,18.675993101373056,16.98536478082699,17.84345708002095,20.72544431472969,25.178006283623585,30.831099934494294,37.41508608706102,44.72468952362131,52.514853938027265,60.45546968236172,68.1542097725617,48.45075980716134,11.966268823151756,97.54397465478145,3.354823034376678,13.446389298355642
312.03883923912963,312.02654988914435,311.99823661841566,311.93310214310975,311.7836450859656,311.44223003446757,310.66832351022896,308.9372913073363,305.1524633917722,297.18693634130676,281.43642439477355,253.1986958346328,209.4359887789941,154.09135047730325,100.68499134308956,65.057096730469,53.11872509658082,58.628902520428056,72.8140416945223,91.48201878527101,312.0482457040185,18.26011997866865,411.0441282528638,18.80123847448812,31.113540819581345
263.4712551826241,263.4830187869256,263.51008709937287,263.57222495477777,263.71429346562206,264.0369088583125,264.7613570592168,266.3593558344688,269.7892089535789,276.8597743980051,290.6094162300894,315.2170009350368,354.6011015579045,409.7879689801718,477.55591428898686,552.3042488954957,628.5946382505991,701.7948021323164,767.9748891779223,824.2241030785685,263.4622424858194,267.40727589044815,967.4219000930957,7.489226981830835,9.81711445964972
109.22372149424407,109.21797477222539,109.20474543647943,109.17435334145001,109.10478283387984,108.94651765828652,108.59033444154272,107.80337106252819,106.11798138309783,102.68963160370222,96.26469864875783,85.62236069315004,70.78665422914803,54.20321618109054,39.91064627884161,30.635978605999668,26.0697513319555,24.212616230626523,23.458035091026673,23.105146854149638,109.22812277929133,116.5466030171311,22.689502663763857,12.649078960888652,2.6779872068875505
711.7261622157032,705.5704308218644,692.3335648548315,665.2274780771895,613.8975749795885,527.6144098419034,405.23472990216123,266.5978631517718,147.67102730088232,74.08629606028944,42.00416735466422,30.596041455235536,24.744701382310836,20.025652822025677,16.424559927510813,14.204752583415825,13.07322276223465,12.545278403793645,12.291768560286414,12.161369481505744,716.6990105673466,33.81804951228059,11.998319342935389,3.056739388022284,13.531949517422802
35.26253276450393,35.21073830531685,35.09476638402701,34.84073229047477,34.30434817726509,33.23752442459585,31.304451695238328,28.248534297941955,24.233353143206973,20.050667757691734,16.76333872431326,15.022021478247733,14.833572884767047,15.892723586635718,17.863454511013327,20.39444094454028,23.14652964493907,25.861308517140525,28.35852226302898,30.51334754921574,35.30305889438404,11.631078825023891,36.20008784263505,4.66589299337616,20.17380451685689
58.85425813877018,58.7615455741164,58.56441430522242,58.167550413229336,57.43309082342505,56.22817633394996,54.536609853155284,52.54672786272126,50.5775962844413,48.894434596973625,47.610652727518435,46.71562948534566,46.135123181089206,45.778161819059314,45.56594591290654,45.442099343322276,45.37049857078058,45.329296473320426,45.30564554413978,45.292092068402845,58.92986887031353,47.64479703451697,45.27388538548909,2.704894277083773,3.209837462055784
25.365621790388055,25.366912637476144,25.369887636332084,25.376735757230353,25.39246610152703,25.428466900491205,25.51033874199013,25.694518968375736,26.101325899171986,26.973094083034873,28.753867634566628,32.14194887484446,38.00402059013073,47.106671115501015,59.93043140257699,76.88626310104989,98.64973154785363,126.15788139821859,160.4092471136954,202.30870802685885,25.364634016579863,326.0609990058397,958.560505123207,18.641997326089253,26.202529065812897
115.78046358569532,115.77613792361268,115.76618073314535,115.74330889795682,115.69096518566522,115.57193663121039,115.30423901332045,114.71344773978299,113.45051094711653,110.88892497548183,106.10994860929873,98.25322354693344,87.46904593087925,75.91991855143016,67.40183287011517,65.34383615538486,71.12548558423768,84.07256580648466,102.5178505000799,124.9351529351623,115.78377670897845,42.57583146510789,353.0846823719882,15.530377070720323,42.52507316395734
618.0046304403552,617.9722504991798,617.8977010284283,617.726401801403,617.3341424589792,616.4412503269158,614.4296416089845,609.977193454691,600.413514615645,580.8691940972066,544.0025583441326,482.51042248305663,396.7091863902548,303.0717292220672,230.13461910382995,197.52357632555544,200.76746404380577,221.5515111425592,246.1614320718508,269.3057059334333,618.0294273016561,73.9091991474136,341.7835341551357,16.321575847121693,16.806061879892006
721.8732992683952,721.8222813941919,721.704853532259,721.4351582343082,720.8180968778663,719.4155267654478,716.2635510847259,709.316829120202,694.5028359203399,664.5869297227852,609.2153500559581,519.4824783011858,399.3987842003145,275.8534888346129,187.89094578515153,156.62176853380265,171.68598381138816,211.17210070341628,262.7404459137985,323.30609695547304,721.9123774474117,15.441269585425513,973.9538043545408,15.63172364501852,6.477003455567708
205.3235062300164,205.31077357306884,205.28145906196255,205.21410170133413,205.05986470417528,204.70879759579822,203.91794492138058,202.16772833775786,198.4089993133387,190.72872236031512,176.23813053836852,152.0308142236383,118.0690019253498,80.41446116898551,49.76508416113654,33.86693189763449,31.99605025112936,38.389952152045424,48.77655529089864,61.947467759727175,205.33325710195953,11.704660515826127,347.03549653727936,16.185235511522052,30.91569214838949
517.1192037736405,516.9178216516337,516.4570492429067,515.4096734238071,513.0557105759725,507.86679464331934,496.7968813307146,474.42091681469117,432.9107362549352,365.26066435367386,273.4399678361618,175.45113072021064,97.87383169208891,55.047985192442695,39.67835265875277,36.28956984437582,35.778873011696874,35.68277527392388,35.652450989601675,35.641465476560995,517.27415964443,15.695189384111737,35.632614067534405,8.86937291026074,4.037981735748717
78.772991075469,78.76005584746797,78.73043685292843,78.6630210160267,78.51115583269954,78.17506020110424,77.4531256561082,75.97679712509128,73.18402220009678,68.48267713919628,61.75129695475768,53.90348695091355,46.71111087109232,41.71110380161128,39.3666328642428,39.316802149545104,41.011958232208514,43.88807211977627,47.30245428698181,50.66417301786714,78.78293845538654,33.917740429431994,61.01969382865814,9.076950007853823,44.211763207408886
34.75168196715268,34.782183924271244,34.85182656512616,35.009561989581435,35.36194986352537,36.13126820116941,37.748844310637665,40.956567610843415,46.8012669592258,56.34767857776872,70.17375603027068,88.14454116978266,109.63086634836873,133.4955459243166,157.55781610669138,178.14370826168374,190.39212362495394,189.75183154280523,174.5772270235465,148.4568858567823,34.72817338072716,613.0363932681103,71.11184222450596,7.228346693185734,26.12057836808701
68.37172382848185,68.25010524534856,67.98121136328022,67.40456710744738,66.22846766660314,64.01277312865007,60.30542516538672,55.04255875773319,48.9850029024453,43.574637668814134,40.119965921891215,39.206695485509044,40.875236252204594,44.961432150450534,51.0433005250305,58.36769250972141,66.11473482944781,73.6402392584728,80.478638098405,86.30956234463628,68.46783142620342,32.714826854773136,101.24151830570037,3.884232928497794,18.892637265102373
135.33474388919623,135.26596761508222,135.11020451722814,134.76231065157256,134.0034450314174,132.41200920419936,129.27994346632025,123.68913549276984,115.01370365295534,103.81582861399505,92.22641193320494,82.88168037308631,77.35666448674668,75.93254684548195,78.68367589378164,86.33170829917732,99.96095046325357,120.02077110174369,145.82793143478696,176.13834692203736,135.38808292803262,67.11452004626378,444.4518539312827,5.8777134691681585,48.549035783888485
371.8087003995616,372.75566469136356,374.8480563511849,379.3322249684907,388.4781909227144,405.76245035280266,435.0525688969398,478.20591026390156,532.5908397001523,591.606740999572,647.7697493132428,694.5136816356153,725.8742816368634,736.172672839072,721.4180607127537,682.8579317877309,629.8297456906758,576.8128456931062,535.2952476793398,508.45437931967024,371.0599158095687,861.3626814007495,474.5403100293998,3.6999745911812107,27.27008435048066
21.901810113946688,21.935885232326136,22.013322778716415,22.187315225765037,22.570824589038892,23.38983279104461,25.053493082243534,28.191292157793605,33.550540150798206,41.720211277478285,52.934483414800866,67.22759109580818,84.6534557755983,105.1681184858902,128.28277656422662,152.69323279210886,176.00804403885746,194.85954305422138,205.7566771562122,206.65779459434353,21.875452353854598,432.966909096863,147.34123249556484,6.00553697278121,46.62075065634423
17.36165600308304,17.795939671986545,18.68885565260471,20.40078297284709,23.378201816107648,27.9747387061256,34.26086942668243,42.05995681837362,51.1480823139685,61.324642326667544,72.36379303885303,84.02851819296305,96.19208722357325,109.01491418078619,123.03704770266164,138.96126817833897,157.0783766260586,176.7881428340199,196.76008620596863,215.5395239125522,16.99699343343637,134.1914380342907,276.7458450851435,2.118122209316204,30.697089593897772
427.91806902153513,427.3567217960274,426.08613310902865,423.25122273376513,417.07880600605694,404.1778847901557,378.94573064709107,334.4367973837516,266.94485451359435,183.68183451459086,104.724130705699,50.454382842091206,25.345709240362453,18.77459691442874,19.485415813695624,22.807923816272307,27.736253853584515,33.93116010322268,41.126792514294436,49.09700580685035,428.35360961189207,13.647547949458207,105.80006687535956,5.91258638482606,33.820373673772195
17.32404198299651,17.39012300315885,17.538635782223526,17.866130628753822,18.566092412839378,19.990127083006474,22.683905358449046,27.310991380667094,34.44038432868399,44.412866447515036,57.51101487488887,74.19573963887186,95.09355243747021,120.84243590592179,151.94704054320738,188.63402524548957,230.69329169118703,277.32997215600466,327.07856452552704,377.84328723013044,17.272481418881384,748.346723192208,615.8247843351518,4.533513977638474,17.51676244952502
149.87598326424254,150.0777698185981,150.5241397152375,151.4820035816813,153.43645433336746,157.11379270182746,163.21793118399071,171.62232564509975,180.30339716891197,185.18000346691463,181.7076399087295,167.62258165649845,145.20686318371753,120.84373669379681,101.15474205891783,88.90597521620813,82.68983404726649,79.8018247548296,78.41078242100225,77.6893982025347,149.71659772260696,272.9761305127194,76.79130185616387,3.969535117258526,6.999271702537836
998.736264512016,998.4971824349473,997.9489487556076,996.6980143184962,993.8680410209092,987.559453228064,973.8441903200203,945.2470306225223,889.5238362818484,791.753402602981,644.5005351408382,464.13406416335636,294.0445849247104,177.6091787089374,125.30094781628827,117.10550578786399,131.0075794715582,156.60929274649754,189.96541195381008,228.8106105375391,998.9199202606442,81.4149654455142,555.985542103074,10.165144087953175,46.273166650208154
14.980364268172515,14.980527028555832,14.980902456096281,14.981767918509343,14.983761004415884,14.988342771686437,14.998843255845854,15.022782346230716,15.076877909085443,15.197347707787555,15.459482066575239,16.010281199268746,17.11198657475456,19.17703402123633,22.74713905058671,28.369525464004006,36.44584033710494,47.27062566595614,61.24883187360689,78.99192895584251,14.98023980153817,16.90590338335937,723.2099214742468,19.002367855850913,17.10643747833744
51.35427201427465,51.3915982009324,51.475289457510584,51.659067460642504,52.0488706279759,52.830776629548595,54.27100643633887,56.62278470508778,59.91940164154435,63.823385045003874,67.76214656300037,71.2320183348736,73.9478484865909,75.79723535417297,76.74594045519635,76.78546887487403,75.96693011515782,74.49966886955126,72.77144677980428,71.18843481678152,51.325096428630964,80.33419935349364,67.97095316576913,4.610859103232337,45.12201842908998
33.32089880736328,34.70553398064904,37.42134430163448,42.29125804576113,50.078708254038645,61.081159462198116,75.03961396201552,91.46528473701662,109.8269830530936,129.37995352718917,148.9256882600627,166.6096080383482,179.69821017682318,184.43067618080704,176.47668675368294,152.97363941432383,116.15841334983224,75.30690596472073,42.42880647186446,23.76929139841768,32.108143952640276,257.36223471541405,13.624210827017317,1.7362752990401598,33.37906268369219
47.647686700136,47.64913540024063,47.65247379168461,47.66015675309788,47.677798107153855,47.71814573406825,47.809795448974924,48.01554095548076,48.468260852700354,49.43164411639828,51.37352438935746,54.97288887397239,60.881752189345455,69.12789644913276,78.49563910449693,86.5042010713727,90.02897168571357,86.32627204544951,74.56021036027362,57.1842827642572,47.646578031746145,204.6061980327839,15.418509913077255,19.047176218401404,37.92869441086858
565.3997129486359,565.097443287862,564.4071764025977,562.8433983628748,559.3490285179643,551.7212120002999,535.7104555541855,504.1823917635487,447.9901824476701,361.52226487812425,252.76578767239567,147.14358793330956,72.47978571134422,36.81373147924535,26.991157739018377,27.129145157343714,29.6689236542785,32.57332294583716,35.30739118897998,37.659817959897396,565.6326444896785,18.747402692322964,43.683953665326044,7.998539119920538,27.784287119687292
39.21801250754313,39.18874644764213,39.122506123436416,38.97471820156458,38.6529456496109,37.9803168691054,36.66386642914577,34.33647167469685,30.78577727198457,26.344685354988737,22.033877384135963,19.057271269822895,18.079596138762827,19.064595593597,21.604430814065342,25.186130033057573,29.327039900393896,33.66215032871831,37.918019479194434,41.86065088696271,39.240720331958684,13.220914126592714,54.67096773945078,5.8364369779183605,20.524221990234313
24.77145995554207,24.773872233510318,24.779397350980524,24.79197946469021,24.82035070266423,24.88326640572389,25.019001813091137,25.29936385521487,25.842391560771137,26.80887231516474,28.37853633265025,30.75478553972752,34.25383850986529,39.37246665401698,46.62032867784923,56.17900404798568,67.78370264234768,80.93995745316,95.09860286614825,109.63478751102879,24.7696052439621,33.40355959344212,179.4339761166098,8.374922856983236,18.57840287213562
116.90767258473282,116.9188191351397,116.9444425247234,117.00316158261013,117.13699817051932,117.43921901597872,118.11089989361753,119.564299037477,122.57448472621988,128.39533250923537,138.57158326473905,154.1145092241092,174.30788363518622,196.27220886352708,215.62927854487043,227.1354463409018,225.27356674138974,206.37502709187135,172.2635028330367,131.9042740492629,116.89912634646238,349.7204927965508,57.244782905510945,12.162870358560971,48.37772601767246
112.81032030777622,115.37678150902917,120.6438847685645,130.70965981445843,148.11785213596062,174.73048995829464,210.5258908549457,253.77048112806312,302.19555121393364,353.3673677061388,404.1950411062972,450.56084380820266,487.3850064417691,509.36132951307695,512.8546825796601,498.61563770814956,472.97908849048383,445.20397099848503,422.5096143377186,407.27759041275897,110.65224463681032,660.077840129873,386.67424704028696,2.1156549513528446,22.596745830524327
251.03531796468573,253.23703725033425,257.9561637601298,267.58713918721384,285.82360045618935,316.89652458127256,363.2924434111385,423.44883350035764,492.1792996084653,563.0243294733394,629.0137189750651,681.5300648581688,709.0655196687694,697.3254431872119,633.4284692040085,516.7668233887983,370.41393959675474,235.9707954410274,146.5833857097643,104.5877828389556,249.25094625329785,940.6408274868676,82.55674895701924,2.7629236284080494,28.976440386217654
17.912758561981697,17.91463750560519,17.918963432945382,17.928903433219684,17.95166503776132,18.003478323073118,18.120227151558066,18.378784742704976,18.935202054796584,20.078815548863574,22.271465882834512,26.090643042028468,32.015585660798074,40.202106202536825,50.5062363752355,62.633851200502576,76.07065184447232,89.873574591789,102.61994965002503,112.65178000532892,17.911319640154115,318.44843621123647,103.5986258578425,14.745195999168443,43.72936769016914
181.0903695277302,181.08999962731926,181.08914805004062,181.08719153678487,181.08271227338147,181.07252029217932,181.0495761803691,180.99887009531443,180.89031330075198,180.67015080539176,180.26274115693153,179.61827167014528,178.85992304360283,178.52441793435125,179.7358004831213,184.09548712481578,193.1645954627507,207.5295645533041,226.0021672865963,246.01838332345466,181.0906528152599,167.8335027287492,322.95394269661193,17.00664502760068,43.71458174129613
11.827138774265674,11.827825483842387,11.829407579158552,11.83304716065405,11.841398487098116,11.860476165229029,11.903723303524208,12.000479095412366,12.212200988584781,12.658902444371284,13.548659008250015,15.17623811442137,17.831717680831115,21.61877409358055,26.33249739061241,31.50797283114362,36.49600975902018,40.48710431759552,42.650139587837856,42.46904150160364,11.826613154069488,129.53305059707247,27.073139408496814,17.346571924853883,33.123088889761334
69.25153333007057,69.2482944399805,69.24084341028464,69.22374639863376,69.18469082408768,69.09616274895401,68.89815677067725,68.46527534045745,67.5545187640057,65.75515763000098,62.53638096338182,57.57587352176872,51.386634356862785,45.59850714231057,42.02806363974948,41.18688328221627,42.10057485762765,43.53036268316398,44.82300288232797,45.80690725454465,69.25401522092838,23.7798141584605,47.648282597505336,14.371776196264266,11.809258170158662
15.425948542316604,15.475428660070007,15.586933054663197,15.833933078302854,16.365738880741457,17.459962635026944,19.563188773735344,23.24768025775221,29.03565672677303,37.23528743428392,48.024754688444965,61.657548072664206,78.46256635036845,98.67256408972185,122.255382435387,148.78373446332256,177.3571782211983,206.62426877380335,234.94783966675828,260.70326413602794,15.387422928401705,597.1143611028072,337.61419569721653,4.796103682504519,16.0309540846396
878.9578859100632,878.5065126427528,877.4793021192133,875.1659685279473,870.048661053985,859.0652849125147,836.6337930223651,794.2873140346976,723.2173118622818,621.8396772247245,503.8730855363993,394.4429329115652,312.3761409673465,258.57937963834274,223.6310493390041,200.26446557416773,185.39554031774594,176.7703603853181,172.06530475355703,169.52884522001443,879.3066431545386,260.8368660448537,166.35812177534913,6.844941223058477,16.358006919993066
13.93089531955891,15.81702517889573,19.00770008187707,23.83429067881582,30.45084288177895,38.95440014120306,49.52064521669959,62.36532837105767,77.62030078626341,95.20758724123633,114.6863926026598,135.0383860624131,154.37095284172858,169.57467078059986,176.19666061488147,169.25638050739414,145.8934409083484,109.16777622876367,69.20298905770545,37.96499772600349,11.99629777490831,286.39388038396055,12.199736488459404,1.0922894177683018,37.015764217327
790.1445307113325,790.0474448731599,789.8247243866479,789.3161512499961,788.1641084339492,785.5900881834036,779.9714999876716,768.1732632696555,744.8932126546729,703.1112141700559,637.487647870477,550.340974462695,453.65772755849935,361.2313012626469,279.4050205962317,209.3592085965613,154.75079537934107,119.67188490279841,101.85576265247857,94.24951231804903,790.2190849088728,325.8412742509114,87.75671971573915,10.234859741656587,22.934548287157057
44.59775628851777,44.6011954182377,44.609102266421864,44.62722601397404,44.668551749727,44.761936168881256,44.96972922889487,45.420254914155265,46.35638782237268,48.17579981192613,51.38060895792539,56.32905541172349,62.86776837091301,70.22402566406747,77.31790823947841,83.09708752213574,86.68824704489421,87.6137284839622,86.10030739147373,83.10736465896525,44.5951197253484,110.51683228951156,72.82859208230833,12.365189720774719,45.10976386405254
974.8689035218454,971.7979611241258,964.950803274379,950.0597924630293,918.9961044618233,858.4296881133798,752.1093090095892,592.0473231957592,396.61284655300767,213.9932215202183,91.17187103737706,36.17157735127216,22.14599834649914,22.280089740786366,25.66733303291778,29.956935203903186,34.58060085432567,39.21559249476081,43.59821601753197,47.504110123377814,977.2796030688432,14.370986445528724,58.79859454578917,4.43341771956938,18.901782748425617
37.57707161779326,37.574468124967694,37.56849513807517,37.55485443037611,37.52394881198553,37.45487509099876,37.304037907140476,36.98717866397756,36.36213689106186,35.243869665633696,33.509571544731855,31.300107600399286,29.14714752093944,27.82682686832526,28.090338333368834,30.580507070484177,35.85159635083737,44.2301904090139,55.70597800200905,70.15949029543467,37.579070782249815,22.33954190665632,337.40546050059874,10.42948611375548,46.12378794642684
11.633484128722628,11.65059918193076,11.68670649141222,11.758571601186105,11.88969308934485,12.10238564190689,12.403668434077737,12.783908707820974,13.24804234628273,13.865828888404558,14.807524390551244,16.335550276759548,18.71667235056231,22.06590062759957,26.262366479656343,31.043984363753253,36.136930713979226,41.277235086183325,46.19595185833046,50.6408300488654,11.619431673887979,13.613068387199114,64.05413427645912,2.525269087676705,14.611020627912009
937.5715707021221,937.416623322646,937.0606864136847,936.2460213466543,934.3931771255085,930.2248997509411,921.0213914507503,901.3318637794915,861.3488141855697,786.6275719931438,663.4785871046303,493.5895343402041,308.15305191529467,156.77780347446094,69.6021714909134,36.26035910495909,27.947860013371155,26.202232293907286,25.605345274521596,25.298277623698255,937.6904353985356,26.176960337512806,24.902071905377948,11.899172707118472,25.903917958071524
144.53170227947336,144.14847636354594,143.30640754030048,141.51913247959362,137.93424781975827,131.35250244272999,120.74333324597436,106.41628459860574,90.9108524203937,78.01275975801123,70.41679793500685,68.76968564027035,72.89428607245829,83.00943713586264,99.4214351229653,121.7319209314521,148.98497985911328,180.25735870406993,214.64205010589546,250.92524409399473,144.83602407792444,56.68531396436973,450.3236127173379,3.633030477406794,22.56284700039035
239.62500583131202,239.6310526607322,239.64487295417243,239.67622418680207,239.74641364721091,239.89993495028378,240.22199947509733,240.84774341917299,241.89344496356017,243.10919091407962,242.96050880430653,237.4202449800138,220.525308610399,188.96964394077497,147.51299171091193,107.74532819151045,79.70840914191149,65.12254919659236,59.19927872294474,56.95047485462095,239.62034928690963,545.0958562217229,54.845779424978716,11.787166382781303,5.318717360348552
21.905383217263022,21.899689062940265,21.88675043382874,21.857688430554628,21.793686739953994,21.65733446539788,21.382172779499324,20.87219963238095,20.038951328586677,18.89445365126905,17.639379747371994,16.62579790809394,16.215643332518997,16.721808620192455,18.48171723716132,21.88346381615029,27.229425056588525,34.627369941313255,44.118835701783674,55.84193966087068,21.909788045086234,13.749165034388303,285.6023548704236,6.473139405720673,36.73977392920821
13.763955115059355,13.995184905756604,14.491726211328968,15.50923416641216,17.453680184056978,20.83549848243393,26.110062546799362,33.54845086906675,43.34004446848622,55.79047058761927,71.34154073975586,90.46204706355607,113.54104235805605,140.7833929464063,172.09104124737237,206.9459292136322,244.33190924073975,282.74422065270846,320.32813198488395,355.1528849866022,13.576773040984115,531.0013201643545,468.8785833561446,2.68964611795537,3.140312309944953
12.96158186324642,12.964709989949325,12.971899361963874,12.988368847134808,13.025884835877868,13.110517604285098,13.298322192490776,13.703805860798784,14.541550801281316,16.160276132458325,19.009661399187703,23.485702270332197,29.74680575486466,37.700245047640564,47.08906468370786,57.40227954462012,67.63730555187627,76.15967972783508,80.8746131293309,79.90515825259493,12.959183097580201,509.63629091272446,29.47182149601407,11.417193039305584,22.45972175264272
389.98074061082934,389.97147933421354,389.9501374076536,389.90102041320677,389.7882367433906,389.5302782369225,388.9442915790923,387.6287255322515,384.7340118024058,378.5762892222867,366.18292597976614,343.32040521235797,306.2593279590177,255.9591683265011,201.3697311007322,155.61432413862744,126.45623682658425,112.01057643571056,105.85860676722069,103.18368009897887,389.9878280757589,95.01596925615831,100.30479192000178,19.792746850498144,9.20621872396434
458.5551231617113,458.5326031438839,458.48073065222104,458.36144277007486,458.0879029753671,457.4637392208027,456.05165318300584,452.90366425953306,446.0592979954772,431.78777434014034,403.9822147878504,355.2296617625941,281.9795327145399,192.86390917237077,110.26680157787149,56.06590835548076,34.190680396797404,32.20372370458489,37.308621643549316,44.09711782071122,458.5723631505541,12.691106576337129,90.21890239242457,17.84036165472745,33.93027034899782
234.57506739203902,234.4717406671162,234.23577494195135,233.7011711100896,232.50643330102966,229.89791153295693,224.42032533667944,213.6243160296391,194.34477074613235,164.54739323181622,126.7090626616863,89.2254159478365,61.728295411047014,47.914476183583446,44.48683577457885,46.302451200140496,50.05941071181363,54.19676440117365,58.00689043566726,61.19158628025792,234.65468996396942,33.62285320559423,68.73051256581684,7.96504020648196,27.029274087583723
84.0025501104869,83.96181195954959,83.86960570687124,83.66387977070882,83.21590682366373,82.27907722064671,80.44313545111908,77.18490829949391,72.16171071733969,65.70268339149435,58.96272803575813,53.26323160368217,49.20641385350878,46.543497841915844,44.735713170577895,43.42580838902609,42.4787371036527,41.83391240616259,41.42355222054227,41.17492087142112,84.0341594268156,45.06057235136175,40.8282931845482,5.766204941447321,19.522267850468403
20.06680154116267,20.21802383413648,20.55229716638375,21.269513613390416,22.737202885165473,25.53576436664619,30.3865383917021,37.91374183910031,48.449381254563065,62.165227583719386,79.32067989921298,100.2196158265021,124.92642525082135,152.90373224992996,182.58268417305018,210.98745179937774,233.80512208260924,246.4026996240524,245.86785992628896,233.15067422085636,19.947246561016026,554.8921794726348,160.0437738967774,3.5419420862832536,35.30524804203206
447.51135403291204,402.58018109545037,332.2331811022972,241.5504559439062,150.35524488751457,82.3137764977431,46.18065253218401,32.37285252802826,27.46661424475593,24.807401304325424,22.9317891054269,21.689234402118018,20.948097278934654,20.532122121354348,20.302248873268695,20.174389675419263,20.102566557416765,20.061955650037305,20.03897391197495,20.02613666094385,495.8301552147158,29.858730855343623,20.00788528351614,1.163727885541289,4.268016265111285
334.58422159379944,334.5869848716969,334.59330690931836,334.60767345524954,334.6399319819806,334.7108266958134,334.8606255136752,335.1541784273077,335.64421871448116,336.1556070994786,335.5579718162516,330.1862286360197,312.34212134080354,272.6723731941122,209.05625875785682,134.34524573449517,70.64519405713298,32.52978040416588,17.373589654239197,13.50737306618214,334.5820953230009,942.6981701506467,12.295909129982007,15.21334822251796,5.449383960366083
159.39113182586902,165.8631703868937,176.7981844529985,192.8454140104442,212.9834789944514,234.79932750861565,255.7735629269855,274.11047484818346,288.7281050033835,298.9607316901582,304.1460925059837,303.0270784460745,293.13275127757925,270.8615950009396,233.5887732361876,184.01716416400532,132.6170406683291,92.34447210020329,69.04202889935594,58.94686160646367,152.85007276402678,325.2000209173318,52.28881437780922,1.2077597011026109,30.569088902020443
955.2817960418296,948.7853356639175,934.6547729434438,905.169116877608,847.6502306978145,746.5851861600929,594.165814987182,407.41518224718425,231.64695557112702,111.47781915882933,55.168002019353935,37.79171913050402,33.68640092832243,32.02706481813311,30.509730782388942,28.892691569174303,27.342481037937773,26.083050307735448,25.207820554486716,24.665668989828077,960.4820573713221,32.75177529329591,23.9321961875295,3.354591962316784,28.652269755202695
155.91881787499815,155.92272735355536,155.9317347633183,155.95245792686694,156.00001601243264,156.1086845909455,156.35512901239312,156.90686855745219,158.115429004332,160.66871877851503,165.76020950875102,175.06532912925564,190.1337700422326,211.14851793357602,236.11546843569823,261.6299946084622,284.39202110271617,302.09705827770176,313.81792598208654,320.1057535309918,155.91582560151588,384.186123417077,320.7351422546854,17.958288401106657,40.677089520430464
31.24076519873609,31.25825610785048,31.29817641126764,31.388532077316743,31.59015006708028,32.02937769249309,32.949353971744245,34.76087186421781,38.01862025376441,43.21219302110547,50.41524717592335,59.133417049359835,68.52327726710773,77.59010800305106,85.10842275050015,89.54200957601674,89.32085103519805,83.66397581783121,73.59495205954515,62.03151978922291,31.227280631012317,129.3465381695298,39.339054553424134,7.2659222114785464,46.73332972303982
231.1205909267424,231.1530723652295,231.22767751968942,231.39839626179742,231.78653373620438,232.6592163191333,234.58449535663289,238.69933525341358,247.0517732678342,262.7001545062603,288.7892277800583,325.9771229527813,369.49272502952397,408.64069554959076,429.1657623275204,417.32855251983057,366.6955137814912,285.7644872249616,198.20095449763255,129.94468244131235,231.09567100046155,889.5714301999785,68.20639148559643,11.211313893725555,25.38154015598824
16.487013911729218,16.603471658223334,16.844363234927233,17.309214745093524,18.119374523884495,19.352303458843124,20.953754102512622,22.730682347258238,24.458995727244506,25.98904712666535,27.273246569543694,28.36079491268633,29.40400983858017,30.683607064141427,32.63565568069741,35.814272245699364,40.694159051968285,47.36457774746261,55.429750778900825,64.26300807648242,16.389817398207313,29.744316185539944,113.57237852022557,2.280111797527119,46.71017260682669
17.720243652374307,17.759608743694926,17.84399593878509,18.016139151832387,18.34125291120946,18.890485000433827,19.69241595272729,20.68343775337088,21.726185382313595,22.69681243519153,23.55615921022209,24.372463565078508,25.338799062129745,26.817572357404373,29.39337867260719,33.845950996355185,40.93214173128814,51.07047935076814,64.2988564350375,80.5646528442307,17.68835166300158,24.88636650975616,339.34577614715454,2.8417562939969603,45.21334878153965
282.72313933780583,282.68867429197024,282.6094398640582,282.4278372274984,282.0138131096757,281.07853211646716,278.9987905037957,274.4963407071158,265.1739015216038,247.21155382621913,216.23505544209775,170.74552496206186,116.98229823365699,68.83508640299581,38.59832674619523,27.662923875426543,28.87059200348378,35.49776896872049,44.794222235258786,56.229154414021025,282.7495623915151,13.716449668435981,241.93244949909848,13.000942301255039,38.35277277151609
453.2353931029831,453.1381832261006,452.9166507247763,452.4165482055917,451.3057102503369,448.9048091155336,443.94428044927486,434.402939863263,417.9165611797472,393.34781647274554,362.8563601808165,331.7453270621053,304.8262560090943,282.8677415321765,262.8752788200128,241.3813983526274,217.70991333959216,194.72626397563522,176.28364053904068,164.0427843208327,453.3104230418736,273.3387011105836,148.71425182962392,7.126803053053776,35.4691357678366
820.0818454258507,819.8706842555083,819.3870553317962,818.2858222760406,815.8034122999626,810.3032675858841,798.4672747562495,774.1964967573945,728.1166065587827,650.2704630198004,538.7661729602285,409.9733609724997,295.2980162017967,219.61956547349348,184.3165185900117,174.63260802487946,176.70745227198233,183.23914784966757,190.7243338650868,197.4215864842181,820.2442021098441,149.63857406094382,213.1521594571277,9.305432801796213,38.29379886766757
989.1652424857652,988.9695457060774,988.5202651420818,987.4930040769243,985.1607608220029,979.9299095897286,968.4398008786104,944.069915470461,895.272156324836,806.0461470036348,663.6196378635746,475.54530379778873,281.5044544261016,133.9222901685448,56.35109591854405,30.333234159237804,25.306394668828034,24.887096195006848,25.001813206245515,25.133728993094678,989.3154345807098,20.930453974188264,25.39864564783139,11.2493174146234,25.106019068559597
139.02496667422218,139.0054467674282,138.96059950682857,138.8579249882347,138.62429331422578,138.09826369110885,136.9351468086936,134.44088436744232,129.35596311658003,119.79417104683978,103.88897074588655,81.66557807334851,57.03502811207423,36.72216643100022,25.487347682730217,22.851145054669573,25.186369715245775,29.49968458476441,34.472490946467985,39.62392527161394,139.03993914205847,12.53568571922276,64.35064624081042,12.076586979245656,30.08918486263821
206.38189620568053,206.3841766399538,206.38942720872762,206.40149291801373,206.4291262831075,206.4920438252533,206.633857759731,206.94801527621286,207.62391221545687,209.0095875157143,211.6403107315312,216.08652130134323,222.45497371435766,229.73592588662342,235.73287364216708,237.98447240211078,235.09997105188683,227.68018593753607,218.1183816678678,209.15713538159926,206.3801498896439,275.6970112071157,191.90858650999465,16.014619952399265,31.988510464860397
118.87356898251554,118.89830332306775,118.9544359607764,119.08024761151678,119.35631293835846,119.94094133201781,121.10949588120097,123.24388122373462,126.65764926074186,131.19672396019237,135.85575635059172,138.78873601209864,137.60569690011346,129.68770954029324,113.06735300110995,88.49165233540246,61.10299834191784,38.37989049415782,24.755572719366697,18.958471736323943,118.8544167197233,163.07705418366623,15.936271993889665,6.1899742737848795,27.315189471590298
557.1182392806187,557.0729678903267,556.96888299586,556.7302951569746,556.1862317940123,554.9566563876612,552.2200780432587,546.2842769164445,533.9403205434181,509.91062791449804,467.4560882580397,401.59771961800266,314.26910050929973,217.02421091335327,128.0920288110084,64.38355296776274,31.128741269668467,19.322522142955222,16.42295146707704,15.731322074615605,557.1529454468307,228.08835475897686,15.164083142790266,12.253224058443683,12.64342340658075
293.7947031724132,293.80426409266477,293.82622708000343,293.8764961271204,293.99082610324626,294.24801921562545,294.81578593156536,296.02956463127475,298.48853258701575,303.04990544661644,310.3969999175687,319.81949165005204,327.68000427732085,327.4902500845032,313.11340167425055,283.6083142407904,245.59742377400715,209.80604179700435,183.9900822994756,169.0841000937008,293.7873687562134,451.73288268719375,153.78449299576346,12.235889585282486,18.252389274119075
78.08530285069067,78.1015317971571,78.13880623141267,78.2240971952264,78.41799722740139,78.8539258597112,79.81564621399579,81.87180595768808,86.05211908298033,93.92626227194206,107.26172104729228,127.07042517884588,152.69495808432933,181.96153442737693,212.0116180685744,239.76885772220194,262.3303708016039,277.7589222103287,285.84480006910826,288.15579114423576,78.07285162210144,534.8311670305608,279.6666382200759,10.875319534221019,19.675154539921806
12.612568755412353,12.614231061986688,12.618031753894822,12.626660448406025,12.646013714762343,12.68853539224087,12.778810432087834,12.960168509156542,13.29502112345615,13.843819354140352,14.617528214089425,15.54310710861449,16.497521092697536,17.385105127110624,18.181206039140825,18.92531240354493,19.685035432238806,20.502078549991552,21.35006616167815,22.148782991601312,12.611288956185273,19.320341680574828,24.32486166249801,8.09428732191482,47.31889505966118
102.36935054178242,102.32753099726177,102.23216250877016,102.01661836717503,101.53690314313525,100.49674152457919,98.33697497289927,94.15386401717353,86.86859748294961,75.96207911334653,62.55877201454443,49.51957913073776,39.617682060864,33.525132926506274,29.93659981466986,27.2346865500664,24.59065366074293,21.99370847822165,19.8046334726169,18.27493733210497,102.40161114793924,29.490377134711682,16.274223458550424,7.427804967456317,41.15507050645073
58.812715261773135,59.28276066314006,60.306537625483614,62.45057075481376,66.67402541237921,74.28617527267959,86.50818439016703,103.76550762571904,125.46083016924877,150.53456214640102,177.95015824125062,206.64704880076275,235.45776381882717,263.257861434019,289.20456439482547,312.8405709721876,333.93200988881927,352.2012252940606,367.29475992820176,379.02442167516494,58.436687091678124,350.7612523838038,403.0973585244704,3.1055946242753785,31.215668126085617
828.2830528958236,828.2497859070007,828.1731448235203,827.9968417286759,827.5923344631489,826.6684339640452,824.5747250991753,819.8936977810275,809.6661192777425,788.1643322581091,745.7078185801109,669.6831743280761,551.7419999122649,401.18973175963157,250.61541956466897,136.83281285574287,71.94012476329146,41.07277651560753,25.953349171785362,18.23825206272761,828.3085165622704,63.72005614681928,12.644107455107696,18.542751114899694,44.41598151547918
110.73467878855888,110.73493003542217,110.73550728883819,110.73682886685762,110.73983576445181,110.74660269662806,110.76153915598441,110.79338175029672,110.8570569692218,110.96936237161874,111.11681357967416,111.14516617740928,110.51634207207024,108.01644130777247,101.8146704767201,90.40233311734792,74.28341093284794,56.844734469194336,42.57490925626142,33.81114082695258,110.73448607760002,127.20560290372191,26.514424526217695,16.56956435534811,25.932801842822066
11.689087805514271,11.689967948636328,11.691995667035552,11.696660302933015,11.707363357534835,11.731812117341564,11.787231623434533,11.91121632633774,12.182562153002728,12.755549703000788,13.900322401202684,16.013405580352007,19.543099234227046,24.85437397957675,32.206177613973495,41.91056879321429,54.46036569722381,70.51248734730544,90.83427257200609,116.25532226162817,11.688414121394805,232.28967849929052,796.1456739555165,16.753859316569255,15.30551073010591
12.786178999469412,12.789657054860413,12.79764951638197,12.815954181324027,12.85763287805083,12.951589580470234,13.159844123081106,13.608687806390066,14.533792727122638,16.3169303788263,19.454641613243098,24.418175847646925,31.526054826252683,41.033820457098145,53.34364487965864,69.06081140417035,88.9187919327169,113.7037560290306,144.1770718735035,180.96260920084757,12.783511600066829,759.8061860228446,748.3856470312115,11.115891074544518,32.83123576023368
84.09040627109883,83.98193648924871,83.74943102099836,83.27514328963146,82.3789789462478,80.86151638090693,78.6260398033062,75.77766809245979,72.48777042975573,68.63896650052422,63.618217025980584,56.609510870600815,47.429629273288825,37.324931039685424,28.562193002993467,22.746112635454374,19.758654602906276,18.467480350666875,17.913655251739243,17.64846786597242,84.17829430094889,69.1083834367852,17.333923352404888,2.8383050688608242,13.171143040456998
471.2170294774298,471.13145832720863,470.9349708099893,470.4855779907612,469.46477798260827,467.17327644109025,462.1322392459661,451.41380360944027,429.86450625416114,390.2138373000306,326.33728095117203,240.91938202539484,151.34242555306815,81.79238711148315,44.254708413188894,31.20539123071842,28.533817936922333,28.25497548673468,28.276688816872763,28.318356637930037,471.2826945581037,19.573324737860474,28.405164180984578,11.423667127121943,12.326298467757171
21.205774419937057,21.20837180066947,21.214346258202816,21.228052086246905,21.259349398346785,21.33024992295708,21.48869430203056,21.834748998030314,22.562648911463334,24.00576886086077,26.62850086398389,30.874671456936227,36.89013256018545,44.372671924167065,52.697557852115466,61.03658833247685,68.31676492997192,73.30696290711595,75.04185422203406,73.40179269407578,21.203783900212837,133.85434813138875,54.47365826566811,12.897026430968914,45.78585633961646
20.045268994519116,20.046814171149528,20.050373925628687,20.05856250268536,20.077349634861264,20.12025812884986,20.217495484204616,20.434933616716933,20.910417086681058,21.91303295991348,23.911132368207795,27.58320996774046,33.671297002494214,42.721465356033654,55.024714245372024,70.88347937397619,90.80815215147805,115.42587861642035,145.30705801464188,180.8142568056362,20.044086250927112,671.2237574707193,638.2339979977775,16.752664083382154,32.301724030692085
174.58948643678022,175.2934138165456,176.51042822060455,178.33296793456242,180.6271691837193,183.03167363535763,185.16375229235038,186.8191446230238,187.9929495974673,188.79372183048366,189.37078822188664,189.8943033301889,190.58204509770624,191.75597186234847,193.88642926328018,197.51957367378355,202.96781314188027,209.89221947086577,217.2797868110029,224.01011712881348,173.89749056012388,189.85643419424528,240.43135413712815,1.3131618113269834,47.988443799711185
155.419020191625,162.5342710774232,174.72023052326634,192.93463242871866,216.32920901439695,242.39283884156742,268.28405037238514,291.75596318565294,311.1673140976312,325.18875786473905,332.3776845478434,330.5347973291988,316.19518431510676,285.43929114259936,237.44424201345322,179.28096463865194,125.37704106904854,88.1685667188263,69.28544939316723,61.904339620266995,148.3226659692091,365.5372824585116,56.82817093571928,1.2355470644001232,26.467263674069308
103.34531936751196,103.3178866567753,103.25578374547204,103.11717462266057,102.8151579556762,102.18280711010263,100.94069080676583,98.72600267706491,95.27815686433809,90.75097999970225,85.80580480015092,81.18198366061031,77.11253233306877,73.21191529383334,68.90795255250916,64.03608124108419,59.10560601516869,54.92484963418428,51.96170041836526,50.13818888126649,103.36660171698743,74.81325948568478,47.80068368807586,5.746695668384719,27.322153975864772
56.34540604934748,56.39623759966331,56.5122158044391,56.7745796102931,57.35949349947095,58.631953185196444,61.29175669459782,66.51620141890544,75.89389001701235,90.86303642008413,111.7913022650556,137.5022247692216,165.45297355156308,191.6273292719702,210.15187389380037,213.9717045951778,197.53727875201412,161.07371477178117,113.5549268677864,69.79302149175314,56.30620787989942,870.6904201060721,22.17453980411446,7.073645784914652,16.110102604379406
122.07243492640607,122.07216154902562,122.07153248873156,122.07008843806267,122.06678736846568,122.05929628279557,122.04251386981097,122.00575671215093,121.92841655469005,121.7770674760747,121.51896351733497,121.1943330675657,121.10781273435575,122.08650139759294,125.42315148680275,132.07888626849552,141.67782653103515,152.58750443735414,163.05903440335618,172.0223467413597,122.07264436854162,99.6690947896587,193.85675147943948,19.050033640909948,15.690612103705634
242.91372855941023,242.84743739480913,242.69552514868187,242.34928894854897,241.5675283284302,239.83065341891142,236.0760239804624,228.32147642900847,213.4428205913276,187.95925091368548,150.93252713949005,107.8337242753243,69.91501495314057,46.15412194057049,36.238224883438534,33.691154286489564,33.33543093291854,33.34427179907948,33.38626548863991,33.42076952919908,242.9646767066952,11.222262059156954,33.479344439647555,9.810674831935263,3.487749847094454
171.9298461621705,171.93621907743758,171.9508523308328,171.9843201242654,172.06034285125256,172.23101300980738,172.60660010055827,173.40617121899885,175.01991100895648,178.0226028874668,183.00845052420763,190.20105468163624,199.18884640189583,209.28745340911053,220.23807013575635,232.3296603829573,245.72256465126947,259.7546049402126,273.0901340741722,284.51049431027633,171.92495569925055,227.31140001424907,311.50385791104156,10.814915592017233,30.98934391897408
61.95874760981716,61.95355956005293,61.941628401851865,61.914266859084336,61.85182467083457,61.71052337928381,61.39538109849602,60.70965767628648,59.27772846226131,56.48004713305585,51.54752777559294,44.05218024402559,34.71498595456346,25.61243337545217,18.93465441594121,15.382910792796928,14.116107180050882,13.979355342944643,14.26868719729891,14.663459463075988,61.96272409032226,12.092220698639975,15.845418410149147,13.444922559827818,49.78665438011726
10.755473713281171,10.756219929884338,10.757939016086217,10.761893320201727,10.770965137394672,10.79168222664239,10.83862135223613,10.943549971745952,11.172874210041439,11.655981678001497,12.617315028261245,14.37999921446076,17.293127216554947,21.607373705469158,27.45434300685914,34.98773014436845,44.48245294681544,56.27740690893543,70.67541947919482,87.87090486032068,10.754902518317774,130.36679647080462,317.70021283029666,16.708721732263697,28.169835258686724
173.91800985654606,174.17515106000818,174.7369542811852,175.9186898529395,178.25819850441508,182.48432212297146,189.20525902030255,198.33113300507003,208.7895621065648,219.0742568317837,228.12600980735394,235.73478755030544,242.5152455837303,249.86263608728746,259.9542495022496,275.4551869312522,298.41835516475703,328.6385693272053,363.1665774035457,397.93623755720716,173.71285592733577,247.4285958595551,522.315001407863,3.3235012068535545,46.456745421193446
11.300156513530228,11.335109696569209,11.413637855854928,11.586675510950037,11.955869089009685,12.703818500344157,14.104237723099388,16.452008625342774,19.87994511143909,24.183017581617086,28.827567029910867,33.06105407815326,35.969369818176965,36.63445881181151,34.54965526675715,30.111280110881772,24.70583908822774,20.023867546379858,17.011491935352193,15.50772249247808,11.272878005202871,470.3265570314867,14.239044691277792,4.697936020493524,2.1869190262943654
77.71099904503018,77.70379835495382,77.68729177376854,77.6496478605567,77.56456225600908,77.3751611313215,76.96427953916456,76.10995027325549,74.44889921050584,71.5259944583177,67.0319477438962,61.13775677965096,54.494650733854684,47.72633118049028,41.09198585030138,34.84807582268455,29.606259270013418,25.92673538203183,23.77752023925597,22.669607228070568,77.71653173927886,46.63569501144264,21.47760361907992,9.57071305527422,21.313802392264826
343.65173223742715,344.4417187755364,346.16975599809575,349.81163151656534,357.0424269248537,370.15434853199275,391.0830216377964,419.47533070899084,451.38200498653293,480.2295744647946,498.7010452558229,499.56098884242783,476.83007426459903,429.6059207659941,366.53706421839297,304.18058809222276,257.1159034401325,229.2489209125186,215.4099301126667,208.91209396997786,343.02207157921987,611.3087500124542,201.89915603254852,3.3637973858039536,16.17875814607283
670.845824108774,670.8178261810293,670.7533203098313,670.6049177279117,670.264365160504,669.4863014671587,667.7221597507964,663.7744545371476,655.1363123246538,636.9326396100623,600.8581213407048,535.9429977183318,434.7000942713527,305.16144865587387,176.89624841818613,84.59329635022118,40.34489991853093,29.164330454070864,30.91413664741401,35.614170897398594,670.8672537103835,15.047660561036551,65.11959318735464,18.907587765436144,47.63191239053531
66.43798379274011,66.43999835848854,66.44463338275573,66.45527098049435,66.4795794622781,66.53471295433977,66.65815186568766,66.92846633745435,67.49871057978481,68.62987008096577,70.66485579344608,73.82582171132786,77.82293903136187,81.68922957400473,84.3437613137661,85.38984437255861,85.2043053666453,84.44717015095321,83.63305684873353,82.99713478100614,66.43644021213686,216.16918052656882,81.93910136865662,15.315750249290494,3.5159038732639285
19.424535389724603,19.426656788795555,19.43153781749175,19.4427408842096,19.46834537541944,19.526435718541972,19.65657765994479,19.94198281040415,20.546145333137737,21.75482958212612,23.975147732492577,27.597441832109897,32.69394053933657,38.77530479615858,44.863259241015754,49.748737841629804,52.25233109791507,51.61813731667227,48.0171336371314,42.722186710105476,19.4229100028394,169.1989279810384,29.18129257383512,13.654993686113823,18.85870051814232
593.3144236970641,593.3033405314886,593.2778083677791,593.2190804165626,593.0843567478871,592.7767198674475,592.0797938086262,590.5221137695871,587.1179657262647,579.943581552889,565.641546313779,539.30138011162,495.5196922773374,431.1159665298892,349.020936958187,261.40069297235846,186.71412763539132,137.98488881063253,113.90515723280328,104.25426088324122,593.322907493257,435.0295631160797,96.75548631484604,15.685006654802297,15.014618539284339
97.3882736105182,97.38449968457869,97.37580943924878,97.35583542982656,97.31007433573662,97.20582024563271,96.97059648298186,96.4486240210959,95.32252451900034,93.0040998944699,88.57653970389607,81.04155185693648,70.18534725462139,57.73418742227653,47.33466225363283,42.57100271578305,44.915595351688346,53.730951613378494,67.70212285468081,86.01621712518663,97.3911633624477,24.82927872337154,526.9535529283527,16.63828471479988,45.30318408363206
568.7955551807391,568.7993720857284,568.8081614832106,568.8283640503341,568.8746508958793,568.9801075071002,569.2180378749056,569.7458212039983,570.8826198445103,573.2096962109026,577.5709773796443,584.5566642230922,592.7123218732307,595.3168078237015,578.2736714566896,524.185782012685,424.8233900522015,294.85224365315065,170.43355745887698,85.1499462487231,568.7926325689076,830.2187245395554,28.620186750630022,18.704661525110993,29.41823318489589
70.0018291623438,70.02667094410276,70.08312920704812,70.20998566284484,70.48951700982586,71.0856223024381,72.29045461923705,74.52859009590298,78.19519227602535,83.23137667238476,88.66407208458743,92.64561914685753,93.15063129994223,88.98231395188354,80.68668741003859,70.63366485894238,61.71180157428984,55.57629112811213,52.11746236515435,50.36591797524865,69.98261521832458,132.05285402328548,48.44006456108198,6.48250713225809,13.583088222921381
14.618361903099593,14.620238889468844,14.624557104413759,14.634466593888412,14.657107719296288,14.708449205709687,14.823381995498817,15.075161594984102,15.607565261643128,16.672955017909054,18.64140417904615,21.92418778294753,26.83155026459814,33.55008626106513,42.34139541200377,53.71402321463742,68.35518184852869,86.95136605781882,110.08538305463178,138.21757142974067,14.616923664755515,98.43052336387869,596.3803855399689,12.97288741621331,27.00683037227713
71.97559479722497,71.97546992578805,71.97518044810155,71.97450732650567,71.97293404007716,71.96922558480634,71.96036754170862,71.93879836851886,71.88499001054889,71.74763077190477,71.39429192922474,70.51046492662186,68.47397407035963,64.40930915709669,57.75678405247198,49.16811910422698,40.60127775498208,34.02846178397626,30.082309887487575,28.1126130729308,71.97568992330807,84.87958600124,26.215291738149286,16.635781666668848,11.522382237513346
271.1729731856479,271.17369747916666,271.1753624950684,271.1791780925075,271.1878742095655,271.2075036653578,271.251067276431,271.34487717436855,271.53617456250475,271.8882450535375,272.41059112102363,272.8010003470463,271.8884937855576,267.107569882908,255.17612950832847,234.74921770678435,208.94240222683115,184.12722269960634,165.4820345656953,154.0806573501235,271.17241787010903,331.10826607452594,141.16859230094298,17.39560112414174,15.970416917631201
579.7231448712163,579.6991023163174,579.6438008968621,579.516939688723,579.2272715502154,578.5711626916705,577.1054759463041,573.9073488044069,567.1971754078736,553.9817307349131,530.3721347866053,493.71725950747,446.4591237435143,397.8587152277952,359.4526668392021,337.85872913165565,332.4611973789114,338.33614372293283,349.6892073350492,361.9232248857502,579.7415702526204,287.6212167589649,395.82175087516686,13.62701448101897,42.62446481551853
968.6643151177883,968.5931975317055,968.4295248046171,968.0536938665646,967.1940896457643,965.2413766793583,960.8574796318147,951.2118881591113,930.6981537347481,889.4424893161101,813.5122090778734,691.2295372397368,528.1502827775433,359.00495964152253,233.0196955921267,176.3469832639754,175.34113770694114,200.44975324562336,233.11287788124025,267.05978555088586,968.718793822168,69.23500199423707,424.45472005349444,15.147015430842638,23.737767954176864
709.5205778328958,703.5771044428719,690.8182441604907,664.7619578115249,615.6242795458872,533.506567541325,417.88315206311705,287.93438552676287,177.35230661247385,109.96852207789993,83.1271002147572,79.01685995993125,83.8815771116964,91.9355649475616,100.80664171171418,109.21004176410406,116.47227834168223,122.30721414212928,126.69335441166322,129.7935036272179,714.3285356640673,61.49670674041882,135.18603567160346,3.0129047828282696,12.837209315180779
479.70632532323873,479.1131961353583,477.7725870004816,474.7887238403419,468.31843414139934,454.8842936005899,428.87765237165416,383.6727529188303,316.393768205494,234.97776007390513,158.65653351454245,105.42705984846293,78.47441033170003,68.2482809490379,64.7380862325507,63.26522941517038,62.48576473629089,62.035033106903995,61.76982805789322,61.61449500588435,480.1670350285906,62.101979804300164,61.39997281137139,5.673639345621784,25.597296046277812
408.926204509069,408.93972516991965,408.9707722163114,409.04178455967747,409.20310042970317,409.56523935820974,410.3617878477879,412.0538934946626,415.4437202098971,421.60526685806985,431.1406158598566,442.2352177729631,448.1626984311533,436.84474880653613,395.0518916001238,317.49126489282787,216.40808874737428,120.23992636719845,55.00195364355409,25.051074340402067,408.9158293973781,617.0611945194802,13.811118898797833,11.921593893562193,24.42912165883206
169.2486376313647,169.2290951636641,169.18428311740635,169.08203397799778,168.85071774839102,168.33504982724332,167.21376648313102,164.8743894601461,160.30713884321264,152.24851814304728,139.92763673222487,124.25893880896734,108.11660901077785,94.5956640015724,84.87800104045455,78.15446671163592,73.21284361237242,69.48206259208837,66.83412674213253,65.12188310818419,169.26364968057484,78.44249050429708,62.703190830760825,9.965733536160299,29.93595818030788
100.45380714197185,100.45380181990511,100.45379279531745,100.45378502556463,100.45381916019419,100.45410375682972,100.45556217790416,100.46197131791234,100.48782190905384,100.5847910935575,100.91959711949393,101.95820323167015,104.76655862563773,111.20639060028877,123.51705107778491,143.09305591542017,169.44525641651524,200.64076370071155,234.55032531804466,269.2908738028658,100.45381203503852,87.96074560731323,432.1859258040897,15.167311833519298,18.386167720697255
399.16937256191983,399.1729250731065,399.181044809954,399.1994651202684,399.24070405378643,399.3308760400731,399.51976671752305,399.8845920839977,400.4791142772199,401.0726714654204,400.3599257153993,394.43942811188083,375.54419554432116,334.006766793094,265.8029993431783,181.31091677318489,103.67640295618622,52.58955378978425,29.629804483280395,22.775649296471727,399.1666369458847,509.68439617925657,20.27609935983587,12.070966772884416,15.694975692762261
300.56767912470946,300.2086880084224,299.39636436582265,297.5848293922539,293.64385053411405,285.4176411790382,269.35974015594667,241.10588932168386,198.37265163377964,145.7081539742277,95.61170118356497,60.924036818250016,45.23387986300713,43.20746580017891,48.60244493362492,58.313256141368726,71.03572611136886,85.97481320259439,102.5526699980966,120.16853016811078,300.84627868066747,30.031059795801546,220.19479475250094,5.847368465095045,26.534900644637272
789.3723356793691,789.3461300645521,789.2857435288832,789.146777525746,788.8277184715562,788.0981200455725,786.4413478519374,782.7242069776164,774.5543976989363,757.2099643227621,722.42569346135,658.6714467122108,556.5670941523467,421.24610774818797,281.55884595253633,177.37167642016698,129.70198786043898,128.6071434475973,151.91850037872416,185.4679385752097,789.3923908962848,57.891536577018194,564.2570213317337,19.751947042873997,43.992840742647836
21.47429683342308,21.48631235494684,21.513829349455797,21.576478033729654,21.717682660425467,22.030556240869064,22.70442669956665,24.091372800714094,26.756553542877363,31.41516553114896,38.681133332997675,48.80018638775546,61.67937616079465,77.05044734731896,94.2939295684509,111.94112620848155,127.21006718250489,135.98314245464832,133.76677877226763,117.95119857950259,21.465057660813088,435.82931541589977,11.595748575346537,8.47273579028685,43.795201919257465
238.5042838285171,238.49837254824124,238.4847597561452,238.45346815242215,238.38176429937505,238.21835103079795,237.84942366347184,237.02984395773822,235.25799912847742,231.59532496250668,224.5429441442109,212.32890051664322,194.02831088044815,171.01991128819463,146.83001099095333,124.67575841895642,105.64113358438419,89.75041650098404,77.52031085966328,69.40060589252477,238.50880997134104,116.27352921553012,59.666154749699594,16.433641982935434,36.0588033895146
86.69417357562978,86.99424369234312,87.66512203000396,89.13150553599043,92.22005898367728,98.35748272198835,109.55595960734718,127.81088735742324,153.9839978028229,187.2308757738402,225.57601440330228,266.3277639243227,305.34882648029736,335.963215832408,348.6947789748869,333.40054468795915,285.1940759061102,211.79001694835347,134.30465230217675,75.63176891737346,86.45908582926394,609.4929330420559,28.833411867071295,4.237438674013873,32.854580688011914
875.2959810986537,870.6362300958087,860.4095361700925,838.7505785924302,795.48079575157,716.6358291466581,591.3784812410522,426.93008397318346,258.23248869304746,130.3216887125543,62.65552874922241,39.01279860429179,33.4757740237809,32.249012685691696,31.805588396738017,31.60091393607297,31.516914433786837,31.497597533402995,31.50790608329669,31.52688156088277,878.9996161127902,31.225769289319775,31.5748108709863,3.6504781112816085,43.30705065313434
30.244805790090993,32.13746787483761,35.401068675493676,40.344525656700775,46.85423518090481,54.424144334242726,62.45606271811584,70.45551225508328,78.06323899277743,85.12028852553664,91.82935644457976,98.98628953982495,108.23065099031868,122.12692727109192,143.68149563062332,175.15204171530914,217.09500883514497,268.82372593648705,329.43682649253253,397.8817436844991,28.365802896837316,101.47453116344167,958.8373788233739,1.2306771175188276,28.71133234451812
105.84416473672627,105.87230114379405,105.93668552101006,106.0830641652129,106.41215606975939,107.13800217813015,108.68807277820167,111.82677262515061,117.66620254397264,127.21943182493604,140.1927954296736,153.63740897047825,162.1576136795272,160.33242905052103,145.87369323484222,121.68468256145543,95.17741963274594,74.08038960836022,61.604482701015044,55.87266622131624,105.822516597911,411.9976632426886,51.3526759284846,8.79648581908179,10.061023068745456
303.1432460586248,303.1590562658766,303.1952185686881,303.27737108395826,303.4618282078761,303.8677873286423,304.73171746990727,306.4719183427319,309.68676239385667,314.90690739977265,321.96795660549986,329.3201254797394,333.90538385590173,331.47428608904204,316.6904833273831,283.81657017209886,230.21153672986196,162.31867866300612,96.97454230385998,51.15280037233313,303.1310775223518,371.03751135376456,18.764052593626072,8.475684405778114,44.85943977740878
10.129710782212555,10.13523366614032,10.147846779188193,10.176426810098288,10.240322135221813,10.379982397578926,10.674189932252359,11.259271596927757,12.329563885861504,14.087320934415116,16.656807924542335,20.070007976674518,24.374919628391883,29.714917769109533,36.25635262253404,44.056787858252264,53.00617399807234,62.846722418171524,73.20045577033935,83.58908767070912,10.125454987409778,39.583859936571535,128.85004367788545,7.3477833335391125,15.058169080528131
83.18714734800203,83.18246285412283,83.17168482958444,83.14694814071969,83.09041849253111,82.96219307468563,82.6750528926589,82.0459902552215,80.71766255547205,78.07678686372967,73.30151788844424,65.80699997844764,56.17356591105229,46.76221335993247,40.75797982821089,40.06499678706625,44.25225633710482,51.50605999295403,60.17396256343791,69.303500599538,83.19073661838948,23.06992678385007,114.61738133930633,14.427222504951292,29.614157726168102
15.354988841208733,15.35641301596933,15.359692651777914,15.367231433595196,15.384506085317424,15.423874649524983,15.512757048758473,15.710248705978671,16.137517787377607,17.02285239817238,18.739455754207512,21.768045125724406,26.510087352748428,33.03443608120968,41.00264085085787,49.75872943032225,58.288696589981384,65.0938116864609,68.33287290139464,66.46088577587433,15.353898373674276,488.4467545740743,22.384926615535218,15.531428011611444,19.307125317240818
367.6606164427165,367.577287108258,367.3861382045885,366.9497128096659,365.9613347348373,363.7539896229718,358.94016659539625,348.8514140062362,329.03117227781445,293.82002673861973,239.84275450795917,172.15355006381552,106.33448182098437,59.16348359122537,35.39594529274484,27.160494888366657,24.965775607515013,24.290072125901872,23.986503255530636,23.826366614158474,367.724610064782,25.855075292076627,23.622410237302386,10.443491078132162,3.5809287055213037
28.60672736572912,29.077264985844234,30.0768428222507,32.09019585507563,35.83879063911178,42.1237657829318,51.47069536439323,63.910458378266135,79.19658429313934,97.0979327727683,117.36980843131371,139.61305990202084,163.27115090054943,187.79054247501736,212.90537548780648,238.90041770450915,266.5250093005768,296.30269867486874,327.64334370627955,358.71704106720875,28.222447742797222,280.5591934505187,472.8974330468278,2.5349219148183986,44.33973005302901
393.5869504998127,393.5943798748746,393.61146786076927,393.65066487530225,393.7401538948273,393.9428020965057,394.3952949806636,395.3817332205978,397.4473755590919,401.49721060924617,408.65199996347957,419.43836443248574,432.22141908993586,442.0681880593978,441.8635709922426,425.84744218980944,393.8480959904634,353.1149694159562,314.6651397833054,286.3098946497935,393.58125671608536,548.7424922823765,249.3774094577151,13.80890827858533,27.20447520055346
202.16401766696046,202.24185263237752,202.41862658209516,202.81530160639497,203.6871347411442,205.53639034505468,209.22997347898954,215.90275147625638,226.10239644977713,237.70270966708335,243.80811716957908,234.24729468429888,202.1754473381176,151.02282195371905,95.13344864930627,51.46478365724701,27.697450324119956,19.05010979971138,16.878134257909068,16.343079378087225,202.10378589508966,689.000170111387,15.887077087346388,6.999525079075733,5.477838732601848
775.5213916056083,775.4827638691293,775.3938073118057,775.1893131294709,774.7206794678618,773.6525087477728,771.2404277409078,765.8802487361849,754.2883288781101,730.3277249690208,684.2776743003362,605.1306825506448,489.3197744607212,352.7123355533774,229.89840777579263,151.2491403944955,120.5109536657834,120.22341257449341,132.63282100615686,148.6485787849184,775.5509673653095,77.71966715356525,224.22753434426284,16.98128122558211,49.56801190767145
21.77154843096616,22.6002062426002,24.276002738483594,27.417053196156907,32.7413739980005,40.79920977541268,51.81347239897888,65.8701444454366,83.16050707426577,103.93961620372892,128.35770883006634,156.35225671186979,187.62050081937994,221.68977980875718,258.09465604467744,296.5573076006111,336.920382819508,378.68144601399445,420.48130222090947,460.1743303564726,21.065167442219316,397.2146076951163,595.4506809823081,1.9286321601666367,38.19634688890753
51.258865796477586,51.30735532407116,51.417347235243255,51.66369054475999,52.20363085067844,53.34545928466437,55.625537477960634,59.799353119617784,66.56468121118945,75.97692914608962,87.02577124100554,97.93853206190434,106.9302581997996,112.79256129199206,115.23550077745632,114.93981320522154,113.1693565311038,111.11709998952443,109.45328140263922,108.32939867971169,51.22130538968446,198.24104709066188,106.6832879538039,5.935102789646102,8.49062537619133
17.135616735131556,17.135891477840662,17.136533091708618,17.1380432080384,17.1416407507497,17.150360006644764,17.1719395193013,17.226338277684093,17.363938879526174,17.70294221892059,18.48571393901068,20.11994400146774,23.12686791037822,27.94704674804099,34.7370804609975,43.41028660608893,53.85166642785234,65.97262968435597,79.59728621025342,94.37077274639623,17.135408654466968,16.09332253926567,188.61667307927704,7.676806176591223,12.398405033881877
241.97440713714934,241.97386000696903,241.97259798201114,241.9696886736981,241.96298879363852,241.94758694007493,241.91228918705858,241.831818045686,241.64998177654186,241.24507303086625,240.36427742417973,238.51537469629773,234.82946487201752,227.9923650478781,216.51719898444236,199.73478275653864,179.21859198317466,158.91079772270177,142.79397655736224,132.33612555307798,241.97482554037683,236.42812144981914,119.76683826071346,18.764198520451167,20.49988310918822
469.5847826232184,469.56793012852677,469.5290963077792,469.4397289645569,469.23454575852674,468.76534861088095,467.6998929743396,465.3094248387475,460.05546646678044,448.90143987712275,426.5329198330655,385.5402095740383,319.9109899638138,232.98269006505544,143.2495500300766,75.82932829091055,42.979248182848096,37.026644602480644,43.71164456318229,55.06720172583579,469.59767987223137,14.134446810045944,301.7603592400699,19.78050086280667,42.63671438181521
144.32229366533758,144.3240210491832,144.3279941386753,144.33710777603045,144.35791479490572,144.4050323292009,144.51023890549394,144.73956916860357,145.2196381081102,146.15982595771263,147.8151176128854,150.28294937362054,153.09304305483377,154.83653064674814,153.23961241493078,145.81762007243245,131.1649214089743,110.68571925506737,89.06296711122386,71.67482551080245,144.32096982147397,179.28011770272064,50.88374867377124,13.910219146903975,38.978978392703695
991.7708640799796,991.6350136297548,991.3227978428431,990.6076138127983,988.9787024586307,985.3051414818522,977.1594946268518,959.6071728652555,923.5335470030783,854.7914501142789,737.9854157306875,569.2853247951741,372.5529374863884,196.50100279699507,81.976016762369,31.213233608850373,16.872953619891973,14.227683273910657,13.706543223378503,13.503641044128585,991.8750414221781,96.58859171627896,13.261972760239098,12.32130106388872,7.713159199144092
30.888289118730917,30.912319134780578,30.966309894783357,31.08531884188071,31.33954974568305,31.856628619802386,32.83595061969768,34.52892332422992,37.191536442236284,41.10782676885122,46.74746985593715,54.84151929913851,66.09713142951585,80.75475373494868,98.52193716073081,118.86743554801416,141.15613511384333,164.55665745014934,188.0040399034277,210.30568038991427,30.869534966606185,45.45271424903356,289.77422053787046,4.4923543536915105,9.956141448432922
12.875885930169014,13.537942708401959,14.849392617080323,17.23934076651834,21.160697580901086,26.924733567852982,34.67129483781226,44.522004566376474,56.6578891701316,71.21880628699363,88.16853848245367,107.19666214641133,127.6649008745555,148.62524945347005,168.9347487717293,187.45745960179045,203.29728985086467,215.97540337375648,225.48082542293506,232.1821228034687,12.3006619989779,557.8017503298859,243.7871715845475,1.7589828467349033,3.3580306706295
131.00167039543945,130.97351608308915,130.90903479170544,130.76221491833599,130.431271971794,129.69808727834513,128.1205195927722,124.8860029925478,118.7449853506588,108.36460936501955,93.46528229402955,76.16992136738503,60.65654503822451,50.51400942683948,46.63392397412633,47.97205678776413,53.37059240321956,61.97213530002563,72.8100203419161,84.87252342444873,131.02331792634052,36.7340491357714,156.11790002592974,9.25747933793834,46.31900299089222
37.63829927100824,37.639653896648056,37.64277577034595,37.649961515721856,37.66646550033575,37.70422911493512,37.790077828175825,37.98307000074462,38.40876639432159,39.31852962273879,41.16618680578514,44.636974767876225,50.474090432235535,58.99604457655387,69.57528081193034,80.55032304346935,89.45796091860345,93.29270684488893,89.28265176958308,76.54704968975474,37.63726266412643,228.18691498844223,12.826513519165648,19.16135014958958,49.076358459600904
300.70198822882554,300.69027046993506,300.66328770789397,300.6012686198115,300.45917741498147,300.13544633563794,299.4049569893413,297.78363458328016,294.2841515754541,287.07103023328295,273.2550003028587,249.55854030098374,214.70257376283715,172.40809283174448,130.82098249112056,96.83438532442477,71.73957194669347,53.57458390334335,41.17589288604546,33.98190505542789,300.7109606444376,85.19712568617568,27.541454910434805,16.43781046471133,37.34499666305707
27.792023664834034,27.79303442961827,27.79536260896593,27.800716539997342,27.812993591027052,27.84100748366442,27.90438829560996,28.045715316878752,28.353225273443325,28.995990017409774,30.257309894974842,32.51296144415524,36.07774495499103,40.9601760152484,46.78286635769636,53.00365631864736,59.15510467246379,64.88699358464265,69.93519232777467,74.12574249927391,27.79124988016992,79.87862644016758,84.25542539465671,16.701800449481475,34.82454484803567
193.3301330959719,193.30949687724222,193.26205214405977,193.1533014936236,192.90533943137865,192.34512552958975,191.09941084391093,188.40400117160414,182.83442666758108,172.15921403640615,153.93844853297168,127.58249255358143,96.86128677713042,69.21552002816665,50.58264746272491,41.23333430721385,37.51540078224804,36.09868459525444,35.46993327262132,35.14860529222628,193.34595342920542,199.36772132660684,34.74882778958643,8.062513936761146,4.191789700961895
374.55280766145427,374.14266828068963,373.2156086499629,371.15200070878643,366.6763849837271,357.3803609933281,339.37113751091704,308.0180021834007,261.19582605776947,204.12028129165662,149.79451572114988,110.7324501025754,89.79927259192914,81.12255896213145,77.90658568772284,76.59492902332761,75.97085046683179,75.64635982136014,75.47034208600161,75.3727867738258,374.8713684889296,73.45078308842925,75.24483846205993,5.661769033738908,12.052509510052587
149.8392570041168,149.83103628602342,149.8121118112869,149.76863674783777,149.6691202600055,149.4427384034884,148.93327178401464,147.80763003602172,145.39646624105805,140.48808675676736,131.268736325208,115.91046636867017,94.22643011690529,69.3440939232438,46.765563480651025,30.645709013229876,21.399066740734582,16.946162887308333,15.030478885176962,14.222533865163399,149.84555311028927,29.181393733608736,13.440570497165039,15.582640903637069,20.070532851505565
57.611352686829605,57.617698208853774,57.63216814158323,57.664869646388645,57.737649354909905,57.895504700585896,58.22374527880483,58.86268085222907,59.99230364620797,61.75408281312891,64.15202704760222,67.09700614458752,70.68007674335365,75.50039819245212,82.81124164895867,94.29503919377301,111.33528359084218,134.1899105891861,161.9758958838059,193.40234527991453,57.60645731714771,72.88473230672969,426.66758218823554,7.095901022856525,38.385738140376134
756.9599813937679,756.9218383435982,756.8340399867733,756.6323762367774,756.1708962747298,755.1216535180743,752.7624270391294,747.5574536847654,736.4345480657444,713.8730952818903,671.7032698050562,601.8207687157255,503.3554052615841,389.2345201702917,281.4851442870924,196.75215926892918,139.05967425024448,104.69454570086157,87.24440435492579,79.57202399504115,756.9891967131913,209.76662552511127,73.00660656074672,15.20800473978663,23.979073748066504
67.58744886970229,67.78256605751412,68.20360052321617,69.07159714946758,70.73745063329036,73.61552224993697,77.93518905133425,83.41905358396176,89.25365809823748,94.44141298048274,98.08434694952963,99.3430521572711,97.33386153195693,91.36309253021412,81.67477038667963,70.1182869934133,59.54215840025429,51.99750135804067,47.65593531655213,45.47649579064542,67.43021465802653,112.34825392032872,43.196113100658984,2.9807541093200225,21.91289626525593
17.68995383798581,17.69064249904844,17.69222967930497,17.69588332108104,17.704276350179985,17.723486764061068,17.76718182531489,17.865505322170836,18.08276170122601,18.548545533811676,19.500174494267956,21.30831017848274,24.41742520737914,29.157870665629467,35.564039480666366,43.42223653038578,52.4595914876506,62.39394024632074,72.86403021436081,83.40101559776807,17.689426873247264,66.20380443541497,129.97727942117717,18.68351244290729,3.7386718901745724
174.86364529447707,174.75075316054006,174.49490555063704,173.92277540632693,172.67192789307612,170.03716886364538,164.80583286209446,155.2959099457566,139.9651744256052,118.57314645609901,92.88926995614553,66.20574182954911,42.548537055750074,25.595268219780934,16.446590681091777,12.855343294795063,11.730751076201045,11.349746705091974,11.179131699188105,11.090225471804786,174.95115460991298,82.31336824746198,10.977975479638296,5.741415342835687,7.687292113030475
27.14021947050446,27.142262167620835,27.146957511950557,27.157716072793495,27.182232444970133,27.237574184024545,27.360503463341523,27.62630127674365,28.176368278893527,29.23986732810437,31.103227221921028,33.9727394239984,37.78250367276817,42.156197255016686,46.604131128573655,50.7287363613212,54.27898609646693,57.13410022432147,59.28538027783166,60.80997578193711,27.138653211094677,35.41118717612516,63.4764559144322,11.051748476288916,2.047519708466533
21.071586253703387,21.068977955627446,21.063034044998737,21.04961677081856,21.01981936315174,20.955448435749798,20.822633607282135,20.568166397296064,20.13334115684097,19.505758993331554,18.798471378760137,18.285728915385985,18.351231089821564,19.416027328724443,21.882921837994736,26.018596813704086,31.815237717532455,39.04590948132136,47.45883590806513,56.821136284083714,21.07359945891072,15.386249522533765,125.70333457779843,7.252422537624127,28.323091329666468
27.683334068166182,27.570448506907482,27.327703156797664,26.830675262950777,25.890121375513626,24.313627717500253,22.10235268123333,19.706339749481742,18.036094160633418,18.08132204278522,20.480755353707067,25.412179123609764,32.807164579750356,42.715335335165896,55.514492425925624,71.83757437986748,92.44130621748477,118.12898722589027,149.67147599933793,187.68906287573438,27.774522696298018,11.180435182557057,763.3677397706925,3.0578543025908864,8.089219902162407
19.64061004406805,19.644228436784243,19.65255153320622,19.67164583051488,19.715250085294553,19.814041641677083,20.03486988388972,20.517456835614002,21.534003400128938,23.556695055608657,27.265805233371935,33.398045207269384,42.48253071182194,54.77153898920119,70.46337916249536,89.79572948049395,112.78683953747598,138.84070444748883,166.3849775841702,192.6736650306496,19.637837094483572,917.3879851980419,171.91765567375808,12.59550908237316,49.36151367288942
15.029183155308734,15.031794992381071,15.037803386261768,15.051589815390614,15.083082196062294,15.154468570934563,15.314172601336889,15.663656999446292,16.401353911449778,17.873320098211707,20.580521069743718,25.061265131265134,31.66647712231845,40.45028518584614,51.27307460670636,63.81114182431912,77.29480573914107,90.18363515122033,100.03299283982467,103.83525574034402,15.027181730117004,889.2047727569415,25.587407938053087,12.838358567678673,22.164011134534
58.6024534367111,58.60459980173864,58.60954674229861,58.62093501119562,58.64709796154637,58.70698944101875,58.84324590832198,59.14995311265277,59.82792119261599,61.28169574293479,64.24866925514041,69.85595016098554,79.33307321719029,93.1382252345445,109.91720027632164,126.31537240113997,137.7553909913513,139.48534685360033,128.22032140773362,104.64686682846087,58.60081107017817,728.5957891657494,19.88178883718063,19.944311210448628,20.19800293239433
198.40856380516277,198.41489422348147,198.42947971648883,198.46303726659633,198.54005315387013,198.71604604104238,199.11522069679893,200.00902953545707,201.96705884498863,206.10230727160274,214.33176558298535,229.26237540363616,252.90608656275631,283.87496135753474,314.8505448399259,333.2753050191181,325.65008968801595,284.06742619506383,213.27242785976722,132.8047027554912,198.40371863575868,862.6079630636623,13.03773353701449,18.534422895578622,29.254946497008476
256.3077672920245,256.2831318793289,256.226469968087,256.09650060746776,255.79978735323692,255.1279316460259,253.6279253670009,250.35841016722688,243.51264393419044,230.08637970350372,206.30947248911303,170.08404571736838,125.2437674941039,82.98470421631455,55.32880408357988,45.74436101848099,48.45138365034049,56.20570362218831,65.3306971588035,74.65374068319773,256.32664781822047,19.877802340165985,116.62048995009174,13.79676057977963,23.899870754608727
20.62200083508797,20.851145672154132,21.28662457100663,22.028863650942764,23.125017307184937,24.496848693427623,25.95536737522373,27.3114897462036,28.46758330303402,29.435818237492416,30.334492571427162,31.410423304152637,33.10179387457347,36.11831405017594,41.43824455379723,50.0740146273315,62.67511095943543,79.42101076747015,100.37359491525298,125.7214374501993,20.4159858581629,30.77784088946131,511.4292725265487,1.6549488638224927,36.025379765158995
997.1118446453911,997.0034011428849,996.7539804048489,996.1818721430482,994.8758003840021,991.9185118738008,985.3163018781216,970.926890439501,940.8023168763972,881.7333163330379,777.1549050575259,617.8294854954395,420.2759780083122,232.1658897164391,102.62920275327565,42.386935438311866,24.887778605638573,21.815195158557685,21.340526120687855,21.181859728139102,997.1949558509602,10.350611121944857,20.99381499087364,13.808741716969555,4.879560060096717
151.22618989022266,151.24745775741408,151.2960617245443,151.40631747074096,151.65326396174078,152.19454577539435,153.33911854553787,155.62347784234223,159.79738084154465,166.5274436688901,175.77273372034412,186.33874077620757,196.23512375330577,203.45656829881685,206.38630252939805,203.9985019159908,196.41808854908496,185.47169193099046,174.1391122774774,164.91570843645349,151.20981000730484,233.34591751454255,150.06959007217463,7.938509357400277,35.469550207358665
154.374755553623,154.36891748284128,154.35547023994158,154.324547023546,154.25363901464047,154.09184968171064,153.72585708970936,152.91007110526942,151.13684814937335,147.4409585663316,140.24481080381398,127.63993035109337,108.7339275623976,85.83967502485412,65.01862921539917,52.617859221059234,50.620973099286005,56.21530833685924,65.44110629422414,75.89751227245473,154.37922486929511,26.01802605039182,133.74300816159626,17.756237125639622,34.0079977131416
87.76540733818295,87.6976761734086,87.54411598569757,87.20049508781709,86.4484412530834,84.86187784711174,81.70616305324194,75.96782839545824,66.7850316016786,54.37233682538351,40.7466979724226,29.030332381190128,21.365293966644487,17.566143422029967,16.03810229512729,15.438035167308968,15.165924663835654,15.025943157062216,14.949778981504679,14.907355550205239,87.81789337390286,43.971188640519095,14.85157178987317,5.647915522421545,2.5369641481700906
937.6290851363004,934.2767435033775,926.8300410446876,910.7368570704958,877.5116008670987,813.7864893477896,704.6465469218429,545.9138035630273,360.60973163460096,196.84635818906293,94.41489229091371,54.27338727513461,50.062280543027214,59.66503436089283,74.89161770319652,94.09685794631446,117.11595413677207,143.9189027077216,174.20704320918378,207.2616699298884,940.2683874762774,27.858934627702606,426.33588137196614,4.204252754294593,15.612855181067548
68.63596940989339,68.63537755152363,68.6340139679478,68.6308770197664,68.62367887956641,68.60723526824499,68.56996053511652,68.48658672926855,68.3043220573972,67.92100782345611,67.16506119215906,65.82158886385896,63.79797039492691,61.479225394008864,60.05726059780961,61.40861664211424,67.43024726869241,79.21713955777652,96.63540959065186,118.7611516559303,68.63642242541714,44.546268280667064,395.0950835870554,19.19617475229304,44.01413521524073
20.284914555859825,20.28597947358008,20.288433425174638,20.294080743300352,20.30704715977174,20.33669984879082,20.40404586853777,20.55520037814625,20.887732273420365,21.595436389306386,23.024035550411302,25.68740778512309,30.137715299197872,36.644264365937175,44.902125892747335,54.037130712197325,62.7206303088651,69.17230011424246,71.36278466059429,67.7716508239793,20.28409957757948,357.58340267190493,19.764863829604725,18.354241024679926,26.858171632091764
47.04859685712899,47.018513625140656,46.95046017411468,46.79876331691647,46.46896199269075,45.781094406441525,44.4389581747718,42.07382126951936,38.46760292594185,33.90959661424952,29.280045704885886,25.52749068724615,23.0078879564299,21.407559684782267,20.164021713379032,18.82363860308682,17.1818406102725,15.339298456675795,13.622626685475382,12.32698107235143,47.071948523218644,20.608718857403026,10.558887832078238,5.71099284155681,45.87296303750297
393.13501090729596,393.1554626957559,393.20242451303164,393.30983380783545,393.5538127358087,394.1014356613135,395.3055398566289,397.86123180928445,402.9700574545738,412.2038909993242,426.2785925289696,441.93977035331113,448.41133426642506,428.6658062786936,369.39616731432164,274.40676313850946,168.68042795722747,84.43493382481739,37.8904466823945,21.052583622892712,393.1193169501683,870.1365579451154,15.90461066238787,12.25139612660772,14.343222753477278
121.85804969758338,121.8473714968335,121.82283682261237,121.76666095865919,121.63881246554604,121.35086392594671,120.71378445845214,119.34595017137441,116.55052977629495,111.26598440245331,102.3714311310042,89.61127273930848,74.61517791641593,60.53807687466153,50.03020075423258,43.656704557125394,40.329544239596586,38.69232604733273,37.869099788782464,37.43509177022385,121.86623991895782,43.7431215157223,36.8919066027075,11.903060738467353,10.799271769737935
86.75064295086463,86.75216384738421,86.7556675033764,86.7637263617804,86.78221302513388,86.82442282961658,86.92002041858206,87.13352352400236,87.59907144702986,88.57400779533089,90.48375149995927,93.84328061279763,98.8325192815966,104.4565785736244,107.92511858289397,105.37052244398309,94.10368963983143,75.08269396895064,53.44192341444526,35.66033854552813,86.74947875214949,200.27398071280166,18.045301655352745,18.681291146661177,26.274785573797992
435.55585278900276,435.5400256430766,435.5036040444302,435.4199858288487,435.22878972808945,434.7946781448663,433.82089831267496,431.6812257997157,427.13978497387114,418.0297778581142,401.2976077966367,374.2944833578387,337.7096358814363,297.7910026644524,263.8709577317069,242.35401826322277,233.60818394122,233.9558276785274,238.94393421683264,245.16082816083718,435.56797788638767,203.14720957354467,263.02793927904133,14.606487878863923,44.004795058950684
168.7230367066793,168.70454767801633,168.66204504623184,168.56464330187285,168.34263311496207,167.84129850611075,166.7271655958335,164.31728192668126,159.33297230711983,149.7365710185079,133.16602370106662,108.6510520267615,79.05197242540764,51.19348290081935,31.585145709341816,21.596495746204738,17.8789668987298,16.70273592345029,16.26846764586324,16.06228332979171,168.73721238674557,36.0109271855738,15.813182593689174,12.518761769552688,5.184934580987891
30.33792097150775,30.28461168056907,30.166359675807723,29.911372209479378,29.38665041448444,28.384294101542498,26.672711059338937,24.17462365604183,21.192547487938292,18.384421347491873,16.37466781302558,15.418505881901257,15.502060187502947,16.660542435524267,19.09412293402081,23.003928803331625,28.399452161780612,35.13031614898885,43.038810118850996,51.97369335698188,30.379939410832513,13.22556910850975,125.2492627031403,4.046424373914492,31.299551332806715
381.7105368727121,381.71498480963436,381.72518648816737,381.74847240630567,381.8011798785123,381.91875524688845,382.17447991257114,382.70685749354743,383.7342951611371,385.469079977632,387.7311124482816,389.0743972030599,385.69505736851573,371.0850710559154,337.6375430447614,281.3006022837968,208.23288841700187,136.2231889756413,83.9363435500922,56.84695708341394,381.707120692114,440.3129326680203,41.599395168202044,11.430136121195424,29.02451648414523
88.26235827577158,88.26266636185,88.26337413328447,88.26499421951502,88.26867901726392,88.27696603023354,88.29523301561468,88.33406027591563,88.41113990566623,88.5442877483658,88.70521109832038,88.6636192696066,87.66486055542336,84.18474664444413,76.549301605905,64.69343325166146,51.222002710651246,39.85833665534028,32.67573805275612,29.15851047257331,88.26212194991531,204.2809095445414,26.313235198454866,19.605621552149092,6.707831700364757
455.43215616865336,455.4066976563242,455.34808452058894,455.21340704295784,454.9050201068409,454.20308301326475,452.62176354148727,449.12161136282924,441.60050850656086,426.20597205779063,397.0212888601859,347.67684314507574,276.5494226012899,193.2193712620679,117.56788833795991,66.8430995796794,42.79005140385988,34.736778154076944,32.48570880212026,31.704539766276184,455.45165276858506,154.23820910732914,30.882289821812424,15.167825012545697,6.055082992499454
351.84827737255586,349.41024559748894,344.3119689886102,334.3238029003336,316.61719357079744,289.40503658812196,254.69756331284236,219.16129964375665,190.310046167617,171.32311572880607,160.21240953737959,152.9251921171379,145.75680359294523,135.54195705903751,119.54109911302166,96.71695470906894,69.87188002524948,45.436105489579575,29.009578743619045,21.09417020087369,353.86341866157835,151.34582479138504,16.653312696078746,2.5106056987550343,38.0401440049502
38.53977709596482,38.5441083632918,38.55407819725257,38.57697812164235,38.629382908661405,38.74854171603577,39.01652603974658,39.60810576927138,40.87441408312421,43.45502082242349,48.339711978037485,56.69729721980646,69.37616282984276,86.46576957306475,107.46840344560087,131.74503100044714,158.54851186693003,186.81979734077922,215.1590891829136,242.0053147888623,38.536459610167306,600.6254100868838,334.3074401171801,14.265614649636605,15.373090526405646
261.8365163046268,261.9467801732635,262.19807605929816,262.76541729245173,264.0257400157375,266.7498608936332,272.37638869837593,283.1795846821346,301.72128137661304,328.7273821722613,359.7558964623959,383.5427862107861,384.6912848249551,350.31458594492057,278.95301729982356,186.8143670866986,102.31023058658164,47.61328501021771,23.82521844358638,17.200004987132246,261.7514149618766,787.5812513031103,15.244727605248906,7.197090198067754,13.264268742156519
61.171010897945884,61.17934696455952,61.19850439133577,61.24238481126508,61.342316747997664,61.56765191795399,62.067225081883926,63.143741011378,65.35817472574388,69.5938844125391,76.87638416118503,87.7276752571517,101.31873679473371,115.2932421825175,126.56286154728997,132.391417159755,131.418615336374,124.47789279256926,114.48080935661571,104.91600635051816,61.16461815255745,305.25677364042366,88.81476333040345,11.843881516284679,17.079434627760435
19.16895902554662,19.17011074768279,19.172760369307685,19.178840601117223,19.192732209053148,19.224232250447745,19.294751079106547,19.44928600583072,19.776485288819735,20.433949136292515,21.662676672025885,23.76930413222677,27.10020352566698,32.086023116653124,39.31556665718898,49.44003409471575,62.9581575266203,80.20799996256957,101.53418916110134,127.29856332207339,19.16807650827838,34.18749639447994,524.0353719451592,12.445922280914798,20.14345631346722
379.5141309813021,378.8580019811661,377.3789279092701,374.1018037122363,367.04997230661735,352.5932072848973,325.17021540264807,278.9645104521902,213.24477089107893,138.61851736679967,74.64007994904239,35.52983856634353,19.524186088451813,15.450689962521437,15.070519291674998,15.743330658729633,17.086071894996223,18.98361605415454,21.20586589364808,23.480450926137905,380.0248213070975,13.455965498458442,32.19453641440197,5.3719599270894465,49.297498984074664
258.20646452852264,258.03176718913187,257.6410411438053,256.7866984018707,254.9876593624027,251.42222190609417,244.98235277964616,234.7863299237005,221.14479523878788,205.9963348698742,191.68686065182348,178.9309022806561,165.93531109126053,149.169800313981,125.28504861181088,94.07977489648212,60.862450942637764,34.12203107965698,18.752663445336083,12.712504381111472,258.34327737208747,172.01719944258946,10.232221446100842,4.50189003970729,32.50598206270776
57.48592141099491,57.5070902583743,57.55564491031632,57.66648770234392,57.917467754483944,58.47789872542201,59.70041979997506,62.26750798630056,67.34761749948574,76.57590305760398,91.58895640602228,113.2392272002593,141.30750781593952,174.99678089246024,213.16118461990501,253.80188152627963,293.6179125479227,328.2819883186743,353.60188740224044,367.21445507949755,57.469663332027544,705.6035666151488,338.4140911870164,9.50029738327828,37.976718921836984
892.8857040981645,892.851383223303,892.77231839606,892.5904567255317,892.1732637793382,891.2206592709523,889.0629698729696,884.243050443941,873.7277592822294,851.678410708118,808.3357921937533,731.3257087549025,613.4707070929796,466.676923513187,326.6226090067621,230.93720703714553,188.57709832707872,179.59255250231354,181.7492691648414,185.2064830723922,892.9119755115856,83.55292331358427,192.7754722809806,18.454627686164606,13.936383777736317
593.0517666049417,593.0103583929351,592.9150338854105,592.6960421743527,592.1947472210651,591.0543500028714,588.4877951363426,582.8169667759798,570.6712382483508,545.9623508683902,499.660259643377,423.0712800144126,317.0001984213202,201.02545799547937,107.18972563372051,55.996361388566356,41.84021557847211,46.163353870173864,56.524240666782134,69.17085356143627,593.0834802107502,15.670736696265632,198.10541249048387,15.873924946059903,31.50109852411645
98.01363562513866,98.07644130469377,98.21782697421214,98.53037408799847,99.20044041249679,100.56635121804864,103.13669988122878,107.42395273567894,113.44280215387515,120.06151832489734,124.8133422555504,124.43138798535296,115.90004930419617,98.21311365124897,74.35372441063127,50.948065085854495,34.16368548357106,25.476612865680238,22.144922493266833,21.02546705982907,97.96469897106876,171.66991806110252,20.106080524254864,5.095843496274148,14.955168509904414
156.87426654218072,156.87097583126533,156.8633944102953,156.84595340432236,156.80593326877175,156.714511037956,156.50726650468178,156.04362390561812,155.02928014299712,152.89064885110963,148.6398471233895,140.90961875544662,128.4816788620139,111.3285742781439,91.28033898490422,71.4166842491157,54.78247676883632,43.24711176369519,36.73114178958319,33.630159781707746,156.87678530681129,76.52479017864711,30.828449663212844,17.773377310747023,19.948248334074723
77.9937713191989,77.99294621675888,77.99104601330743,77.98667755090854,77.97666530749498,77.95383858073647,77.90226469307149,77.78750763412846,77.53852311573762,77.0195033864868,76.00003525894559,74.15079925340778,71.08964633181716,66.44831966276244,59.954474218630324,51.723656397017976,42.74746421670454,34.77992689968913,29.197150104479647,26.074211631216635,77.99440305395892,65.97845675140809,23.114574890048058,14.900913293174433,23.525996588905183
10.778378097432507,10.779648302274886,10.782572921867782,10.789293850209278,10.804687369689896,10.839741369424935,10.918778658673077,11.094019215042081,11.471902309300573,12.251373899960445,13.755540292728327,16.40625541740028,20.60571667750509,26.624932922043087,34.672112946323814,45.05988138651849,58.23568900012557,74.689971441502,94.85637706459188,119.00977359140536,10.777405407840648,847.280877316502,428.08225253042275,14.747627727744263,43.71640978488939
650.9865437496193,650.9034734359326,650.7125561017297,650.2752176212566,649.2790972918477,647.0325211213778,642.0508310888708,631.3166944457778,609.2643241696975,567.3031931059525,496.3212968367287,394.9979082442933,280.0376051782964,183.19225340057068,128.4701597200708,113.43310450464742,118.68768202150898,128.99471433816188,138.85226566753408,147.08386134977286,651.0502458113507,47.31288303010754,166.69299773896196,12.56734837490629,14.830384102908654
27.79064022523935,27.790143038288523,27.78899857030672,27.786369713830762,27.780353443625536,27.76667286320978,27.73590701491451,27.668022564322317,27.522994589563837,27.229376395919264,26.684566192969772,25.803261797612684,24.652338961227514,23.619709710187276,23.435344120754152,24.947107572515193,28.79131456793506,35.1593739983234,43.8494597714726,54.59251537687574,27.791021032154706,16.89719086073323,208.27080316903664,15.837460829584817,38.52574301681618
42.90749746850649,42.90523517496587,42.900039649996465,42.888153309410455,42.861139469525476,42.80044365381714,42.66670659711809,42.381543151405644,41.8053101925481,40.73529073443243,38.98272080612355,36.5695195665528,33.91815134787892,31.767731561597586,30.831687772854522,31.564571205637034,34.14925632161506,38.460229643235195,44.01259482600308,50.14508749786258,42.90923327230404,25.734735024334977,80.76595950916663,11.389455744569702,46.11618214249067
561.8851368219937,561.8872253991269,561.8920373916582,561.9031079314482,561.9285126083,561.9865551429657,562.1181567823618,562.4126310835933,563.0568321001228,564.4133044771335,567.0945598068154,571.881572773164,579.1717469079998,587.831033650597,594.3700816187292,594.1604549019859,584.6600754672584,567.7540853947734,548.5806901133182,531.9647399196763,561.8835382292119,679.386108589319,501.79319832627056,19.327042884289913,24.343999864114757
12.445413237601027,12.447725967726868,12.452993424996965,12.464875018846444,12.491245789996384,12.548261293753752,12.666674696318264,12.899106512540362,13.325061020624359,14.054606146588137,15.23946964108488,17.077376698376412,19.749042659250843,23.2874363668733,27.52568512659279,32.19540289392615,37.02531430334787,41.75370654482409,46.12987676682038,49.944752269994964,12.443627294866145,14.693459637009088,60.332633638980674,5.896054734186948,10.157148385331231
806.0882446708499,806.0277569435548,805.8885311209413,805.5687677640191,804.8371304651964,803.1740440000705,799.4362326889217,791.1966525152917,773.6176520080038,738.0810726588048,672.1433388432764,564.6495954784518,418.7308955663542,263.3236368654523,141.9496565719362,79.67808535472273,66.70279769455578,78.4919492865289,100.04998900064834,127.7324876899869,806.1345761786296,24.59456676420422,829.389522341258,15.455937966102935,32.76539226201073
224.5647325278868,224.10482593613276,223.07695648562353,220.8324805300713,216.1180948854418,206.8208586583952,190.19540811749687,164.41847938681406,131.43998157449732,98.18663608806041,72.70381404813659,58.24503376559068,52.39138170715526,51.38420612461752,53.39859244860389,58.37510964879738,66.69617882775296,78.23484327873837,92.1741530240399,107.46292154931433,224.92509893488926,46.02021542575664,196.2700694361476,4.547150247344041,47.00986076172701
40.140588278722596,40.140233365442384,40.13941853060761,40.13755539645707,40.13332559220576,40.12384189817845,40.10303813602085,40.05912405127471,39.97256428735922,39.82223659563621,39.62191579880315,39.52234769322223,39.97871113135312,41.8621560023636,46.30756323695905,54.23403899296276,65.85143767173321,80.69831942745692,98.1525838096913,117.67166534032754,40.140860656672494,32.38717176686274,264.4390549344523,13.472525643257455,23.66234808047865
183.88884122017888,183.70459863450762,183.28695305877284,182.35273596413558,180.309887210465,176.00950774083356,167.50167449805258,152.2295697404611,128.49067852640633,98.26260989716654,68.64385635405758,48.2235061470291,40.813989107703094,43.93015792020822,53.050645481459014,65.34051254681177,79.78411899595666,95.98224079894632,113.47049567686527,131.56814184425818,184.03162856879865,20.84424376975076,222.1552672925793,6.141603208708684,15.096126880469951
21.106071049202598,21.1090775870252,21.11597173185686,21.131702350629258,21.167290328659316,21.24663482082629,21.419232924174242,21.77978737430317,22.486333640600073,23.74573164744676,25.721141019005238,28.383494802959966,31.461886057255764,34.58565651685278,37.4552256314866,39.8926313172755,41.82404371838365,43.257852336714215,44.25993122234284,44.923991496443705,21.10376148790086,46.21194737130692,45.972923334375466,9.629401222343116,11.140136223984776
24.324454934940775,24.326505354088876,24.331224158546608,24.34205924074172,24.36684000536561,24.423129418996538,24.549498111503837,24.827602519790883,25.419749096369934,26.61554080600296,28.844036323568385,32.55683405670704,37.93646295221279,44.62556066769678,51.74042136671383,58.018719698196506,61.875659992713935,61.67286900360031,56.53048283620931,47.305107260220126,24.322884208929693,121.19289039620418,18.103177486958593,14.089043151787868,47.309462041404636
73.83032445317312,76.65704593743185,82.27115372120518,92.51644565957938,109.2612704610458,133.47644158445854,164.86099785332323,202.49795218977496,245.39515540241717,292.16040424753066,340.4033581947374,386.2168589908801,423.6014769975326,443.8984358257201,436.142553792505,390.59085186653,307.075763345986,203.16660689190763,109.65217690025318,50.12648321147162,71.38241606338084,634.1772031056714,15.726539940493197,1.8161949201372467,36.62570612066432
332.6949074084429,332.69791216464415,332.7048198886037,332.7206513125238,332.75673923024294,332.8382296149778,333.01922924353846,333.40975945379705,334.2102456475485,335.7058342325523,338.04323186595053,340.4072218447188,339.3376338977731,327.2646507696481,294.3966307460668,236.06612847260268,161.05495438751797,90.40687549396102,42.95333701111872,21.328965767627608,332.6926037479218,485.41867663328355,12.990783852150269,15.761234044179778,20.073859174235928
40.18315620426838,39.89384414148439,39.30380832002475,38.19182512282765,36.32790931318429,33.66605133745675,30.547829831331754,27.617166007669766,25.411969406861196,24.073289660303782,23.458077185627708,23.43166249148264,24.060096145175724,25.688272664480856,28.95801749569851,34.70075283332693,43.65963262173205,56.294790768902715,72.98607494461113,94.3648901099849,40.427349158824725,22.184407938970306,981.8191762558611,2.209608197058409,41.69638470118397
190.10487444089483,190.10737983847358,190.11315070800273,190.1264214193592,190.1568518732863,190.2262858542247,190.38336502006172,190.7335435355589,191.49503802869177,193.08418874501078,196.18930469277228,201.68128048960253,210.13291188028376,221.05600306423614,232.71167300560808,243.09018145711232,251.06264587742083,256.5555184865056,260.0601718094258,262.1832348181026,190.10295644410746,295.23027327466076,265.1149629897447,17.31025521639047,10.822019353093198
10.10361075833872,10.186163651618008,10.367603275862747,10.7532468860006,11.53070921807588,12.980356438833228,15.416240596814609,19.048910964515194,23.8917675850569,29.815580537041228,36.60553043751055,43.878980313557264,50.982464951167,57.022912051948246,61.08859725944898,62.6235626892104,61.77464455323755,59.41520849606694,56.705478508745195,54.48565578370133,10.038047205043284,157.41893796739453,51.01727744883855,3.351959291225616,10.934660197003465
46.07759073267646,46.07636234196936,46.07353230975431,46.06702200271867,46.0520841334008,46.01796292118745,45.94062689756155,45.767673972282736,45.38959104632617,44.59392392543251,43.019585759269944,40.18825391379633,35.755027673112124,29.984624907462596,23.983300822376073,19.115056509937443,16.036765796995986,14.457405644985666,13.72906082115081,13.385718263284105,46.07853097300285,13.81868578496125,12.996499794420137,18.404498841816437,16.980931968977416
921.4229024097234,921.4162711110889,921.4009930820777,921.365844775584,921.2851868641534,921.1008957753942,920.6829229769186,919.7466326367861,917.6910496772016,913.3159356988531,904.4036214526363,887.2064156017367,855.8145991779869,801.27766014196,711.6887805810458,577.9590289450176,408.2722719855145,237.98159940271557,111.61860125140424,46.766421012035494,921.4279780538099,848.6605543015173,19.28157760354709,14.583561755027628,30.83863467809932
237.554562788848,233.89451402252445,226.30267229025253,211.6314333180965,186.2091434251376,148.58775712551034,103.54523392642201,62.18444721531927,34.49730333449202,21.60666141512459,17.508635376299623,16.54423200181651,16.428841147216076,16.705246525246707,17.331836031772838,18.266041064497614,19.376498726073066,20.485595724553633,21.45617369322423,22.22614921726381,240.5991818548675,15.573348417192006,23.829786824418065,2.4561345675667483,30.998441850419418
940.0998338068558,940.0767079047491,940.0234167436429,939.9007738419286,939.6191704932955,938.9751371809249,937.5123242488639,934.2289930294315,927.0073114350123,911.6552344124076,880.7904636789513,823.9536276978843,732.0816020503306,607.9910505773713,474.557860023563,365.03053598129304,298.8663977097831,270.499875533258,262.33170653234265,261.21097100599764,940.1175317797284,220.78475138491027,263.9508531285699,19.70711578932234,34.544554600246215
14.123105497951874,16.160144499149382,19.610731178152264,24.855661050574575,32.1234754836888,41.634893060367965,53.754548113259474,68.96050128580127,87.72332552346182,110.3594091278426,136.80219319074928,166.22250514441416,196.46679735258442,223.43543553707033,240.91490447399315,241.8495242970823,221.75897247626017,183.0989693630744,136.7497884284926,96.96684395164489,12.032701559222689,542.0148703554989,53.623675804643455,1.082908808779592,26.347240522919385
746.3217810880964,743.9062861612925,738.532304046179,726.8882147475994,702.745954809903,656.133546903773,575.5256640720488,456.7793138568376,316.0959769162101,190.08224930619895,110.84012622746104,80.20467258847304,76.50462567697446,80.49404577800931,84.93527208145542,88.52376531051209,91.1824583809373,93.03262585340235,94.25331235963858,95.02467986798877,748.2211870337154,32.70855621422818,96.16706155448209,4.301760867865424,4.769248239989125
14.563187303720934,14.655132582385896,14.859151547153408,15.299622699685708,16.209732627506117,17.969343246247266,21.07341986917033,25.9800148302114,32.95100837217042,42.11537963464983,53.69217519029377,68.07888287805145,85.7954513955332,107.41293775935318,133.45222591685692,164.2224214132203,199.64344140996388,239.11437382777575,281.4538306783728,324.93202634482583,14.490717619032436,284.46039707042155,534.7477199200117,3.7226779457973307,15.839291254902498
24.54971588354647,24.548796317398317,24.54668079596592,24.54182627448297,24.53073572637148,24.50559213886639,24.449337674561573,24.32628919268955,24.06717134672131,23.55449955025772,22.635586621163924,21.217969916571075,19.466066405529112,17.948154196482694,17.490377373401458,18.78015599796454,22.058473943963953,27.130754390041012,33.65744077143025,41.41241696321862,24.55042050927317,11.316485045589365,127.8977015301792,14.298521232615304,33.09811908248338
59.810636089943365,59.927906275928976,60.18824444132963,60.750520884317105,61.911608178110754,64.14684297592888,68.03156686549829,73.93000148166753,81.58997343242405,90.10600325403114,98.3554727601285,105.35187790496482,110.20230817822807,111.86920715967216,108.96602077641072,99.92389194745431,84.0666722063918,63.40017405450314,43.00950524787535,28.113677127936338,59.71825303199004,128.83103382766396,15.4240567075068,3.9317706557310044,46.726141738543205
333.4513712228774,333.4684160309227,333.5076254381429,333.5975871617467,333.8030638826341,334.26873186959574,335.31003509126265,337.5864310732435,342.38010674649087,351.89076587305635,369.1446756476632,396.8194288963091,435.02208835529854,480.09666829900357,526.3642627021059,568.8816395603985,604.5473856063627,631.9901694695516,651.3414413078299,663.8883999698453,333.438309639616,700.6130002933069,681.3347958837605,13.338459725047073,46.55545510938393
67.7594569028801,67.28657457691547,66.26796202580712,64.17597044776018,60.19513074938918,53.45024006048507,43.76100531091176,32.55988825984891,22.64304728095768,16.237039332382167,13.399604604914295,12.661679922075827,12.679880910573537,12.852114787802215,13.012940053673617,13.132308055240415,13.212737399861957,13.263851478499262,13.29511454813656,13.313780995024004,68.14095346621605,10.167928638946115,13.339582327207575,3.080259188315489,6.5769657527772925
50.51852354166178,50.52548375805601,50.541488914716105,50.57818746988756,50.66191642217881,50.85131589886779,51.27353345603888,52.192014707878855,54.112196559886065,57.887115000728535,64.68292730898784,75.62024824189197,91.22143460816807,111.2574477812069,135.1539916086451,162.2725040164754,191.79212362621175,222.56553192558945,253.14511401686127,281.9580212274186,50.51318835235889,252.66298009072545,381.32704957083723,12.21405221254787,9.028936378735018
312.9826067033209,312.7190898015974,312.12095021625777,310.77992460906887,307.8359882058364,301.5975218145315,289.11885316665627,266.3150482302291,229.84062103094377,181.17237852622875,129.27514948144423,86.03027531759176,57.04147986257891,39.13323882184193,27.06388241497382,18.825199275858836,14.143242960546388,12.067292763415992,11.27540356479443,10.95430330653852,313.18662324522506,51.23937671578546,10.61663037432772,6.331183790122238,17.868826598766937
35.361211911119945,35.36504609187455,35.37387146197324,35.394141620078685,35.44052431919976,35.545974060640994,35.78306570240596,36.30622040885807,37.425254282575494,39.70313429783268,44.00758993559424,51.356435373017376,62.48091390954725,77.4635156776653,95.92886169645655,117.4600976416846,141.61929219794328,167.73091044765917,194.78669986876986,221.50892734953422,35.35827509822473,420.4751230871797,331.01890307677434,14.215488577840187,8.672243768588734
412.71841538466174,412.70108811487836,412.6612290847363,412.56977741264365,412.3608994768113,411.8875290860363,410.8290121942492,408.51494284503053,403.64126446242557,393.9665207966536,376.38173908777435,348.00915874293844,308.1702123509541,259.08773366919996,204.11669801353244,147.1395106466586,95.12037474470276,57.05441739016135,36.493683252858716,28.548323181903015,412.7316934589759,226.1267408522506,24.52874752072364,13.313784675348812,25.20855876817669
75.19327337638099,74.65420478845226,73.50251201309102,71.16854187705896,66.81846231020403,59.668698004995264,49.81713097368876,39.042477488578484,30.272900254123456,25.68620948462962,25.527697919479657,28.79415883768703,34.36996347881689,41.43381565037244,49.4576721985008,58.069437871976376,66.88802532693182,75.47697606207689,83.39317500358985,90.26663952288591,75.63104893475034,16.758931542524515,108.79490359710479,2.8987043704749094,9.884162588204799
18.42262878210608,18.436894711811927,18.469516440408515,18.543595585062345,18.709829887879742,19.075457334989217,19.85357361350886,21.425706179205616,24.368086981886655,29.343492180659354,36.83954671624744,46.98751000354234,59.65660566584891,74.51990675187774,90.79058958784029,106.82924202387446,119.93474985978139,126.62579995321397,123.7702901163957,110.53247934675359,18.41164652613088,809.4994502314682,37.13037888677476,7.748882148324147,17.45986910220973
625.6006104684575,625.2211490642962,624.3589121162622,622.4222809676603,618.158126568737,609.0795211580294,590.7967517916844,557.1184006652795,503.005368551944,431.81870908650626,361.62409789450265,318.5491806261966,317.2183444039807,350.22634701801667,399.8162762482834,453.2732022071118,504.75059023373933,551.1336383686346,590.3861193813188,621.5483885426677,625.8941470789318,133.63857087652053,689.159580338458,6.698573210730015,7.512064372733549
129.54759374210923,129.54465030176164,129.53787135712273,129.52228610851978,129.48656295961175,129.40511163579984,129.22108435469454,128.8117908228713,127.92560183807775,126.09154484183988,122.56713111475781,116.54984348435903,108.00090763591653,98.94142894698894,93.77319620310809,97.12163546500591,110.65444218247147,132.4617375868321,159.5552607128699,189.87833904719193,129.54984730827832,49.09915111453993,401.61846042940596,17.709044769321512,24.683528523539444
876.2808042679368,876.084382842509,875.6337847248207,874.6048814411442,872.2742631776331,867.0674937501066,855.7053005322746,831.8645888098273,784.9233572246192,701.18042255675,571.817357088594,407.48190237967646,244.60700482968878,125.10899733264489,63.65606281497321,42.46497325726898,37.29973126747768,35.9839413656689,35.44857806568314,35.17159282540547,876.431641136779,127.65152652281601,34.820963728315505,10.290534791541216,3.790894035340525
405.4598883234049,405.393659212831,405.2415508040682,404.8935243404948,404.1024506559382,402.324605418318,398.4059628241505,390.0472228281533,373.1557217657672,341.83368637717433,290.8244444445829,221.6623642412419,147.93081446100018,89.53647601075704,57.10737550528165,45.18427306139995,42.32048453848137,41.754568242568325,41.5912163147205,41.52132499959288,405.5107021709829,15.954018881794697,41.44736990004495,11.741014393093923,4.062806031051146
14.412525494202756,14.41711980734247,14.427663937750737,14.451759126560265,14.506412925468394,14.628813104042788,14.897111109279653,15.464788163044158,16.600628886014327,18.692586578588276,22.138712484853798,27.11510765538823,33.40155115063049,40.4090362165366,47.22073385013677,52.53385522656451,54.76971368418184,52.60806789263994,45.88102037565079,36.25092930525956,14.408998573490013,246.73611101563534,13.91727427276885,10.064574458700154,18.257390404196016
28.586594673405006,28.586905329678622,28.5876222093418,28.58927606048493,28.593089726071526,28.60187647779566,28.62209140724307,28.66847450276756,28.77438308159096,29.014026085636782,29.54711907086765,30.696184374084662,33.03972247373115,37.420487277779614,44.70401470164033,55.360187124085755,69.35613018253542,86.50898083095376,106.70974062462872,129.7722304942909,28.58635718618324,23.85381219874619,336.3741299641092,19.07930166985537,8.728627625759923
830.500289010611,830.4437535899683,830.3136693802115,830.015079584118,829.3325939370844,827.7839986356794,824.3141202919297,816.7044858624774,800.6066637649495,768.4980975328118,710.0926358431328,617.3646751768046,495.1591583417277,367.88223566901706,267.5814351901179,210.20238467166826,187.73497243637712,182.94854518073214,184.03394899708258,186.23353765503452,830.5436044992244,154.71235857351462,192.00865733581546,14.488601184709056,35.79770673701989
435.9593256205784,435.7301395542834,435.208087022282,434.0305306230081,431.41869253763053,425.7881699390138,414.20921500002765,392.12976112873486,354.60142016941245,300.4429045642213,237.41255533192526,180.98492058591737,143.63261459827453,125.81543524951257,119.55995580446097,117.6880992844093,117.07149989737081,116.82656105359865,116.71713388748799,116.66458112056148,436.1362814112123,92.66960304350562,116.60500046803052,7.152713046804902,7.052364501589619
211.53948193525042,209.2094121521373,204.26568602096222,194.3601645624477,176.2274368549519,147.22354642758182,108.77953156728813,68.84385374761666,38.117677523807714,21.773356402746742,16.62815335988239,16.77059414081498,18.718024738310646,21.262894794421925,23.950227528284927,26.530515763140244,28.843534199525948,30.787398368325285,32.31891161577525,33.45162482236586,213.44224581247835,11.674006703924228,35.58525662945645,2.790367424475905,11.154903551490467
189.3814629779598,189.314880972541,189.17308896743884,188.88683038065622,188.3542881292113,187.47156247490406,186.20415094062236,184.62952171352387,182.83595081128982,180.69260736519192,177.62898148354537,172.50636009783486,163.7130691112838,149.8713806590495,131.33027029364789,111.21204630678716,93.99478787190436,82.38234424206784,75.98178557285387,72.83633471735145,189.43569942785183,180.6979644992952,69.52001001286705,2.713267553300332,22.801947990051602
50.76493280696053,50.77621225278243,50.80210418879662,50.86129215018178,50.99562379291997,51.29676347588526,51.95791458387026,53.36028376119696,56.17601565059907,61.38299413117043,69.9855999483384,82.39025204010922,97.93059928367289,115.07330926587142,131.88756712380064,146.27229047907247,156.3196275651694,161.0316533009317,160.88682932305124,157.67056182959544,50.756275230301874,276.00586181410023,143.89748926518024,10.33974957940298,25.37513995063977
856.1198332771044,855.9677814430308,855.6188746015963,854.8217987384016,853.0148136811346,848.9720512503119,840.1276734897566,821.4880706931102,784.5057302665068,717.6582532212259,612.1084508929099,473.23167536994487,327.9257473211619,212.12625997856924,144.30915677682287,115.36070412256811,105.50388874632358,102.0149392390274,100.45149360566336,99.63964442141912,856.2365736278106,325.52807004174514,98.618665391919,10.105229644890574,3.2709968626382455
767.3747081769532,767.3492050567195,767.2904344860116,767.155175947434,766.844583773096,766.1341665780054,764.5202413188542,760.8964817457095,752.9215551817031,735.9536429275447,701.8004611771373,638.8334562254873,537.042806182129,400.079191681074,254.75378797778103,139.164335453361,73.22111479874513,46.689948156518994,38.32610741623387,35.41577932475627,767.3942250598259,43.48584800397554,32.499611073680555,19.988769582365755,36.497104232217175
12.437349871198911,12.437361160796389,12.437386814220753,12.437444406925563,12.437570923855418,12.437837912184051,12.43835896778216,12.4392150825563,12.44001998211435,12.438392640511546,12.4263271887974,12.385721543228028,12.291419557206806,12.130865818416817,11.925060847919058,11.719303085244608,11.551035448319231,11.432321212311415,11.356297588953563,11.31025386919114,12.437341139353284,13.297529242611553,11.246130737417324,12.392759090744512,5.435096002973687
735.8242367990032,735.8184187134913,735.804992198507,735.7740150699129,735.702577050461,735.5379618459766,735.1592091116148,734.2903124399928,732.3086654297344,727.8429750020942,718.0169597462275,697.3467004768419,657.095125795439,587.5530131200223,486.01442288013476,366.66872486541223,258.44550757499775,185.11467799594686,148.36074704328553,133.94953358610735,735.8286844080068,747.8475583174142,123.62552060785005,12.716139696523065,16.01093127321199
13.614474247942525,13.846559661172005,14.342837942885696,15.352953095160384,17.263496470366178,20.53788556576898,25.54549778698555,32.42887453426604,41.17868275775382,51.74078719996012,63.88728185794962,76.90498541913394,89.26242245387687,98.43896639448815,101.26668210898366,95.13406935428,79.88920378512411,59.22001953985163,39.55129115021629,26.106957373759986,13.42595183428354,298.48388612266837,15.979823476214497,2.6255951793494696,16.93870924180274
10.591399160322963,10.592100504039399,10.593715988536898,10.597431077509814,10.605950482877072,10.625391768609521,10.669384734322165,10.767516783985045,10.981221836189137,11.428837507588735,12.311728517163822,13.910627171410638,16.512736218469,20.305935684056678,25.38475200381845,31.893827165033663,40.104639445001354,50.332092469890824,62.81566893175539,77.65632989507803,10.59086225611417,73.80252686120643,260.23267151646417,16.225629697016842,31.00675058234822
493.95437916245106,493.86318651225076,493.65398568653507,493.1762891654948,492.0942341204427,489.67692826606464,484.40278073740234,473.3429439342544,451.6073450293142,413.0373397531051,354.29094128558836,282.26991842392374,217.10722705997676,181.0065974187579,180.79149149342237,205.68087829347888,241.6776607995642,281.2454563753954,321.25473193427723,359.52899746772977,494.02440779371193,65.01362883624483,498.36113944305424,10.622992899469207,12.705734143918175
772.3029593585082,771.1499404510995,768.5455782435685,762.7555350141948,750.2247363595179,724.2927063932638,674.3637945430913,588.3334202152996,462.0493890084648,312.50388909128833,177.0577976508257,87.607534708255,45.55555764619601,29.79444872197871,22.407359125526455,17.455603627442656,14.324550430483328,12.70636500445903,11.9757404520617,11.644866982347821,773.1990171792187,35.47658009728379,11.282438330985821,5.610806816145511,19.60100294035653
50.44930497485957,50.47273091731085,50.52605399172426,50.6461918281711,50.91218413565531,51.48420956751301,52.657811620807955,54.89780579474555,58.75776977279208,64.61284232646574,72.40332157261429,81.82040907991862,92.9273668297182,106.64254775594156,124.67549861399719,148.81610695163317,179.9011456206339,217.40090335732134,259.9496590539529,305.8682294638884,50.431207472325355,112.03017616390508,583.7861186681657,6.554426315084283,26.996989182040103
48.29679007786498,48.79892840802851,49.88786003994604,52.152864816185165,56.57079618549611,64.43432581182168,76.90282482682358,94.381054477283,116.41091199416363,142.10687842974193,170.21551407757235,198.5188091016906,223.08815759388057,237.88752922330306,235.6046798641741,210.90719172908734,165.621172816815,111.50503879423411,65.23096989233102,37.225055473687334,47.89364683107491,440.09468003764044,20.66345917777721,2.9666950978911113,26.143772155404882
220.68974050068707,220.694366279881,220.70501394395504,220.72947033746905,220.78543441618356,220.91267095444667,221.19872602425457,221.82959873148283,223.17636573564965,225.8999963261953,230.94751584365397,239.1118559384519,249.8473340983009,259.9397550734722,263.88052645157796,256.8835116950938,238.5549186010138,213.9221010601714,190.40741884197854,173.13206184937275,220.68619741975405,389.9872441415453,151.09486529108133,15.703145465061011,20.85008281092434
11.635622532303332,11.637507792160486,11.641807355021527,11.651526115368753,11.673162071552335,11.720104065131588,11.81771741114822,12.007465778201592,12.340862116099116,12.850292922258863,13.503815754658334,14.189533375798645,14.757326808521867,15.073710933402097,15.0541219893947,14.69511801292952,14.1014813515337,13.451795924631844,12.90200580936638,12.515759666296626,11.6341682602628,17.06862809740735,11.952127089964103,7.24992935905336,25.78358438089675
51.60046690377825,51.60336124215,51.61002106194669,51.62530833227377,51.66025303319637,51.73955647326891,51.917306960207235,52.307417214309865,53.134186963115845,54.7908353125852,57.839223653620586,62.81679836183626,69.81064553255632,78.13126457700884,86.5090271488788,93.60405694322748,98.38699849432211,100.42732805302259,100.08556563095294,98.33716630442976,51.598249395968416,132.1901057862877,91.45728335972288,13.880913235414866,34.0141838510435
43.26477390287069,43.26557305080413,43.267412582461795,43.27163799684861,43.2813083948961,43.30330202657066,43.352794671431795,43.46222979001617,43.697530080553136,44.182720560543586,45.12799784607305,46.85035599148914,49.781510514767916,54.44213972850823,61.277794509935546,70.31833686599697,80.99540011934138,92.41000271193244,103.70278834364987,114.17445393680208,43.26416181069833,49.25257156540955,148.01156248518947,12.332216889925995,17.10559585458239
45.96247062455474,46.198322665274894,46.71881894062876,47.8323045947834,50.09855905924155,54.37604008348667,61.64910454232979,72.54020283911659,86.86737209380851,103.79678918205849,122.3225269066755,141.38807601110452,159.7441131491908,175.95306942261507,188.6527975682208,197.01970619530834,201.17952339863012,202.1852251035647,201.48191987671464,200.26254515578105,45.77578193088342,244.39371121803285,197.16128760722174,3.565965288915719,23.170010224418885
608.2358759888103,605.8519218294022,600.5666737040663,589.1821331508988,565.8046814601067,521.3483376154436,446.1753753240964,338.7762970288215,216.26351284957877,110.95023554456901,46.86739865510822,21.50492555787264,16.377173340197487,17.89712749377179,21.931045180447768,28.037813037170395,36.300795152295905,46.963337410078566,60.4572856680395,77.30898983604163,610.1156391161757,11.819833317834998,513.2487412949356,4.100384984218729,26.347934358162362
70.56518623927629,70.54777192199705,70.50786717483807,70.41692352715344,70.21160788378357,69.75553053088683,68.76985343657574,66.73449777228518,62.82835768051219,56.126489453812816,46.33356767399962,34.7746062547553,24.3254165602906,17.56209690626747,15.025666603221246,15.722289208830595,18.742160615067768,23.79738932751296,30.89665689698076,40.236780638590595,70.57857049081474,10.477524250261098,677.3199601918021,9.643579319351806,47.804877284509516
37.45921417703614,37.46718472228506,37.485506091563146,37.52748749513987,37.6231592411386,37.83914908772955,38.3190574267391,39.3574397264458,41.510278216969844,45.692861025254416,53.11575695112619,64.91628335187383,81.72463884945545,103.73628147532033,131.1918510973959,164.51291317032877,204.02290206096342,249.65505860911742,300.74788425956854,355.9119616289451,37.45310274246644,540.1962273722694,699.4861954473683,11.579815911044832,11.72853381765044
234.67168300504466,234.64767446792112,234.59271965914218,234.46771733763964,234.18645776255016,233.5653483800307,232.23679184763483,229.54300385782253,224.5400830928605,216.46970823316894,206.09860955860975,197.3870440377067,197.33641000963848,212.59011102715533,245.1938293174316,291.8907860079894,347.58263452394175,408.2637556391584,470.81326628538045,532.0811300858976,234.69015090269278,125.301460484622,774.56760913548,9.346169174399344,14.888655086711456
20.03094617372722,21.27830960062149,23.64981149825362,27.73743697753818,34.01483069322868,42.64576305207318,53.58506829698243,66.80769955584549,82.32539679700821,100.06657878099152,119.82586794731091,141.34000283903376,164.52244529354206,189.8766452621379,218.95193554343746,254.3825021448045,298.9183053482027,353.6889155013645,417.26102296694035,486.40650659079716,18.904883395104207,249.61296404776536,887.603973926529,1.538531640856571,37.54137702935009
714.2125049526408,714.1410904588296,713.9768063036593,713.5998585815815,712.7388396312564,710.7873815723809,706.4234715338978,696.8855767634178,676.824023254254,637.1886544790252,566.1951590966163,456.1924139472157,316.6127713623453,179.65801612201278,81.67097974366936,33.84132096393978,19.15678254747786,16.57603929169818,16.368599187620248,16.419060818609864,714.2672293677823,14.111171446935067,16.60887016777028,14.147184870544464,33.102242042997844
13.730126818948026,13.730941393193277,13.73281856234022,13.737138918667762,13.747060187626822,13.76975540108882,13.82132564126896,13.937175181824824,14.192445925878518,14.7373135838679,15.843254574137577,17.926930169045285,21.481128279409774,26.89089196752198,34.298966782205206,43.68764615729763,54.983511331178576,67.9478339838289,81.97318808713021,95.97054170625749,13.729503452643387,466.4934006686408,111.39038261053815,18.23675009339564,44.143562287649814
421.6579240990747,421.5880089377376,421.4275324130822,421.06074546823544,420.2285314987758,418.3639322384072,414.2747818400574,405.622044341932,388.34262761234845,356.7905757153528,306.1828855416638,237.92649869154857,163.60259270113528,100.61172773651924,60.5506415077607,41.986200122977436,35.549570665243266,33.521394560075805,32.7318956120875,32.3454536482007,421.7115910708821,107.59641280871857,31.872878228239777,10.613534574311519,6.838946134485443
203.5190935552514,198.53275594081728,188.63392952444124,170.7654424079265,142.73806936317087,106.49075547846827,69.83338708536024,42.2580509794096,27.601168959686078,22.54936911072224,22.131091605289782,23.900328657682707,27.413353364664403,32.61318020273444,39.22476480898899,46.846624526735866,55.10317905549792,63.619087235619105,71.97454629355127,79.73691423956919,207.82237179512282,18.53337180858504,105.28001181331967,2.033257509169538,16.376599533183004
29.70757239147698,30.407186202926255,31.839302444229396,34.56595331347227,39.258830742925326,46.39624904255159,55.95984847655613,67.50846959192376,80.50648156741016,94.44582991673379,108.78939484509326,123.00603473828039,136.75200985029778,150.14251695625865,163.99975837599712,179.82198319316973,199.14265724005492,222.3968592924213,248.30146033958266,274.5338857131635,29.11795840699915,173.8053279260062,374.6048742975856,2.0887561362699967,42.813616887458444
526.5154154493246,526.3196162764655,525.8718307083615,524.8548131276032,522.5723245901636,517.5531640531614,506.88912634589747,485.47851839187325,446.18623294076383,383.2200569105493,299.9680334854353,214.95880882725766,153.56106288373144,128.02617359262922,129.63267086703297,142.38901013260698,156.83786818891969,169.98796149851063,181.0166877709599,189.67372574579576,526.6661302610373,48.36577470983329,207.973562871833,8.64964760236554,9.401162345102312
114.10717847019541,114.10310382210136,114.0937166742282,114.07212313092944,114.02258083154378,113.9094320013654,113.65304456033859,113.07992977316013,111.8281554541798,109.19820318060172,104.01188609007265,94.75046175887641,80.47396049814435,62.547098366019014,45.46460563764923,34.59823660098748,32.420999522481424,37.615515875948375,47.69281419009985,61.36281373249254,114.11029736724196,14.883989295372384,571.4053611557516,18.561505428782564,41.43743057654737
133.386620932503,133.40908753624635,133.46080250648546,133.57957960978558,133.85128944773015,134.46827567251734,135.85031286743535,138.86970704194596,145.18392884233924,157.48840940614738,179.15770893669233,212.8368551684434,258.9001869852484,315.6625031751249,380.91763723237284,452.4795174425906,527.6705262872322,603.0783954425909,674.8718265837136,739.4297530752219,133.36941355273814,130.37585881854832,931.5684105482508,5.710132106792475,5.645521563449959
125.00862657846925,117.59186084976226,105.96042022608707,90.78637639066207,74.95370788116617,62.045607472185736,53.81473555525446,49.53311251649558,47.52049274801735,46.55156745279497,46.04407844118916,45.750672949755625,45.55182070579214,45.378332205406565,45.189747588393885,44.97509848192263,44.7529648548055,44.554576536253336,44.40082067749249,44.294239292203116,133.00925079450113,45.45390454940856,44.12427124034999,1.1346217292290128,30.61949165830078
33.73108549335389,33.72734607337714,33.718802800999896,33.69943274712624,33.65608727125771,33.561226271457706,33.36117887982082,32.96378112690403,32.24343178190669,31.097134377515484,29.55351993456054,27.827855876831734,26.194807129505794,24.76880522382271,23.420025078627088,21.88742067363434,19.99437660506166,17.84177339161603,15.797802527372767,14.225450243789787,33.733966130201786,23.75292494113814,12.046582599429776,7.9228699530366145,44.190505874549956
47.15729994967994,47.18649316874614,47.253124935102655,47.40395080317043,47.74054942640548,48.474043907303894,50.011287125833405,53.0422024836298,58.508845297793684,67.28159709896211,79.62568174757786,95.02156237161446,112.617920964664,131.70004476561044,151.77545334582788,172.5585486399503,193.93512698341843,215.73136213660155,237.37399094027404,257.8259013746986,47.134794198946935,228.11215126079938,325.9071787790078,7.233915374613792,41.43875528057798
238.694923327431,235.07769422872283,228.26795266242507,216.87060994756635,200.6243751222079,181.62602074171824,163.76962575282005,150.2206340099067,141.61309316686913,136.64879392831836,133.64385670231013,131.25169223430956,128.29516798550338,123.34507656973499,114.47650975752543,99.6926369084739,78.5490238702343,54.18406227156606,32.75998483535352,19.069050323263667,241.9687713892812,131.36644804911563,10.045809263660901,1.6667245525333545,49.56156051709104
377.24854202903316,388.1035248868382,407.55044344590635,438.235515873719,479.81194506270805,528.001463346518,576.790503677384,621.3007178275291,658.714567088628,687.9395023979678,709.1271248353237,723.14480284487,730.9669817744292,733.1383851166652,729.5785285965719,720.0693573637182,705.4283406258097,688.2948044722865,672.1817833180004,659.5270427499942,366.917011026439,750.1196072235512,637.6853060836281,1.388416679712266,40.008669909971545
79.90515537473217,79.97259706005023,80.12608126634534,80.47177178018441,81.23673700076804,82.88038026195507,86.24801313523741,92.6628452559334,103.68412491336358,120.3073103455272,142.06477075356096,166.9743748390425,192.08620794108958,213.4086654189323,225.3575469920669,221.17537838719443,195.74974039128227,150.64383960051495,97.19072338933483,51.80443826998683,79.85304619096338,379.4166699347292,10.31410547531981,6.475786722810721,38.063541237982506
385.4093300552167,385.27219138381645,384.95999048582075,384.25647465553806,382.69862085263793,379.34905392322577,372.4878009599138,359.47122933865097,337.4517526187653,305.6474539777822,267.9180622309201,231.88579288727172,203.65431965047816,183.52839026032277,167.01849903152106,148.73675796202593,125.66510687201827,99.17653054691232,74.59344502218238,57.071858672145254,385.5152632214913,173.5518320071722,40.04168814318103,6.896889234469396,48.40467025481757
75.58363866146038,75.58441705452927,75.58620115977376,75.59026899139175,75.59946067338575,75.61991592256045,75.66430249087989,75.75682391281958,75.93847026987508,76.26781405238721,76.8156012962636,77.67215962410371,79.0008936651769,81.11425662345482,84.44637368475728,89.29880361380363,95.47506597794937,102.22223947501581,108.64251776470212,114.1193518426368,75.58304050888451,78.38827372774273,127.25225892599867,8.780544400423386,28.52823510067588
73.22921552723373,73.23219811946721,73.23907176907902,73.254892977716,73.29123004233345,73.3743728083905,73.56337739455884,73.98826351652073,74.9255441887276,76.92954063088506,81.0062438543454,88.70354497156984,101.83434264506246,121.70822688907205,148.5208874940602,181.7459960054877,220.90501225360407,265.55490124774457,314.7848515677627,366.9502068079063,73.22693313300222,450.2252409836989,657.8123754105692,18.71009493649187,29.086217879810555
76.61912502948734,76.62834409711428,76.64953247543006,76.6980716980885,76.80864145221928,77.0580784766877,77.61156025567469,78.80621594723623,81.27187301574158,86.02144947305787,94.31464878151854,107.10631476505586,124.40482191928865,145.39059793085107,169.31859691816163,196.09559329089828,226.01313296523273,259.02028875362475,294.1235337612818,329.43306716594753,76.61205555649651,257.3238956391448,474.9492241718173,11.696662599261165,35.59908904746854
315.73002203175815,315.5968633908238,315.2974461614564,314.63682417220576,313.2249063491097,310.36021023915094,305.0026947282427,296.1150348682139,283.5775279487516,269.0797840861248,255.68668744548646,246.12852339402815,241.6957766032367,242.56606192878593,248.35861736315422,257.9722680770941,269.4209082930888,280.53996942131965,289.90391696204557,297.02822942776623,315.8338696842529,225.31367614358288,310.64696250842695,4.964261318563969,25.92197825704628
150.14016306063195,150.12202970264863,150.08036128292767,149.98493772754014,149.76770123944226,149.27819197165695,148.19440555812469,145.86557421334356,141.10484056693005,132.12814365396088,117.20218608263096,96.61411091603523,74.94356142725744,60.03748635422254,57.45870742570986,66.54282452911441,83.28194488544035,105.08283530899257,131.4255944384593,162.35521740663822,150.15407025925938,10.114766504798649,515.1396963382043,12.59046566045333,8.198543921513757
429.2151241339689,429.164878305968,429.0499529178525,428.7888703340806,428.2026615945933,426.9124719262589,424.1663484921821,418.6315494991319,408.38564078000127,391.6355140103992,368.4537511384144,342.2275248854217,318.44449010367634,301.32583637560487,291.9795543523069,289.3933228263103,291.96765057126674,297.8977494044124,305.1631289850978,312.0313798077875,429.25379671723437,271.71519934181595,328.54819602143556,8.448806775375267,43.00172032135962
67.30868371120492,67.31190553201861,67.31931513149685,67.3363084799699,67.37509342182547,67.46287734529795,67.65872967179476,68.08516922223966,68.97678658852054,70.72307694962731,73.81595895082268,78.54896948571721,84.46126889148638,89.93589679588801,92.40002028734482,89.05057880069592,78.0926274937408,60.4990151027085,40.79013383783252,24.79028487174255,67.3062143486751,138.36246987304386,10.029622968044748,13.252589178879383,36.47243802214096
136.21190248487318,136.21040153824273,136.20695493849936,136.19907174563104,136.18116496940252,136.14097725400188,136.05267058746722,135.86570433877873,135.49512830407068,134.84430138895397,133.9503502880114,133.3878779715621,134.86345587938888,141.308600889197,155.56671662788963,178.28429532634814,207.35877186343168,239.6483872535283,272.5261223835036,303.9610388503178,136.21305422726755,98.4277673565006,416.7474464324724,13.946081626139595,15.347553906561103
828.2082150156347,828.1904179919467,828.1494089294126,828.0550408448747,827.8383964605827,827.3430709303115,826.218594758632,823.696890121335,818.1587748636142,806.4158548917203,782.9085466945276,739.9280511538277,671.277692395485,580.517847693675,487.32744013329983,420.4133098087548,399.2669813278095,423.46332098445384,478.4553081637616,547.986915623073,828.2218354368113,259.7373398988622,945.9710764417248,19.453965009108497,46.107666694884315
324.13015123064014,324.1071444542038,324.05430473672453,323.9334058846686,323.6585928883201,323.04093233887323,321.67915812156315,318.77207582433925,312.88354667585764,301.8915138206908,283.666907476535,257.80110496299704,227.00049776200285,195.5140560622136,165.24690697113203,134.4964779687183,101.7217305237468,69.95075136672912,45.416631633301336,31.379719925754898,324.14780303793555,165.5231478602509,22.097407640055955,11.323676931051397,38.73807307492771
110.1165765189006,110.16216527668975,110.26646359513248,110.50350537466315,111.03615024769552,112.21015983854561,114.71604262156221,119.79524338375155,129.3081647703506,145.2417811394296,168.38973442480105,196.981997054711,226.51759851845074,250.34614178432454,260.0939696796824,247.47860755152155,209.11295210849366,151.88435158101169,92.7342773167419,49.08857701964423,110.08149459254489,545.1026041483351,16.5695913760945,8.237866612924048,26.28629209249555
73.22130040999846,73.21840383382782,73.2117332079092,73.19639852723742,73.16125572227259,73.0811506405881,72.90024946317995,72.4981944901036,71.6284887931778,69.82985803498653,66.36916154327524,60.406247533403445,51.63133116695566,41.14663146449168,31.439628504525245,24.758065398149313,21.47159938943679,20.36426437876073,20.133004850345372,20.134040675552207,73.22351819472863,16.488194263305733,20.279469415440207,16.914728564254254,25.25044444166965
12.51223714242109,12.508213507193865,12.499269542198878,12.479915195977346,12.439851461832719,12.362585183068436,12.22868576485495,12.029058565632944,11.784472929446087,11.551286626167077,11.403972153863663,11.422610194173298,11.713830056475146,12.451768377920905,13.891112575530032,16.297694570762054,19.80969690229376,24.373793335876943,29.842371336166593,36.068940873197185,12.515403429791972,10.789032912953367,88.501535138134,4.12319579256443,35.84604540796265
388.3981842856267,386.84600989008123,383.415562203159,376.0647888668887,361.097712265995,333.0056279387531,286.39351657335783,221.43584615575583,149.48438754959423,89.57521473179247,54.53286859762744,42.319113015985806,43.07865744543375,49.62956237091339,59.07173267871133,70.18205127381196,82.20746048887293,94.53332305107494,106.53087925514478,117.57703893194582,389.62509848013224,28.614978037390955,152.88113199820657,3.934448226222334,16.57196727653058
598.6126467926963,597.8243129920456,596.0480698540122,592.1156767365727,583.6647928347451,566.3741821587375,533.6649879413111,478.7204035470787,400.7255919021729,312.0491234534993,235.87237580561379,191.2352856420996,181.30731303293828,197.54289846157468,229.97578057998516,271.4393131898488,317.3749982580759,364.7636714621904,411.0327595059686,453.7436198388336,599.226468468505,122.51695176198518,591.2584905113957,5.279708279410633,17.84116847593597
87.49320045064584,87.51080969716746,87.54908859735784,87.62895100368166,87.78508237346041,88.0621944931655,88.49380795051965,89.07098383508742,89.74359169441992,90.48633041284606,91.39862093830192,92.81009712303131,95.43006858095947,100.5736168246337,110.3490330532417,127.4399784269378,154.15464948138685,191.34782880826054,238.5627805492358,295.11357621418,87.47909408229403,91.23472143975049,989.2269381947012,3.1744610604514714,42.894321708876355
533.7214970705634,533.6424261269949,533.4609249159766,533.0460471664602,532.1045799558079,529.994694700838,525.3659607481093,515.5668040388007,495.9891851806573,460.24090281468943,402.96810436882186,325.85588919758254,241.46675120110848,167.19907991343513,113.64506144232126,80.83403296674311,63.414404359450884,55.36801421409956,51.939178852490386,50.4159583888968,533.7821896024561,127.76069424647082,48.76119456245781,10.865295981477628,16.038449830715063
396.4484859541318,396.4149894387611,396.3379892968923,396.16153810024343,395.7593792317576,394.8513734058939,392.83408051041715,388.47342304017513,379.46731556780594,362.1860162563629,332.5839967836587,289.61523402442185,240.05929532954,198.7987174681235,180.48640500060398,189.87601829487204,221.23181524501368,265.7686546010019,317.5767830981323,373.54219278908204,396.47416842072977,99.21065511796432,710.6967963548991,12.831135542764832,26.6873279895048
264.02615246536794,263.6444227625293,262.79134269213733,260.92871896506404,257.0165704516935,249.29949367910595,235.48210611687676,213.96998004318246,186.1413221279241,157.34955040228436,134.0996038008921,119.68507861503821,113.34044490012357,113.1475870863386,118.64896872171755,131.13004923281252,152.35445268174422,182.9281189088769,221.7182509839396,266.80671537018884,264.3252842772371,101.82769870274706,644.1881043677004,4.504473256849984,48.72073681980347
421.09651795945535,421.0972069990381,421.0987844039939,421.10237278716124,421.1104447423026,421.12823868161047,421.1660225828462,421.24059883284906,421.36587155932517,421.4913997430192,421.26490589817286,419.3682276551851,412.2853419178994,393.42438472906235,355.3157951826638,296.45611051667544,227.3739267088577,166.41533520884127,126.39118930727977,106.66044459760559,421.09598801096485,526.5828658086281,92.43057712850597,16.906829437414352,16.72515601170585
334.03597088869145,333.93278967250563,333.6964343412127,333.15810656663876,331.9440598777801,329.25215856168154,323.45243993930103,311.5384465213547,288.86678255007547,250.48715813511433,195.5532993330832,132.71709181772326,78.55492929981517,45.74611125131804,33.45832221740028,32.06427335496056,33.78760765251542,35.758622820600976,37.40618623809718,38.66133722973433,334.1152950548582,19.0941494197009,41.124803128910024,9.468920603834924,17.47134647088425
59.43630343484334,59.439439812731905,59.4466557247562,59.46321605325197,59.50105665115304,59.58687266127547,59.778965939828986,60.199437231653874,61.08556019620438,62.839010149516724,65.97294535852406,70.74955161805583,76.43837253154504,80.84151202397894,81.14446649630727,75.78789865054003,65.72126853591068,54.08889930068894,44.38494417064948,38.29840079188571,59.43390027848832,436.7264441069747,32.610073996994466,15.160342270936873,5.538179317359289
340.00080005666644,340.0025612668416,340.00661263108555,340.0159076771537,340.03713604945847,340.0852346027079,340.19272590851534,340.427326570358,340.91906129647805,341.88179668353206,343.56312300019414,345.97595301198714,348.2897159546659,348.0871780257473,341.0462703260996,321.5330937858825,284.8192620946131,231.6065722101199,171.84677917649347,120.95244954860345,339.9994504099351,383.7483186344937,63.591277688976845,14.727078640181938,45.926643379764755
399.39948559239286,399.3773356752596,399.32634530925554,399.2092046441649,398.9410611097599,398.3310746143637,396.95830073055987,393.92529807909744,387.429597754755,374.2149467037579,349.4455430769008,308.4288489919744,251.4258671615644,188.4985442066516,136.24871593344983,105.46681283304832,93.58041897611662,91.1011111818865,91.28055933675807,91.80568631158218,399.41644977133046,60.37998778020759,92.98802604029844,15.807793350930304,16.04454031275793
401.58023159249586,397.0727122151933,387.6002933695787,368.915940542021,335.5502113530363,284.1654677289299,219.87224764564803,159.17333938076996,121.228275121308,113.25336767573924,127.579407190187,152.84832118410014,182.78064085965576,215.09235992981158,248.31499171235575,280.82492858908034,310.9458422711377,337.2470960088154,358.82177711694686,375.4296767428299,405.28961961389854,45.30459841484914,409.2429105957688,2.6492084236637434,4.131070251708326
989.3423355310014,989.3295330397482,989.3000333864736,989.2321529208272,989.0763279185865,988.7200988546263,987.9115550831176,986.098921955849,982.1199454549961,973.6880847895843,956.8160618021913,925.9381935868712,876.327361827727,809.3804179379272,736.2934858354924,673.1113751683038,629.8706199823594,605.7740335159415,594.0721819504101,588.6140542202647,989.3521337091404,548.168715689215,583.0355106670552,19.074319004525734,23.03918285189542
37.44686326098214,37.41854870375708,37.35476705970292,37.2136154055745,36.91043123412597,36.29042417939374,35.11731555506648,33.14090351988122,30.304130601706728,26.975530941118254,23.877107949456253,21.64246935864271,20.48993013496396,20.362175317263365,21.266759693013576,23.414082524371608,27.064916106337737,32.26368328064447,38.75433060042418,46.15688465481451,37.468914318089105,18.199103297188795,100.55837973284467,5.180918089055549,46.90644112348735
10.193621774727802,10.203313825830996,10.22510485907946,10.273181655949951,10.375967678509653,10.584866069976165,10.977837408428341,11.641036093820984,12.619419412733063,13.87590987032066,15.324824378945546,16.91381755344779,18.64952724350945,20.538763149661747,22.518189431834735,24.45243301346663,26.196599341292735,27.65252462895214,28.784356366530496,29.608435448885274,10.186062225066404,19.337194943292868,31.113703314330934,4.780177520270707,12.837364955826095
205.155995091714,205.1492085986952,205.13357619671328,205.09762563119094,205.01518029165385,204.82702909439703,204.4012559795939,203.45166495347024,201.38556215655836,197.07226049687304,188.65259807046792,173.8494516936819,151.5370656966345,124.3768181135479,99.62561526236775,85.12844806065266,83.53510057448415,91.36064877053144,103.36554587737744,116.20710518199063,205.16119031912493,45.18810785159696,169.8434346744382,17.914900739279535,30.922724745233698
244.84167058478815,244.71004258909116,244.41024678785288,243.73414709404472,242.23501563564287,239.00481675773227,232.3666997257999,219.71908043602676,198.2310490959232,167.17411393625574,130.76935625872596,97.4733436134552,74.14715754287326,61.17248859326068,54.155177920233854,48.749246878085586,42.87091751484243,36.427787373232974,30.48211493967341,26.106005099577686,244.9433101474145,53.82779582884861,20.867812950216134,7.091097186548216,48.28556713779719
175.23023121969595,175.2229932960698,175.20632524518533,175.16800978116606,175.08020810252754,174.8800980275631,174.42829412064225,173.42455871380926,171.25484830055765,166.7731634901923,158.16848577092117,143.39868480289906,121.81800144085548,96.4072338649577,73.69089551750098,59.59050005528637,55.143682720742504,57.01554771471798,61.30929680721604,65.83071051971375,175.23577309393315,35.89403143901804,79.76833631929479,16.874747711188895,34.08529139387713
132.23154017611847,132.2432091169541,132.270045656487,132.33159366991558,132.47207054218964,132.79002931460326,133.499471761102,135.04446633469527,138.27640334549844,144.61509938727264,155.88662319623776,173.34347483633815,195.9872008928367,219.85277656280243,239.704033306967,251.67456863250138,254.71872136789608,250.6823810548284,243.18389980584573,235.67119640624708,132.2225965491766,589.2854977221918,221.24789347934296,13.211864885030813,11.10887058611687
16.328707649541855,16.337241327551634,16.356801023133457,16.401398308633453,16.502169385192996,16.726404702270095,17.212787532885674,18.225248512330793,20.204592476130358,23.749399344168864,29.453561576627834,37.69858124268592,48.667509667075706,62.54336545941011,79.51329999031216,99.51176539566929,121.90612054682023,145.23264514128255,167.101582122864,184.49929923142702,16.322150050178564,851.6952675941989,157.65826401180536,8.897984773782152,30.27299940369044
13.293861605149374,13.294950414448202,13.297458383920247,13.303225863121536,13.316451641741557,13.346632230462115,13.41492386467297,13.567243520673502,13.898886539364723,14.593184916485466,15.960925817979952,18.42989039400933,22.414963453268133,28.10803422925217,35.392053232139865,43.91955037171619,53.089455100839245,61.86202920401496,68.66867571391343,71.66036757003306,13.293028079810643,440.8131563246795,27.12008654629986,16.286374120040996,27.65016527665331
35.69665223947387,35.64278170261992,35.52339065933502,35.266498458222166,34.74074698573478,33.7509295045864,32.1262688486736,30.004462050572982,28.230471690059904,28.36017943290245,31.848756617747053,39.13637793864725,49.82738235787888,63.624843514361224,80.68543410024508,101.32954005971695,125.76460958744181,153.937641446936,185.4234968491527,219.34729188621398,35.73913420306223,11.492642476398602,428.2197668204541,4.352742687916827,4.486645550713925
324.61017473850666,324.23144840402995,323.37526399451485,321.4689376343831,317.33271838706474,308.7360648520367,292.06637010974066,263.01348633323084,219.59261816260033,166.70603496556777,116.6195322770156,81.11070758780332,62.69064843988866,55.59750880855074,53.47902487642267,53.25389220375979,53.944342378932106,55.113917307140866,56.39975672849539,57.53935446717401,324.90430188989006,50.12870030625801,60.07143563452806,5.6942841583336605,43.24056697745106
39.307991313989156,39.28732772040436,39.240927903053624,39.13879361649146,38.921370220247624,38.4831095508391,37.67205239338142,36.348521372099256,34.528861340074606,32.51380029582879,30.809228046270036,29.86429559137666,29.891706606513583,30.856174924645792,32.506303555488955,34.45015455160471,36.32113356393698,37.902003982097604,39.12085376237525,39.9953236064963,39.32412357700996,26.32601591471593,41.54315276862319,4.859841928180542,17.24745059864996
14.651474441091752,14.651866238999279,14.652769325127009,14.654848589483679,14.65962655845473,14.670568801204436,14.695481851419247,14.751636363903145,14.87607370531675,15.144149334230486,15.696129619387175,16.757293308906963,18.61035864305368,21.47940542857166,25.381123626267716,30.105115400376732,35.34816412519812,40.81530468862755,46.21842948652193,51.27215715277726,14.651174660972076,20.75200475438151,68.25048891235184,17.70987025620765,4.749955842669721
26.6313320535964,26.634812363875543,26.642822823302538,26.661219764769726,26.703310162606837,26.798978760182067,27.013995689474648,27.48816221471553,28.501610250273306,30.563042268740574,34.45957303555074,41.137415229446354,51.37045993655501,65.53054219488133,83.8077071723621,106.54615604173472,134.21598246046335,167.17450014281005,205.46041481188644,248.62807031890904,26.628666191382404,655.6791158284965,602.6003066216514,13.909565832622883,13.542730596571422
69.10961040913743,69.09252361142339,69.05346726474855,68.96484157486283,68.76623982605035,68.33059517253886,67.40853258556663,65.56713679797036,62.20757655334731,56.83435452325834,49.6263558668704,41.79931776225095,35.001921427044884,30.115992278591897,26.842544087798984,24.421353635498605,22.42040231598822,20.8224456513799,19.696201419966187,18.995366051324766,69.12276817562841,26.45099350526244,18.079108795739646,8.219969495763937,29.63943704337681
52.4812269974374,52.502965061126446,52.55261440349149,52.665128758970184,52.916711577392206,53.46665782129877,54.62472579571129,56.92292319883855,61.096832287774546,67.8126440727789,77.14525985409229,88.2589474672794,99.65588744457109,109.52817537216723,115.76397167573009,116.04708362321338,108.71107220489323,94.30457123027132,76.47434787378512,60.41312485324859,52.46447736713426,166.59006626083288,39.12996601945598,7.571160027455015,39.95233239894126
570.5588510104288,570.000678436811,568.7347542384471,565.9006012960194,559.6942567671991,546.5992279086583,520.6022049174883,473.7168001525739,400.4557206194596,306.78801364801916,214.82557372708254,150.51700652161242,122.41560660519974,118.34481537169518,122.55068141595791,127.44767711309231,131.32982055429227,134.11236420497096,135.98696563617784,137.18977795130445,570.9912614626448,44.06240145699109,139.00537788055186,6.285083393953093,4.560062801956521
298.9761231651211,298.90634130919915,298.74631982452144,298.3811656539658,297.55498924140244,295.71293959346735,291.7071136401153,283.3517595886708,267.0662524047543,238.50250598292362,195.59688713667188,143.5188022889905,95.63864680044765,64.98245273866212,53.65637784407744,53.80235441021,57.4222537072076,61.12465932643781,64.17237377244456,66.48551697341992,299.0297258812749,21.978951287076306,71.02725773702294,10.25386437420398,10.854636040597084
15.457672499125943,15.459223841417295,15.46279269668245,15.470981841893382,15.489689622089037,15.532101680511328,15.627010033707887,15.834816440289426,16.27400763596207,17.15293229231163,18.78082075825762,21.519690407893147,25.703578439969114,31.660749528770765,39.8606699454902,50.950761856178175,65.61351552212736,84.50138294181002,108.32209005521065,137.8617830612569,15.456483739018928,49.66220854914273,802.7342903456597,12.687576209780007,20.30769096333932
11.964512291521011,11.96714721934067,11.973202101967308,11.987068816604033,12.018640617982275,12.089804080108726,12.247491871359308,12.58711625658918,13.28591330203393,14.627085633480412,16.962609025160223,20.57025890544619,25.487993476813603,31.493956071620275,38.167162340163884,44.80862815653606,50.298508655793846,53.16958431615845,52.07719067603909,46.61722742825292,11.96249148218522,158.6889047772506,15.293795609859655,11.308337349903,38.09362439704366
69.07617637544672,67.74447292752498,65.35250133968285,61.6035096623001,56.68438104631501,51.44057859328736,46.93319688276107,43.73070493187059,41.69715088089369,40.321347920451814,39.04319720290191,37.32279591404251,34.64186889812667,30.693319948454103,25.759420839631552,20.823594727085016,16.98149845099782,14.652447067524072,13.49861087977596,12.974246114020616,70.3348712148281,39.70296945556005,12.438513092697937,1.4707796280703391,22.64127534298502
584.3328896924705,584.2798518624435,584.157863290969,583.8780475073447,583.2392352499261,581.7927331170222,578.563184328234,571.5239649737011,556.7872231458998,527.9001619759468,476.8233929402474,399.3039415260295,304.0820102127795,215.26897275014863,156.84357280329476,132.86365352519493,129.23510744172052,131.77158479111807,134.6584317855046,136.8212141624751,584.3735376185754,30.76986264511592,140.6406974897677,14.001810573915474,4.919833640065349
20.242132117660127,20.245498894551925,20.253217068107162,20.27081999795265,20.310613469778012,20.399222355847638,20.591586891123175,20.99224947559149,21.77451737920568,23.165087285450404,25.35382052727826,28.370213381699998,32.09677768243071,36.490584839213255,41.81226619697051,48.654654521846595,57.7115790194142,69.37407137667445,83.49226918973176,99.52596642257099,20.239545307193875,45.97837169424074,218.8700556282634,9.341667132333841,37.24136327447577
543.4864933616541,543.4750964230361,543.4488632629834,543.3886105171925,543.2507390123571,542.9373039358784,542.2326970915259,540.6788443438917,537.3612585025825,530.6452909762199,518.1515149928267,497.69202929088846,469.76335414884045,440.1962192666888,419.47948096579967,418.1114126254921,441.88683232076164,489.71436584720135,554.3048467202842,626.0773427145618,543.4952228719554,328.65826116722155,964.9269019960386,15.332860305901344,42.904601360357624
462.0928050166938,462.08792494126425,462.0766815558576,462.05081524646573,461.9914586723399,461.8558505852195,461.54839663161874,460.8604532164196,459.35533891785906,456.1841038985214,449.90081644453716,438.59514216908747,420.96157907866126,398.4283874237996,376.4040758375216,361.8091495071964,358.1191277910925,363.19554002533675,372.0710766825548,380.8423085290764,462.09654024267536,288.7563373980363,401.4242765096026,18.758981329480793,24.809954169262042
189.03283280451035,189.01199665902874,188.96427595380706,188.85561842688733,188.6106933068315,188.06805732179953,186.90037150787123,184.50558665296396,179.95557850466326,172.2511590944744,161.1546807544165,148.22725264285842,136.79264167297663,130.42462155213565,131.63768354103908,141.9122143630999,161.8498133217896,190.57802603787243,225.74573829540276,264.68218181008103,189.0488534685799,107.12219008854608,503.58637851627077,9.195832454558639,41.346885014947176
396.9371316200423,396.95213600708445,396.9866637933529,397.06593223299836,397.24717492366847,397.65865773977055,398.5815631320133,400.60901345361617,404.910629256076,413.5333701151485,429.3451541776114,454.7428991798313,488.55820342642994,522.8366866998989,542.7558238400054,530.4022402989214,471.8832199295563,368.29998346789785,243.68220700148035,135.62132038794846,396.9256367145662,839.0197862577071,31.465989870195898,14.482770687832334,38.33213588707934
745.670533963947,745.6481061040797,745.5964734479775,745.4778463998899,745.2062501051215,744.5881620201827,743.1958745978362,740.1128791425183,733.4732314182544,719.7786469923906,693.2685928891701,646.2525002123161,572.0073758540304,471.33192871200913,359.2512137824266,261.37029905178855,196.5286287563897,164.03202511038626,150.79245860848812,145.5192365338902,745.6877104359793,651.3356301271259,140.29807862128285,12.003910531415617,10.02997896340301
891.0533626603351,890.9952482266023,890.8614543678057,890.5540439139353,889.8501820863239,888.2483066265361,884.6406087797877,876.6597767376162,859.5321836775497,824.5751351362263,758.741135464118,649.0656188889715,495.78494871351256,326.56920580878875,188.857689094796,114.78057847520552,97.38786845094569,108.56740475911647,128.53428333651084,150.77242314435398,891.0978685160349,32.36196809640989,281.49613540647016,16.120105091300935,23.17834422134629
26.448810845486147,26.45030052269018,26.453735555380483,26.461649722415366,26.479856543024923,26.521630910728216,26.617020594173166,26.83293318387636,27.313800984240522,28.353695466143925,30.490739639497342,34.54435802047377,41.441967392365186,51.844150718948654,65.98301204254128,83.96910024304867,106.07491221986348,132.62834918898196,163.77441457923968,199.29718493334553,26.447671381968238,23.873756965410482,516.4068587627291,10.704373248221781,6.326575137836802
271.52078236020753,271.32993321504006,270.8957818822177,269.91873889907254,267.7601592172601,263.13781352863646,253.73806347997146,236.14019715895367,207.09905125401292,167.13625933428744,124.2976240995477,92.02478096963296,79.89646274776084,87.13224333504357,106.7376411415986,133.3933592151129,165.39463186088676,202.37154683949726,243.7605561509347,288.42919721149246,271.668287750472,31.64769653918619,565.9649046196927,6.88186393456953,11.61299984432687
14.782316401583332,14.783454581048906,14.786075324552128,14.792098360874407,14.805895103502664,14.837319151582783,14.908193618829065,15.065401979346905,15.404540696446931,16.103976450242776,17.450284861208477,19.800561455699945,23.429987335061018,28.349122021331247,34.299648040132084,40.91650772980049,47.81588093434741,54.586679842461294,60.81708697496762,66.1701866555735,14.781444841666906,105.45380952572694,79.70309308334882,15.274930747459715,24.300924185265746
48.71122260577163,48.710796503200626,48.70981478953121,48.70755627691893,48.7023735570794,48.69053286936642,48.663686935498376,48.603614926622775,48.472167701377884,48.195093472018115,47.64542265773985,46.65274416951249,45.08805240449269,43.0281440017364,40.83820728035146,38.97841707324313,37.69149268756389,36.92707466334819,36.507780173748806,36.28150538706841,48.711548746051456,33.366436832220735,35.99925315555814,18.629110134728464,9.923772900214992
945.9659001057872,944.6261873426128,941.5971676335791,934.8516924282169,920.2115024034371,889.770452099907,830.7114849172251,727.7455088331672,573.9778252310166,387.4984086621524,213.30005658754476,94.26605468781668,37.922950719831874,20.317617520178487,16.53455268572725,15.698831939005117,15.382874694626594,15.222903766761533,15.13624259699975,15.088508502064656,947.0062584357773,45.06495174696441,15.023823430054305,5.725117234969435,4.803890218621698
380.22129165751784,380.1948963356287,380.13418605813473,379.99492835189693,379.67699994011497,378.9570579309629,377.3494555558796,373.8441991782441,366.49847704622033,352.05944160067196,326.3395662612016,286.5605092974746,235.41223155972014,182.37523238864358,137.9529756261705,106.04634805125426,83.992542147741,68.56679216859669,58.5454878626374,52.92388240442261,380.2415208432698,105.95118663132448,47.20339525043526,13.578942487999687,32.27103324561537
758.1323525174657,758.1342930380266,758.1387582969979,758.1490085941837,758.1724408393521,758.225618694159,758.3447817325418,758.6059810232077,759.1569763751615,760.244135496847,762.1491426470436,764.8063843862,766.7877480537852,763.7557041691264,747.4963041435523,707.2939436944835,635.2844744591824,535.3347942765754,427.6723564131574,338.70130619436407,758.1308658245672,836.6061127934069,229.8092743083601,16.538502617639203,40.03640481608857
96.07733682113312,96.08134944119219,96.09058752273427,96.11181349782939,96.160414399693,96.27102718512225,96.52017588940839,97.07151518665145,98.25582111421139,100.67909705385074,105.27408322299182,113.06349529247916,124.40164214234383,138.0042298889087,150.6630317883293,157.8410209810482,154.61730836378138,137.51516164444422,107.64058685306583,72.52333494897425,96.07426383806146,256.39914702816316,14.33897195624905,15.402400579855831,48.16798434523365
14.816603267002263,14.851704105411372,14.931142266860878,15.108378861003409,15.49451023764619,16.303904023093036,17.90272651455475,20.806243811157042,25.55510059523192,32.53075875614055,41.95290077457241,54.102808101284594,69.46559604212771,88.68605188643895,112.49706618265827,141.65825309982367,176.84702842755883,218.48147861534113,266.50808663151656,320.21013056552124,14.789364279233512,470.14472659558317,734.446310179636,5.29758890623918,27.19093700524178
717.3537954374276,717.390098619024,717.4729214051691,717.6602416659524,718.0776221534848,718.9842579434365,720.8715578881843,724.5366218976174,730.9158947415201,740.307299363035,750.9197113560025,757.6061112596309,751.6178282481824,720.8673820054557,651.3195500645575,533.8405456553658,378.1269534659051,220.13998136377808,103.00087346003284,43.164953438614816,717.3257992972588,832.6299125855377,18.020414186282647,7.631080285553562,35.51094277524112
27.767640832519827,27.801844851266566,27.877695477840117,28.04120972610993,28.37776021355976,29.021975405271288,30.130427664636365,31.783653911658774,33.8615659493712,36.03309944650623,37.88833237776201,39.03568034815888,39.07052217586605,37.53688700815766,34.07665323256647,28.851109810850684,22.8913504700809,17.71586519633219,14.305765850675208,12.563949114223789,27.74067336703816,44.62120119824886,11.132228703323362,3.916911937692779,28.991815732051705
202.38624632090313,202.3867769262918,202.3880150067011,202.39092525132722,202.39784674165938,202.41459685332185,202.45607013426863,202.56126556796045,202.8320396707445,203.52184126095202,205.19592775631065,208.91012303697931,216.18290535703233,228.41473885506218,245.76581832723943,266.47884143381634,287.70208911596427,306.9999897813832,323.02778347035144,335.384731134219,202.38584417145552,198.528866135384,360.347025540351,8.890346861037038,15.127554379575464
10.7592690537725,10.778950437847831,10.823086153362373,10.920049973636075,11.126001528848276,11.540733477096925,12.312552473472154,13.604684261402632,15.51581933406195,18.016262165671368,20.967317617525794,24.183191934484988,27.46712750778969,30.626190774379744,33.48819308961533,35.92471390890416,37.87070869979764,39.32935432731874,40.358738589494834,41.04689674832244,10.74388621182006,25.89760795437545,42.14786927715372,4.385930273128845,2.9669346318369083
20.64955214916326,20.650510234131357,20.652718265281774,20.6578006884394,20.669474273597405,20.696187063812154,20.756921766507038,20.89349224067497,21.194901491867757,21.83984144197816,23.153449605810085,25.6382602068389,29.887470755809378,36.33526499105786,45.04347466887742,55.795494927728875,68.31774680967341,82.28613220418356,97.21332143906486,112.4206783445552,20.648818995577876,214.88153966551405,181.6229949757,18.777989148562806,40.31207798707084
134.4715075244735,131.9454566476514,126.84137463745972,117.37188959695528,101.91038712584213,80.78051048839747,57.81170303530166,38.83585987890595,27.37741841048772,22.515469993238625,21.32598884051471,21.947171803142467,24.016893519225434,27.77884512972983,33.4063556071504,40.75981651465601,49.5197798999702,59.368909392531165,69.97062240334475,80.89131181548039,136.6193559584118,18.84137940630574,134.32091384855246,2.1703061573694344,22.682475075720934
60.32821442398012,60.32879696231685,60.330137079489866,60.333212070486645,60.34023636572298,60.35615834330962,60.39177038018269,60.46963092955711,60.63349023990792,60.957498500748166,61.538318289212604,62.436558804498304,63.554233624118105,64.52671855247743,64.75140117642064,63.55708764815776,60.47755052782426,55.639588790931484,49.987248100300974,44.86083463000954,60.327768036023016,71.71790898291312,36.2787100659646,14.03077850485265,42.36533443034141
338.79051864902203,332.7137019440212,321.469045043582,303.1075193598026,277.7660786276108,249.24852039686579,223.54260222701032,204.84047870220408,193.411227587223,187.05157718574537,183.4049315024738,180.84011618477712,178.2104683401814,174.48336348832163,168.7010204151409,160.42841081614034,150.40176485180663,140.46198022507116,132.40637952835112,126.91579746191002,344.37687851182915,180.09605162810584,119.3135035629212,1.590599420152577,36.700831937212214
123.01478908050916,123.01162385385386,123.00433120549941,122.9875532149149,122.94904932656638,122.86107125596791,122.66156238618895,122.21498211976461,121.23727364474834,119.1747575117855,115.07899727497542,107.67729541329595,96.02891011080717,80.83834276965104,65.19429538762176,53.02209558010081,46.22694227411337,43.787531061453635,43.51886835263467,43.89862102479614,123.01721171353067,34.79221683621876,45.25682448107425,18.776528942925086,31.969387765626898
89.50737356419187,89.51647929794619,89.53735611713282,89.58497874260388,89.6926638056596,89.93252316806345,90.45329738672703,91.53681065668682,93.64103708940297,97.3138875842894,102.79373315687207,109.33600116549076,114.88889281080539,116.79720567780745,113.27492676684842,104.6887964808666,93.643783589998,83.46989513163957,76.22036236004526,71.97432340707078,89.50037795384668,174.5193068560436,67.2178550710734,9.933463190857308,15.934844321968178
75.80844267029654,75.81094347098545,75.81669963235323,75.82991999534737,75.86016896543727,75.92892674973785,76.08344766471804,76.42396477620542,77.14970053528752,78.61204999303493,81.29881608103706,85.55114340277652,90.81727274337624,94.81071016603718,93.80055393688633,84.72751393183421,67.8138226744447,47.4229203759301,29.83688487936319,19.012150800121113,75.80652714907323,235.06310301402644,12.019429381668008,16.105520738626943,15.583017961343016
231.8006481138239,231.79720836118835,231.78930071685812,231.77117771693906,231.7298641123333,231.63654948156716,231.42908444568536,230.97997445631947,230.04963036368457,228.2525997729776,225.12743914516165,220.4278392642794,214.53468924259784,208.50358967335757,203.49032158456714,200.128400207867,198.43734168034496,198.07338302097557,198.54469270131295,199.36016242707484,231.80328531492987,192.9525975016709,201.95569212775186,12.554449408860256,48.03688822733767
103.9959689137012,104.09717682792409,104.32615289610685,104.83670395642145,105.94749437370741,108.26877472240767,112.82138669616319,120.95173886128225,133.75764131282614,151.1599269393401,171.56144607001937,192.62297055745012,212.18505233803222,228.60267120467682,240.91489213822882,249.04096379255222,253.7059109291399,256.0238452922523,257.0242040216606,257.4031233969457,103.91741272532605,291.49977980213873,257.5720072765473,5.489083968288277,15.59868028096763
70.4657433460092,70.4539051191243,70.42683195746977,70.36534404096027,70.22734685282889,69.92386468329302,69.278790876725,67.98173160894784,65.59064353886384,61.71069877874959,56.41434182906909,50.581089324250556,45.58317881191178,42.44957035188309,41.40377588170705,42.07758910780066,43.86090699708552,46.09905302482769,48.26898107692719,50.086918476421914,70.47485586295245,35.92492423816074,54.13600428612339,8.428251664637813,30.98549892504051
27.530339622354013,27.532944792998535,27.538940272126133,27.552706689602562,27.584191184769917,27.65570561719831,27.816240792064796,28.169461790200614,28.92113196695498,30.436880420010198,33.2514723333261,37.90193263813057,44.52898359992891,52.55277455854357,60.86004011430296,68.29499988443129,73.96103379970934,77.39461447935051,78.7138353505648,78.55092784962233,27.52834392316188,406.0539426971068,75.00197739714565,14.41863812198169,5.909239099559258
87.04667764517754,87.00026239099367,86.89439994169707,86.65508675923911,86.1222848245633,84.96639665320617,82.56460125236099,77.90950615611924,69.80414165362416,57.7150342471337,43.05770543921283,29.32913870156259,19.894244121597666,15.539887033543025,14.83579263843987,16.34490460570254,19.596466998046523,24.57345327576855,31.26305066827709,39.68708402071707,87.08247990785672,11.387779892856786,224.81225591191566,7.530491462944322,47.564135077079776
44.49127505559065,44.49480615404921,44.50292542888875,44.5215399735854,44.563999916900286,44.660004401200716,44.87383279360107,45.338116861999005,46.304661853831455,48.18610963421524,51.4946090473656,56.53596092515972,62.90072422737133,69.19508086071859,73.39007086939729,73.59382208417875,68.97785743703841,60.53902237088384,50.91478971327401,42.90870834977262,44.48856823764401,134.15652365282693,32.71712636432924,12.782139949999467,24.41803280639526
54.980653835957895,54.81495919990146,54.45459188412689,53.70250750852973,52.23360217304971,49.6410317965524,45.67897491884569,40.65575063786768,35.536787403994644,31.388714873178895,28.664794633959787,27.116363886854142,26.23889778241951,25.619669151158927,24.978309755615363,24.112055091634154,22.913124190961256,21.44919671243042,19.968607649033864,18.743384715817164,55.1133135921798,25.549281900046402,16.712548782599455,3.277703545176792,49.95392084026655
63.220822091139524,59.59334994525135,53.341046684631955,44.140093496018565,33.15433399160419,22.997711042370753,15.997543481393137,12.488468579096597,11.218913662605438,10.970211045238962,11.279842464060884,12.21032581311848,14.068500196281327,17.242614164141415,22.051990852030933,28.715594890425876,37.5055467613563,48.87840172723483,63.46092856904392,81.9973176414379,66.77616194078587,10.089262365170388,805.1143757111283,1.3796185603664404,22.092134026617614
272.2742250777539,272.31614581117395,272.41229557077895,272.6317763088641,273.1286755058178,274.2378918800533,276.65572710265,281.7232890773703,291.70402395782844,309.61976865148455,337.95418385799394,376.3861110972765,420.6478426300585,463.9689406535738,498.9532560424106,518.0393406942678,514.3415460131482,484.9856066000518,435.5063070634808,379.84793531490647,272.2420284210171,674.8363825732981,266.5462536735421,9.808889343100224,48.773217871236966
11.985552310690592,11.986247841965525,11.987850828876239,11.991540748227902,12.000016683957723,12.019415197706186,12.063531872957293,12.16278211763427,12.382017807258952,12.851890489665811,13.811899828581051,15.638920228618167,18.801011420459513,23.711531372036646,30.624248881793854,39.74259093158237,51.39889235634096,66.06654740838425,84.26571599239219,106.47423475183136,11.985020081890596,941.4221343997349,499.784868659633,18.649670325400823,14.229076356681759
19.27502250471482,19.279578292466304,19.29004411374061,19.31400047015174,19.368496744141083,19.49114935781357,19.762250982211064,20.343773656807937,21.532789677079382,23.794547570815197,27.690447760523362,33.64876705223909,41.74709742269441,51.76667844643659,63.367358006720465,76.03783694937414,88.90965374186382,100.72015561103623,110.05908489904203,115.8678796016294,19.271527743852438,212.14390498055442,107.5768630261912,10.94019125414321,46.38172056719445
173.30136590640052,172.61874009672556,171.12371455012908,167.96801358795926,161.69537063529617,150.34285825608285,132.43781794310848,109.01424454486275,84.77568544066732,65.76824946868201,55.065802451237246,51.4315657038855,51.82859643577146,53.857650373454376,56.20454569963769,58.282395999709735,59.903097802839696,61.06708074858348,61.851899337976235,62.35540974823874,173.84484346994319,41.891669659670924,63.11507648379716,3.536420866745174,11.231073933233088
19.354614863728138,19.359517994361628,19.370783834802285,19.396579736495156,19.4552933653538,19.587564961999824,19.88040869388296,20.510311629935366,21.804142308419845,24.28328729976379,28.601728864230324,35.316546115406574,44.66311780376536,56.62508522419324,71.15935984868368,88.19821138776581,107.48295469642505,128.4509794602281,150.22261027305098,171.68401644386645,19.350854186029217,417.4290624290287,256.8898445525862,11.076555334606185,19.969656014123395
217.27675574689,217.29285710490197,217.32984882736503,217.41453373641673,217.6072150723384,218.04100796380936,219.00021103007126,221.0583696498907,225.2644589711735,233.23732817554628,246.80915786218625,266.94154339805647,292.62738659950463,321.3095778292493,350.70855080770707,380.03613739964555,409.673223906089,439.93013837653973,469.9436144210818,497.7653480294963,217.26440505490237,422.4844174039135,578.7172548505202,11.393308335920338,41.35448584734564
105.34150619659738,105.33761059519412,105.32872124773435,105.30861014707902,105.26378394189616,105.16640790400146,104.96402282415285,104.57398435291876,103.9139041116821,103.03397938836552,102.3989084892487,103.20706572711977,107.46702261002865,117.62252011972983,135.66298436100118,162.04333407201514,195.50313325222584,234.12471661330184,276.1208532705825,319.6609698083565,105.3445098613328,88.93243392867093,538.1008911018274,8.341104789028616,21.003808593953707
40.72340186078229,40.726015780015274,40.73202981702563,40.74583256718223,40.77737536333438,40.848925816263,41.00917689333674,41.36045339196793,42.103576415918596,43.5891948178239,46.31782815050883,50.781049639941415,57.13411486976643,64.99682052866387,73.67657009886366,82.52915046062029,91.05172115446128,98.82063849476057,105.49517251848417,110.8777639323167,40.7213990584774,108.99421719413033,122.94194154484991,13.548761760898682,22.664110885259383
27.270357889858484,27.271691449285672,27.274764347504863,27.28183565416856,27.29806996675261,27.335189404861804,27.419467239097518,27.60851832505405,28.023997054921658,28.906559042753326,30.681727256675227,33.968160446502075,39.38551314412963,47.10664141197229,56.48045965116054,66.14667036946506,74.420354410832,79.58761327638123,80.36879773787639,76.649758290671,27.26933729565636,541.6068205118283,49.20415007823666,18.53592497696332,11.952959985269876
131.8250823067606,131.78033494741805,131.68184567175499,131.47218582110276,131.0494516015289,130.2660655027086,128.98199405718842,127.19454994835776,125.15204668978993,123.28761097281755,122.02110224880225,121.69397244282763,122.74885203093083,126.03502784155687,133.04337400596543,145.75833652017332,165.78093589001867,193.08869596515441,225.80116530046072,261.3173857116366,131.86057112799955,118.366876387274,454.25079479027255,3.638176348265765,45.67698430003814
116.25168967790417,117.00930283860271,118.4541796420311,120.92663419694752,124.58703314115999,129.15276251512805,133.92754300560222,138.18674962679256,141.49899159331704,143.72304030846573,144.82604777643138,144.6979264284447,143.0458566615917,139.47866718636095,133.89068821099275,126.94008940638392,119.98948822932458,114.31343164722938,110.39684152439523,107.99332901718246,115.57298873520372,148.66843434946952,104.79307555808342,1.684473229889063,25.86035176671671
33.661386009359546,33.66468881041681,33.67228244873804,33.68968935833847,33.72938628204306,33.81912184946474,34.01897828286331,34.45333968830634,35.361549311925415,37.15425344174086,40.42465424030927,45.83756297161963,53.879797780535625,64.6096111571115,77.63693321765268,92.35383483033662,108.10270942880132,124.15571152615098,139.7020156685886,153.9391313596871,33.65885400821552,48.459213450774364,198.70243919459082,10.456245460008013,6.474474208038101
13.999000093835585,13.999608400457664,14.001007076916432,14.004213575345414,14.011527036207479,14.028061143222502,14.064880869736532,14.144814755152222,14.311242821107472,14.635646938237,15.209175871816335,16.098043929470904,17.2759063838869,18.60639493122908,19.914735858003656,21.06971843868495,22.00664094844947,22.713861669961258,23.214565748047118,23.549762266080393,13.998533776399201,23.513397795474628,24.086311195493867,12.557714382455933,10.535094274186054
579.99249616944,579.9637614408153,579.8975762467007,579.7453832738305,579.3964241216497,578.6003082484212,576.7997460284702,572.787759883994,564.0721811312271,545.9227907822578,510.62921075332986,448.89257576425746,356.3051649481471,243.49791189485967,137.66023911830166,65.03544947287287,30.384781672896906,19.241493522373503,16.587017695043073,15.868713853541863,580.0144943377036,26.27370511270401,15.214682392148031,17.63917431083329,16.175723651683185
70.93798804917202,70.94515542378373,70.96165572577928,70.99956456050268,71.08635164469976,71.28382900982362,71.72848756386958,72.71209010493467,74.82467648701878,79.15315881871327,87.4130699675564,101.7068644005764,123.71055633680648,153.9038277517917,191.84836243314322,237.02749646680883,288.9425944888373,346.63313858144835,408.36215483104365,471.6026265025072,70.9324988465627,828.0427671710189,773.9955046477977,14.583420896033438,5.309069683162626
154.79386159666402,156.15470239540022,159.10879980185578,165.2624670823428,177.28715792208524,198.72089373668655,232.67866329304968,279.9897736164629,338.81195294475907,406.161113086716,478.89358499719845,553.2536251495537,624.435512991594,686.9594618636474,735.9003950614934,768.6519122663649,786.157646692513,792.4213887532792,792.455117863941,790.219371638502,153.7022591214118,950.9460308776829,783.1274677169986,3.0140473578789146,21.006430548337697
42.74685665640687,42.72534049794666,42.676540108933956,42.56727589158595,42.32795861612696,41.82279516343865,40.81892110825159,39.00443151325124,36.15680251891391,32.49620143818469,28.944182738327854,26.85742001103369,27.379284001244045,31.039922892025743,37.7875675658294,47.24647749453172,59.079301047159966,73.15187095221766,89.36565886104901,107.45619182433984,42.76352449511297,18.174238115927338,245.24300134818728,6.203118922844498,18.553558550014294
15.164244982558424,15.168924884839653,15.179646929581146,15.204075345526915,15.259198274900971,15.38155288489314,15.645712989169555,16.190634210371687,17.236741600411786,19.041399246231432,21.73039415914309,25.0666576364411,28.401893117682583,30.921311134203027,31.96774690928273,31.297849452359067,29.245635558672234,26.625155486128076,24.293210676070558,22.689480163025777,15.160647615749454,99.06839282874951,20.71742270988207,9.209718048010293,8.880426660958472
806.9396056372973,804.8983184378385,800.3277784270049,790.317007451011,769.1868971438016,727.2076910844852,651.3898204433234,532.57968083421,379.81108357058076,228.17299008361795,119.84772488546594,70.10414286901687,60.59439107149262,66.1956737916953,74.55882007417256,82.67415657345362,89.89566890752042,95.92548979177866,100.64837544330669,104.12270626046143,808.5367787603717,19.496877652463095,110.60488478661149,4.742616681060762,5.665366566685243
25.38556903462526,25.383259841204193,25.377962149851253,25.365864051239807,25.338455039824662,25.27720145904811,25.143456575189866,24.8625297169406,24.308293861521214,23.315603107437898,21.76912256292506,19.767545150648026,17.703374870026444,16.078239892963303,15.196896778682186,15.057298258394876,15.458619048431126,16.137779248838726,16.866281443229184,17.50622164205101,25.3873422412349,12.869101161046498,19.001801030397118,10.376198997501122,33.28714501076357
14.968433294416073,14.990485085325778,15.040399989148254,15.151792762145206,15.394530667737206,15.903291062644561,16.9067405781613,18.718709300529614,21.636094432492783,25.7743705140345,31.026285160011813,37.229361900928815,44.331049405622984,52.39916238150012,61.532388885008075,71.71507072650616,82.68642052046103,93.93765577666522,104.83643827240053,114.77618552761811,14.951323216911003,76.21443734862521,145.3764453972234,5.450287848010168,19.85976375276922
13.921138461371806,13.921348493882975,13.92183260290788,13.922947167959355,13.925508151072156,13.931372397150648,13.944720791460801,13.974795161931574,14.041384695553068,14.184613752969673,14.47864693819537,15.04085457524924,16.014398390422116,17.50923250423582,19.55177114916729,22.13872817276014,25.36078386918519,29.417399720072652,34.45859363980381,40.41199372691455,13.920977754248197,27.558917865371434,85.8036676135205,19.818401399581123,49.82072302107841
909.9370602476592,909.3073299542599,907.8729661195053,904.6378493717943,897.4633629441422,882.0007003429754,850.2157786990686,789.6484445237357,686.8136789563657,538.62907084151,366.3881012559593,211.82477366519663,107.47859210095874,53.57998675901706,30.08995041351693,20.424324776635217,16.76663799049311,15.494362424644123,15.004456277673967,14.774697135004999,910.4232965993068,70.17344094171635,14.499758096153924,7.147895307737337,13.41029001780691
10.67375778536047,10.675807637546884,10.680496780467935,10.691152412218212,10.715093969560868,10.767879577582244,10.880751587249815,11.111028910791738,11.550773643911283,12.325065170396545,13.58139748720201,15.489120637039413,18.234420322291808,21.950586677841947,26.624108424715615,32.10599968494208,38.19189255521447,44.64321839212101,51.169531819253095,57.441320055191,10.672180202785187,15.504837558775021,80.60906247219692,7.453586812281642,10.656978638455186
270.278413829237,269.96708743113817,269.2638511496672,267.7002630507612,264.3156803845249,257.3083220504646,243.8027026094608,220.47574682767035,186.04573048619372,144.7985898372624,106.66562821684266,81.05314577151228,70.57699460997256,72.2202329005413,82.67989838912058,100.33789026614593,124.1350893222006,153.13313473913462,186.67461915528068,224.06454821315344,270.52035041882704,51.78824474922269,505.5169376775169,5.57856604499923,27.842887524157987
23.40651415454486,23.47903832688568,23.640637822362855,23.991855098259833,24.724712607834263,26.15953053863761,28.7194753229296,32.76190519612912,38.316793118217326,44.99790936958347,52.183895054132,59.15273863952439,64.99741356088386,68.51819491818767,68.3331984452793,63.43958667906283,54.19950834524249,42.915838046482136,32.867510105140674,26.20225600260938,23.34954565465046,97.85910349051039,20.18055091299442,4.069993863058917,31.386722098016755
33.44158406526819,33.15356363479404,32.595026578170454,31.618722185545273,30.142990343514366,28.28797308541678,26.39799511340415,24.849944379352905,23.839498749668174,23.37961919872998,23.468400443419966,24.25797173651683,26.157531083379954,29.849011294015305,36.13749386741175,45.65550890986449,58.74256652369242,75.7109166663472,97.10436439885996,123.63159640033597,33.69551390332944,22.117419391453254,723.6632199838559,1.8170617640609703,29.127109409402586
124.02183826157528,122.96350737013506,120.73017379385577,116.29252022698114,108.26381712361517,95.59993731953722,79.00345618605127,61.70826935023358,47.82545018343171,39.36053036654937,35.39152847357555,33.97084599529582,33.89131156710643,34.86757268506335,37.06716367373252,40.68249144060408,45.593073794508456,51.29223206699881,57.145008607710025,62.641409460185336,124.89000519353772,31.711570355779305,80.45323103398394,2.667017878570074,36.62096700434651
27.758325870697945,27.758240138904085,27.758042672905766,27.757588606032556,27.75654751778986,27.754172517119716,27.748801720517502,27.73683835909319,27.71087037889941,27.656913125689524,27.552634109853,27.373474569435988,27.119094489565224,26.862423227745346,26.78587656328104,27.149304186780924,28.178072567489558,29.916156936005258,32.14931175654402,34.51010339147619,27.758391503922404,24.365241462693444,42.634085965404054,18.1450284849997,40.23039911761005
782.9370374293177,782.8015051998024,782.4906992984864,781.7814360275203,780.1765543419363,776.5976453671477,768.8116947207532,752.5571921197978,720.8072693414731,664.8262301451449,579.6514931335905,473.0573450551696,367.8090676346901,288.08997026338795,242.10595325901534,221.28047672303364,213.29369362006764,210.64277968717704,210.1162157304541,210.354238921493,783.0411441873998,201.33750944588286,211.75955812729495,10.120588989098122,45.44894352161482
105.13261562258712,105.12731200084397,105.11515017275347,105.08739961504287,105.02462293052926,104.88472007591416,104.58088805823347,103.9496449902698,102.73335119507443,100.67035020099136,97.86542442737131,95.4367841197827,95.70380678330073,100.87159798306388,111.05550369261641,124.20382769581595,137.94228634677276,150.7465052240798,161.8100764075872,170.7522643501935,105.13668962722309,51.300327965918484,190.87542622051592,11.376650374618306,7.952951134874983
61.01222041985744,61.006018093466125,60.991841794698146,60.95967625099813,60.88760808633955,60.72956865683664,60.39525149393284,59.72830718092736,58.51421569807427,56.58317844943523,54.035137841079845,51.4247828543017,49.66192186351715,49.741771832801625,52.67396625268552,59.55582719202751,71.35265190452593,88.42441757503401,110.5133531456379,137.27206394751383,61.01699673875926,42.330248907310924,493.9324397339654,8.198008582489066,41.434651166666846
76.69893066287563,76.70126599645644,76.7066465405726,76.71902524905546,76.74743257810196,76.81233842006068,76.95951665771199,77.28892474200947,78.00997940617114,79.5306507796356,82.54902050417951,87.99831863353621,96.5453710660301,107.52499451927514,118.04241669542333,123.44509880564328,119.26302625804504,103.71389887997515,79.68763891075949,54.36053326567699,76.69714321174357,321.36688773383537,18.64506308072774,18.568354173510784,25.066874758348078
33.081684250460555,33.08080618225536,33.07879987700715,33.07425012993739,33.06406557867631,33.041764796270684,32.99469570710512,32.901076590061926,32.73113150762279,32.460550105777074,32.097880611837994,31.702559604594672,31.364214880728998,31.16112930900161,31.14117600407854,31.32286631005159,31.68574215951326,32.15758001098224,32.63726300619504,33.04543993991084,33.08236060583199,30.407394788431894,33.896478140274084,7.967759285441385,36.440937568429604
792.7553001545028,792.5963332988534,792.2320890234566,791.4020738338402,789.5286135614865,785.3684211599322,776.3820104994286,757.8381956746506,722.2703604288396,661.2136583965853,571.5941585189285,464.12379836153247,362.3543789244733,286.8239052118449,240.33333912707678,211.5171325416477,188.99449401529876,168.74576670747,151.91662169423444,140.06223352638665,792.8774854531739,217.80851810908095,124.26034122943209,9.523358352325559,41.75333441780559
500.2386771030187,500.03345952278954,499.5642167452823,498.4987854757659,496.1088547557883,490.8578091390843,479.7156454154809,457.3867022924512,416.497486584034,351.0453905018285,264.1593114270671,173.6503750692729,103.76842222684792,66.88202279123811,57.102690463664146,62.50453559514875,76.37020711347708,96.74822749132,123.22029785099426,156.00937203092644,500.39666305168186,38.55452428737991,806.9386126669044,8.50719190092126,40.403747321193336
858.2292307909128,858.1352699363046,857.9192751553782,857.4242974297938,856.2961136208575,853.7485653059587,848.0870090750524,835.8387501443926,810.4864215714908,761.5544761040197,676.4913945007821,548.6457792570292,389.3950884016068,231.7775800236691,113.69866487300453,50.71985282466858,28.29930047937023,22.9999634130578,21.87670417177776,21.4856080895878,858.3012720314229,255.4560553624099,21.042699481072265,12.136602148304686,7.701301908587764
378.67946593669524,378.6654288818923,378.63309539104654,378.5587376863073,378.3882180865889,377.9990898944523,377.1186080793597,375.1552931384077,370.8854371525451,361.98048609233166,344.6396171591023,314.3270340989694,269.24989496559886,215.99570337177147,170.43102060748808,147.27643757804506,147.74462488211742,161.55971058196113,178.8561754750552,195.233761076702,378.6902117163115,36.52837458913334,245.713855285853,18.29170380847378,10.688472832168275
61.143163790938324,61.25633494145429,61.508286725519206,62.05483526111383,63.19025522539131,65.38969961115104,69.21366487404724,74.89240551589077,81.68128759130008,87.71284446135134,90.93838397757028,90.4143526668993,86.78093610745313,81.75916731861614,77.10685032848227,73.74826286963552,71.69114671781553,70.53222467069887,69.89270739081073,69.53725112808976,61.0542185844551,196.8963095335731,69.07441024601114,4.321559890869589,3.395437480102256
65.18086690172343,65.35687706207366,65.74816315707014,66.59528381903455,68.3516652098594,71.75579651222797,77.73758204125421,86.98230148351333,99.32825382744187,113.6577736611327,128.45401823516315,142.26410107353598,153.7232782030651,161.56410811196554,164.91912241043946,163.8477717420026,159.6207625829225,154.23703994767084,149.40913671759682,145.90638388688342,65.04235948644607,198.80076587071846,140.59452742434755,3.9685835554522058,23.63328530563456
54.81183304668587,54.80076204374405,54.77556447691749,54.71880774432159,54.59321962487434,54.3235507159356,53.77252087545353,52.7321149283977,50.98942431121925,48.52971024909899,45.79011022033712,43.68032928557832,43.29086197675474,45.6274290284015,51.51823926273556,61.41429379847674,75.1428544957412,92.1042453684427,111.7038821837136,133.3865392687315,54.82038640447029,35.35125242387942,287.4368783935713,6.8833885705165025,27.926813711985403
694.3173189175144,684.9004469165699,665.4464074631569,628.0799778529167,563.8665232269204,469.73197031025165,357.8272914084294,254.8400777091132,184.33600070565842,149.89702945692807,139.24505446971034,139.70530055504503,144.588220958006,150.78617340507253,156.6396207657691,161.40611041951945,164.9352097756232,167.3704952053704,168.96086321681616,169.95642289421653,702.1777608958333,119.82624899544604,171.41381484366727,2.391673737183477,10.550438899603343
15.963091350153421,16.02022350215026,16.14860929057194,16.43166043270306,17.036390294428738,18.265738221460943,20.58775088578951,24.564620419674924,30.65911406428265,39.108251391765286,50.069412178679016,63.83770397328871,80.85033640982874,101.56088187439998,126.31362194335826,155.21761337883214,188.0192549838933,223.99856327549787,261.9265121877127,300.1277118644223,15.918509413723545,338.55239988394896,469.7233632891352,4.542650570696976,12.52504404430837
44.303483914390206,44.30658664592857,44.31372715404166,44.330122543628555,44.367619090452024,44.45278810950359,44.64397564184477,45.06467901080507,45.96031792121197,47.768839201545134,51.140445274685405,56.76921200037843,64.98581123862937,75.44266606017447,87.32606561208163,99.83784784583035,112.38584306414353,124.50998829682197,135.791152993518,145.8210854892656,44.30110704465711,152.10911302956694,175.22351480907335,14.048325212287695,45.44925229824621
38.93491504285107,38.96498662935613,39.03352608625262,39.18829349198286,39.53226849005786,40.27673283462042,41.82000085914948,44.81297791537245,50.08958471046411,58.326623127648276,69.59191872964372,83.28367971891055,98.50752452686811,114.27943276032573,129.39300802470598,142.33176936930366,151.472826541964,155.65266922752866,154.89051031262684,150.6477817758504,38.91170681220991,207.7389721135559,131.65752649339382,6.810907567838775,45.555928956496324
15.523329979201282,15.524173772495567,15.526118324643516,15.53059395847476,15.540872579676241,15.564388308299606,15.617834962706208,15.737945447368729,16.002772941647613,16.568617713452635,17.718934658645207,19.89100106967473,23.606347076494092,29.28025816779676,37.087079381778274,47.079222055600646,59.37320531273606,74.13114499120343,91.42515056427361,111.1279487772547,15.522684264781713,265.4618114935035,285.59291289673206,18.39120402610927,26.89186843286497
43.98781367678601,43.99938853066777,44.02596807516253,44.086765724869494,44.22490007954365,44.53514548065302,45.21849036070797,46.675944143883555,49.62959654669458,55.176622549475766,64.57618777459055,78.7017605083168,97.62689045549266,120.87104269066123,147.8248614593204,177.66545127063435,209.05581287696012,240.11237631177377,268.71510384236046,293.0303955736546,43.97893178198251,452.3570255437848,348.0331110492834,10.505996673969937,38.85715403042293
34.35324581477607,34.37545280719552,34.426112070460036,34.54067910715079,34.79596887877551,35.35089140179668,36.50935703616812,38.78070915877008,42.84954705143832,49.34279406930521,58.4957592181043,70.14369067395,84.18401623457106,101.00621994173346,121.5199258054621,146.8080674131764,177.5303892374041,213.47680180135185,253.61226662343273,296.3542547758649,34.33611889841115,151.012417754637,537.4856943008242,7.041705587713738,25.210399156675674
798.0476615315088,797.902344891634,797.5700914694336,796.815779908074,795.1240103387935,791.4076712655428,783.5229121752651,767.714994877996,738.697668926968,691.8721263634216,628.3095251192876,558.4175252509598,497.645484300156,456.57022056740874,436.4545156624299,433.4902487882792,443.8638961042686,464.1685694641392,489.90539288460377,516.0567549061665,798.1595389535256,394.84230989784425,594.3989596967965,8.31969415691848,49.832252462458825
20.190670914532504,20.191857510086084,20.194590449567787,20.200874194411004,20.215279500309432,20.248134407437114,20.322409351513045,20.48781156330666,20.84695429296275,21.595309961581506,23.057919879949193,25.663708513023717,29.781712055928374,35.478624251328874,42.45541200235415,50.235180869084175,58.3084255843779,66.12971220215157,73.14947194689265,78.93686795948656,20.189762461331778,109.02878350141665,90.89641705613174,16.170211625202555,45.613653080720574
289.90641336529944,289.8882091696197,289.8464202972286,289.7508882769778,289.5340573159792,289.0479420236708,287.9806949744455,285.71784119289055,281.1818142710611,272.8360666379014,259.22700225907505,240.1364626937317,217.21934193378786,192.72719811529967,167.61903825183703,142.0635871940669,117.79939428011949,98.21964627653409,85.40837764717895,78.48164999863192,289.9203857325362,179.32154510440873,71.59099223729578,10.69619242443895,26.44641503479145
10.984245757811502,10.985345220010897,10.987876319495303,10.993691362020636,11.007003859960637,11.037294557359555,11.105497192589661,11.256358072399042,11.580382761061431,12.244452166704543,13.513033003851444,15.71558799716136,19.13585583752341,23.924160088759884,30.18817160950243,38.18359580328004,48.385169756457,61.41325026656973,77.90308260163565,98.39247386667029,10.983403719800418,101.41252817763613,515.1593663576214,14.476206211702715,40.19401386200023
60.39879673087795,60.40932911166848,60.43341170495656,60.48809113367245,60.61074551432479,60.88025618169678,61.45232768864866,62.600100347720605,64.70890504219915,68.11141137493662,72.69264007562917,77.4873831355396,80.68017397372158,80.03840437645468,73.6482398272861,61.16204991073559,45.03065110254531,29.893144569957077,19.5767268881307,14.548834832145936,60.39068830692466,114.2737485348643,11.667213307590426,8.276960901217528,24.771970154846912
32.38611138135688,32.38039010393907,32.367288986891175,32.33746744503121,32.27028289971001,32.12157970591252,31.80216773886166,31.149360565480272,29.91762967755987,27.8622551861591,24.997296309753104,21.915813016912907,19.766135266829476,19.700007540313415,22.284087837795465,27.41743740328959,34.726301317897395,44.006404035591224,55.30549000187388,68.72653651221155,32.39051097063974,11.547340122507837,240.33455497251208,9.266667266128021,21.95255326938724
31.625778594736715,31.632200579156716,31.646935558783667,31.680592721487518,31.756876789608814,31.92749118340506,32.30060975676781,33.08693386325683,34.64960060873265,37.49493526401045,42.09471927484448,48.54325377850237,56.35082989342437,64.62417979947361,72.35404152210326,78.5506495285,82.43465520105185,83.76829129653119,83.0350627135115,81.21074458416707,31.6208476726304,119.03119618585501,75.17155991222592,10.005704987552729,29.881824724946334
10.29883481070275,10.30312021716841,10.312950978758344,10.335398611329497,10.386248122239136,10.499876287531707,10.748049785763959,11.27023675630835,12.306992013396766,14.199671219441452,17.300269237816313,21.81019527442804,27.705098051209564,34.79953520839169,42.73692377695795,50.80823266753799,57.77568450317446,61.90763507186685,61.41983551585956,55.41096166912038,10.295543893241582,653.7200527472667,13.873140796493594,9.567570199003896,11.953898011490308
111.5531672873383,111.52552275688957,111.46229850344083,111.31869301108088,110.99635704455453,110.28734710332665,108.77999984001134,105.74921297292786,100.16757274130671,91.14749512292138,78.99061198864499,66.07057914294477,56.077354218384656,51.895690217476265,54.490087789756636,63.602709715506,78.61019596457771,98.82608936461517,123.83597320498271,153.56492400000622,111.57444590286204,36.346300894650625,524.8231651822521,8.530836845285986,32.660266676884994
31.457568128607228,31.45432986584774,31.44689566544104,31.429898483060175,31.39131208867443,31.304781331725906,31.114754943128645,30.71189597567708,29.90585936426548,28.434351212541888,26.09429714703287,23.039828317103186,20.02505358760842,18.17158177318208,18.3002097162676,20.473321993041832,24.155610081253002,28.716797701846225,33.730699080448126,38.91463193324462,31.460053460883767,10.934836682020963,64.31452570444559,11.193243301607513,24.05826326056401
839.1569047209249,838.6931749469746,837.6390202193437,835.2695623409189,830.0452472201359,818.8936844597245,796.3226445647276,754.3125533084531,685.2953756712209,589.8408785480971,483.69413605274997,392.46174428220115,334.61953920910355,312.0863291416957,317.8858554477599,346.75714323324394,395.8901490149185,460.8179722056039,535.0539052570391,612.4880695803672,839.5155168127724,259.22587416880316,980.2562076982177,6.606141715965467,39.87455742114304
129.15858185152774,129.16103993500948,129.166695657477,129.17967697339415,129.20934639365322,129.2766631383765,129.42749840515515,129.75841980352658,130.45972456278147,131.86718924093302,134.47552374556162,138.83435977805485,145.36605255541372,154.45021894388273,167.0648127664455,185.49527463074088,213.09359331576383,252.65866242076038,304.61015517721546,366.98791938861785,129.15669850889373,167.30954143741553,936.9283945665568,13.425756795271223,45.14321083217206
282.76054098995587,282.69131514998605,282.53256942303665,282.1703289048704,281.35075202155485,279.5234279030218,275.5495577350218,267.2599570306804,251.0960236900939,222.70918649156317,179.91448683081336,127.47342547010345,78.08523916393457,44.458624241320194,29.566386897285128,27.37299027729634,31.39045871696797,38.765050286926,48.69001100434696,60.92197961776944,282.81371680417277,17.97927782669577,250.52289439611255,10.201996185024157,46.10230366315244
404.443534158335,396.83463309755393,381.24140975529895,351.67880780106606,301.90611730717865,231.17942437446072,150.94057349488912,82.17466753788023,40.06695070796371,22.658885467023936,17.928832257583394,16.953241246740845,16.751292574441777,16.800048162944222,17.008668148408844,17.311572644626892,17.633722411915585,17.915656197870703,18.131271525880663,18.28155173758944,410.8363804851869,16.153601884243727,18.52811711945693,2.3226090341735057,25.675753987741636
14.506633069961564,14.507641406806828,14.509964325213534,14.515307489183565,14.527565177934285,14.555556096170141,14.61896855314245,14.76069065790582,15.070286422079445,15.721847381331008,17.015440682285906,19.374937792197695,23.228672885805587,28.796743980244173,36.00347132464498,44.62336638909768,54.402983486342684,65.00837427093089,75.9621613480652,86.67290093524207,14.50586122791721,280.12809839913757,127.26739738823944,16.881815333509707,15.430197856223181
108.99933796976153,108.72529503673107,108.11557619249257,106.79441940136888,104.055425643541,98.77014298166614,89.65055931819025,76.31811148085004,60.9195751355843,48.348762065419564,43.456158263036414,47.64808910905478,58.99291302508594,75.30983659039961,95.95966321216281,121.25779585692901,151.61762393551047,187.20408836124963,227.76078344875998,272.4704094634052,109.21481848794713,17.177476846213178,587.7870388244069,4.325094283506928,6.91338806481944
25.71312049686926,25.717260152018447,25.726781671711645,25.74862291499541,25.798490504823977,25.911433580045767,26.163737960814757,26.714483884570722,27.87212211543593,30.16601265101532,34.33785117018692,41.12184007773939,50.85072599419013,63.24296784636612,77.50274953370737,92.2679496794043,105.25970815095944,113.18712264100868,112.46766719112654,100.96676635370522,25.70994792841286,409.69718263105966,16.279049936000018,12.674122401925153,37.81670242952603
317.7340116935609,317.64014366950767,317.4250883171038,316.93514062287767,315.8296796151616,313.3765407721613,308.08380020683836,297.18514156751877,276.3613238203725,240.86857630258083,189.47352882140495,129.45445183855878,75.58153921798868,39.85896680435343,22.750702854374595,16.631008896133608,14.689715756694852,13.977253906017381,13.653314769095005,13.487342322803784,317.80616741518884,23.995056297472548,13.281526610668214,9.527321291672134,11.719296571738212
249.17528336481436,247.7192189376683,244.5712967156454,238.06690745110973,225.5685301677679,204.0705023659192,172.48787188947148,134.75831681401624,99.64094793518095,74.94651475852012,61.99355775296442,56.874380792557986,55.55325500857825,56.167756420123084,58.19263723141694,61.31050553876301,64.98852886779133,68.60864434330557,71.73415208054675,74.1860033813947,250.34655416146478,51.68750861836949,79.19684523978833,3.1562137289325243,29.242413754313205
23.499643175912464,23.5005545710309,23.502655128478896,23.507490685928953,23.51859930655253,23.544027332682216,23.60187195830875,23.732058786649464,24.019780161759975,24.636665535029426,25.89604399381886,28.280699582266397,32.337428664436985,38.35238094740575,45.974218910037536,54.12972640600189,61.196916402308155,65.19503779147087,64.22460494225871,57.42709440026134,23.498945783482164,228.01914970300226,13.878343905071867,19.541997253345144,34.857294972118964
23.059059143916752,23.01754062510245,22.925758141873402,22.728991858586056,22.32796533850734,21.573784344596334,20.31747929538357,18.554722272765545,16.589733560492043,14.99953743928114,14.34671309585209,14.923365212873593,16.714601042153134,19.4738356689636,22.84527083632674,26.50899640064949,30.222092511595307,33.77680458187091,36.987966835096465,39.71612993299604,23.09187168724173,10.6706110749896,46.65796407747937,3.903452016991941,12.483743989738207
556.4961768581521,556.4321426324857,556.2850355308414,555.9482927715177,555.182229258675,553.4580513198591,549.6476854586201,541.481123245148,524.8325231105285,493.4456303990857,440.672784723775,364.52074302219853,272.9516770421869,182.29846779724608,108.57259187886206,60.21949054440154,35.876883104124204,26.86181738140658,24.20830133178856,23.35449325755917,556.5452966305064,160.84565000315413,22.53799644535216,11.576528613061527,14.277471364399675
896.1440202616013,896.0795849090432,895.931267465574,895.5906020745291,894.8110564273514,893.0387456237233,889.0542260287907,880.2663871988984,861.503046098721,823.5307199405486,752.9871310834039,637.9225679928281,482.09094709662645,317.7909188149264,193.1386994629804,134.4352949420596,128.15330692875273,145.1901615731914,168.0493490293618,191.38693982570544,896.1933741666702,11.62825268480566,291.4988490496659,15.686943497637118,5.223812669969613
22.06873619465851,22.071302260204703,22.077198007559446,22.09069671801993,22.121416643731326,22.19060581611068,22.343715797575882,22.672757754610004,23.347426441878678,24.635703545364457,26.865225286756285,30.296361393388487,35.025708018123204,41.13257077274075,49.0029940205382,59.471674810449485,73.58899994537853,92.18331166392963,115.63890376781197,144.05169946141717,22.066767969717112,58.69665037668299,544.8910230416949,11.202998829951488,33.45472880034994
368.1580511975089,368.16758092239695,368.1894467558344,368.2393923746572,368.3525911139382,368.6057237002502,369.1589309156541,370.32217778715403,372.61806197368816,376.7157212598227,382.9818851224385,390.52474611006977,396.25648324817286,394.8388219922615,379.63468242980576,344.87401502342857,290.093302090768,224.71092294369888,165.4988468724559,125.31861645070083,368.15073419166356,453.1537483284403,89.65387931104517,10.667069636696144,36.464281140213416
33.70658258023494,33.80903609589004,34.03963630582838,34.549392053214724,35.643095407620756,37.880559178405406,42.14208122829348,49.504007689780465,60.83430140604747,76.42323584127558,96.1103562891505,119.59142717842116,146.22284926793498,174.37006275248046,200.64696788664196,219.38196575776146,223.14266679607022,205.47849585948927,165.79759750830704,113.19584847293316,33.62673624577896,511.65765106900835,11.004584484940722,4.719660441984769,40.409597265752154
47.9165118737247,47.91202222164046,47.90171444258766,47.8781443394128,47.8246244381781,47.704556096237404,47.44067660804092,46.880402298925695,45.75589937558778,43.68887449780199,40.34915327551082,35.8164241617737,30.852320355105782,26.583432572057212,23.74614504729176,22.330637741530428,21.89910378685551,22.007141908836694,22.34093612111501,22.70782523457019,47.9199574534133,19.937268854851673,23.63249155777032,11.08437163678532,42.61671340855941
13.845294688678146,13.845326949699727,13.845401557122488,13.845574323891613,13.84597530133373,13.84690948123542,13.849099461400597,13.854283265786707,13.866723607686607,13.897076314102577,13.972127571660247,14.15720216193161,14.597353167770938,15.56063856031523,17.412892044466332,20.454006773092438,24.724936070561093,30.026016547495885,36.10339891544128,42.723754511320585,13.845270066789256,11.506992187847096,85.1797324608126,19.16756088601906,15.392470563878067
828.5842827742472,828.5733486967176,828.5481619846014,828.4902366939453,828.3573869304421,828.0541606689397,827.3677583243268,825.8357434932611,822.4962410370304,815.4912236250315,801.6454579043884,776.5023839164348,735.4326609770067,675.1779195815234,593.5653434607079,488.4501437992515,362.6099320778537,233.51460079347532,130.14003728531782,70.29754128704997,828.5926529527416,596.1593410503647,36.835803941727754,16.52201322086679,34.9216305233033
105.59420114354907,105.5927062401232,105.58926488806013,105.58135904596077,105.56326208867895,105.52209495644334,105.42945386165732,105.224811250472,104.78678815757864,103.897270450921,102.23896918530788,99.5381857665948,95.97949663529815,92.75128130399462,92.15505253367253,96.90776403209154,108.99795940305194,128.74482271017285,154.80790532780782,185.28579466864744,105.59534605999607,70.1184465825932,427.56831260284855,16.068509221205403,38.33294412524284
991.9663003937848,991.9215983449128,991.8186490903012,991.581972236395,991.0395227374482,989.8028536188364,987.0093417979851,980.7981616569168,967.3547587328383,939.5366284835793,886.0199230732684,794.0925542966559,660.4079092535239,506.0499695255043,375.2463221125871,304.21029273577017,291.46633572889743,308.8695266851995,332.9513362516126,354.7543467862937,992.0005259893267,90.57845776335998,411.0039120575161,17.38708897268609,12.156923909776829
12.14601060597036,12.15689661947209,12.181679957220702,12.237534168051383,12.361267709889706,12.62764198110728,13.17527916707892,14.224839739391129,16.048331021171986,18.857202821145485,22.687902814147517,27.44844631723612,33.10790747087182,39.84807495354707,48.147874390400304,58.81516303238831,72.84558648626549,91.08587072139883,113.98277206336654,141.64258442857928,12.137601763046671,64.49065745032722,516.9795555855476,6.492962342695694,35.60048739523636
10.388652462290336,10.444713319719366,10.56811045058078,10.830965987496704,11.36238086762348,12.355640034179613,14.022898714045084,16.483627545644737,19.67892508874268,23.42628333744934,27.538468048127847,31.869830592960295,36.33127163907957,40.954628707436626,45.995123206549124,51.987546591737996,59.61581432728681,69.33716301757745,81.02460032872087,94.0149775758834,10.344184977879397,51.372282799784365,170.22893791208307,3.4653866113744005,45.03713178307683
20.538219826624697,20.53913727630626,20.541252042041947,20.546121327871067,20.557311522759036,20.58294260581519,20.641313868731732,20.772939227774618,21.064810296793702,21.6941846833636,22.991650484259427,25.489182639936523,29.8567512274472,36.640037033015034,45.9439209064575,57.37725584197109,70.16080393624422,82.99895234960371,93.82407027531863,99.88288247778962,20.537517865497236,660.0655853665055,27.08810457387755,19.891294804400975,31.027938238188362
14.74644062992781,14.746326288945621,14.746063492380932,14.74546145273716,14.744090000843114,14.74099608896211,14.73413170305978,14.719323535365819,14.688820657473372,14.630416683924546,14.53014021987854,14.381939749015492,14.200236865514217,14.020118225072867,13.879376033801519,13.800383133000203,13.785844589514614,13.822350446946128,13.88632017839764,13.953979431538375,14.746528309011781,13.506862194999211,14.120282725143625,12.207962198528085,40.85980171171449
63.96369357395146,63.96523916747911,63.968789575159136,63.976915595942494,63.99539714141103,64.0369778497317,64.12882269162503,64.32557789002912,64.72684579482149,65.4862752815968,66.78200895094818,68.73456906674426,71.35649465993922,74.67225676672157,78.93875879504263,84.65664024330707,92.19741190208829,101.31703378998921,111.11846444209385,120.54548842656101,63.962507888392416,77.5660219088493,150.86045295093433,11.12777149094076,35.02696318886097
87.85235049560491,87.90017156993586,88.00958661819668,88.25830107855846,88.81738360840215,90.05070190576268,92.68842881436645,98.06076032071488,108.23971906256969,125.74370016080631,152.62432865800395,189.6210991902949,236.40697883323278,292.4651819220476,357.2547080049747,429.69195286721583,507.7366488521289,588.3228676242486,667.6084993151745,741.5209025937799,87.81555295435805,267.74500047737627,987.6918839260113,7.655659002726534,2.5863422199368387
17.834604108206932,17.83532222473406,17.836977142227617,17.840786111132154,17.849533538617063,17.86954547586805,17.91502539504238,18.017215312191198,18.242439330584514,18.72316897334833,19.697830913131334,21.525519107330787,24.59883703623237,29.112400608619897,34.84296736002354,41.179997583671366,47.3213060107703,52.41605813885505,55.73399107224769,56.93982819687196,17.834054566224605,127.94648815485822,48.81076050222351,18.859669280394858,32.11741232515438
109.82705267954798,109.82670579145213,109.82589958800837,109.82401681034678,109.81958438697023,109.80901448604794,109.78331595897392,109.71918054210416,109.55441652401935,109.12254902917144,108.0004884447735,105.25628901639955,99.34901177314364,88.88043741922357,74.35900143472134,59.02095971447875,46.80679300439289,39.42956964756722,35.893623814519316,34.370740091658476,109.82731641650015,394.5290643616818,32.89877613541159,16.575032265364833,2.1469330334764614
173.52758052749422,173.53477686599166,173.55135414077208,173.5894809688546,173.6769305795904,173.87655759605477,174.32853082939468,175.33753639401783,177.53715620913167,182.14775290702934,191.22762733189344,207.5136859599326,233.2007505696914,267.7888235114902,306.99964244396233,344.4176380620567,374.22812000312945,393.00295562118833,400.5238661491029,399.57968248000134,173.5220717569377,740.4816524303369,376.4609241872444,17.21904965079983,21.053825368232026
439.4970736218672,432.90494868594453,419.633960459289,395.1374894957714,355.37034255719976,301.2257915806856,242.09764373643668,192.04415086030644,159.90839971413038,144.61874204105084,140.10634205950726,141.45841947585149,145.96761362069384,151.78945315333328,157.49625655113164,162.2711070822033,165.86908296392818,168.38174961712508,170.03670958972197,171.07892417429514,445.1208034287554,126.37562896349156,172.61577123829744,2.1193914473802664,11.674481464370823
126.448118107418,126.44185851331571,126.42744334726395,126.39430632304556,126.31836991035529,126.14529687409178,125.75451716557554,124.88628772617072,123.00929653700028,119.13186144958237,111.68769755507822,98.91805782569384,80.30369859853849,58.531166532101935,39.40110652794364,28.128724115494407,25.683971349924562,29.565051229446652,37.148671019001284,47.27803865688168,126.45291087980856,13.109982611061842,304.0140207369328,16.96108316191613,46.17739334215064
15.983024071632524,15.988874403359041,16.00230346727402,16.033000561498906,16.10266646801393,16.258836056924356,16.601744224650332,17.329570338714323,18.794448721480308,21.523057691111774,26.11783202088587,33.040607771649206,42.502160105020685,54.601482634760615,69.40998267872335,86.73243781606352,105.67513805816463,124.19451978519503,138.81206401274903,144.89980522400128,15.978533530672754,757.6009246408414,13.653374894711503,10.007068102628491,42.332048990134965
13.823306509025224,13.822877771811793,13.821893673226535,13.819644341255088,13.814540509846895,13.80310425964743,13.778020462503829,13.724929760311671,13.618862704230422,13.425008886970268,13.113293421961572,12.689404495742284,12.2156395447466,11.78419120719115,11.461232389404195,11.260986020226326,11.161847716991478,11.130781092758427,11.136559356846366,11.155867270611608,13.82363560405567,10.875823375316676,11.217483448841442,10.714134549284637,40.95664374063982
17.98250856048184,17.98234621232246,17.981982596133836,17.98118633894559,17.97951005041623,17.97621812743506,17.970522846950452,17.96293022486294,17.95902532994289,17.97660984061624,18.05634675286428,18.279016342267095,18.79698224856604,19.87827830519243,21.92662078449409,25.399201392456007,30.595520393849796,37.49731486700807,45.86969143476908,55.45114788877765,17.982635530259998,17.750905344587085,137.1177600749504,5.45161641542655,37.050259286953946
792.9371576137762,792.8610219742866,792.6862609837689,792.2868000733971,791.3803582177824,789.3491321872293,784.8936423267003,775.4640521884489,756.6363487713287,722.3041081862548,667.4784951755275,594.2760838878437,515.9752064385605,451.39242623360246,412.94948859373864,401.5335538714126,411.04441617424055,433.63213634184507,461.6376872452023,489.04117600737743,792.995597712365,340.46056317398745,568.0031350302719,10.872135093861736,41.9513266024416
23.048687209928193,22.853573826111038,22.465707519620178,21.76251285217655,20.645993003224763,19.15682016035727,17.54022150730939,16.128711168753654,15.127780172020255,14.540987392648944,14.274329911259255,14.266328156584317,14.554861747234469,15.308626909198308,16.845470083021414,19.5922323071359,23.934357108728815,30.05113855066673,37.947047458635765,47.62564805066498,23.217014251884688,13.699218126117799,205.07193071827086,1.9870975714030628,44.839108118704665
241.6381951025,241.67971113150216,241.7749825926558,241.99265601523268,242.48623440354473,243.59097469128838,246.00979543769986,251.11613606947594,261.285612163528,279.8294097562489,309.7282054815356,351.00509089458933,398.6620698747656,443.1460666794179,471.82020484976164,470.29198179251557,426.9311274669566,342.31807010355715,236.4337667246585,141.56925562830457,241.60632207555167,802.4194568918165,42.43979843940009,10.237007874830796,37.601137522165715
30.589160892398514,30.5900439153554,30.59207917899889,30.596764820281283,30.607530618465795,30.6321802288176,30.688279275342943,30.81463710686399,31.09428517585135,31.69534719717529,32.92791190395694,35.28111592914954,39.34813067194049,45.57327665417652,54.00597752082997,64.40273701779591,76.55544495658043,90.35705549289347,105.58007892964,121.70619964933648,30.588485234772076,121.25443720887658,208.41767653007628,19.597364434493784,37.745758123634474
17.287335787492633,17.361242143587894,17.525151836428137,17.87866096610969,18.607445496916977,20.00939755148115,22.45484740454934,26.228705582353,31.347805872086475,37.57868831259587,44.64450101890192,52.35733684830015,60.633354863946906,69.5007334052979,79.06057473895424,89.32280368022309,100.01197548939007,110.55591749801879,120.28902877928321,128.67817008763606,17.22906464667845,89.26205947565859,150.50175559417784,3.785839714422702,22.734370735091762
36.93978130527427,36.88383832246435,36.75950321106572,36.49052349471441,35.934047779463924,34.86208492164251,33.008746440303845,30.25701876697832,26.899527288226857,23.653553297739418,21.256735169109053,20.064307931072463,20.109834860554688,21.440608745118624,24.24860743115517,28.678806861059208,34.61212937441037,41.72196106503205,49.66335484053084,58.1046720023335,36.98380858407317,17.284430892443513,105.7021611726918,4.147028539234563,30.34579561211472
21.8476768672921,21.848425886648656,21.85015099249824,21.854117380789653,21.863209816743964,21.883945366233704,21.930811081731708,22.035112896967153,22.261221678363437,22.730315048819627,23.636421065327905,25.20233998946141,27.49958530883441,30.182826794954465,32.46407660062432,33.54358847151251,33.11368354766914,31.4958795777927,29.41335535763032,27.56329910842093,21.847103416601524,280.02051319657113,24.57441827733925,18.02941691474684,3.2580491143428247
110.64950666009715,110.63448444810052,110.60003932714584,110.5214515632401,110.34369097802292,109.9475187480113,109.08647231885556,107.29151547465914,103.79227455084403,97.63429631761643,88.26454892153026,76.45566286397457,64.49388929977452,54.77122646646364,48.06513408964843,43.473155128485786,39.75528476776269,36.37246155894576,33.47420484591049,31.33405723125334,110.66104679441527,43.672648654901806,28.19376344510644,9.960452804137812,42.41693774356452
676.9034068586714,676.8470294696838,676.7173022977196,676.4195057989488,675.738729757493,674.193610413121,670.7299924742088,663.1285562101812,647.0295810769227,614.8648266813448,556.2345484565393,462.9848703076419,340.1598850862052,213.06689673071747,114.49367661865483,59.032264673700524,35.92389818135564,27.414254786715446,23.804449503012506,22.08610891779233,676.9465995930666,40.410780289889225,20.3463843492046,14.682668503759837,29.93593882188744
25.23919854371363,25.242479874503626,25.250029774454823,25.267358679358477,25.306964548640604,25.396824916145462,25.59816588843739,26.0398448549775,26.975560801471346,28.8515346141101,32.316903106418536,38.049690259125335,46.381234950687215,57.034428387746985,69.2589919676755,82.05960298511597,94.22780013051172,104.43241799367806,111.57187585328546,115.23483782420314,25.2366844418412,331.58248056433484,109.10907412985277,13.414508790640744,19.248273630242657
75.39655264065377,75.21079294027885,74.79941025399816,73.91480243916422,72.10281220411588,68.66718674362617,62.86856613841264,54.55171042166896,44.869745509957205,36.05510959613108,29.94978182348357,26.877425053474347,26.14047672873324,27.21424611648014,30.23885946716441,35.74483058448327,44.162198293935404,55.570043941182966,69.88693241612842,87.10901482711365,75.5431556557051,22.944795787243823,325.8605118047447,3.9832151588840454,39.358524548050944
394.4212489579699,394.35621242245816,394.20847375673975,393.87677276499977,393.1466841010057,391.59186089263073,388.4512219535434,382.59543004328447,372.8187935979422,358.49700494749254,339.82452476530653,316.5618417199936,286.1071884045597,243.77439014784292,187.33109673857587,123.40168760886377,67.31355004101823,31.804523473230745,16.581726532836512,12.32908344452386,394.47157106902023,311.3163486734959,10.935674528368938,6.1895310395267975,24.480211654007057
155.2737768030195,155.27814665707905,155.28820863447044,155.31133338011404,155.36430421576924,155.48494732071674,155.75699318233055,156.35999103331696,157.65779900557413,160.31555298043494,165.327584064924,173.59467084959473,184.57114984162877,194.44530573378483,196.31586039194227,184.17376879880925,157.83861705634976,124.31305022297082,93.97856849435647,73.83216011359431,155.27043061094338,689.3570139597097,56.39127892284939,17.625443056705127,9.844605830568154
55.143487526407455,54.972069757316845,54.5936300093108,53.784141176560965,52.14047205218298,49.067757953912405,43.99552211613923,36.96691779644756,29.2319717155783,22.9181457878071,19.70517974030276,19.970940898463745,23.260058410567247,29.066861053739526,37.096938632763774,47.31352518141588,59.896178459342025,75.07011516441626,92.95736893969078,113.48026725482421,55.27910144463912,12.722252817089457,305.4770458878597,3.8624023912253462,14.336960751125973
328.259689644631,304.61855169588034,269.4155546166577,226.40388784558868,184.79574730805308,153.4778560594828,134.90933345284455,125.59781319622246,120.90052153345437,117.76807934974386,114.3760469164919,109.09125378569155,100.02860684554088,85.55472611674315,65.9087264378503,44.66539892866666,27.306258023319515,17.052400742777138,12.783652030441715,11.45260348735303,355.19472249991685,117.33658246604138,10.66462131341066,1.0424688902005457,26.51171032351506
40.71197556580592,40.68921384697859,40.63786836495054,40.523966267143,40.27833395877011,39.7727709026572,38.80669542991459,37.15620058735697,34.74620523573656,31.874792988309494,29.215841316088955,27.49495313498859,27.209590498902244,28.70004905681497,32.32018330115586,38.33358661213796,46.66399317200525,56.936485430788466,68.74103210186834,81.69050871575152,40.7296827676554,22.941557141642086,168.72827846622127,5.340292962631115,30.4259431848775
57.31451774703619,57.26910324566123,57.16647634277548,56.93812066871657,56.44311857457059,55.41550595758123,53.424316724916956,49.94752719512386,44.700207348723545,38.1240257629323,31.475750994771058,26.120846744306988,22.657738439010835,20.786404424970193,19.86731773793018,19.41439608641739,19.179471934625262,19.05218315940862,18.981471400593776,18.941676648838033,57.349799138801544,23.63156236691941,18.889022143988598,5.500351459418473,3.431941184623284
41.348799706440545,41.374653112816425,41.43381140864457,41.56830607145057,41.87070514605704,42.537998335042246,43.96560521896732,46.8732385727527,52.3763296564084,61.808555430168134,76.21076318511761,95.9216435332632,120.81176573213136,150.71574890248056,185.32891073715695,223.80499506580236,264.5357564182284,305.23336821199314,343.30538970857003,376.4327379290351,41.32890739550562,636.6626613830377,459.96443389308297,8.068071377673519,29.640013691926583
136.43510465802544,136.51843402497542,136.70805538905478,137.13504479179244,138.07946978649773,140.10650771524817,144.2487118916284,152.08701545358215,165.3334084248507,184.52402304262796,207.36143429073604,228.23692106789082,239.36724832316094,232.88796904361885,204.50821720475918,158.15907681925873,106.93851793225683,66.23141115952055,43.25675956007106,34.16653417756818,136.3707151536177,454.43845890403213,29.6879495300207,6.631362287067235,16.48570081978935
12.071334398933637,12.071890241256254,12.073171445950772,12.07612128935388,12.08289977846222,12.098423576871815,12.133768473901384,12.213441702576809,12.390032418656986,12.770702273190519,13.555977562912254,15.073517004762168,17.759527207860778,22.050443909405857,28.263627714708996,36.630491893949056,47.46082311124256,61.22426358243165,78.49519316254779,99.86775048297031,12.070909101767548,42.59667756942238,569.9379201076182,18.32776530385814,7.2624965968904185
82.43532699144998,82.43440985665742,82.43231178709871,82.42754453158453,82.41683963696455,82.39329365849845,82.34334612954491,82.24395231815676,82.06763029423993,81.81674116454175,81.61132047894846,81.77824675137005,82.73624218200266,84.60552333181877,87.00103291647258,89.34880705070977,91.27975300909418,92.69762616011022,93.66160114498828,94.28167492717878,82.43603277517266,57.90256505378586,95.21785488484382,11.539670957114867,2.9724204808518113
483.61155038598037,483.62923069397857,483.6698936986309,483.7631571491497,483.97604072649216,484.457954247247,485.53341809767744,487.8758571163429,492.7746254502488,502.36359334728326,519.286193322441,544.8579788509297,575.6030368902345,600.8012234995066,604.6974702817713,573.5932327469959,505.1570337113701,414.358119307596,327.5432651156607,265.5257026395692,483.59799971824435,885.784642531813,202.67940655517936,13.548592531374014,27.343033175874005
45.98697967922726,45.26995630546293,43.875443346492425,41.43008020124566,37.72800792325241,33.0952792856179,28.457964765730544,24.79531845759022,22.48865190421123,21.2918741983228,20.79194937673725,20.75379273110094,21.183498456074215,22.30443232788587,24.528972585300227,28.343984058449816,34.065163142255145,41.65406990188292,50.83002138089118,61.28294989416537,46.617268566761645,19.85892100893762,147.27420443713373,1.853886666674934,41.57612324920995
69.4740152018692,69.47380612473594,69.4733239389054,69.47221268093779,69.46965480441011,69.46377974359481,69.45033572359048,69.41976834182294,69.35102658269138,69.19926924771056,68.87429740633438,68.21136835872109,66.95527397055254,64.81510028702559,61.65468778132994,57.74841207922974,53.797973356307985,50.53294151099532,48.272785008989615,46.89731286459964,69.47417510745854,67.53181908217957,45.11715613007732,19.41772388527314,10.396013732994504
20.07330496544491,20.073500793925664,20.073952544732837,20.074994143345023,20.077393615367427,20.082912602537203,20.095572748152104,20.124480223195263,20.18996654407649,20.33635779147934,20.656529763480876,21.332888997745528,22.68861569446764,25.210753857320643,29.466480839834688,35.87910892684994,44.54113758879987,55.307268339515346,68.00789202394603,82.45750771829987,20.073155222895252,21.432014927580784,207.51761417786415,19.84601105586237,13.302808179284225
626.4777698328032,603.0179821276602,558.4161940662786,482.99664664707444,375.13637686876444,251.63035458892443,144.33223655610743,77.22581556487296,48.51734475683838,40.39230643243286,39.0876029184077,40.02768680591464,42.85854996671776,48.17181882714658,56.46132637191931,67.64318737558233,81.10443960600594,96.10540443396985,111.94159270160435,127.85874985000044,647.4925773017727,36.07722445748683,197.60586946821738,1.7694800867339868,25.79139077965707
203.76698716409499,203.76324370410433,203.7546220424749,203.73479935824062,203.68935966392786,203.58573688107802,203.35153791602818,202.83027765770635,201.6997405084759,199.35011267623028,194.78570463634276,186.76718397436358,174.47705643825753,158.44053052851365,140.45110160030842,121.93903979002522,102.7744707735919,82.58853371106447,63.08098447926554,47.62112370548121,203.76985319036947,118.20600899671457,29.89997118323205,16.741442017090396,48.566552539435534
82.91688909257971,82.97859176019709,83.11827022500965,83.43001658505085,84.10936660488896,85.53268291776193,88.3348508997383,93.36497234566474,101.33510682535763,112.2292446903134,125.08658331475662,138.58592485747755,151.8278290344851,164.6963441067436,177.9476674910569,193.09080375647005,211.7315340205545,234.39314764008128,259.79683270907594,285.5197253117788,82.86901779215634,186.99867546208577,380.91365074984697,5.588292151814086,43.493618332581704
36.371913867181895,36.411400036267295,36.50129563524023,36.70389546238208,37.15272224959085,38.11899111321428,40.105636982123904,43.913198381750234,50.52653706692003,60.69370408343603,74.43855467038657,91.00059169527466,109.01930609867989,126.30273002257829,139.37098072424584,143.6642946651937,135.13237802906687,113.07277266039986,82.44508791156139,52.66830022902243,36.3414131173321,356.1735025046513,16.757084700443986,6.479347364869224,27.61375682911365
112.83820773106177,113.68190876945981,115.51389750545724,119.33139661653493,126.79298585037958,140.08929944600072,161.11710093078065,190.2857289850239,226.33487959932495,267.6036439260249,313.21054710538374,363.3339531985171,419.034967254235,481.47361189270015,550.4421995525529,623.3783722788767,695.9528010778298,763.5805687091924,822.6011509767643,870.8518472107743,112.16159883107194,502.1834187856583,982.3234582333733,3.037006071342672,15.026630375601778
51.904187162919314,51.905119827641094,51.90726831130368,51.912209804948255,51.923544257048825,51.949419728580295,52.00801026841761,52.13883447032411,52.424120770920545,53.0224399884364,54.20191245003638,56.321433043312716,59.677639268685226,64.2402368323497,69.54498083587353,74.9491988372812,79.96903586377097,84.36013142632143,88.02136305564194,90.92073891525237,51.903473217719686,90.74794843944697,97.23429872240222,17.267706199819916,38.98684653368479
10.909596561749298,10.913049121962171,10.920971906870276,10.939073082062468,10.980116846214335,11.071986796672897,11.273207650580186,11.698591880691737,12.549536919697468,14.121081046519778,16.73956613975535,20.640680807178647,25.918242386960955,32.61432441270188,40.796588777480274,50.52088045401671,61.75826005176021,74.33912759830966,87.91734547752905,101.96585562694126,10.90694587732967,81.2911974957993,172.24541747393113,9.747516154767444,8.270972289233711
62.3659772775969,62.365895240925894,62.36570508738467,62.365263021799834,62.36423017492325,62.36179717829054,62.35599190387576,62.341880192354,62.30676479408857,62.217418234064446,61.98829528482973,61.41512564863281,60.08187297070418,57.34598003508628,52.6219671955551,46.01298839673851,38.72143125009849,32.46498948847249,28.27035582234255,25.987464233631258,62.3660397786206,66.57503298111095,23.737328766755578,15.369835174948115,17.42723264683889
150.50794847616604,150.32882114295015,149.94120695657548,149.13996318765743,147.6044282892866,145.001099145204,141.38172229328455,137.8712686315716,137.10384496122143,142.70062843041399,157.82691832840203,183.5839541278031,218.44842807869844,259.53656442385375,304.1616700140156,350.0019056740449,394.70952516510516,435.9578460875567,471.8065790648855,501.0675944712806,150.65188884199142,107.51284688770643,568.6619349227371,3.3182837053939256,7.484624396166087
39.87005289231951,39.87094858618671,39.87301011355011,39.8777444341311,39.88857506966847,39.91318712857695,39.968474825038065,40.09023836447536,40.349582006552964,40.87219210987691,41.83582929570637,43.386176077814646,45.4273911655158,47.430059855147626,48.59317499403643,48.38819120954032,46.95312740073329,44.942289926091924,43.04915344125272,41.64504469922466,39.869366794149826,72.85006376692472,39.54435511464627,15.500554565509631,13.772760469246384
14.776282925170957,14.776981357287438,14.778590481978467,14.782292334079175,14.790786915814074,14.810193386374428,14.85419241013033,14.952658924477047,15.168252490784264,15.623711915534098,16.533612092770817,18.209818952185472,20.99103967068727,25.11502249988409,30.699412073864565,37.923699623312224,47.18306690276556,58.99894223247118,73.80298174072155,91.81307689510552,14.77574833785281,67.23565185752686,352.175042980748,17.160676928148085,37.200552721440836
130.62520064236995,130.72340910313105,130.94548362848934,131.4402017324933,132.51488868254393,134.75486708067191,139.12894433644811,146.88509321641854,158.96339625715342,175.08717880315874,193.48576779184873,211.75100861451986,227.79732223872287,240.1039610876702,247.6947866853751,250.34515751733483,248.87839828115472,245.0293343621869,240.6759552566102,237.0373972019616,130.5489421362066,280.7911422132037,230.55740247228758,5.4529660174061565,28.4364268257533
347.6520723640851,347.5751164209671,347.3986533445939,346.996019282192,346.0851894075577,344.0549325900498,339.641650675017,330.44186173644,312.52255148593434,281.1024832840958,233.83907162516874,176.122833082556,122.24337001150272,86.88341456339765,74.34042657770817,78.30986020153597,90.39828060306462,105.57757567727086,121.7122091032976,137.71251571335515,347.71118836313866,43.076590703325905,203.21056972031852,10.148128122857171,26.15162484536096
15.213702634647456,15.30783446133224,15.51648943045335,15.966190887700817,16.892758620021148,18.676320439349475,21.802252876746778,26.699140944455728,33.575713017172944,42.48857814413486,53.56943348391107,67.12488258518968,83.61700704554387,103.6485470180065,127.89572076643518,156.90396727323508,190.81250020366306,229.17370818451616,270.92511985479393,314.44503597586527,15.13944921798721,214.99795577342505,538.73360995889,3.6871944724913934,19.57307178638957
12.512252156828751,12.512274598593399,12.512328324438498,12.512459988053422,12.51279402962998,12.51368175625345,12.516169746321209,12.523483916431287,12.545543968381136,12.611329652345852,12.797005450750834,13.27361218387627,14.355983379973102,16.501432971833,20.205564085478215,25.844166338618756,33.66183963041735,43.97282377863645,57.31493277776511,74.42686266231665,12.51223549372148,11.462088884917481,953.4918677629322,10.375958657821307,19.064912894491826
35.46407183565873,35.46774433217997,35.476198945304134,35.49562313618427,35.54009217902924,35.6412774779989,35.86910885132654,36.37302441653088,37.45494039572353,39.66921700419094,43.88126436555204,51.10868207954866,62.00395946733528,76.26569669065672,92.53920826113962,108.64746466260709,121.59227484780587,127.70454409366795,123.73597856542685,108.9082952527738,35.46125922231483,912.0639492301024,31.952259233926,14.788459519017122,15.620388598684823
13.836241066373603,13.837867331483398,13.841609480282868,13.85019996095304,13.869838971982603,13.914416872260247,14.01436995200172,14.233879590300637,14.69963242772061,15.634860547474794,17.362394841512526,20.202612012642746,24.238529931346253,29.110469448761066,34.04077018739753,37.98167541602588,39.75244696796378,38.363405731018425,33.63043955051702,26.68977885647662,13.83499513353806,232.5697516090425,10.075386041541483,13.83922171965082,14.01807675151151
311.75202695394864,312.97261387326233,315.1829957236537,318.7020772961172,323.46021865480367,328.8223486564538,333.887016953172,337.99897319350623,340.94733501889544,342.81215268065813,343.7279708657204,343.7015509352557,342.485149627056,339.5230802696648,334.10847537192825,325.9256095993778,315.74108604932565,305.38138000266986,296.6689780176222,290.41185926001987,310.6050154399157,346.33815152344727,280.68194519510405,1.4651853878845973,35.779357742900885
955.5877719678955,955.52845149816,955.3918648498412,955.0779727012,954.3590115836096,952.7217513414394,949.0303858050331,940.8493823656675,923.2373492211035,887.1054629631457,818.4919212550692,702.705441838473,537.7037600802778,349.9635858998872,188.74443037807976,90.09446864407255,49.609494985364904,38.84955959814306,36.66390366015571,36.031147932090676,955.6331973359423,30.566853609863283,35.35714132620282,16.45700444203025,9.699046642691867
209.49871261141365,209.5075183269882,209.52773913895464,209.5739915758268,209.67907253360409,209.91502450092247,210.43430315569887,211.53894442199282,213.76010114580765,217.8387777561868,224.33785082350158,232.6343636266222,239.68896796119205,239.77333323540742,225.93196975473865,193.33329866407757,144.19911441422704,90.39885410375146,47.60985486819223,23.801463568283793,209.49195565106652,323.6329671703564,11.866463934779393,11.521479791039297,29.64210840972238
40.467112505195466,40.49330716744716,40.55322280390432,40.68934690778833,40.99505414735238,41.6683233259053,43.1040445671811,46.01308429165893,51.475712986143094,60.73438000900602,74.65991911279865,93.33308318174706,116.2028952397909,142.2823718857255,169.66572189083593,194.68734631999752,211.51591846570193,213.08945612405503,194.15498433494014,155.73194035374547,40.446951548368496,565.8343893990551,21.15920950047554,7.91969948061135,42.73609698307181
24.064348461328226,24.07074127823092,24.085409253592385,24.118912859883928,24.194845616591326,24.36465306237781,24.735872118147096,25.517376495027833,27.065918589698732,29.863347212132567,34.29562056073244,40.21821173063253,46.65182597385258,51.97571569962849,54.41235076202375,52.57108533904042,46.20609003215503,36.86147090977001,27.46995196443827,20.62623257385636,24.05943992205593,439.28692055129943,14.392570144491334,10.29535227660981,5.615871797393764
226.88774472809675,226.8903856357018,226.8964723218174,226.91048407874058,226.94267294288827,227.01635422915115,227.18396648292088,227.56119663294595,228.3948876511849,230.18230923236135,233.83128797001345,240.74163182569455,252.51011110838564,270.05542602995007,292.7881089560161,318.99005139800056,347.02329494083784,375.65550815177846,403.46965962086233,428.73684805138964,226.88572392562926,381.24396542034015,500.8608618661988,19.643982764135785,34.25675467038017
345.2233763012869,345.19886899952917,345.1425151221862,345.01330560893757,344.7185374470217,344.051904009062,342.56665304804466,339.3404941829502,332.62298876315987,319.5588077651465,296.68900827894333,262.30983498135254,220.23805736846322,180.80155017233284,155.5241487998953,150.25944690077392,164.15344297104878,193.18412482935864,232.92222009493696,279.79185985346595,345.24216205072435,102.68725784658794,669.0734587852176,13.23140926178979,44.410467500064485
29.611745704537213,29.66073004064508,29.77105083688636,30.01516306420479,30.53969588721068,31.61486814040653,33.66648112966688,37.21097998950922,42.64116039564272,50.03588316262745,59.30646185160562,70.5672800927644,84.23370575577103,100.71138270067843,119.9952718286968,141.5335269360022,164.3812553491726,187.3913503567051,209.34684911961392,229.1201150643697,29.57358907288896,98.50892084296547,288.1627513704129,4.851713336690982,12.144310076574957
903.3791647013379,902.7984816574865,901.4751586886041,898.4878599561971,891.8530160841415,877.5174653749025,847.9288883270948,791.1883870600461,693.964519886594,552.1831592256877,385.1769802775018,233.6501543893487,131.12533752609784,78.43832982864558,53.895966749669014,40.113742417068465,31.594508311552545,27.031056609544635,24.95309048363356,24.042154774020446,903.8273536994923,73.99812601652948,23.101006688120926,7.297813757648614,21.074055116764427
176.27887626285536,176.29463993571974,176.33090782238418,176.41414286905743,176.604344674583,177.0357486950301,178.00181580227124,180.1190425917908,184.59719976960648,193.5509483358953,210.01862604522762,237.08381228198726,276.0949309490828,325.6858794105341,383.0964212918914,446.0396601622621,512.923773212134,582.0026918635065,650.7083149840121,715.7103284412484,176.26679783648183,701.5026534485532,940.1132027045121,13.382276419311138,35.596273318290784
44.39374920556804,44.85924389082008,45.87146771649909,47.98633138826073,52.14043964787369,59.612036336961125,71.63393376519252,88.82093175243901,111.06677444708208,138.0199878675397,169.2919015836067,204.081839981788,240.63046946063383,275.6394481700064,303.64763840805017,316.7809863106667,306.137839942332,266.3854039614672,202.4652280145182,131.84820779900807,44.02084141353033,517.9850088610681,27.26444555906028,3.021232336908384,48.71628752468724
534.7981083252645,534.6578886544926,534.3364967398552,533.6037242563553,531.9481897461823,528.266100224272,520.2920311128617,503.7727839017748,471.9194979526154,416.9379804081794,336.1538377103458,240.83556521564861,156.3182959261278,105.40864342926477,90.78231204383178,98.3193172257574,114.05612113013296,131.7632856957634,149.50111426021965,166.2402332851675,534.9058574598456,40.48463881676144,224.04818638804048,9.873348790850791,17.5101538949826
37.45493350436026,37.450513961317185,37.44038899630579,37.41732342565496,37.36528702611633,37.249836466648794,37.00084054476733,36.48847489974899,35.51091021896855,33.8503674515542,31.469405846651398,28.784061965162294,26.70877116889914,26.289072314591444,28.23165926263993,32.68324220808813,39.2838811006176,47.45561545528173,56.70517288357756,66.63640188074525,37.458330875090816,18.709185906610475,125.49781500667436,9.485337112232648,26.584948174397326
26.960812238460534,26.962323937499843,26.965807239439492,26.973822641942434,26.992223159378074,27.034290777442354,27.129785465487455,27.34393733465845,27.81440359566224,28.813457268420226,30.823710026993254,34.55671041468268,40.77656217137561,49.90515286789517,61.76323227481187,75.78508507113932,91.33337806083908,107.6953145766163,124.00078678476146,139.30161594102876,26.95965529069844,753.7396150908914,189.31385218497238,18.0924124902834,7.245015969572261
176.28297826716332,176.54710401645548,177.14000909871584,178.44452373677456,181.22026925727172,186.8152796523985,197.19010848092518,214.25254088298612,238.20468134775354,265.8832071109112,290.72939919241077,304.1134211285756,297.1282316802591,264.29771132586427,209.25859526869715,146.84575886164984,95.68975475227478,65.56941171517595,52.886776987397795,48.71481791756605,176.07671685183527,499.94662081312435,45.90305176538262,4.707720213583741,14.721022678669744
35.160254450432596,35.17955786393183,35.22339898150333,35.32179485435071,35.5382291509129,35.99861884757087,36.92654383536154,38.649065178850975,41.49635438840933,45.56155196215295,50.50050697885385,55.63103521870367,60.21083880248555,63.56495328580411,65.0918893661237,64.39052835887453,61.56671861101845,57.43646905573003,53.22594141040251,49.89086727484513,35.145316079559365,78.4147802719313,44.86701796005118,6.154207381451835,33.128590323446616
12.791119248995996,12.822848372810705,12.893895172710371,13.049587719463565,13.378904133438486,14.037707338100184,15.252053915469109,17.261469544841272,20.209822904183344,24.11328075066202,29.007014929494535,35.12223851311526,42.89017226914348,52.764420157260375,65.00001195987963,79.56898118390862,96.22159587799283,114.52410222043808,133.82856108432145,153.27557640559533,12.76629110738449,47.94325942997445,239.60944426655513,4.341145236339113,12.604537386219794
24.764173739289635,24.281690665814537,23.36266104223949,21.80012722230994,19.533404468781804,16.848578219748845,14.340921390816888,12.546295559739631,11.636048220371226,11.519559476455672,12.145553605342428,13.631342325720613,16.155239769480694,19.78068038345161,24.415516089929437,29.921686065220626,36.1736648125807,43.0091524021404,50.18376918185071,57.3737558290032,25.19609579307549,10.042739866483297,88.62076683572836,1.7402169989063405,15.101110965195206
976.2212596970115,976.05066327821,975.6620104799487,974.7850886346425,972.8388130331462,968.6369906663328,959.9659777416416,943.287796156871,914.3158094517861,870.1841455438206,811.7252229884219,741.6703366443728,658.444114469956,553.8259185869293,422.440710824833,277.5596797436041,152.0400814581725,73.21773090844977,39.604915506705424,30.18105934979087,976.3529643567182,686.7401243571903,26.924746082304093,6.890046206364722,24.25781994889047
488.1584912039184,487.7830416281813,486.9621343491219,485.23327788475547,481.8042535504971,475.59319338947427,465.67435571084866,452.0861953730957,436.06204526306357,418.6755737110615,398.6742991983787,371.34359111327456,329.54880533175174,268.0443218975434,190.82020163462698,114.58074190325414,59.024923706165396,30.819009018396514,21.276883088606724,18.996628619814032,488.4578497548284,402.98778535794605,17.884749972924766,3.3645281186186904,22.003148186914146
549.7723229975943,549.7592347212028,549.7290461284272,549.6594587039328,549.4992317972315,549.131039165974,548.2880064550967,546.3706062501581,542.0640193096402,532.6174096591752,512.7819035139746,474.1881542681226,407.70354834213174,311.6400476066832,201.52611585960602,106.63472469408663,48.47366649843872,24.61784423581514,18.33030554313268,17.095320888435708,549.7823321738529,580.9917937142019,16.39576554414997,11.91164847134548,9.47240946200542
237.33968421545936,239.4111965190842,243.80127733783672,252.60093585873884,268.8188940970372,295.4358490943739,333.3496686729311,379.93197225312633,430.12481279763404,478.55818148733874,520.0655070578925,548.8614486957789,557.6067894058303,537.3419514888881,480.4928371289593,388.770317199832,280.6992338228946,185.9832674486451,125.37169651626346,97.4124026659353,235.64521206049938,680.5601191911444,81.1967385081813,2.5785727191489785,29.804201402938183
65.62166583139141,65.62441149839366,65.63073609600066,65.6452813503159,65.67863910756276,65.75477080993282,65.92707249271027,66.31144494592047,67.14817539337915,68.89691295728629,72.31920290568728,78.37200275793467,87.61866843621605,99.19287203456527,110.25379187456116,116.89594568621001,115.95067319319932,106.60153385029207,91.2938646043001,74.97413256158592,65.61956397294445,418.5983428016463,47.93899529492453,17.623046808979197,15.137619566469674
20.662340654886385,20.671212576811904,20.6913777450441,20.736695638924065,20.836597592480306,21.049859513720676,21.48201616146694,22.290177644327738,23.63711901705929,25.57016452700292,27.90262736814192,30.237497936379565,32.097049169426114,32.987476743432765,32.417148573734394,30.054241140450493,26.078151646664466,21.400743076192043,17.282356044949125,14.51837044418646,20.655479050922896,41.01670362446352,11.744420262380498,6.343673370610585,33.68564642633747
19.23490005313456,19.209378183277206,19.155992895406538,19.051288237843583,18.865030583014473,18.57608356419001,18.19907821569288,17.793789841107742,17.433610146247226,17.162381557450875,16.983749070801125,16.88034500163007,16.83497334316685,16.84105551374737,16.904023143989555,17.034822831033093,17.234717482385186,17.48056856781185,17.7296915576716,17.943723118387368,19.25599467255253,16.70051814243006,18.397998643827624,2.473481810967861,43.982499768461096
773.040345001964,772.9751196286753,772.8250155490061,772.4803737094999,771.692233733907,769.9023650985213,765.8859934436529,757.0562345774841,738.3027814584648,700.6674552462567,631.6177894629136,520.868922942141,373.73767437216173,220.96156506062255,104.3349880351775,43.8436183054705,26.08891822664873,27.222442280589235,34.178757072276085,43.7290709050983,773.0903121072065,12.391454982656784,331.2406003411495,15.005883187626758,49.85165238128194
49.62935201128583,49.62894624563823,49.62801176967335,49.6258634665093,49.62093978512268,49.609715267922766,49.58436197721108,49.52799821781028,49.40603833572483,49.15382322844816,48.66936591831327,47.84105321685311,46.65563187818557,45.371716696124636,44.59446757768902,45.07830177369912,47.33264207811972,51.28841772229337,56.298658320949556,61.532297615624834,49.6296626825387,37.240712666814986,80.56830770636638,17.27492836583462,36.97249484181914
87.74837615469876,87.74612280712807,87.74093406678895,87.72900830660751,87.70168710234421,87.63944825233699,87.49904583072257,87.18761034983066,86.5163803694357,85.13795635994097,82.5234044006852,78.15548573128923,72.17706939656577,66.29654038009085,63.790523257623306,67.67779285457742,78.56176989813959,94.7541664576158,114.2848657840642,135.93654817969932,87.75010159114782,30.84080366384773,284.46673133772157,17.236010492801725,21.19765909123956
217.33447106630928,217.30690564980793,217.2436291049953,217.09898194066932,216.77070581959148,216.03489840683477,214.42026581193318,211.0009993036321,204.16835389219546,191.69906450259384,171.78593798159085,145.2632607255951,117.10486331536063,94.1614222014276,80.38803982353963,74.97948040476186,74.8191987238119,77.16825605662967,80.29404113424326,83.24781668070466,217.35562888138313,63.157370805177315,90.57052314535967,10.973297219143358,39.23483907306934
901.2691218310252,900.8448383311922,899.875571478111,897.6782813813303,892.7626943929415,882.0115480804958,859.370054842681,814.5376739789709,733.907131475578,608.0141262961379,445.9106494269317,282.19206874858025,158.03899181361737,89.69674512876554,62.50153796362076,53.87352154353687,50.99921171040853,49.76696841801754,49.14375040525772,48.80786475306002,901.5959833845362,77.39846101242256,48.37600633778545,8.098229122975434,8.426675330008718
39.1975235669806,39.12649023722833,38.96858513400503,38.626881203616215,37.91968736368424,36.55702867059349,34.20231989976178,30.717449133877082,26.511486465370197,22.57203209505644,19.92924176884459,19.093056346822205,20.07047570722229,22.685092361444276,26.664098077429855,31.61287012214447,37.129445169079744,42.88200662784362,48.56628058816995,53.882724996470884,39.253417694517296,14.890004415472706,71.7444856434348,4.179788116909929,18.627523806771617
386.492848737116,386.476530712539,386.43894131197163,386.35248913708824,386.1542043570574,385.7015962916774,384.6770011408305,382.3904438885341,377.4101549122666,366.99503704629285,346.60855714327573,310.61573354274833,256.02606285988566,188.89074248970695,126.2190320169932,85.86258959853927,72.50289398284104,77.06055997410294,88.63317935663412,101.81782883913189,386.50534020238905,31.035253790731375,167.41302457981683,18.122446965723643,29.212600977418248
24.41321016247565,24.416117027016096,24.422796041900977,24.438089196661707,24.472897819884004,24.551319183912078,24.724974357112043,25.098746931489828,25.86796024396386,27.349396366700315,29.960351304199463,34.111012329331096,40.07041524583063,47.903074398670626,57.458242369091074,68.39257643502822,80.23863680731009,92.44695980656192,104.40183977223558,115.47980388923963,24.410980598527324,48.9251750197403,151.6136887995671,10.625611655437217,9.133752141291382
78.26976037848806,78.27006560083615,78.2707556342629,78.27229049291294,78.27560405892113,78.28235824030276,78.29454651991928,78.31028650977596,78.30470318693781,78.16712164066374,77.55431015295342,75.70709914933356,71.56911729191992,64.62416116189114,55.883379418279205,47.56281923974771,41.4674712280112,37.905004625586066,36.110146681834685,35.23675959310423,78.2695234118805,121.93640586148736,34.25038273373284,12.636464791457186,5.367684775290073
47.126112252206404,47.132842478745495,47.14831814475175,47.18380003923321,47.264742305588335,47.44779160084468,47.85564716823327,48.74194807604294,50.590522992611334,54.20511473101918,60.6307467002591,70.67765157386464,84.13297451836848,99.3175239224295,113.34423378938251,122.60323116584115,123.48663951441026,113.92720912050493,95.33517247665273,73.13026201822392,47.12095320108828,406.0258325638841,33.0042297605895,12.498360150058486,21.681426258094973
43.01097321361135,43.09507955017447,43.285626096015775,43.71151495025006,44.64203885801688,46.601179195064425,50.49473612751805,57.613930735676675,69.30683590409465,86.3966111636776,108.96679168432868,136.75770449259238,169.34347218229146,205.5769292717091,242.6824487745846,275.3832287316137,295.66569444965097,294.4325096088171,265.98481673779384,213.7765694267407,42.94575921762775,679.6156573478032,48.5873749801765,5.496842128253348,45.646463150732984
310.1210125026015,309.79996824486955,309.09607182860736,307.60714260799153,304.63503060083707,299.2083608387287,290.4858212748808,278.59357227604454,265.1249755523156,252.25323044385112,240.9762148217494,230.13256921543996,216.58166034965132,195.9845028172594,164.60091516262798,122.91402690858413,78.63199718146114,43.318939992647245,23.310988444681698,15.607684318229985,310.3764145457958,230.99332345969106,12.562320929695076,3.4928942535997405,32.640318262863815
26.23888475651853,26.24515473659427,26.259539192521604,26.292390899220386,26.366844804748958,26.53343729002431,26.898539020111667,27.673310902183392,29.241149829068625,32.21083488037287,37.36905546255498,45.44465865152814,56.80858924924955,71.47316802934324,89.38849908408511,110.55251490590243,134.83893144525464,161.8202785589633,190.68743943342741,220.25955403033987,26.23407000129198,28.266756077543416,361.64047473971385,6.43257402790191,5.436190503291968
11.827208876038853,11.82786261314741,11.829368983879528,11.832835326096959,11.840792999534775,11.858986795122783,11.900290971873844,11.992935968498683,12.196558183945701,12.62942955877237,13.502756339408776,15.134806384810178,17.892436428976815,22.05260014052456,27.713903997002703,34.87672921343261,43.55763001404173,53.77359160624191,65.45450469864136,78.3770204437301,11.826708554306297,76.97611253785176,171.49724800661943,17.508819434444256,7.3186109615666854
24.74107102388864,24.746476288434312,24.758881722245302,24.78723081729967,24.851535172692277,24.99555257435273,25.311237474909568,25.97910627594215,27.314751950704604,29.7708548356274,33.80088359738781,39.57467375301122,46.78843682712761,54.788723759854335,62.76363670181391,69.73659538288304,74.57303750443162,76.28388978258921,74.59195287739553,70.33103361542582,24.736921596571495,114.70998469427239,53.483118778525366,10.168211573664397,46.35798315124234
122.2529534471034,121.40661951785323,119.67540922825542,116.39770105727992,110.86696910505141,102.89892595504423,93.46568424510393,84.49346131951908,77.64569944969034,73.38545540593324,71.24899777168564,70.70104209721126,71.6932153923479,74.86529756208995,81.62251478050493,93.97954385833835,113.88477253192733,142.34176822127756,179.37416671111822,224.85910746765168,122.96550783806315,67.64585980849675,952.532523814155,2.23909772809119,46.74144552181625
100.76889799402086,100.7697548040815,100.77173011455494,100.77627964663266,100.7867407467238,100.81072709159616,100.8654681552153,100.98945561100479,101.26704387201866,101.87823995613235,103.1940696138734,105.94345874455018,111.44821324916722,121.77698642671744,139.41645735927165,166.18196434476198,202.14816158620573,245.9392315471062,295.8531214011065,350.1613376128281,100.76824250888917,101.74490615204905,698.1177308724099,10.63915561226832,23.04354034544714
35.12594426185713,35.193577535745234,35.34620930190307,35.685104379145685,36.41739864019249,37.93166235479849,40.85797788683473,45.99460455381392,53.98120278133925,64.89016464640076,78.20361165660643,93.16894467736431,108.9556836196584,124.50829078875421,138.44609649878956,149.2068905387854,155.50726656116333,157.00978899169877,154.70547559649933,150.51032840565975,35.07334476020926,207.79425376642925,137.8129984587021,5.072563302007879,36.05181992294359
194.12796077016833,194.07814257912574,193.96393551932084,193.70346055534188,193.11464391870524,191.80373871749524,188.95969366303538,183.04874492597222,171.5833293138974,151.5797360772353,121.62338663340284,85.08256696073616,50.652228751867995,26.871529263583398,15.4310957134918,11.696118177458231,10.763194465962698,10.483639857681112,10.35722183159612,10.29027839367555,194.16623732886842,62.32578660973813,10.204737643775802,9.485041853347566,2.290789622252083
14.13599351956859,14.149852070718751,14.181359276400135,14.252198979792016,14.408499107451018,14.74273079682633,15.42244314737951,16.70331516242861,18.87388666909395,22.100931821274234,26.281138872104933,31.061838322458097,35.94503237955314,40.268665598033046,43.134815346149566,43.52568189947879,40.7644973250337,35.172732096525166,28.312647983350885,22.251867806850548,14.125277175837706,72.6473546926577,14.58276134463176,6.2376432419561585,33.463585690830485
41.428210238752264,41.43635916451356,41.45509766561119,41.49806313332126,41.59608879502318,41.81782419160126,42.31212219035235,43.38746176708334,45.636202462419035,50.06141473981404,58.05133500899765,71.00902296831512,89.81432377002483,114.7787046630332,146.16152682339134,184.37276034924014,229.598256746348,281.3443908860365,338.15196970979775,397.53315535481767,41.42196384123939,989.2297942506332,680.1490062064408,12.12088818712495,48.41346265447666
542.3425732008785,539.5727513199879,533.5006096829323,520.6638812551631,495.09181839562905,448.68731032944925,375.35712139173677,279.6092610754998,181.68897935724505,107.1241828043963,66.90691301282658,52.4664326065797,50.07090585146926,52.696190680851885,59.165503965019354,69.90667341578461,84.95934238961178,103.72907330452745,125.46128842163483,149.44034665143784,544.5460208325175,43.430720847015515,315.6403323316454,3.5998038960749996,34.85846837017957
95.97380248499567,95.97064055898223,95.96335543791929,95.94659445970461,95.90812842625719,95.82023237395462,95.6208935411273,95.17464336796779,94.19754080870929,92.13633456091878,88.04580637556134,80.67360189385454,69.17009833675358,54.51040236268847,40.24878071649888,30.576915212508737,26.908073689543983,27.25820578890479,28.97941072839714,30.731857862029585,95.97622257194563,10.805674434934351,35.35571665731304,19.15226213068072,17.159911284247073
23.062672527084995,23.062722638097398,23.062838193433777,23.0631044514154,23.063717109538615,23.065123491707627,23.068338825460494,23.07563979307538,23.092033097848088,23.128200781329085,23.205981973294517,23.36782475589957,23.69265805098843,24.32299364612635,25.503499979348558,27.59622914055482,30.98607564179424,35.84757161112091,41.9723611429678,48.887526593836036,23.062634197899996,23.717171453204365,90.87125568176899,17.010335572740164,38.38408472640063
74.75690343305115,74.74509384667671,74.7180220375921,74.65628418666736,74.51674413810224,74.20616158893911,73.53263174435635,72.13370066484543,69.42232663863297,64.69258405575255,57.584642679262345,48.769585290120304,40.00616710318408,32.99553163099233,28.126644552485004,24.5781085871335,21.44553726688467,18.504348353400026,16.060699503213385,14.385127926660537,74.76597739130807,26.14892063137345,12.363168836961654,9.789976070171889,41.1092167288732
287.9288196446675,287.86082376678837,287.70509305502037,287.35050019063016,286.55120898366874,284.7803935705844,280.9701670515458,273.15845901427844,258.3316579093086,233.29454562995699,197.46063447933147,156.1685924592394,119.77459548106845,96.91268226702255,88.93084210480103,91.55113214467644,99.73188139969517,109.93548524826002,120.11540497220895,129.2268809370909,287.9811006233067,65.64498225332521,154.66973585269412,9.288683897978135,29.792773269928535
108.39666935456508,108.39844636722475,108.40254064086005,108.41196044235929,108.43357886643822,108.48297853933306,108.59501586592796,108.84584808458868,109.39516328946833,110.55442891626214,112.85730556910691,117.01714353921194,123.53791607858169,131.89814263702053,139.95721682888143,144.6489080535806,143.81775251371485,137.6636053353596,128.61497462097583,119.76063132847877,108.39530926083042,230.10878550140663,103.6138203919897,18.87160896518361,22.545352715920938
10.761473831573177,10.762738516102917,10.765644347132922,10.77229789316067,10.78744156890425,10.82155566176066,10.897071375113658,11.059438760138928,11.392584633604205,12.029186391706387,13.131037864119898,14.82280381124114,17.13385932527693,20.050067558620896,23.640958564185077,28.090753997788,33.57546839327772,40.106912344853036,47.491828432720105,55.404626554331024,10.760503821787788,29.699358641586226,100.27985936320437,11.270865185884578,28.514469886978567
268.5832650300658,268.5628869522489,268.51600405856004,268.40841386961233,268.1625863775522,267.6051511813311,266.35753276822356,263.62679572847503,257.86972499122095,246.45477679009053,225.90659916782758,193.89035328875732,153.18084731363047,113.88418251217774,88.39235281237109,81.94046136360126,89.90737329159927,104.60321503080164,121.38772540167452,138.43741923538713,268.5988794551178,35.42389282439189,213.70139545370623,14.376613189265044,21.741476125799664
63.72742135614271,63.725150272143495,63.71992159442961,63.7079076438905,63.680398620043,63.617787167264424,63.47675300044961,63.16466641306803,62.49448916742765,61.124903638286455,58.538279476514944,54.20197149210526,48.058803515727384,41.09177552010618,35.17396635106971,31.975757061377397,32.01277134680579,34.70549102702415,39.00825759598017,43.94891831200292,63.72916060381589,22.79552355628475,67.29375342651959,15.949509542433235,45.63070426639443
153.88987648907292,153.88232261152902,153.86494001372142,153.82503426013756,153.73379646977116,153.52667611733798,153.06223232182407,152.0424618170724,149.88159221585488,145.56416897100655,137.71266839687192,125.35539233709065,109.65066250837995,95.19299036058938,88.18220506238029,91.83957181196669,104.22363856681764,121.10182622885807,139.42120182127707,157.60821535726802,153.89566359246908,39.69544607908622,231.5151614420486,15.062777965224074,17.946213381471793
447.3907193856645,444.28378709294213,437.53014219430116,423.45240229151807,396.03642756247876,347.9869712614527,275.78337018692,187.7357565059773,105.34232536011177,49.35062218191507,23.16583876305782,14.874768848567555,12.652639590259696,11.742349490944719,11.213682226732999,10.905452765329471,10.731565509649272,10.634330976053548,10.579804001940488,10.549220003680261,449.8790019342742,14.040793891660373,10.507694440744245,3.336444680008999,9.488400695720467
572.4751934742843,572.3013812358948,571.9034087017427,570.9976707048695,568.9577094964229,564.4445347536434,554.7564911693132,534.9708338113636,497.6459890645849,435.18801275562487,346.8880600842534,246.50700024370997,158.3607287624942,99.58992608695445,68.50739497354158,53.159302719735706,44.862621914513284,40.29419857338314,37.950555750062904,36.786963519381175,572.608863034916,70.78861322812934,35.47017931030476,9.152427203749568,20.952362849630347
40.00744193750447,39.91662290447781,39.717180221591185,39.294251399718796,38.447054356570426,36.89403329224345,34.39314386878085,31.008895722729562,27.30444468715058,24.104276515623987,21.96347215165729,20.952105052905765,20.93999342859512,21.967411203800687,24.3644070921235,28.60607605421608,35.02171484344175,43.62288828932722,54.24943574358571,66.76284529214996,40.07959606994748,18.87118468064077,205.0363792201428,3.595483652813452,39.220373728288365
25.469313022076296,25.663918292480055,26.092095167349832,27.00381289108781,28.847256047623056,32.30052602316126,38.1450372584313,46.96022938409726,58.938385582239164,74.10247447400818,92.59323168353765,114.61983894646917,140.2355998356915,169.16689292136343,200.7183314222448,233.75117621910542,266.759351039408,298.0620237294735,326.0910140349333,349.6952283666623,25.314888948464574,290.2302087924265,408.4813298888211,3.381194185714564,6.163796877824195
751.9412884027538,709.5318817689476,635.0527921487287,522.6512363952168,384.32973647989485,252.3924147958312,159.15603283182134,112.13366412024641,95.51543488634809,91.75729878998254,93.0089968590728,97.72000839035593,105.79389321745975,116.61520933369309,128.79790241053558,140.83407359632577,151.6473779781819,160.654505334207,167.66224758114708,172.77625451599818,792.7669590191258,84.3516560746561,182.16753845404443,1.4419483623135874,15.378088666704315
102.52180550129702,102.52825994280761,102.54312239471,102.57728196594705,102.65553949281588,102.83381804759772,103.23604018882389,104.12863633022761,106.05525666205473,110.0295700622457,117.66745305185201,130.90079376854362,150.85784500056923,176.28237574022026,202.86956635062847,223.95615749166507,231.74995998243534,219.65402590131436,186.38051745627962,139.4185142823772,102.51686317623214,592.1566717466764,34.90429215615559,15.728635077315673,33.78622055641769
17.0057003114935,17.008400344370852,17.0145896008817,17.028703723653898,17.060603003695892,17.131603354580385,17.28561376028067,17.60585790639252,18.22890944816196,19.327799895037383,21.026682260354555,23.27328533661148,25.802651871730333,28.253813400773737,30.299442253363694,31.699565698071854,32.3482463147099,32.32782782634414,31.88709965527955,31.316435982244542,17.003625673175204,38.6144937615807,29.903916604043097,9.408024163892424,32.496043666284045
73.58963588736349,73.58458641989611,73.57298521101264,73.54642516751224,73.48598930734019,73.34991857691281,73.04906593849717,72.40400280227988,71.08958423525324,68.62158021927017,64.53526836659155,58.91184240933095,53.009197983908976,49.182242026977164,49.74209192362663,55.70739738809026,66.5437373785477,80.96291450426972,97.87901529934366,116.57974878688367,73.5935090124554,30.837073186494475,246.46629491304046,12.104950799518306,26.927067555953215
128.44878739078044,128.4068444446263,128.3109695847638,128.0934016064389,127.60582149522192,126.53624924347386,124.2728183913742,119.75678401263421,111.54454938758934,98.54272550797253,81.59750600493791,64.61596720596046,53.00383307661713,50.09289842456499,55.41941337029847,66.37594213232411,80.65462181853658,97.05141607187633,114.90048655706697,133.50110320811714,128.48108482306142,27.784417266470378,229.5419793100887,8.362510175236597,19.446455347040942
19.93863599066594,19.95216163852788,19.98306016620672,20.05310705625444,20.209835943589663,20.552863838271325,21.276966812786622,22.72107821939559,25.371108712444475,29.72898193028626,36.06134199223911,44.278248965887514,54.10514000876478,65.26487242340183,77.44579128089164,90.21800808535318,103.02958213994587,115.26632368418106,126.34358195185176,135.80663431191834,19.928215756977355,156.19771239664547,160.44597292289342,7.465712229664039,43.27280272954563
490.6432878975494,490.42323611211157,489.9201225914954,488.77797852895196,486.21671487806793,480.5920508396158,468.66736517939256,444.8049748868131,401.2134628282858,331.7127562214188,240.0451408042355,145.5272614801001,73.59722436272926,35.829067609991284,23.791617140343305,23.393469877353482,27.281453422671802,33.74846619438608,42.513029752130535,53.45905063027175,490.81270640210266,16.523749900016007,245.51429033724625,8.482860367515423,49.98631285101885
28.190900920413636,28.196073649196023,28.2078160803334,28.234148610172277,28.291988256449095,28.414729156896975,28.66115248847105,29.11581431735737,29.86086427451564,30.91421502236739,32.19145085854393,33.57078188548275,35.02665702081882,36.7160478514958,38.962799638716376,42.118834254534626,46.31266812201487,51.27263461471357,56.45309950555828,61.33006696785816,28.18689640772999,36.39556040166353,76.59714616491057,6.1055878249326,35.215681586552684
91.5813046545752,91.57871573442758,91.57275218221072,91.55903718733893,91.52758327808334,91.45579588685888,91.2933244437187,90.93088310975213,90.14195636327005,88.49368217864323,85.27158966043177,79.59109283433682,70.98346599805578,60.39772238921408,50.568368782690015,44.6537916389805,44.1506212121503,48.26692991228117,55.079641610489205,62.92698563858366,91.58328651561517,27.65398160988897,102.97887403653507,17.88696756093573,40.03499104880254
99.46021279817793,99.45768037012206,99.45184681929543,99.43843028494372,99.40765876091055,99.3374201787562,99.17841854696687,98.82356929415246,98.05053904098806,96.43278197713481,93.25890582495485,87.61710185892245,78.89863400390416,67.64389355691924,55.79141155854424,45.507103678108734,37.72589368720288,32.1670512951559,28.335464515953518,25.904730135350732,99.46215138149451,37.75593296045833,22.896701871400488,17.689274666551015,36.088013143937424
139.42713360105364,139.43580086125257,139.4557335964357,139.50144610976864,139.6057706761096,139.84185500534448,140.368374042454,141.51369350018993,143.9023913977528,148.54967924009688,156.63507109459516,168.4365702785378,181.3964825911728,189.06383664873368,183.3783321215662,159.73380478490887,121.27234011340869,78.99533048516543,45.73026410689465,27.35784775202258,139.42049049533168,573.9436983811987,17.513807613856056,13.967296434039296,12.402190995835134
17.424738788533674,17.425336170572304,17.426712820651936,17.429881199719787,17.437156978064113,17.453800098120116,17.49161576100626,17.576552626705727,17.763627586681558,18.162466836939636,18.969456492299674,20.47739676234744,22.99809602073919,26.66686089776175,31.275943298586782,36.356471359406,41.41505948154915,46.058386096353416,50.01012394956039,53.128503042565924,17.424281631144822,85.3526520688241,59.5368508828732,18.882298577178524,17.55101824408719
426.3847896279985,426.3811791522411,426.37285935825383,426.35371302352627,426.3097530260492,426.2092240159993,425.98091665249154,425.46853720131304,424.34152605935014,421.94387563864836,417.10782135986045,408.10796637233005,393.1258018358866,371.3697669834657,344.02061739857623,313.9595851675972,284.84941942206575,260.28271843468224,242.45603630220452,231.20238787040765,426.38755272270424,314.5241526005151,216.6944259745372,18.48760898624113,21.58038053030442
60.163580549974164,60.162006696328014,60.158381493024194,60.15004485360966,60.13092808953247,60.0873075057927,59.98862186485539,59.7686180196454,59.29026257556621,58.29265566184033,56.34801441811197,52.93369139211009,47.78650169319818,41.4815899966075,35.581445562692984,31.730944706891076,30.423621630703714,30.865644357853917,31.952302969049157,33.03188291861483,60.16478539969931,20.984317427759937,35.6060789922644,17.715752665156543,24.770342379745664
48.16139790758787,48.16030396719086,48.15778798043277,48.152017297814695,48.138844933523615,48.10902665061231,48.04249314392452,47.897672672902644,47.5954817174442,47.00807923661637,45.99270684662115,44.54798984979557,43.105755208827425,42.67986120091406,44.416566889357185,48.71061836173217,54.87656317471909,61.7920160646955,68.59506121511853,74.77223658437009,48.16223632463617,27.05354055188147,93.30834801326533,14.616642038826047,15.761217221939619
327.55073441014565,327.4005696803658,327.0607067127561,326.302493935464,324.6517546405359,321.2007425186776,314.4419308439363,302.46282828741704,284.04901669898703,260.5452581011996,236.52008594911155,217.48944062402552,206.81653758631336,205.2216178586333,212.3756074456694,227.5781008061777,248.93232206029217,273.17709346647257,297.01128416314566,318.1999154102126,327.66725403985447,181.79232727721586,375.9457028326872,5.7672829486233335,32.28935094718618
20.30018203798116,20.301974228350932,20.306098589812137,20.31556814474857,20.337223728876854,20.38640789003436,20.496813019421,20.739819166166715,21.257836786020665,22.30857984096981,24.292988649108786,27.713109923653032,33.047235846971795,40.64454428578689,50.71902496493408,63.37491745694483,78.6283085569766,96.40529268818985,116.46586600490163,138.30964620337542,20.298809086366422,53.406481179878796,281.0089742576165,13.001699326018782,11.017314816201054
520.802622920154,520.7835353001175,520.7395518999114,520.6383375727103,520.4059687363615,519.8746632269794,518.6683987085669,515.9628904757328,510.01982824120836,497.41476696782945,472.17601258592447,426.0412013767163,352.47770160188475,255.65691620105065,156.72884835249158,83.70081406501953,49.32138428490072,43.794242854543256,50.674921266176966,61.13586493132516,520.8172309434344,12.785036278001703,155.03557953786233,19.69258950440052,27.512227128451933
399.32383245087266,399.30174709678255,399.2509550568229,399.1344684539976,398.86860881056947,398.2668977459718,396.9245490442249,394.0023622242584,387.8954886822733,375.9487260990381,354.8444665508634,322.6958326022442,282.61756840429183,244.0551856628521,218.16176815853981,210.81947943625048,220.3532851982833,240.56241628735842,264.89703744267297,288.8724253902741,399.3407598142558,155.01079598221838,368.27872407899554,13.456288571750457,35.17433669780138
28.551833060023323,28.552837638236284,28.55515272229588,28.56048116562054,28.572718218988847,28.600713799308522,28.6643375787934,28.80728791292068,29.122272060202967,29.794030886394314,31.15247091959398,33.68098995928391,37.85042975960691,43.69163721863465,50.37392901505885,56.31114259112677,59.772857848098624,59.525361507720135,55.4151873146983,48.7266494291249,28.55106430418705,304.53823553382307,29.910231425649087,19.632165227709173,12.933785166137826
29.757566639086743,29.777982764806993,29.824676209668354,29.93074171505086,30.168872682142226,30.693061379036546,31.81002659889297,34.070759542710526,38.31048525506449,45.4892071029905,56.290702561670486,70.8220903577915,88.74314476661107,109.39250441970981,131.39380813969592,152.02250861928533,166.93015536117738,170.83349608481365,159.6461692146277,133.63721283777215,29.741851932670222,521.6103989002992,30.617640816591074,7.857153076334376,36.3027277365933
20.773458778568877,20.774186713206408,20.775863138313127,20.779717286538666,20.78855226436745,20.80870676576992,20.854321478732857,20.95627049725918,21.17968346281252,21.654326457550642,22.614545042802852,24.417277758333274,27.46504668762825,31.9950717382224,37.89250334011113,44.7657370061434,52.17214729527633,59.70297625336145,66.9583101461938,73.56133039749724,20.772901432813363,20.803840222723863,93.91108247949346,5.63023833042181,13.311581867313611
10.864301673859405,11.342111505556225,12.25264929676652,13.820657767936726,16.203197332670438,19.381803737688507,23.183221800326955,27.3937783045868,31.805908114388483,36.195375819971204,40.31536225747564,43.918526354183115,46.78278944772024,48.72884316501289,49.642672042975036,49.53424086692002,48.61692595676507,47.296100605664144,45.99928938307653,44.984980149316264,10.434648950926537,55.067984613431086,43.30131737007934,1.5919604057067378,31.81919255425585
179.18219568075443,179.17383694928216,179.15458460540322,179.11031567591752,179.00882012277148,178.77729776113637,178.2537843892351,177.0877517128287,174.556376380272,169.29109009476204,159.07230929035128,141.25773107079868,114.69992346065123,82.7065211009903,53.421107971258806,34.60922397730502,27.561199846222564,27.727016163002475,30.33535873312252,33.22133493669861,179.18859491194334,13.854821776592454,43.06090230107368,17.583305107912558,29.944019275739763
66.67334145031742,66.6738973967302,66.67517747334259,66.67811923121522,66.68485720471612,66.70020110841962,66.73479435381708,66.8114553580415,66.97645220689097,67.31471485308177,67.95566014770263,69.02937986766592,70.51979015889599,72.04436669739985,72.7461537898646,71.4556978496866,67.11641845885399,59.48288459720856,49.79863651953937,40.50115803422112,66.67291572718221,85.15376544126828,26.095161492335183,16.425748513450632,45.87222586164644
660.6891504121131,658.1191267601434,652.4260971510969,640.1801806696004,615.0902085413386,567.540888448139,487.5284667051343,373.9134747577497,245.13620267473817,134.92023622284205,67.67050936350233,40.36813726054254,33.88735594241825,33.89353226355115,35.3171129273735,36.94257967964495,38.38956520428951,39.52902689456221,40.35497117425405,40.91658312889126,662.716959187914,28.045861395000845,41.829294095008464,4.051832721381199,16.74565441435103
46.30383070277852,46.304690775945446,46.30667110924928,46.31122212056638,46.321645885871625,46.345382087304934,46.39888796181339,46.51740492042204,46.772123397998335,47.292116839931644,48.265452916694386,49.841211161402285,51.82932937661768,53.3179174586528,52.81084614880071,49.27736932005383,43.20149027555081,36.423468000718245,30.884957432243965,27.417840140586996,46.30317209098526,184.59140445496374,23.949296630516024,18.468541562987127,6.948774564094878
10.328081122055522,10.336223117337154,10.354843751335666,10.397138150356696,10.492085347632857,10.70106702373105,11.146375035571571,12.048123619603068,13.742769382905145,16.630167627938718,21.042412293099176,27.17295624313693,35.18482009032472,45.33262085417762,57.92117682023548,73.17861720609261,91.13278032777745,111.49838685917628,133.5950555442465,156.34478630507675,10.321813840504106,512.7318043977751,255.5875032581414,7.751837536763971,30.583985883685664
27.993676503276678,27.991313363189303,27.98591962855601,27.97371104305389,27.946470901684997,27.887156876300427,27.7631579981097,27.52049807402233,27.091947385142262,26.441449042303674,25.64536817288767,24.946007897931075,24.71103901850402,25.35142479730993,27.266133485334787,30.737603432354526,35.742621955822344,41.90231036252484,48.69698893550078,55.66118099680079,27.995498277124334,21.715973213798208,87.55849140973572,7.710568764698256,31.53104242569402
